[1,["9aDlQLInZMn46g+nr69mBP"],0,[["sp.SkeletonData",["_name","_atlasText","textureNames","_skeletonJson","textures"],-1,3]],[[0,0,1,2,3,4,5]],[[0,"HuaBanShaoNian","\nHuaBanShaoNian.png\nsize: 128,256\nformat: RGBA8888\nfilter: Linear,Linear\nrepeat: none\n角色文件-道具(1)/椭圆_1_拷贝\n  rotate: false\n  xy: 1, 158\n  size: 53, 12\n  orig: 55, 14\n  offset: 1, 1\n  index: -1\n角色文件-道具(1)/huaban\n  rotate: false\n  xy: 1, 139\n  size: 64, 17\n  orig: 64, 17\n  offset: 0, 0\n  index: -1\n角色文件0303-2/右腿_5\n  rotate: false\n  xy: 111, 37\n  size: 13, 37\n  orig: 13, 37\n  offset: 0, 0\n  index: -1\n角色文件0303-2/左腿_5\n  rotate: false\n  xy: 76, 79\n  size: 20, 43\n  orig: 20, 43\n  offset: 0, 0\n  index: -1\n角色文件0303-2/右手_5\n  rotate: false\n  xy: 107, 1\n  size: 15, 34\n  orig: 15, 34\n  offset: 0, 0\n  index: -1\n角色文件0303-2/身体_5\n  rotate: false\n  xy: 76, 1\n  size: 29, 40\n  orig: 29, 40\n  offset: 0, 0\n  index: -1\n角色文件-道具(1)/头\n  rotate: false\n  xy: 1, 70\n  size: 73, 67\n  orig: 73, 67\n  offset: 0, 0\n  index: -1\n奶茶图标及厨师制作完成/奶茶1\n  rotate: false\n  xy: 98, 79\n  size: 23, 35\n  orig: 23, 35\n  offset: 0, 0\n  index: -1\n角色文件-吃蛋糕/cake_m\n  rotate: false\n  xy: 67, 139\n  size: 40, 26\n  orig: 40, 26\n  offset: 0, 0\n  index: -1\n角色文件-吃蛋糕/saozi\n  rotate: false\n  xy: 76, 124\n  size: 30, 7\n  orig: 30, 7\n  offset: 0, 0\n  index: -1\n角色文件0303-2/左手_5\n  rotate: false\n  xy: 109, 116\n  size: 12, 34\n  orig: 12, 34\n  offset: 0, 0\n  index: -1\n角色文件-道具(1)/眼睛睁1\n  rotate: false\n  xy: 117, 152\n  size: 5, 9\n  orig: 5, 9\n  offset: 0, 0\n  index: -1\n角色文件-道具(1)/眼睛睁2\n  rotate: false\n  xy: 109, 152\n  size: 6, 10\n  orig: 6, 10\n  offset: 0, 0\n  index: -1\n角色文件-道具(1)/闭眼2\n  rotate: false\n  xy: 56, 158\n  size: 6, 3\n  orig: 6, 3\n  offset: 0, 0\n  index: -1\n角色文件-道具(1)/闭眼1\n  rotate: false\n  xy: 98, 116\n  size: 7, 3\n  orig: 7, 3\n  offset: 0, 0\n  index: -1\nicon_sq02\n  rotate: false\n  xy: 56, 167\n  size: 23, 24\n  orig: 23, 24\n  offset: 0, 0\n  index: -1\n角色文件-发怒表情/头_0\n  rotate: false\n  xy: 1, 1\n  size: 73, 67\n  orig: 73, 67\n  offset: 0, 0\n  index: -1\nicon_sq01\n  rotate: false\n  xy: 76, 43\n  size: 33, 34\n  orig: 33, 34\n  offset: 0, 0\n  index: -1\n",["HuaBanShaoNian.png"],{"skeleton":{"width":188.74,"height":174.49,"fps":24,"hash":" ","name":"Armature"},"bones":[{"name":"root"},{"inheritScale":false,"length":35,"x":-3.15,"y":33.1,"rotation":86.1486,"name":"shenti","parent":"root","transform":"noScale"},{"length":13,"x":-0.65,"y":-6.65,"rotation":-1.8609,"name":"shadow","parent":"root"},{"length":27,"x":-0.35,"y":-1.7,"rotation":0.5228,"name":"huaban","parent":"root"},{"x":57.2,"y":112.2,"name":"icon_sq02","parent":"root"},{"x":-61.5,"y":145.95,"name":"icon_sq01","parent":"root"},{"inheritScale":false,"length":15,"x":34.0968,"y":6.4047,"rotation":153.8698,"name":"youshou_shang","parent":"shenti","transform":"noScale"},{"inheritScale":false,"length":64,"x":36.3696,"y":-0.5583,"rotation":0.4072,"name":"tou","parent":"shenti","transform":"noScale"},{"inheritScale":false,"length":16,"x":1.7332,"y":-5.6463,"rotation":-172.2936,"name":"zuotui_shang","parent":"shenti","transform":"noScale"},{"inheritScale":false,"length":17,"x":5.3997,"y":7.6299,"rotation":-170.254,"name":"youtui_shang","parent":"shenti","transform":"noScale"},{"inheritScale":false,"length":15,"x":33.8629,"y":-7.2418,"rotation":-159.6571,"name":"zuoshou_shang","parent":"shenti","transform":"noScale"},{"inheritScale":false,"length":16,"x":16.3707,"y":-0.3621,"rotation":-12.9483,"name":"zuoshou_xia","parent":"zuoshou_shang","transform":"noScale"},{"x":20.0928,"y":16.537,"name":"head6","parent":"tou"},{"inheritScale":false,"length":16,"x":15.6313,"y":0.8212,"rotation":16.114,"name":"youshou_xia","parent":"youshou_shang","transform":"noScale"},{"length":4,"x":24.1031,"y":18.9823,"rotation":28.7904,"name":"head7","parent":"tou"},{"x":7.2822,"y":14.664,"name":"head","parent":"tou"},{"length":5,"x":24.255,"y":13.1309,"rotation":-47.5099,"name":"head8","parent":"tou"},{"length":14,"x":17.1884,"y":0.1809,"rotation":4.2102,"name":"zuitui_xia","parent":"zuotui_shang"},{"length":14,"x":17.0401,"rotation":2.3986,"name":"youtui_xia","parent":"youtui_shang"},{"x":11.0603,"y":15.1418,"name":"头5","parent":"tou"},{"x":-1.5661,"y":-5.6042,"name":"head2","parent":"head"},{"x":0.3919,"y":7.6373,"name":"eye_closed2","parent":"head6"},{"x":4.417,"y":5.6756,"name":"head3","parent":"head"},{"x":4.7075,"y":-4.9762,"name":"head4","parent":"head"},{"length":26,"x":44.7544,"y":-77.3638,"rotation":173.0517,"name":"tea1","parent":"zuoshou_xia"},{"x":-1.049,"y":4.9459,"name":"head1","parent":"head"},{"x":3.9706,"y":108.8752,"rotation":103.8676,"name":"cake_m","parent":"youshou_xia"},{"x":-0.2928,"y":-9.2844,"name":"eye_closed1","parent":"head6"},{"length":28,"x":48.9419,"y":86.5408,"rotation":-85.7596,"name":"saozi","parent":"zuoshou_xia"},{"length":9,"x":25.5678,"y":-0.382,"rotation":-43.2551,"name":"tea111","parent":"tea1"}],"slots":[{"name":"shadow","bone":"shadow","attachment":"shadow"},{"name":"huaban","bone":"huaban","attachment":"huaban"},{"name":"leftleg_51","bone":"youtui_shang","attachment":"leftleg_51"},{"name":"leftleg_5","bone":"zuotui_shang","attachment":"leftleg_5"},{"name":"righthand_5","bone":"youshou_shang","attachment":"righthand_5"},{"name":"body_5","bone":"shenti","attachment":"body_5"},{"name":"head","bone":"tou","attachment":"head"},{"name":"tea1","bone":"tea1","attachment":"tea1"},{"name":"cake_m","bone":"cake_m","attachment":"角色文件-吃蛋糕/cake_m"},{"name":"saozi","bone":"saozi","attachment":"saozi"},{"name":"lefthand_5","bone":"zuoshou_shang","attachment":"lefthand_5"},{"name":"eye_open1","bone":"tou","attachment":"eye_open1"},{"name":"eye_open12","bone":"tou","attachment":"eye_open12"},{"name":"eye_closed2","bone":"eye_closed2","attachment":"eye_closed2"},{"name":"eye_closed1","bone":"eye_closed1","attachment":"eye_closed1"},{"name":"icon_sq02","bone":"icon_sq02","attachment":"icon_sq02"},{"name":"head_0","bone":"tou","attachment":"head_0"},{"name":"icon_sq01","bone":"icon_sq01","attachment":"icon_sq01"}],"skins":{"default":{"huaban":{"huaban":{"name":"huaban","width":64,"height":17,"x":0.27,"y":-1.81,"rotation":-0.52,"path":"角色文件-道具(1)/huaban"}},"body_5":{"body_5":{"name":"body_5","width":29,"height":40,"x":20.22,"y":-0.15,"rotation":-86.15,"path":"角色文件0303-2/身体_5"}},"head":{"head":{"name":"head","width":73,"height":67,"hull":5,"path":"角色文件-道具(1)/头","type":"mesh","triangles":[8,2,4,0,15,1,15,14,1,13,5,3,5,4,3,14,13,3,1,14,3,12,13,14,15,12,14,0,16,15,11,5,13,12,11,13,16,20,15,15,20,12,20,21,12,21,11,12,7,5,11,21,7,11,16,19,20,6,7,21,7,4,5,6,4,7,18,6,21,20,18,21,9,2,8,6,8,4,18,8,6,17,18,20,19,17,20,17,8,18,17,9,8,16,10,19,19,9,17,10,9,19,10,2,9,0,2,16,16,2,10],"uvs":[0,0,1,0,0,1,1,1,0.46019,1,0.54375,0.97933,0.44238,0.95694,0.53074,0.94127,0.33759,0.98455,0.19169,0.9353,0.07594,0.80321,0.61909,0.88679,0.64375,0.74052,0.74101,0.94873,0.86293,0.80619,0.65334,0.56888,0.078,0.5256,0.26567,0.85321,0.38211,0.86589,0.21567,0.7853,0.4143,0.79201,0.53416,0.84201],"edges":[0,2,2,6,4,8,6,8,4,0],"vertices":[64.6,40.45,68.99,-32.42,-2.28,36.42,2.11,-36.45,-0.26,2.89,1.49,-3.11,2.55,4.36,3.98,-2.01,0.24,11.89,2.9,22.72,11.22,31.69,8.01,-8.23,17.9,-9.44,4.41,-17.36,14.47,-25.67,29.43,-9.45,29.8,32.65,8.71,17.66,8.37,9.12,13.03,21.58,13.45,7.07,10.64,-1.86]}},"leftleg_5":{"leftleg_5":{"name":"leftleg_5","width":20,"height":43,"hull":12,"path":"角色文件0303-2/左腿_5","type":"mesh","triangles":[7,11,9,4,10,8,9,11,3,11,2,3,4,8,5,4,5,1,0,4,1,7,9,6,10,7,6,8,10,6],"uvs":[0,0,1,0,0,1,1,1,0,0.19302,1,0.22326,1,0.56744,0,0.6314,1,0.49302,1,0.65,0,0.56977,0,0.69419],"edges":[0,2,2,10,4,6,4,22,6,18,8,20,10,16,12,16,12,18,14,20,14,22,8,0],"vertices":[1,1,10.8,5.73,1,1,1,12.14,-14.23,1,1,17,14.2,-14.21,1,1,17,17.01,5.59,1,2,1,2.52,5.17,0.76,8,-2.23,-10.61,0.24,2,1,2.56,-14.87,0.88,8,0.41,9.25,0.12,2,8,15.18,8.26,0.5,17,-1.41,8.2,0.5,2,8,16.58,-11.88,0.52,17,-1.49,-11.99,0.48,2,8,11.99,8.47,0.9,17,-4.58,8.65,0.1,2,17,2.1,7.7,0.9,8,18.72,8.02,0.1,2,8,13.93,-11.7,0.9,17,-4.12,-11.61,0.1,2,17,1.18,-12.36,0.91,8,19.27,-12.06,0.09]}},"eye_closed2":{"eye_closed2":{"name":"eye_closed2","width":6,"height":3,"x":-0.56,"y":-0.21,"rotation":-86.56,"path":"角色文件-道具(1)/闭眼2"}},"shadow":{"shadow":{"name":"shadow","width":53,"height":12,"x":0.39,"y":3.64,"rotation":1.86,"path":"角色文件-道具(1)/椭圆_1_拷贝"}},"eye_open12":{"eye_open12":{"name":"eye_open12","width":6,"height":10,"x":20.53,"y":23.78,"rotation":-86.56,"path":"角色文件-道具(1)/眼睛睁2"}},"eye_open1":{"eye_open1":{"name":"eye_open1","width":5,"height":9,"x":19.7,"y":7.5,"rotation":-86.56,"path":"角色文件-道具(1)/眼睛睁1"}},"lefthand_5":{"lefthand_5":{"name":"lefthand_5","width":12,"height":34,"hull":12,"path":"角色文件0303-2/左手_5","type":"mesh","triangles":[0,11,10,9,2,3,5,9,7,4,8,7,8,5,7,9,3,7,0,10,1,10,11,6,8,4,6,11,8,6],"uvs":[0,0,1,0,0,1,1,1,1,0.40441,0,0.48971,1,0.33676,1,0.48824,0,0.42353,0,0.53971,1,0.10441,0,0.16765],"edges":[0,2,2,20,4,6,4,18,6,14,8,12,8,14,10,16,10,18,12,20,16,22,22,0],"vertices":[1,10,-1.53,-2.14,1,1,10,1.88,9.36,1,1,11,16.89,-7.85,1,1,11,17.63,4.13,1,2,10,15.06,5.46,0.5,11,-2.58,5.38,0.5,2,10,14.43,-6.87,0.494266,11,-0.43,-6.78,0.505734,2,10,12.85,6.11,0.83,11,-4.88,5.52,0.17,2,10,17.79,4.65,0.12,11,0.26,5.2,0.88,2,10,12.28,-6.23,0.86,11,-2.68,-6.64,0.14,2,10,16.06,-7.35,0.17,11,1.27,-6.88,0.83,1,10,5.28,8.36,1,1,10,3.93,-3.76,1]}},"saozi":{"saozi":{"name":"saozi","width":30,"height":7,"x":13.45,"y":-0.4,"rotation":172.22,"path":"角色文件-吃蛋糕/saozi"}},"head_0":{"head_0":{"name":"head_0","width":73,"height":67,"hull":22,"path":"角色文件-发怒表情/头_0","type":"mesh","triangles":[1,35,2,2,35,3,35,4,3,35,6,5,35,5,4,0,41,35,37,7,6,35,37,6,0,35,1,9,8,7,37,9,7,0,39,41,26,11,10,37,26,10,37,10,9,21,39,0,36,26,37,26,13,11,36,24,26,13,12,11,21,20,39,41,34,37,41,37,35,40,34,41,34,36,37,26,29,13,29,14,13,24,23,26,23,28,26,28,29,26,39,40,41,28,14,29,34,24,36,34,23,24,39,38,40,22,23,34,31,32,22,31,22,34,40,38,34,38,31,34,27,14,28,22,25,23,27,28,23,25,27,23,20,30,39,27,15,14,39,31,38,20,19,30,33,32,31,30,33,31,39,30,31,32,25,22,25,15,27,33,15,32,32,15,25,19,17,30,16,15,33,30,17,33,17,16,33,19,18,17],"uvs":[0.3911,0,0.81712,0.01045,0.9863,0.21716,0.99999,0.67164,0.93288,0.78135,0.86849,0.88507,0.82808,0.92015,0.77945,0.96194,0.70068,0.99999,0.59708,0.98209,0.53425,0.98284,0.50685,0.98507,0.43836,0.98507,0.42466,0.95522,0.27397,0.99999,0.06986,0.83358,0.04178,0.71642,0.05342,0.65,0,0.63433,0,0.55,0,0.34328,0.11712,0.07239,0.25306,0.80546,0.3051,0.83978,0.37922,0.81068,0.22845,0.86665,0.41026,0.87262,0.24585,0.91292,0.31135,0.90172,0.39139,0.92187,0.13851,0.61068,0.25614,0.68307,0.22486,0.7492,0.13106,0.70285,0.34755,0.6868,0.49865,0.63372,0.39997,0.75873,0.48426,0.72132,0.26923,0.63707,0.23239,0.57882,0.3516,0.63672,0.4021,0.59139],"edges":[0,2,2,4,4,6,6,8,8,10,10,12,12,14,14,16,16,18,18,20,20,22,22,24,24,26,26,28,28,30,30,32,32,34,34,36,36,38,38,40,40,42,42,0],"vertices":[1,7,66.95,12.31,1,1,7,68.12,-18.77,1,1,7,55.1,-32.93,1,1,7,25.44,-34.59,1,1,7,17.07,-30.31,1,1,7,9.85,-26.04,1,1,7,7.33,-23.23,1,1,7,4.32,-19.86,1,1,7,1.43,-14.27,1,1,7,2.17,-6.66,1,1,7,1.86,-2.32,1,1,7,1.58,-0.09,1,1,7,0.26,5.24,1,1,7,3.21,6.02,1,1,7,-0.48,17.52,1,1,7,9.79,32.37,1,1,7,17.01,34.85,1,1,7,22,34.3,1,1,7,22.81,38.26,1,1,7,28.45,38.6,1,1,7,42.28,39.43,1,1,7,60.91,31.99,1,4,22,0.77,-1.21,0.826032,19,1.41,3.99,0.094545,25,6.24,-0.48,0.043292,15,5.19,4.47,0.036131,1,19,-0.65,0.06,1,4,23,0.69,0.19,0.964149,19,1.62,-5.26,0.016301,20,6.96,0.82,0.010051,15,5.4,-4.78,0.009499,3,7,8.26,20.88,0.55,25,2.03,1.27,0.35,22,-3.44,0.54,0.1,3,7,8.67,7.38,0.54,20,2.96,-1.68,0.36,23,-3.32,-2.3,0.1,1,25,-1,-0.01,1,1,15,-1,0.04,1,1,20,-0.43,-0.43,1,1,21,4.51,4.08,1,1,21,0.19,-4.8,1,1,21,-4.44,-2.77,1,1,21,-1.91,4.24,1,1,27,1.03,5.37,1,1,27,5.34,-5.49,1,1,27,-3.53,1.29,1,1,27,-0.62,-4.75,1,1,14,-0.44,-0.23,1,1,14,4.24,0.54,1,1,16,0.43,-0.42,1,1,16,5.23,-0.38,1]}},"icon_sq02":{"icon_sq02":{"name":"icon_sq02","width":23,"height":24,"x":0.32,"y":-0.55}},"tea1":{"tea1":{"name":"tea1","width":23,"height":35,"hull":10,"path":"奶茶图标及厨师制作完成/奶茶1","type":"mesh","triangles":[6,0,7,0,9,7,7,9,8,4,3,5,3,6,5,1,0,6,3,2,6,2,1,6],"uvs":[-0.00435,0.36429,0.22174,0.16714,0.44783,0.05857,0.73043,0,1,0,1,0.13286,0.71739,0.19,1,0.37,1,1,-0.00435,1],"edges":[0,2,2,4,4,6,6,8,8,10,10,12,12,14,14,16,16,18,18,0],"vertices":[1,24,20.14,12.24,1,1,24,27.34,7.46,1,2,24,31.44,2.49,0.510972,29,2.31,6.12,0.489028,1,29,8.44,3.14,1,1,29,12.95,-1.11,1,1,29,9.76,-4.49,1,2,29,3.66,-1.49,0.51,24,27.21,-3.97,0.49,1,24,21.31,-10.83,1,1,24,-0.7,-12.14,1,1,24,-2.07,10.92,1]}},"leftleg_51":{"leftleg_51":{"name":"leftleg_51","width":13,"height":37,"hull":12,"path":"角色文件0303-2/右腿_5","type":"mesh","triangles":[6,9,11,8,6,11,4,8,10,11,9,3,9,2,3,10,8,7,8,11,7,0,4,1,1,4,5,4,10,5],"uvs":[0,0,1,0,0,1,1,1,0,0.20405,1,0.20541,0,0.60946,1,0.52297,0,0.51081,0,0.70676,1,0.45946,1,0.58108],"edges":[0,2,2,10,4,6,4,18,6,22,8,16,10,20,12,16,12,18,14,20,14,22,8,0],"vertices":[1,1,10.33,12.71,1,1,1,11.2,-0.26,1,1,18,13.7,-8.56,1,1,18,15.57,4.31,1,2,1,2.8,12.21,0.93,9,1.79,-4.95,0.07,2,1,3.62,-0.77,0.91,9,3.18,7.98,0.09,2,9,16.71,-6.49,0.49,18,-0.6,-6.47,0.51,2,9,14.86,6.77,0.5,18,-1.89,6.85,0.5,2,9,13.08,-6.12,0.84,18,-4.21,-5.94,0.16,2,18,2.96,-6.99,0.82,9,20.29,-6.86,0.18,2,9,12.53,7.01,0.82,18,-4.22,7.19,0.18,2,18,0.24,6.54,0.88,9,17,6.55,0.12]}},"cake_m":{"角色文件-吃蛋糕/cake_m":{"name":"角色文件-吃蛋糕/cake_m","width":40,"height":26,"x":0.56,"y":7.17}},"righthand_5":{"righthand_5":{"name":"righthand_5","width":15,"height":34,"hull":10,"path":"角色文件0303-2/右手_5","type":"mesh","triangles":[4,7,8,6,4,8,8,7,9,6,8,1,0,6,1,9,7,5,7,2,5,2,3,5],"uvs":[0,0,1,0,0,1,1,1,0,0.38676,1,0.57941,0,0.29853,0,0.48676,1,0.51765,1,0.54706],"edges":[0,2,2,16,4,6,4,14,6,10,8,12,8,14,10,18,16,18,12,0],"vertices":[1,6,4.09,-12.52,1,1,6,-3.4,0.47,1,1,13,18.22,-1.47,1,1,13,14.63,13.1,1,2,6,15.48,-5.95,0.5,13,-2.02,-6.46,0.5,2,6,13.66,10.32,0.09,13,0.74,9.67,0.91,2,6,12.89,-7.45,0.8,13,-4.93,-7.18,0.2,2,6,18.43,-4.25,0.15,13,1.28,-5.65,0.85,2,6,11.84,9.27,0.92,13,-1.29,9.17,0.08,2,6,12.71,9.77,0.481482,13,-0.32,9.41,0.518518]}},"eye_closed1":{"eye_closed1":{"name":"eye_closed1","width":7,"height":3,"x":0.95,"y":0.43,"rotation":-86.56,"path":"角色文件-道具(1)/闭眼1"}},"icon_sq01":{"icon_sq01":{"name":"icon_sq01","width":33,"height":34,"x":0.22,"y":-0.47}}}},"animations":{"stand":{"bones":{"shenti":{"translate":[{"time":0,"x":7.13,"y":-6.49}],"rotate":[{"time":0,"angle":0,"curve":[0.5,0,0.5,1]},{"time":0.625,"angle":0.45,"curve":[0.5,0,0.5,1]},{"time":1.25,"angle":-1.16,"curve":[0.5,0,0.5,1]},{"time":1.875,"angle":0.45,"curve":[0.5,0,0.5,1]},{"time":2.5,"angle":0,"curve":[0.5,0,0.5,1]},{"time":3.375,"angle":3.66,"curve":[0.5,0,0.5,1]},{"time":4.1667,"angle":10.92,"curve":[0.5,0,0.5,1]},{"time":5.3334,"angle":-2.69,"curve":[0.5,0,0.5,1]},{"time":5.8334,"angle":0}],"scale":[{"time":0,"x":1,"y":1,"curve":[0.5,0,0.5,1]},{"time":0.625,"x":1.01,"y":1.01},{"time":1.25,"x":1,"y":1,"curve":[0.5,0,0.5,1]},{"time":1.875,"x":1.01,"y":1.01},{"time":2.5,"x":1,"y":1}],"shear":[{"time":0,"curve":[0.5,0,0.5,1]},{"time":0.625,"curve":[0.5,0,0.5,1]},{"time":1.25,"curve":[0.5,0,0.5,1]},{"time":1.875,"curve":[0.5,0,0.5,1]},{"time":2.5,"curve":[0.5,0,0.5,1]},{"time":3.375,"curve":[0.5,0,0.5,1]},{"time":4.1667,"curve":[0.5,0,0.5,1]},{"time":5.3334,"curve":[0.5,0,0.5,1]},{"time":5.8334}]},"tou":{"rotate":[{"time":0,"angle":0,"curve":[0.5,0,0.5,1]},{"time":2.5,"angle":0,"curve":[0.5,0,0.5,1]},{"time":3.375,"angle":2.33,"curve":[0.5,0,0.5,1]},{"time":4.1667,"angle":-19.63,"curve":[0.5,0,0.5,1]},{"time":5.3334,"angle":-3.73,"curve":[0.5,0,0.5,1]},{"time":5.8334,"angle":0}],"shear":[{"time":0,"curve":[0.5,0,0.5,1]},{"time":2.5,"curve":[0.5,0,0.5,1]},{"time":3.375,"curve":[0.5,0,0.5,1]},{"time":4.1667,"curve":[0.5,0,0.5,1]},{"time":5.3334,"curve":[0.5,0,0.5,1]},{"time":5.8334}]},"zuoshou_shang":{"rotate":[{"time":0,"angle":0,"curve":[0.5,0,0.5,1]},{"time":2.5,"angle":0,"curve":[0.5,0,0.5,1]},{"time":2.9583,"angle":63.3,"curve":[0.5,0,0.5,1]},{"time":3.375,"angle":65.09,"curve":[0.5,0,0.5,1]},{"time":4.1667,"angle":70.42,"curve":[0.5,0,0.5,1]},{"time":5.3334,"angle":60.39,"curve":[0.5,0,0.5,1]},{"time":5.6251,"angle":-3.4},{"time":5.8334,"angle":0}],"shear":[{"time":0,"curve":[0.5,0,0.5,1]},{"time":2.5,"curve":[0.5,0,0.5,1]},{"time":2.9583,"curve":[0.5,0,0.5,1]},{"time":3.375,"curve":[0.5,0,0.5,1]},{"time":4.1667,"curve":[0.5,0,0.5,1]},{"time":5.3334,"curve":[0.5,0,0.5,1]},{"time":5.6251},{"time":5.8334}]},"youtui_shang":{"translate":[{"time":0,"x":-1.77,"y":-6.88}],"rotate":[{"time":0,"angle":-47.37},{"time":2.5,"angle":-47.37},{"time":3.375,"angle":-49.72},{"time":4.1667,"angle":-48.77},{"time":5.3334,"angle":-43.17},{"time":5.8334,"angle":-47.37}],"shear":[{"time":0},{"time":2.5},{"time":3.375},{"time":4.1667},{"time":5.3334},{"time":5.8334}]},"youshou_shang":{"rotate":[{"time":0,"angle":0,"curve":[0.5,0,0.5,1]},{"time":2.5,"angle":0,"curve":[0.5,0,0.5,1]},{"time":2.9583,"angle":-86.22,"curve":[0.5,0,0.5,1]},{"time":3.375,"angle":-89.9,"curve":[0.5,0,0.5,1]},{"time":4.1667,"angle":-66.14,"curve":[0.5,0,0.5,1]},{"time":5.3334,"angle":-85.16,"curve":[0.5,0,0.5,1]},{"time":5.6251,"angle":2.01},{"time":5.8334,"angle":0}],"shear":[{"time":0,"curve":[0.5,0,0.5,1]},{"time":2.5,"curve":[0.5,0,0.5,1]},{"time":2.9583,"curve":[0.5,0,0.5,1]},{"time":3.375,"curve":[0.5,0,0.5,1]},{"time":4.1667,"curve":[0.5,0,0.5,1]},{"time":5.3334,"curve":[0.5,0,0.5,1]},{"time":5.6251},{"time":5.8334}]},"zuotui_shang":{"translate":[{"time":0,"x":2.25,"y":0.33}],"rotate":[{"time":0,"angle":-76.67},{"time":0.5,"angle":-75.82},{"time":0.8333,"angle":-77.47},{"time":1.2916,"angle":-75.43},{"time":1.7499,"angle":-77.12},{"time":2.4999,"angle":-76.67},{"time":3.3749,"angle":-78.5},{"time":4.1666,"angle":-80.77},{"time":5.3333,"angle":-74.59},{"time":5.8333,"angle":-76.67}],"shear":[{"time":0},{"time":0.5},{"time":0.8333},{"time":1.2916},{"time":1.7499},{"time":2.4999},{"time":3.3749},{"time":4.1666},{"time":5.3333},{"time":5.8333}]},"zuoshou_xia":{"rotate":[{"time":0,"angle":0,"curve":[0.5,0,0.5,1]},{"time":2.5,"angle":0,"curve":[0.5,0,0.5,1]},{"time":2.9583,"angle":-116.57,"curve":[0.5,0,0.5,1]},{"time":3.375,"angle":11.68,"curve":[0.5,0,0.5,1]},{"time":4.1667,"angle":17.01,"curve":[0.5,0,0.5,1]},{"time":5.3334,"angle":12.35,"curve":[0.5,0,0.5,1]},{"time":5.6251,"angle":2.2},{"time":5.8334,"angle":0}],"shear":[{"time":0,"curve":[0.5,0,0.5,1]},{"time":2.5,"curve":[0.5,0,0.5,1]},{"time":2.9583,"curve":[0.5,0,0.5,1]},{"time":3.375,"curve":[0.5,0,0.5,1]},{"time":4.1667,"curve":[0.5,0,0.5,1]},{"time":5.3334,"curve":[0.5,0,0.5,1]},{"time":5.6251},{"time":5.8334}]},"zuitui_xia":{"rotate":[{"time":0,"angle":39.93},{"time":0.5,"angle":43.57},{"time":0.6667,"angle":19.01,"curve":[0.5,0,0.5,1]},{"time":0.8334,"angle":47},{"time":1.0417,"angle":38.36},{"time":1.2084,"angle":44.04},{"time":1.5001,"angle":46.33},{"time":1.6668,"angle":21.31},{"time":1.8751,"angle":56.22},{"time":2.0834,"angle":45.59},{"time":2.2501,"angle":47.26},{"time":2.5001,"angle":39.93},{"time":3.3751,"angle":39.93},{"time":4.1668,"angle":40.18},{"time":5.3335,"angle":39.93}],"shear":[{"time":0},{"time":0.5},{"time":0.6667,"curve":[0.5,0,0.5,1]},{"time":0.8334},{"time":1.0417},{"time":1.2084},{"time":1.5001},{"time":1.6668},{"time":1.8751},{"time":2.0834},{"time":2.2501},{"time":2.5001},{"time":3.3751},{"time":4.1668},{"time":5.3335}]},"youtui_xia":{"rotate":[{"time":0,"angle":73.52},{"time":3.375,"angle":73.52},{"time":4.1667,"angle":49.07},{"time":5.3334,"angle":73.52}],"shear":[{"time":0},{"time":3.375},{"time":4.1667},{"time":5.3334}]},"youshou_xia":{"rotate":[{"time":0,"angle":0,"curve":[0.5,0,0.5,1]},{"time":2.5,"angle":0,"curve":[0.5,0,0.5,1]},{"time":2.9583,"angle":79.25,"curve":[0.5,0,0.5,1]},{"time":3.375,"angle":-13.11,"curve":[0.5,0,0.5,1]},{"time":5.3333,"angle":-13.11,"curve":[0.5,0,0.5,1]},{"time":5.625,"angle":-2.91},{"time":5.8333,"angle":0}],"shear":[{"time":0,"curve":[0.5,0,0.5,1]},{"time":2.5,"curve":[0.5,0,0.5,1]},{"time":2.9583,"curve":[0.5,0,0.5,1]},{"time":3.375,"curve":[0.5,0,0.5,1]},{"time":5.3333,"curve":[0.5,0,0.5,1]},{"time":5.625},{"time":5.8333}]},"huaban":{"translate":[{"time":0,"x":24.4,"y":-0.7}],"rotate":[{"time":0,"angle":-1.31}],"shear":[{"time":0}]},"shadow":{"translate":[{"time":0,"x":24.31,"y":-7.35}],"scale":[{"time":0,"x":1.3,"y":1}]},"icon_sq02":{"translate":[{"time":0},{"time":5.8333,"x":-169.19},{"time":7.8333}]}},"slots":{"shadow":{"color":[{"time":0,"color":"FFFFFF85"}]},"eye_open1":{"color":[{"time":0,"color":"FFFFFFFF"},{"time":2.0833,"color":"FFFFFFFF"},{"time":2.125,"color":"FFFFFF00"},{"time":2.25,"color":"FFFFFFFF"}]},"eye_open12":{"color":[{"time":0,"color":"FFFFFFFF"},{"time":2.0833,"color":"FFFFFFFF"},{"time":2.125,"color":"FFFFFF00"},{"time":2.25,"color":"FFFFFFFF"}]},"eye_closed2":{"color":[{"time":0,"color":"FFFFFF00"},{"time":2.0833,"color":"FFFFFFFF"},{"time":2.125,"color":"FFFFFFFF"},{"time":2.25,"color":"FFFFFF00"}]},"eye_closed1":{"color":[{"time":0,"color":"FFFFFF00"},{"time":2.0833,"color":"FFFFFFFF"},{"time":2.125,"color":"FFFFFFFF"},{"time":2.25,"color":"FFFFFF00"}]},"head_0":{"color":[{"time":0,"color":"FFFFFF00"}]},"icon_sq01":{"color":[{"time":0,"color":"FFFFFF00"}]},"icon_sq02":{"color":[{"time":0,"color":"FFFFFF00"}]},"tea1":{"color":[{"time":0,"color":"FFFFFF00"}]},"cake_m":{"color":[{"time":0,"color":"FFFFFF00"}]},"saozi":{"color":[{"time":0,"color":"FFFFFF00"}]}},"deform":{"default":{"leftleg_5":{"leftleg_5":[{"time":0,"offset":16,"vertices":[-3.31,2.09]}]}}}},"move":{"bones":{"shenti":{"translate":[{"time":0,"x":7.24,"y":-11.83},{"time":0.2083,"x":-1.66,"y":-7.73},{"time":0.75,"x":-0.06,"y":-8.67},{"time":0.9583,"x":3.51,"y":-5.04},{"time":1.25,"x":3.51,"y":-1.36},{"time":2.0417,"x":3.51,"y":-1.36},{"time":2.2917,"x":7.24,"y":-11.83}],"rotate":[{"time":0,"angle":12.33},{"time":0.2083,"angle":30.9},{"time":0.75,"angle":26.88},{"time":0.9583,"angle":24.23},{"time":1.25,"angle":9.9},{"time":1.6667,"angle":6.84},{"time":2.0417,"angle":9.9},{"time":2.2917,"angle":12.33}],"shear":[{"time":0},{"time":0.2083},{"time":0.75},{"time":0.9583},{"time":1.25},{"time":1.6667},{"time":2.0417},{"time":2.2917}]},"tou":{"rotate":[{"time":0,"angle":-3.95},{"time":0.2083,"angle":-30.5},{"time":0.4166,"angle":-6.12},{"time":0.7499,"angle":-12.09},{"time":0.9582,"angle":-2.3},{"time":1.2499,"angle":-4.08},{"time":1.6666,"angle":0.51},{"time":2.0416,"angle":-3.61},{"time":2.1666,"angle":-9.4},{"time":2.2916,"angle":-3.95}],"shear":[{"time":0},{"time":0.2083},{"time":0.4166},{"time":0.7499},{"time":0.9582},{"time":1.2499},{"time":1.6666},{"time":2.0416},{"time":2.1666},{"time":2.2916}]},"zuoshou_shang":{"rotate":[{"time":0,"angle":17.44},{"time":0.2083,"angle":37.53},{"time":0.5,"angle":56.24},{"time":0.75,"angle":59.34},{"time":0.9583,"angle":43.88},{"time":1.25,"angle":54.78},{"time":1.6667,"angle":38.99},{"time":2.0417,"angle":48.91},{"time":2.2917,"angle":17.44}],"shear":[{"time":0},{"time":0.2083},{"time":0.5},{"time":0.75},{"time":0.9583},{"time":1.25},{"time":1.6667},{"time":2.0417},{"time":2.2917}]},"youtui_shang":{"translate":[{"time":0,"x":4.37,"y":-5.95},{"time":0.2083,"x":2.47,"y":-10.15},{"time":0.75,"x":2.74,"y":-9.88},{"time":0.9583,"x":1.96,"y":-2.67},{"time":1.25,"x":-2.29,"y":-2.22},{"time":1.6667,"x":-2.99,"y":-2.43},{"time":2.0417,"x":-2.29,"y":-2.22},{"time":2.2917,"x":4.37,"y":-5.95}],"rotate":[{"time":0,"angle":-64.2},{"time":0.2083,"angle":-66.52},{"time":0.75,"angle":-67.12},{"time":0.9583,"angle":-59.42},{"time":1.25,"angle":-38.1},{"time":1.6667,"angle":-39.92},{"time":2.0417,"angle":-38.1},{"time":2.2917,"angle":-64.2}],"shear":[{"time":0},{"time":0.2083},{"time":0.75},{"time":0.9583},{"time":1.25},{"time":1.6667},{"time":2.0417},{"time":2.2917}]},"youshou_shang":{"rotate":[{"time":0,"angle":-25.98},{"time":0.2083,"angle":-23.36},{"time":0.5,"angle":-58.37},{"time":0.75,"angle":-60.86},{"time":0.9583,"angle":-46.11},{"time":1.25,"angle":-33.64},{"time":1.6667,"angle":-27.61},{"time":2.0417,"angle":-34.22},{"time":2.2084,"angle":-25.8},{"time":2.2917,"angle":-25.98}],"shear":[{"time":0},{"time":0.2083},{"time":0.5},{"time":0.75},{"time":0.9583},{"time":1.25},{"time":1.6667},{"time":2.0417},{"time":2.2084},{"time":2.2917}]},"zuotui_shang":{"rotate":[{"time":0,"angle":-59.39},{"time":0.2083,"angle":24.39},{"time":0.4166,"angle":21.15},{"time":0.7499,"angle":17.06},{"time":0.9582,"angle":-43.05},{"time":1.2499,"angle":-13.87},{"time":2.0416,"angle":-14.14},{"time":2.2916,"angle":-59.39}],"shear":[{"time":0},{"time":0.2083},{"time":0.4166},{"time":0.7499},{"time":0.9582},{"time":1.2499},{"time":2.0416},{"time":2.2916}]},"zuoshou_xia":{"rotate":[{"time":0,"angle":-13.54},{"time":0.2083,"angle":-30.7},{"time":0.5,"angle":-18.88},{"time":0.75,"angle":1.81},{"time":0.9583,"angle":-11.19},{"time":1.25,"angle":-9.53},{"time":1.6667,"angle":-13.77},{"time":2.0417,"angle":-13.83},{"time":2.2917,"angle":-13.54}],"shear":[{"time":0},{"time":0.2083},{"time":0.5},{"time":0.75},{"time":0.9583},{"time":1.25},{"time":1.6667},{"time":2.0417},{"time":2.2917}]},"zuitui_xia":{"rotate":[{"time":0,"angle":36.99},{"time":0.2083,"angle":-0.85},{"time":0.4166,"angle":57.28},{"time":0.7499,"angle":33.09},{"time":0.9582,"angle":68.82},{"time":1.2499,"angle":28.67},{"time":2.0416,"angle":32.54},{"time":2.2916,"angle":36.99}],"shear":[{"time":0},{"time":0.2083},{"time":0.4166},{"time":0.7499},{"time":0.9582},{"time":1.2499},{"time":2.0416},{"time":2.2916}]},"youtui_xia":{"rotate":[{"time":0,"angle":42.88},{"time":0.2083,"angle":32.92},{"time":0.75,"angle":37.27},{"time":0.9583,"angle":39.84},{"time":1.25,"angle":21.55},{"time":1.6667,"angle":28.72},{"time":2.0417,"angle":21.55},{"time":2.2917,"angle":42.88}],"shear":[{"time":0},{"time":0.2083},{"time":0.75},{"time":0.9583},{"time":1.25},{"time":1.6667},{"time":2.0417},{"time":2.2917}]},"youshou_xia":{"rotate":[{"time":0,"angle":-44.82},{"time":0.2083,"angle":-40.55},{"time":0.5,"angle":-33.71},{"time":0.75,"angle":-13.22},{"time":0.9583,"angle":-26.3},{"time":1.25,"angle":-26.61},{"time":1.6667,"angle":-17.08},{"time":2.0417,"angle":-12.28},{"time":2.2917,"angle":-44.82}],"shear":[{"time":0},{"time":0.2083},{"time":0.5},{"time":0.75},{"time":0.9583},{"time":1.25},{"time":1.6667},{"time":2.0417},{"time":2.2917}]},"huaban":{"translate":[{"time":0,"y":6.81}]},"shadow":{"scale":[{"time":0,"x":1.3,"y":1}]}},"slots":{"shadow":{"color":[{"time":0,"color":"FFFFFF7F"}]},"eye_open1":{"color":[{"time":0,"color":"FFFFFFFF"},{"time":1.4167,"color":"FFFFFFFF"},{"time":1.4584,"color":"FFFFFF00"},{"time":1.5417,"color":"FFFFFFFF"}]},"eye_open12":{"color":[{"time":0,"color":"FFFFFFFF"},{"time":1.4167,"color":"FFFFFFFF"},{"time":1.4584,"color":"FFFFFF00"},{"time":1.5417,"color":"FFFFFFFF"}]},"eye_closed2":{"color":[{"time":0,"color":"FFFFFF00"},{"time":1.4167,"color":"FFFFFF00"},{"time":1.4584,"color":"FFFFFFFF"},{"time":1.5417,"color":"FFFFFF00"}]},"eye_closed1":{"color":[{"time":0,"color":"FFFFFF00"},{"time":1.4167,"color":"FFFFFF00"},{"time":1.4584,"color":"FFFFFFFF"},{"time":1.5417,"color":"FFFFFF00"}]},"head_0":{"color":[{"time":0,"color":"FFFFFF00"}]},"icon_sq01":{"color":[{"time":0,"color":"FFFFFF00"}]},"icon_sq02":{"color":[{"time":0,"color":"FFFFFF00"}]},"tea1":{"color":[{"time":0,"color":"FFFFFF00"}]},"cake_m":{"color":[{"time":0,"color":"FFFFFF00"}]},"saozi":{"color":[{"time":0,"color":"FFFFFF00"}]}}},"angry":{"bones":{"shenti":{"rotate":[{"time":0,"angle":-6.1}],"scale":[{"time":0,"x":1,"y":1},{"time":0.2083,"x":1.12,"y":1.17},{"time":0.4166,"x":1,"y":1}],"shear":[{"time":0}]},"shadow":{"translate":[{"time":0,"x":-41.2,"y":2.74}],"scale":[{"time":0,"x":1.3,"y":1}]},"huaban":{"translate":[{"time":0,"x":-40.53,"y":14.26},{"time":0.2083,"x":-38,"y":15.08},{"time":0.4166,"x":-40.53,"y":14.26}],"rotate":[{"time":0,"angle":-13.44},{"time":0.2083,"angle":-22.53},{"time":0.4166,"angle":-13.44}],"shear":[{"time":0},{"time":0.2083},{"time":0.4166}]},"tou":{"rotate":[{"time":0,"angle":14.1},{"time":0.0833,"angle":20.49},{"time":0.2916,"angle":10.1},{"time":0.4166,"angle":14.1}],"shear":[{"time":0},{"time":0.0833},{"time":0.2916},{"time":0.4166}]},"youshou_shang":{"rotate":[{"time":0,"angle":-6.69}],"shear":[{"time":0}]},"youtui_shang":{"rotate":[{"time":0,"angle":-27.01},{"time":0.2083,"angle":-5.82},{"time":0.4166,"angle":-27.01}],"shear":[{"time":0},{"time":0.2083},{"time":0.4166}]},"zuotui_shang":{"translate":[{"time":0},{"time":0.2083,"x":-0.15,"y":0.79},{"time":0.4166}],"rotate":[{"time":0,"angle":6.02}],"shear":[{"time":0}]},"zuoshou_shang":{"rotate":[{"time":0,"angle":-79.17},{"time":0.0833,"angle":-81.84},{"time":0.2083,"angle":-82.48},{"time":0.2916,"angle":-80.85},{"time":0.4166,"angle":-79.17}],"shear":[{"time":0},{"time":0.0833},{"time":0.2083},{"time":0.2916},{"time":0.4166}]},"youtui_xia":{"rotate":[{"time":0,"angle":34.68},{"time":0.2083,"angle":-2.4},{"time":0.4166,"angle":34.68}],"shear":[{"time":0},{"time":0.2083},{"time":0.4166}]},"youshou_xia":{"rotate":[{"time":0,"angle":9.88}],"shear":[{"time":0}]},"zuoshou_xia":{"rotate":[{"time":0,"angle":-37.87},{"time":0.0833,"angle":-21.47},{"time":0.2083,"angle":-32.85},{"time":0.2916,"angle":-39.13},{"time":0.4166,"angle":-37.87}],"shear":[{"time":0},{"time":0.0833},{"time":0.2083},{"time":0.2916},{"time":0.4166}]},"head":{"translate":[{"time":0},{"time":0.2083,"x":0.61,"y":-0.06},{"time":0.4166}],"scale":[{"time":0,"x":1,"y":1},{"time":0.2083,"x":1.16,"y":1.16},{"time":0.4166,"x":1,"y":1}]},"head1":{"translate":[{"time":0},{"time":0.0417,"x":0.39,"y":0.68},{"time":0.0834,"x":0.56,"y":0.91},{"time":0.2084,"x":0.98,"y":-0.08},{"time":0.2501,"x":-0.8,"y":2.58},{"time":0.2918,"x":0.32,"y":1.34},{"time":0.3751,"x":0.56,"y":0.91},{"time":0.4168}]},"head2":{"translate":[{"time":0},{"time":0.0417,"x":-0.23,"y":-1.63},{"time":0.0834,"x":0.4,"y":-0.8},{"time":0.2084,"x":1.1,"y":-0.09},{"time":0.2501,"x":-0.68,"y":-1.26},{"time":0.2918,"x":0.11,"y":-0.61},{"time":0.3751,"x":0.4,"y":-0.8},{"time":0.4168}]},"head3":{"translate":[{"time":0},{"time":0.0417,"x":2.03,"y":2.14},{"time":0.0834,"x":1.57,"y":1.3},{"time":0.2084,"x":0.35,"y":0.74},{"time":0.2501,"x":-0.13,"y":-0.1},{"time":0.2918,"x":0.35,"y":0.74},{"time":0.3751,"x":-0.13,"y":-0.1},{"time":0.4168}]},"head4":{"translate":[{"time":0},{"time":0.0417,"x":2.08,"y":-1.83},{"time":0.0834,"x":1.14,"y":-1.83},{"time":0.2084,"x":0.48,"y":-0.94},{"time":0.2501,"x":-0.41,"y":-0.57},{"time":0.2918,"x":0.48,"y":-0.94},{"time":0.3751,"x":-0.41,"y":-0.57},{"time":0.4168}]},"头5":{"translate":[{"time":0},{"time":0.2083,"x":-0.31,"y":0.03},{"time":0.4166}]},"head6":{"translate":[{"time":0},{"time":0.1667,"x":2.13,"y":-0.19},{"time":0.4167}],"rotate":[{"time":0,"angle":0},{"time":0.1667,"angle":1.41},{"time":0.4167,"angle":0}],"scale":[{"time":0,"x":1,"y":1},{"time":0.1667,"x":1.11,"y":1.11},{"time":0.4167,"x":1,"y":1}],"shear":[{"time":0},{"time":0.1667},{"time":0.4167}]},"head7":{"rotate":[{"time":0,"angle":0},{"time":0.25,"angle":30.76},{"time":0.4167,"angle":0}],"shear":[{"time":0},{"time":0.25},{"time":0.4167}]},"head8":{"rotate":[{"time":0,"angle":0},{"time":0.25,"angle":-22.97},{"time":0.4167,"angle":0}],"shear":[{"time":0},{"time":0.25},{"time":0.4167}]},"icon_sq01":{"translate":[{"time":0,"x":38.93,"y":-42.49},{"time":0.125,"x":16.17,"y":-21.21},{"time":0.2083,"x":1.89,"y":-8.04},{"time":0.3333,"x":-3.6,"y":-1.43}],"scale":[{"time":0,"x":0.01,"y":0.01},{"time":0.2083,"x":1,"y":1},{"time":0.3333,"x":1.25,"y":1.25}]},"icon_sq02":{"translate":[{"time":0,"x":-36.66,"y":-14.88},{"time":0.125,"x":-38.05,"y":-11.92},{"time":0.25,"x":-13.14,"y":6.93},{"time":0.4167,"x":-1.78,"y":15.29}],"scale":[{"time":0,"x":0.01,"y":0.01},{"time":0.125,"x":0.01,"y":0.01},{"time":0.25,"x":1,"y":1},{"time":0.4167,"x":1.25,"y":1.25}]}},"slots":{"shadow":{"color":[{"time":0,"color":"FFFFFF7F"}]},"icon_sq01":{"color":[{"time":0,"color":"FFFFFF00"},{"time":0.2083,"color":"FFFFFFFF"},{"time":0.3333,"color":"FFFFFF00"}]},"icon_sq02":{"color":[{"time":0,"color":"FFFFFF00"},{"time":0.125,"color":"FFFFFF00"},{"time":0.25,"color":"FFFFFFFF"},{"time":0.4167,"color":"FFFFFF00"}]},"tea1":{"color":[{"time":0,"color":"FFFFFF00"}]},"cake_m":{"color":[{"time":0,"color":"FFFFFF00"}]},"saozi":{"color":[{"time":0,"color":"FFFFFF00"}]}}},"drink":{"bones":{"shenti":{"translate":[{"time":0,"x":7.13,"y":-6.49}],"rotate":[{"time":0,"angle":0,"curve":[0.5,0,0.5,1]},{"time":0.8333,"angle":-0.39},{"time":1.5833,"angle":-0.73},{"time":1.6666,"angle":-0.76},{"time":2.4999,"angle":0}],"shear":[{"time":0,"curve":[0.5,0,0.5,1]},{"time":0.8333},{"time":1.5833},{"time":1.6666},{"time":2.4999}]},"tou":{"rotate":[{"time":0,"angle":0,"curve":[0.5,0,0.5,1]},{"time":0.8333,"angle":3.69},{"time":1.6666,"angle":-15.44},{"time":2.4999,"angle":0}],"shear":[{"time":0,"curve":[0.5,0,0.5,1]},{"time":0.8333},{"time":1.6666},{"time":2.4999}]},"zuoshou_shang":{"rotate":[{"time":0,"angle":-44.32,"curve":[0.5,0,0.5,1]},{"time":0.8333,"angle":-44.32},{"time":1.6666,"angle":-50.11},{"time":2.4999,"angle":-44.32}],"shear":[{"time":0,"curve":[0.5,0,0.5,1]},{"time":0.8333},{"time":1.6666},{"time":2.4999}]},"youtui_shang":{"translate":[{"time":0,"x":-1.77,"y":-6.88}],"rotate":[{"time":0,"angle":-47.37}],"shear":[{"time":0}]},"zuotui_shang":{"translate":[{"time":0,"x":2.25,"y":0.33}],"rotate":[{"time":0,"angle":-76.67},{"time":0.2917,"angle":-76.67},{"time":0.625,"angle":-77.63},{"time":0.9583,"angle":-76.67},{"time":1.0416,"angle":-76.91},{"time":1.2916,"angle":-77.63},{"time":1.7916,"angle":-76.67},{"time":2.1249,"angle":-77.63},{"time":2.4999,"angle":-76.67}],"shear":[{"time":0},{"time":0.2917},{"time":0.625},{"time":0.9583},{"time":1.0416},{"time":1.2916},{"time":1.7916},{"time":2.1249},{"time":2.4999}]},"zuoshou_xia":{"rotate":[{"time":0,"angle":-36.14,"curve":[0.5,0,0.5,1]},{"time":0.8333,"angle":-36.14},{"time":1.6666,"angle":-33.74},{"time":2.4999,"angle":-36.14}],"shear":[{"time":0,"curve":[0.5,0,0.5,1]},{"time":0.8333},{"time":1.6666},{"time":2.4999}]},"zuitui_xia":{"rotate":[{"time":0,"angle":39.93},{"time":0.2917,"angle":53.59},{"time":0.5,"angle":53.98},{"time":0.625,"angle":23.97},{"time":0.7917,"angle":61.96},{"time":0.9584,"angle":38.65},{"time":1.1667,"angle":67.25},{"time":1.2917,"angle":32.98},{"time":1.5417,"angle":55.87},{"time":1.7917,"angle":32.98},{"time":2,"angle":61.96},{"time":2.125,"angle":33.73},{"time":2.3333,"angle":65.84},{"time":2.5,"angle":39.93}],"shear":[{"time":0},{"time":0.2917},{"time":0.5},{"time":0.625},{"time":0.7917},{"time":0.9584},{"time":1.1667},{"time":1.2917},{"time":1.5417},{"time":1.7917},{"time":2},{"time":2.125},{"time":2.3333},{"time":2.5}]},"youtui_xia":{"rotate":[{"time":0,"angle":73.52}],"shear":[{"time":0}]},"huaban":{"translate":[{"time":0,"x":24.4,"y":-0.7}],"rotate":[{"time":0,"angle":-1.31}],"shear":[{"time":0}]},"shadow":{"translate":[{"time":0,"x":24.31,"y":-7.35}],"scale":[{"time":0,"x":1.3,"y":1}]},"tea1":{"translate":[{"time":0,"x":-25.81,"y":80.16}],"rotate":[{"time":0,"angle":88.24}],"scale":[{"time":0,"x":1,"y":1},{"time":0.8333,"x":1,"y":1},{"time":1.6666,"x":1.06,"y":0.91},{"time":1.7916,"x":0.9,"y":0.96},{"time":1.9999,"x":1,"y":1}],"shear":[{"time":0}]},"tea111":{"rotate":[{"time":0,"angle":16.3},{"time":0.8333,"angle":16.3},{"time":1.6666,"angle":0.43},{"time":1.7916,"angle":17.16},{"time":1.9999,"angle":13.2},{"time":2.4999,"angle":16.3}],"scale":[{"time":0,"x":1,"y":1},{"time":0.8333,"x":1,"y":1},{"time":1.6666,"x":1.29,"y":1},{"time":1.7916,"x":1.59,"y":1},{"time":1.9999,"x":1.12,"y":1},{"time":2.4999,"x":1,"y":1}],"shear":[{"time":0},{"time":0.8333},{"time":1.6666},{"time":1.7916},{"time":1.9999},{"time":2.4999}]}},"slots":{"shadow":{"color":[{"time":0,"color":"FFFFFF85"}]},"eye_open1":{"color":[{"time":0,"color":"FFFFFFFF"},{"time":0.8333,"color":"FFFFFFFF"},{"time":1,"color":"FFFFFF00"},{"time":1.875,"color":"FFFFFF00"},{"time":2,"color":"FFFFFFFF"}]},"eye_open12":{"color":[{"time":0,"color":"FFFFFFFF"},{"time":0.8333,"color":"FFFFFFFF"},{"time":1,"color":"FFFFFF00"},{"time":1.875,"color":"FFFFFF00"},{"time":2,"color":"FFFFFFFF"}]},"eye_closed2":{"color":[{"time":0,"color":"FFFFFF00"},{"time":0.8333,"color":"FFFFFF00"},{"time":1,"color":"FFFFFFFF"},{"time":1.875,"color":"FFFFFFFF"},{"time":2,"color":"FFFFFF00"}]},"eye_closed1":{"color":[{"time":0,"color":"FFFFFF00"},{"time":0.8333,"color":"FFFFFF00"},{"time":1,"color":"FFFFFFFF"},{"time":1.875,"color":"FFFFFFFF"},{"time":2,"color":"FFFFFF00"}]},"head_0":{"color":[{"time":0,"color":"FFFFFF00"}]},"icon_sq01":{"color":[{"time":0,"color":"FFFFFF00"}]},"icon_sq02":{"color":[{"time":0,"color":"FFFFFF00"}]},"cake_m":{"color":[{"time":0,"color":"FFFFFF00"}]},"saozi":{"color":[{"time":0,"color":"FFFFFF00"}]}},"deform":{"default":{"leftleg_5":{"leftleg_5":[{"time":0,"offset":16,"vertices":[-3.31,2.09]}]}}}},"eat":{"bones":{"shenti":{"translate":[{"time":0,"x":7.13,"y":-6.49}],"rotate":[{"time":0,"angle":0,"curve":[0.5,0,0.5,1]},{"time":1.25,"angle":0.96},{"time":1.4583,"angle":0.32},{"time":1.7916,"angle":0.96},{"time":2.2083,"angle":0.32},{"time":2.9166,"angle":0}],"scale":[{"time":0,"x":1,"y":1,"curve":[0.5,0,0.5,1]},{"time":1.4583,"x":1,"y":1.05},{"time":1.7916,"x":1,"y":1.03},{"time":2.2083,"x":1,"y":1}],"shear":[{"time":0,"curve":[0.5,0,0.5,1]},{"time":1.25},{"time":1.4583},{"time":1.7916},{"time":2.2083},{"time":2.9166}]},"tou":{"translate":[{"time":0,"curve":[0.5,0,0.5,1]},{"time":1.25,"x":-0.56,"y":0.59},{"time":1.4583},{"time":1.7916,"x":-0.23,"y":0.32},{"time":2.3333}],"rotate":[{"time":0,"angle":0,"curve":[0.5,0,0.5,1]},{"time":1.25,"angle":25.04},{"time":1.4583,"angle":20.51},{"time":1.7916,"angle":26.27},{"time":2.3333,"angle":20.51},{"time":2.9166,"angle":0}],"shear":[{"time":0,"curve":[0.5,0,0.5,1]},{"time":1.25},{"time":1.4583},{"time":1.7916},{"time":2.3333},{"time":2.9166}]},"zuoshou_shang":{"rotate":[{"time":0,"angle":-15.56,"curve":[0.5,0,0.5,1]},{"time":0.625,"angle":-46.12,"curve":[0.5,0,0.5,1]},{"time":1.1667,"angle":-33.05},{"time":2.4167,"angle":-38.08},{"time":2.9167,"angle":-15.56}],"shear":[{"time":0,"curve":[0.5,0,0.5,1]},{"time":0.625,"curve":[0.5,0,0.5,1]},{"time":1.1667},{"time":2.4167},{"time":2.9167}]},"youtui_shang":{"translate":[{"time":0,"x":-1.77,"y":-6.88}],"rotate":[{"time":0,"angle":-47.37}],"shear":[{"time":0}]},"youshou_shang":{"rotate":[{"time":0,"angle":0.1}],"shear":[{"time":0}]},"zuotui_shang":{"translate":[{"time":0,"x":2.25,"y":0.33}],"rotate":[{"time":0,"angle":-76.67},{"time":2.5,"angle":-79.19},{"time":2.7083,"angle":-76.88},{"time":2.9166,"angle":-76.67}],"shear":[{"time":0},{"time":2.5},{"time":2.7083},{"time":2.9166}]},"zuoshou_xia":{"rotate":[{"time":0,"angle":-91.34,"curve":[0.5,0,0.5,1]},{"time":0.625,"angle":-64.19,"curve":[0.5,0,0.5,1]},{"time":1.1667,"angle":-109.04},{"time":2.4167,"angle":-108.99},{"time":2.9167,"angle":-91.34}],"shear":[{"time":0,"curve":[0.5,0,0.5,1]},{"time":0.625,"curve":[0.5,0,0.5,1]},{"time":1.1667},{"time":2.4167},{"time":2.9167}]},"zuitui_xia":{"rotate":[{"time":0,"angle":39.93},{"time":0.625,"angle":23.41},{"time":1.25,"angle":50.64},{"time":1.4167,"angle":27.99},{"time":1.8334,"angle":62.51},{"time":2.0834,"angle":31.65},{"time":2.3751,"angle":52.9},{"time":2.5001,"angle":26.49},{"time":2.9168,"angle":39.93}],"shear":[{"time":0},{"time":0.625},{"time":1.25},{"time":1.4167},{"time":1.8334},{"time":2.0834},{"time":2.3751},{"time":2.5001},{"time":2.9168}]},"youtui_xia":{"rotate":[{"time":0,"angle":73.52}],"shear":[{"time":0}]},"youshou_xia":{"rotate":[{"time":0,"angle":-43.46}],"shear":[{"time":0}]},"huaban":{"translate":[{"time":0,"x":24.4,"y":-0.7}],"rotate":[{"time":0,"angle":-1.31}],"shear":[{"time":0}]},"shadow":{"translate":[{"time":0,"x":24.31,"y":-7.35}],"scale":[{"time":0,"x":1.3,"y":1}]},"cake_m":{"translate":[{"time":0,"x":15.97,"y":-107.21}],"rotate":[{"time":0,"angle":46.28}],"shear":[{"time":0}]},"saozi":{"translate":[{"time":0,"x":-35.75,"y":-86.69}],"rotate":[{"time":0,"angle":101.58}],"scale":[{"time":0,"x":0.7,"y":0.7}],"shear":[{"time":0}]}},"slots":{"shadow":{"color":[{"time":0,"color":"FFFFFF85"}]},"eye_open1":{"color":[{"time":0,"color":"FFFFFFFF"},{"time":1.1667,"color":"FFFFFFFF"},{"time":1.25,"color":"FFFFFF00"},{"time":2.375,"color":"FFFFFF00"},{"time":2.5,"color":"FFFFFFFF"}]},"eye_open12":{"color":[{"time":0,"color":"FFFFFFFF"},{"time":1.1667,"color":"FFFFFFFF"},{"time":1.25,"color":"FFFFFF00"},{"time":2.375,"color":"FFFFFF00"},{"time":2.5,"color":"FFFFFFFF"}]},"eye_closed2":{"color":[{"time":0,"color":"FFFFFF00"},{"time":1.1667,"color":"FFFFFF00"},{"time":1.25,"color":"FFFFFFFF"},{"time":2.5,"color":"FFFFFFFF"},{"time":2.625,"color":"FFFFFF00"}]},"eye_closed1":{"color":[{"time":0,"color":"FFFFFF00"},{"time":1.1667,"color":"FFFFFF00"},{"time":1.25,"color":"FFFFFFFF"},{"time":2.5,"color":"FFFFFFFF"},{"time":2.625,"color":"FFFFFF00"}]},"head_0":{"color":[{"time":0,"color":"FFFFFF00"}]},"icon_sq01":{"color":[{"time":0,"color":"FFFFFF00"}]},"icon_sq02":{"color":[{"time":0,"color":"FFFFFF00"}]},"tea1":{"color":[{"time":0,"color":"FFFFFF00"}]}},"deform":{"default":{"leftleg_5":{"leftleg_5":[{"time":0,"offset":16,"vertices":[-3.31,2.09]}]},"head":{"head":[{"time":0,"offset":43,"vertices":[0]},{"time":1.25,"offset":43,"vertices":[0]},{"time":1.4583,"offset":12,"vertices":[1.33,0.89,0,0,1.88,0.3,1.04,-0.69,-0.08,-1.6,0.03,0.41,0.02,1.09,0,0,0,0,0,0,0,0,0,0,0.35,4.81,-1.04,0.17,-1.11,2.13,-0.06,1.64]},{"time":1.6666,"offset":43,"vertices":[0]},{"time":1.9166,"offset":12,"vertices":[1.33,0.89,0,0,1.88,0.3,1.04,-0.69,-0.08,-1.6,0.03,0.41,0.02,1.09,0,0,0,0,0,0,0,0,0,0,0.35,4.81,-1.04,0.17,-1.11,2.13,-0.06,1.64]},{"time":2.0833,"offset":43,"vertices":[0]},{"time":2.2916,"offset":12,"vertices":[1.33,0.89,0,0,1.88,0.3,1.04,-0.69,-0.08,-1.6,0.03,0.41,0.02,1.09,0,0,0,0,0,0,0,0,0,0,0.35,4.81,-1.04,0.17,-1.11,2.13,-0.06,1.64]},{"time":2.4999,"offset":43,"vertices":[0]}]}}}}}},[0]]],0,0,[0],[-1],[0]]