[1,["49tB6sshFI/o3iSDI4+xoh"],0,[["sp.SkeletonData",["_name","_atlasText","textureNames","_skeletonJson","textures"],-1,3]],[[0,0,1,2,3,4,5]],[[0,"KaFeiShi_girlB","\nKaFeiShi_girlB.png\nsize: 512,512\nformat: RGBA8888\nfilter: Linear,Linear\nrepeat: none\nV1/body_girlB_V1\n  rotate: true\n  xy: 207, 407\n  size: 67, 75\n  orig: 67, 75\n  offset: 0, 0\n  index: -1\nV1/hair_girlB_V1\n  rotate: true\n  xy: 2, 303\n  size: 104, 95\n  orig: 104, 95\n  offset: 0, 0\n  index: -1\nV1/head_girlB_V1\n  rotate: false\n  xy: 107, 420\n  size: 98, 90\n  orig: 98, 90\n  offset: 0, 0\n  index: -1\nV1/head_girlB_happ_V1\n  rotate: true\n  xy: 2, 203\n  size: 98, 90\n  orig: 98, 90\n  offset: 0, 0\n  index: -1\nV1/youjiao_girlB_V1\n  rotate: false\n  xy: 495, 453\n  size: 15, 27\n  orig: 15, 27\n  offset: 0, 0\n  index: -1\nV1/zuojiao_girlB_V1\n  rotate: false\n  xy: 99, 370\n  size: 15, 26\n  orig: 15, 26\n  offset: 0, 0\n  index: -1\nbody_girlA\n  rotate: false\n  xy: 450, 444\n  size: 43, 66\n  orig: 43, 66\n  offset: 0, 0\n  index: -1\nhair_girlB\n  rotate: false\n  xy: 2, 409\n  size: 103, 101\n  orig: 103, 101\n  offset: 0, 0\n  index: -1\nhanshui\n  rotate: false\n  xy: 207, 476\n  size: 109, 34\n  orig: 109, 34\n  offset: 0, 0\n  index: -1\nhead_girlB\n  rotate: false\n  xy: 2, 51\n  size: 68, 74\n  orig: 68, 74\n  offset: 0, 0\n  index: -1\nhead_girlB_happy\n  rotate: false\n  xy: 2, 127\n  size: 68, 74\n  orig: 68, 74\n  offset: 0, 0\n  index: -1\nhudiejie\n  rotate: true\n  xy: 116, 373\n  size: 23, 16\n  orig: 23, 16\n  offset: 0, 0\n  index: -1\nkafei-JiQi\n  rotate: true\n  xy: 318, 442\n  size: 68, 71\n  orig: 68, 71\n  offset: 0, 0\n  index: -1\nline1\n  rotate: true\n  xy: 284, 421\n  size: 53, 18\n  orig: 53, 18\n  offset: 0, 0\n  index: -1\nline2\n  rotate: false\n  xy: 316, 400\n  size: 44, 40\n  orig: 44, 40\n  offset: 0, 0\n  index: -1\nline3\n  rotate: true\n  xy: 304, 424\n  size: 50, 10\n  orig: 50, 10\n  offset: 0, 0\n  index: -1\nline4\n  rotate: false\n  xy: 2, 4\n  size: 66, 45\n  orig: 66, 45\n  offset: 0, 0\n  index: -1\nline5\n  rotate: true\n  xy: 107, 398\n  size: 20, 28\n  orig: 20, 28\n  offset: 0, 0\n  index: -1\nline6\n  rotate: false\n  xy: 72, 131\n  size: 20, 70\n  orig: 20, 70\n  offset: 0, 0\n  index: -1\nline7\n  rotate: false\n  xy: 72, 51\n  size: 12, 78\n  orig: 12, 78\n  offset: 0, 0\n  index: -1\npeper1\n  rotate: false\n  xy: 284, 408\n  size: 17, 11\n  orig: 17, 11\n  offset: 0, 0\n  index: -1\npeper2\n  rotate: false\n  xy: 391, 445\n  size: 57, 65\n  orig: 57, 65\n  offset: 0, 0\n  index: -1\npeper3\n  rotate: false\n  xy: 303, 399\n  size: 11, 9\n  orig: 11, 9\n  offset: 0, 0\n  index: -1\npeper4\n  rotate: true\n  xy: 483, 418\n  size: 24, 27\n  orig: 24, 27\n  offset: 0, 0\n  index: -1\npeper5\n  rotate: true\n  xy: 86, 63\n  size: 9, 8\n  orig: 9, 8\n  offset: 0, 0\n  index: -1\npeper6\n  rotate: false\n  xy: 70, 4\n  size: 40, 45\n  orig: 40, 45\n  offset: 0, 0\n  index: -1\nstar\n  rotate: false\n  xy: 450, 412\n  size: 31, 30\n  orig: 31, 30\n  offset: 0, 0\n  index: -1\nstar2\n  rotate: false\n  xy: 362, 399\n  size: 41, 41\n  orig: 41, 41\n  offset: 0, 0\n  index: -1\nstar3\n  rotate: false\n  xy: 137, 396\n  size: 22, 22\n  orig: 22, 22\n  offset: 0, 0\n  index: -1\nstar4\n  rotate: false\n  xy: 99, 350\n  size: 18, 18\n  orig: 18, 18\n  offset: 0, 0\n  index: -1\nyoujiao\n  rotate: false\n  xy: 495, 482\n  size: 15, 28\n  orig: 15, 28\n  offset: 0, 0\n  index: -1\nyoushou\n  rotate: true\n  xy: 405, 407\n  size: 16, 43\n  orig: 16, 43\n  offset: 0, 0\n  index: -1\nyouyan_girlB\n  rotate: false\n  xy: 86, 74\n  size: 8, 10\n  orig: 8, 10\n  offset: 0, 0\n  index: -1\nyouyan_girl_closed\n  rotate: true\n  xy: 86, 113\n  size: 16, 6\n  orig: 16, 6\n  offset: 0, 0\n  index: -1\nyouyan_happy\n  rotate: false\n  xy: 191, 406\n  size: 13, 12\n  orig: 13, 12\n  offset: 0, 0\n  index: -1\nyouyan_jingya\n  rotate: false\n  xy: 99, 322\n  size: 12, 12\n  orig: 12, 12\n  offset: 0, 0\n  index: -1\nzui_girl_happy\n  rotate: true\n  xy: 86, 99\n  size: 12, 8\n  orig: 12, 8\n  offset: 0, 0\n  index: -1\nzui_jingya\n  rotate: true\n  xy: 86, 86\n  size: 11, 8\n  orig: 11, 8\n  offset: 0, 0\n  index: -1\nzuojiao\n  rotate: true\n  xy: 161, 404\n  size: 14, 28\n  orig: 14, 28\n  offset: 0, 0\n  index: -1\nzuoshou\n  rotate: true\n  xy: 405, 425\n  size: 18, 43\n  orig: 18, 43\n  offset: 0, 0\n  index: -1\nzuoyan_girlA\n  rotate: true\n  xy: 304, 410\n  size: 12, 10\n  orig: 12, 10\n  offset: 0, 0\n  index: -1\nzuoyan_girl_closed\n  rotate: false\n  xy: 405, 399\n  size: 16, 6\n  orig: 16, 6\n  offset: 0, 0\n  index: -1\nzuoyan_happy\n  rotate: false\n  xy: 99, 336\n  size: 13, 12\n  orig: 13, 12\n  offset: 0, 0\n  index: -1\nzuoyan_jingya\n  rotate: false\n  xy: 99, 308\n  size: 12, 12\n  orig: 12, 12\n  offset: 0, 0\n  index: -1\n",["KaFeiShi_girlB.png"],{"skeleton":{"hash":"g4RY7bCMMqPpk85JOq/JEdxzNwQ","spine":"3.3.07","width":269.35,"height":221.18,"images":"./images/"},"bones":[{"name":"root"},{"name":"body_girlA","parent":"root","length":23,"rotation":90,"x":-3.1,"y":34.15,"inheritScale":false},{"name":"body_girlA1","parent":"body_girlA","length":26,"x":23,"inheritScale":false},{"name":"head_girlA","parent":"body_girlA1","length":70,"x":31.45,"y":-0.2},{"name":"hair_girlB_happy","parent":"head_girlA","length":23,"rotation":-145.6,"x":67.55,"y":-11.2},{"name":"hair_girlA_happy1","parent":"hair_girlB_happy","length":30,"rotation":-26.96,"x":24.1,"y":-1.17},{"name":"hair_girlA_happy2","parent":"hair_girlA_happy1","length":39,"rotation":-1.11,"x":31.25,"y":-0.09},{"name":"hanshui","parent":"root","x":105.55,"y":16.6},{"name":"line1","parent":"root","x":59.6,"y":105.45},{"name":"line2","parent":"root","x":47.9,"y":130.05},{"name":"line3","parent":"root","x":-55.05,"y":89.95},{"name":"line4","parent":"root","x":-59,"y":122.2},{"name":"line5","parent":"root","x":-24.25,"y":153.55},{"name":"line6","parent":"root","x":-12.35,"y":171.45},{"name":"line7","parent":"root","x":5.05,"y":182.9},{"name":"peper1","parent":"root","x":82.55,"y":121.95},{"name":"peper2","parent":"root","x":-79.94,"y":153.2},{"name":"peper3","parent":"root","x":92.15,"y":152.2},{"name":"peper4","parent":"root","x":-50.4,"y":171},{"name":"peper5","parent":"root","x":-55.05,"y":138.95},{"name":"peper6","parent":"root","x":45.4,"y":162.25},{"name":"star","parent":"root","x":-47.2,"y":93.85},{"name":"star2","parent":"root","x":57.35,"y":136.35},{"name":"star3","parent":"root","x":41.9,"y":85.65},{"name":"star4","parent":"root","x":-32.4,"y":148.64},{"name":"youjiao","parent":"body_girlA","length":17,"rotation":-179.2,"x":-6.8,"y":5.45,"inheritScale":false},{"name":"youshou","parent":"body_girlA1","length":17,"rotation":159.42,"x":21.85,"y":12.75,"inheritScale":false},{"name":"youshou1","parent":"youshou","length":18,"rotation":18.18,"x":18.59,"y":0.83},{"name":"zuojiao","parent":"body_girlA","length":18,"rotation":-180,"x":-6.8,"y":-8.64,"inheritScale":false},{"name":"zuoshou","parent":"body_girlA1","length":17,"rotation":-157.51,"x":19.65,"y":-13.6,"inheritScale":false},{"name":"zuoshou1","parent":"zuoshou","length":16,"rotation":-17.47,"x":18.12,"y":-0.52}],"slots":[{"name":"youjiao","bone":"youjiao","attachment":"youjiao"},{"name":"zuojiao","bone":"zuojiao","attachment":"zuojiao"},{"name":"hair_girlB_happy","bone":"hair_girlB_happy","attachment":"hair_girlB_happy"},{"name":"body_girlA","bone":"body_girlA","attachment":"body_girlA"},{"name":"head_girlB_happy","bone":"head_girlA","attachment":"head_girlB_happy"},{"name":"head_girlB","bone":"head_girlA","attachment":"head_girlB"},{"name":"youshou","bone":"youshou","attachment":"youshou"},{"name":"zuoshou","bone":"zuoshou","attachment":"zuoshou"},{"name":"zuoyan_happy","bone":"head_girlA","attachment":"zuoyan_happy"},{"name":"zui_girl_happy","bone":"head_girlA","attachment":"zui_girl_happy"},{"name":"youyan_happy","bone":"head_girlA","attachment":"youyan_happy"},{"name":"star","bone":"star","attachment":"star"},{"name":"star2","bone":"star2","attachment":"star2"},{"name":"star3","bone":"star3","attachment":"star3"},{"name":"star4","bone":"star4","attachment":"star4"},{"name":"peper6","bone":"peper6","attachment":"peper6"},{"name":"peper5","bone":"peper5","attachment":"peper5"},{"name":"peper4","bone":"peper4","attachment":"peper4"},{"name":"peper3","bone":"peper3","attachment":"peper3"},{"name":"peper2","bone":"peper2","attachment":"peper2"},{"name":"peper1","bone":"peper1","attachment":"peper1"},{"name":"line1","bone":"line1","attachment":"line1"},{"name":"line2","bone":"line2","attachment":"line2"},{"name":"line3","bone":"line3","attachment":"line3"},{"name":"line4","bone":"line4","attachment":"line4"},{"name":"line5","bone":"line5","attachment":"line5"},{"name":"line6","bone":"line6","attachment":"line6"},{"name":"line7","bone":"line7","attachment":"line7"},{"name":"kafei-JiQi","bone":"root","attachment":"KaFeiShi/kafei-JiQi"},{"name":"hanshui","bone":"hanshui","attachment":"hanshui"},{"name":"youyan_girlA","bone":"head_girlA","attachment":"KaFeiShi_V1/youyan_girlA"},{"name":"zuoyan_girlA","bone":"head_girlA","attachment":"zuoyan_girlA"},{"name":"youyan_girl_closed","bone":"head_girlA","attachment":"youyan_girl_closed"},{"name":"zuoyan_girl_closed","bone":"head_girlA","attachment":"zuoyan_girl_closed"},{"name":"youyan_jingya","bone":"head_girlA","attachment":"youyan_jingya"},{"name":"zuoyan_jingya","bone":"head_girlA","attachment":"zuoyan_jingya"},{"name":"zui_jingya","bone":"head_girlA","attachment":"zui_jingya"},{"name":"hudiejie","bone":"body_girlA1","attachment":"hudiejie"},{"name":"head_girlB_happy2","bone":"root"},{"name":"head_girlB2","bone":"root"}],"skins":{"default":{"hanshui":{"hanshui":{"x":-1.71,"y":-0.01,"width":109,"height":34}},"kafei-JiQi":{"KaFeiShi/kafei-JiQi":{"path":"kafei-JiQi","x":-3.86,"y":34.93,"rotation":-0.27,"width":68,"height":71}},"line1":{"line1":{"x":-2.96,"y":-0.02,"rotation":-0.27,"width":53,"height":18}},"line2":{"line2":{"x":0.24,"y":-1.62,"rotation":-0.27,"width":44,"height":40}},"line3":{"line3":{"x":3.19,"y":-0.52,"rotation":-0.27,"width":50,"height":10}},"line4":{"line4":{"x":0.14,"y":-1.27,"rotation":-0.27,"width":66,"height":45}},"line5":{"line5":{"x":0.39,"y":-0.12,"rotation":-0.27,"width":20,"height":28}},"line6":{"line6":{"x":1.49,"y":-6.02,"rotation":-0.27,"width":20,"height":70}},"line7":{"line7":{"x":1.09,"y":-1.47,"rotation":-0.27,"width":12,"height":78}},"peper1":{"peper1":{"x":-0.91,"y":-0.02,"rotation":-0.27,"width":17,"height":11}},"peper2":{"peper2":{"x":-2.41,"y":-8.27,"rotation":-0.27,"width":57,"height":65}},"peper3":{"peper3":{"x":-1.51,"y":1.73,"rotation":-0.27,"width":11,"height":9}},"peper4":{"peper4":{"x":-0.46,"y":3.93,"rotation":-0.27,"width":24,"height":27}},"peper5":{"peper5":{"x":-0.31,"y":-1.52,"rotation":-0.27,"width":9,"height":8}},"peper6":{"peper6":{"x":4.73,"y":2.68,"rotation":-0.27,"width":40,"height":45}},"star":{"star":{"x":0.84,"y":-0.42,"rotation":-0.27,"width":31,"height":30}},"star2":{"star2":{"x":0.29,"y":-1.42,"rotation":-0.27,"width":41,"height":41}},"star3":{"star3":{"x":0.24,"y":-0.22,"rotation":-0.27,"width":22,"height":22}},"star4":{"star4":{"x":1.54,"y":-1.22,"rotation":-0.27,"width":18,"height":18}},"youyan_girlA":{"KaFeiShi_V1/youyan_girlA":{"path":"youyan_girlB","x":24.7,"y":10.86,"rotation":-90,"width":8,"height":10}},"youyan_girl_closed":{"youyan_girl_closed":{"x":24.47,"y":12.18,"rotation":-90,"width":16,"height":6}},"youyan_happy":{"youyan_happy":{"x":24.83,"y":12.46,"rotation":-90.27,"width":13,"height":12}},"youyan_jingya":{"youyan_jingya":{"x":24.7,"y":11.78,"rotation":-90,"width":12,"height":12}},"zui_girl_happy":{"zui_girl_happy":{"x":10.83,"y":-0.04,"rotation":-90.27,"width":12,"height":8}},"zui_jingya":{"zui_jingya":{"x":11.01,"y":-0.06,"rotation":-89.89,"width":11,"height":8}},"zuoyan_girlA":{"zuoyan_girlA":{"x":24.88,"y":-10.75,"rotation":-90,"width":12,"height":10}},"zuoyan_girl_closed":{"zuoyan_girl_closed":{"x":25,"y":-12.47,"rotation":-90,"width":16,"height":6}},"zuoyan_happy":{"zuoyan_happy":{"x":24.83,"y":-11.54,"rotation":-90.27,"width":13,"height":12}},"zuoyan_jingya":{"zuoyan_jingya":{"x":24.93,"y":-11.21,"rotation":-90,"width":12,"height":12}}},"V0":{"body_girlA":{"body_girlA":{"name":"KaFeiShi/body_girlA","type":"mesh","path":"body_girlA","hull":10,"width":43,"height":66,"uvs":[0.02325,0.01515,0.97674,0.01515,0.02325,0.98484,0.97674,0.98484,0.02325,0.53105,0.97674,0.53105,0.02325,0.45455,0.97674,0.45681,0.02325,0.60529,0.97674,0.60909],"triangles":[2,3,9,8,2,9,8,9,5,4,8,5,6,4,7,6,7,1,0,6,1,7,4,5],"vertices":[1,2,33.37,18.61,1,1,2,33.18,-22.38,1,1,1,-7.62,18.91,1,1,1,-7.81,-22.09,1,2,2,-0.67,18.77,0.49967,1,22.33,18.77,0.50032,2,2,-0.86,-22.23,0.49962,1,22.14,-22.23,0.50037,2,2,4.38,18.75,0.51325,1,27.38,18.75,0.48674,2,2,4.04,-22.25,0.50809,1,27.04,-22.25,0.49191,2,2,-5.57,18.79,0.47893,1,17.43,18.79,0.52106,2,2,-6.01,-22.2,0.4823,1,16.99,-22.2,0.51769],"edges":[0,2,2,14,4,6,4,16,6,18,8,12,8,16,10,14,10,18,12,0]}},"hair_girlB_happy":{"hair_girlB_happy":{"type":"mesh","path":"hair_girlB","hull":9,"width":103,"height":101,"uvs":[0.0097,0.0099,0.99029,0.0099,0.0097,0.99009,0.99029,0.99009,0.99029,0.53717,0.0097,0.57681,0.99029,0.27115,0.0097,0.30157,0.49705,0.0099,0.49636,0.28195,0.49868,0.54481],"triangles":[10,3,4,10,2,3,8,9,6,8,6,1,6,9,4,9,10,4,7,5,10,5,2,10,8,0,9,0,7,9,7,10,9],"vertices":[1,3,72.87,50.23,1,1,3,71.97,-50.77,1,3,3,-26.12,51.12,0.68,5,62.82,-83.79,0.2,6,33.18,-83.07,0.12,1,6,45.2,17.2,1,2,5,31.47,22.56,0.7,6,-0.22,22.65,0.3,3,3,15.62,50.74,0.68,5,21.47,-78.01,0.2,6,-8.26,-78.11,0.12,2,3,45.58,-50.53,0.87,5,4.86,26.27,0.13,2,3,43.42,50.49,0.9,5,-6.06,-74.18,0.1,1,3,72.43,0.03,1,2,3,44.95,0.35,0.87,5,-1.1,-24.26,0.13,3,3,18.4,0.35,0.68,5,25.23,-27.69,0.2,6,-5.48,-27.72,0.12],"edges":[0,14,2,12,2,16,4,6,4,10,6,8,8,12,10,14,16,0]}},"head_girlB":{"head_girlB":{"name":"KaFeiShi_head/head_girlA","path":"head_girlB","x":31.59,"y":-0.06,"rotation":-90,"width":68,"height":74}},"head_girlB_happy":{"head_girlB_happy":{"name":"KaFeiShi/head_girlA","path":"head_girlB_happy","x":31.55,"y":-0.05,"rotation":-90,"width":68,"height":74}},"youjiao":{"youjiao":{"x":5.92,"y":0.1,"rotation":88.94,"width":15,"height":28}},"youshou":{"youshou":{"type":"mesh","hull":11,"width":16,"height":43,"uvs":[0.0625,0.02325,0.9375,0.02325,0.0625,0.97674,0.9375,0.97674,0.0625,0.48488,0.9375,0.55349,0.0625,0.41976,0.9375,0.46395,0.0625,0.54651,0.9375,0.61046,0.9375,0.24875],"triangles":[8,2,9,9,2,3,8,9,5,4,8,5,0,10,1,0,6,10,6,4,7,10,6,7,7,4,5],"vertices":[1,26,-0.69,-10.85,1,1,2,26.25,8.67,1,1,27,19.01,-3.57,1,1,27,18.48,10.42,1,2,26,17.93,-3.96,0.5865,27,-2.13,-4.35,0.41349,2,26,15.83,10.18,0.47779,27,0.29,9.75,0.5222,2,26,15.3,-4.94,0.92,27,-4.92,-4.46,0.08,2,26,12.22,8.85,0.85,27,-3.55,9.6,0.15,2,26,20.41,-3.04,0.08,27,0.52,-4.25,0.92,2,26,18.12,11.03,0.06,27,2.74,9.83,0.94,1,2,16.54,8.71,1],"edges":[0,2,2,20,4,6,4,16,6,18,8,12,8,16,10,14,10,18,14,20,12,0]}},"zuojiao":{"zuojiao":{"x":5.92,"y":-0.4,"rotation":89.73,"width":14,"height":28}},"zuoshou":{"zuoshou":{"type":"mesh","hull":11,"width":18,"height":43,"uvs":[0.05555,0.02325,0.94444,0.02325,0.05555,0.97674,0.94444,0.97674,0.94444,0.48372,0.05555,0.57209,0.94444,0.4186,0.05555,0.51278,0.05555,0.62442,0.94444,0.53953,0.05555,0.26216],"triangles":[8,2,3,5,8,9,8,3,9,10,7,6,7,5,9,10,6,1,7,9,4,6,7,4,0,10,1],"vertices":[1,2,26.32,-9.33,1,1,29,-1.6,13.36,1,1,30,16.36,-12.39,1,1,30,17.84,3.55,1,2,29,16.66,5.7,0.5572,30,-3.27,5.5,0.44279,2,29,13.97,-10.52,0.51437,30,-0.97,-10.79,0.48561,2,29,14.07,6.78,0.92,30,-6.06,5.75,0.08,2,29,11.62,-9.54,0.89,30,-3.5,-10.55,0.11,2,29,16.04,-11.39,0.06,30,1.28,-10.99,0.94,2,29,18.87,4.78,0.11,30,-0.88,5.28,0.89,1,2,16.04,-9.28,1],"edges":[0,2,2,12,4,6,4,16,6,18,8,12,8,18,10,14,10,16,14,20,20,0]}}},"V1":{"body_girlA":{"body_girlA":{"name":"V1/body_girlB_V1","type":"mesh","hull":14,"width":67,"height":75,"uvs":[1,0.18228,1,0.33951,1,0.49674,1,0.64503,1,0.81119,1,1,0,1,0,0.80404,0,0.63788,0,0.49495,0,0.31807,0,0.17692,0,0,1,0],"triangles":[11,12,13,11,13,0,10,11,0,10,0,1,9,10,1,9,1,2,8,9,2,8,2,3,7,8,3,7,3,4,6,7,4,6,4,5],"vertices":[2,1,47.04,-35.23,0.07287,2,24.04,-35.23,0.92712,2,1,35.25,-35.23,0.22018,2,12.25,-35.23,0.77981,2,1,23.46,-35.23,0.46992,2,0.46,-35.23,0.53007,2,1,12.33,-35.23,0.72101,2,-10.66,-35.23,0.27897,2,1,-0.12,-35.23,0.89962,2,-23.12,-35.23,0.10037,2,1,-14.28,-35.23,0.97256,2,-37.28,-35.23,0.02743,2,1,-14.28,31.76,0.97893,2,-37.28,31.76,0.02106,2,1,0.41,31.76,0.90576,2,-22.58,31.76,0.09423,2,1,12.87,31.76,0.72556,2,-10.12,31.76,0.27443,2,1,23.59,31.76,0.46151,2,0.58999,31.76,0.53848,2,1,36.86,31.76,0.2155,2,13.86,31.76,0.78449,2,1,47.44,31.76,0.0599,2,24.44,31.76,0.94009,2,1,60.71,31.76,0.01174,2,37.71,31.76,0.98825,2,1,60.71,-35.23,0.01768,2,37.71,-35.23,0.98231],"edges":[10,12,24,26,18,4,18,20,4,2,20,2,20,22,22,24,2,0,0,26,22,0,16,18,4,6,16,6,12,14,14,16,6,8,8,10,14,8]}},"hair_girlB_happy":{"hair_girlB_happy":{"name":"V1/hair_girlB_V1","type":"mesh","hull":18,"width":104,"height":95,"uvs":[1,0.21526,1,0.36993,1,0.54124,1,0.7957,1,1,0.80469,1,0.50085,1,0.22435,1,0,1,0,0.80402,0,0.57783,0,0.37991,0,0.22524,0,0,0.23194,0,0.50085,0,0.73329,0,1,0,0.50085,0.23522,0.50085,0.58614,0.50085,0.79237,0.50085,0.39322,0.73764,0.22575,0.74797,0.38169,0.76365,0.5625,0.78949,0.7943,0.22908,0.2298,0.22447,0.38587,0.22743,0.5816,0.23304,0.7986],"triangles":[25,24,2,20,24,25,25,2,3,5,25,3,6,25,5,5,3,4,16,17,0,22,16,0,22,15,16,22,0,1,23,22,1,23,18,22,23,1,2,24,23,2,12,13,14,26,12,14,22,18,15,26,14,15,18,26,15,11,12,26,27,11,26,23,21,18,27,26,18,21,27,18,10,11,27,28,27,21,10,27,28,24,19,21,24,21,23,28,21,19,20,19,24,29,28,19,29,19,20,9,10,28,9,28,29,7,8,9,29,7,9,6,20,25,29,20,6,7,29,6],"vertices":[3,3,46.76,-51.82,0.065,5,3.85,27.7,0.87275,6,-27.93,27.26,0.06222,3,3,32.06,-51.82,0.05,5,18.42,25.8,0.69752,6,-13.32,25.64,0.25246,3,3,15.79,-51.82,0.0553,5,34.56,23.7,0.41654,6,2.84,23.85,0.52814,3,3,-8.38,-51.82,0.04845,5,58.53,20.58,0.14455,6,26.87,21.19,0.80698,3,3,-27.78,-51.82,0.07772,5,77.76999,18.07,0.03833,6,46.16,19.06,0.88394,3,3,-27.78,-31.51,0.26918,5,75.15,-2.06,0.01758,6,43.93,-1.12,0.71323,2,3,-27.78,0.08,0.65037,6,40.45,-32.53,0.34962,2,3,-27.78,28.84,0.76,6,37.29,-61.11,0.24,2,3,-27.78,52.17,0.76,6,34.72,-84.3,0.24,2,3,-9.17,52.17,0.86,6,16.20999,-82.25,0.14,2,3,12.31,52.17,1,6,-5.13,-79.89,0,2,3,31.11,52.17,1,6,-23.82,-77.82,0,2,3,45.81,52.17,1,6,-38.43,-76.19999,0,3,3,67.21,52.17,0.99908,5,-29.86,-72.76999,0.00091,6,-59.69,-73.85,0,3,3,67.21,28.05,0.94317,5,-26.75,-48.85,0.05682,6,-57.04,-49.87,0,3,3,67.21,0.08,0.71148,5,-23.13,-21.12,0.28851,6,-53.96,-22.08,0,3,3,67.21,-24.08,0.32773,5,-20.01,2.84,0.66932,6,-51.3,1.94,0.00293,3,3,67.21,-51.82,0.10432,5,-16.42,30.35,0.87755,6,-48.25,29.51,0.01812,3,3,44.86,0.08,0.71915,5,-0.97,-24.01,0.27996,6,-31.75,-24.54,0.00088,3,3,11.52,0.08,0.70587,5,32.08,-28.32,0.12227,6,1.37,-28.2,0.17184,3,3,-8.06,0.08,0.66941,5,51.5,-30.85,0.02573,6,20.85,-30.36,0.30485,3,3,29.85,0.08,0.71391,5,13.9,-25.95,0.21897,6,-16.83,-26.19,0.0671,3,3,45.76,-24.54,0.29914,5,1.30999,0.52,0.6565,6,-29.94,0.03,0.04433,3,3,30.94,-25.61,0.28639,5,16.14,-0.32,0.55222,6,-15.09,-0.52,0.16137,3,3,13.77,-27.24,0.27254,5,33.38,-0.92,0.30087,6,2.15,-0.79,0.42658,3,3,-8.24,-29.93,0.27434,5,55.57,-1.11,0.1049,6,24.33,-0.54,0.62074,3,3,45.37,28.35,0.95901,5,-5.14,-51.97,0.04098,6,-35.37,-52.57,0,3,3,30.55,28.82,0.96,5,9.49,-54.36,0.04,6,-20.69,-54.68,0,3,3,11.95,28.52,0.94871,5,27.97,-56.46,0.01258,6,-2.17,-56.42,0.03869,2,3,-8.64999,27.93,0.86,6,18.37,-58.11,0.14],"edges":[24,26,36,30,0,34,16,18,18,20,12,40,40,38,4,6,6,8,20,22,22,24,36,42,42,38,0,2,2,4,30,32,32,34,0,44,44,36,32,44,2,46,46,42,44,46,4,48,48,38,46,48,6,50,50,40,48,50,8,10,10,12,50,10,26,28,28,30,24,52,52,36,28,52,22,54,54,42,52,54,20,56,56,38,54,56,18,58,58,40,56,58,12,14,14,16,58,14]}},"head_girlB":{"head_girlB":{"name":"V1/head_girlB_V1","x":39.33,"y":-4.94,"rotation":-90,"width":98,"height":90}},"head_girlB_happy":{"head_girlB_happy":{"name":"V1/head_girlB_happ_V1","x":39.29,"y":-4.94,"rotation":-90,"width":98,"height":90}},"hudiejie":{"hudiejie":{"x":20.08,"rotation":-90,"width":23,"height":16}},"youjiao":{"youjiao":{"name":"V1/youjiao_girlB_V1","x":5.92,"y":0.1,"rotation":88.94,"width":15,"height":27}},"youshou":{"youshou":{"type":"mesh","hull":11,"width":16,"height":43,"uvs":[0.0625,0.02325,0.9375,0.02325,0.0625,0.97674,0.9375,0.97674,0.0625,0.48488,0.9375,0.55349,0.0625,0.41976,0.9375,0.46395,0.0625,0.54651,0.9375,0.61046,0.9375,0.24875],"triangles":[8,2,9,9,2,3,8,9,5,4,8,5,0,10,1,0,6,10,6,4,7,10,6,7,7,4,5],"vertices":[1,26,-0.69,-10.85,1,1,2,26.25,8.67,1,1,27,19.01,-3.57,1,1,27,18.48,10.42,1,2,26,17.93,-3.96,0.5865,27,-2.13,-4.35,0.41349,2,26,15.83,10.18,0.47779,27,0.29,9.75,0.5222,2,26,15.3,-4.94,0.92,27,-4.92,-4.46,0.08,2,26,12.22,8.85,0.85,27,-3.55,9.6,0.15,2,26,20.41,-3.04,0.08,27,0.52,-4.25,0.92,2,26,18.12,11.03,0.06,27,2.74,9.83,0.94,1,2,16.54,8.71,1],"edges":[0,2,2,20,4,6,4,16,6,18,8,12,8,16,10,14,10,18,14,20,12,0]}},"zuojiao":{"zuojiao":{"name":"V1/zuojiao_girlB_V1","x":5.92,"y":-0.4,"rotation":89.73,"width":15,"height":26}},"zuoshou":{"zuoshou":{"type":"mesh","hull":11,"width":18,"height":43,"uvs":[0.05555,0.02325,0.94444,0.02325,0.05555,0.97674,0.94444,0.97674,0.94444,0.48372,0.05555,0.57209,0.94444,0.4186,0.05555,0.51278,0.05555,0.62442,0.94444,0.53953,0.05555,0.26216],"triangles":[8,2,3,5,8,9,8,3,9,10,7,6,7,5,9,10,6,1,7,9,4,6,7,4,0,10,1],"vertices":[1,2,26.32,-9.33,1,1,29,-1.6,13.36,1,1,30,16.36,-12.39,1,1,30,17.84,3.55,1,2,29,16.66,5.7,0.5572,30,-3.27,5.5,0.44279,2,29,13.97,-10.52,0.51437,30,-0.97,-10.79,0.48561,2,29,14.07,6.78,0.92,30,-6.06,5.75,0.08,2,29,11.62,-9.54,0.89,30,-3.5,-10.55,0.11,2,29,16.04,-11.39,0.06,30,1.28,-10.99,0.94,2,29,18.87,4.78,0.11,30,-0.88,5.28,0.89,1,2,16.04,-9.28,1],"edges":[0,2,2,12,4,6,4,16,6,18,8,12,8,18,10,14,10,16,14,20,20,0]}}}},"animations":{"cooking":{"slots":{"hanshui":{"color":[{"time":0,"color":"ffffff00"}]},"line1":{"color":[{"time":0,"color":"ffffff00"}]},"line2":{"color":[{"time":0,"color":"ffffff00"}]},"line3":{"color":[{"time":0,"color":"ffffff00"}]},"line4":{"color":[{"time":0,"color":"ffffff00"}]},"line5":{"color":[{"time":0,"color":"ffffff00"}]},"line6":{"color":[{"time":0,"color":"ffffff00"}]},"line7":{"color":[{"time":0,"color":"ffffff00"}]},"peper1":{"color":[{"time":0,"color":"ffffff00"}]},"peper2":{"color":[{"time":0,"color":"ffffff00"}]},"peper3":{"color":[{"time":0,"color":"ffffff00"}]},"peper4":{"color":[{"time":0,"color":"ffffff00"}]},"peper5":{"color":[{"time":0,"color":"ffffff00"}]},"peper6":{"color":[{"time":0,"color":"ffffff00"}]},"star":{"color":[{"time":0,"color":"ffffff00"}]},"star2":{"color":[{"time":0,"color":"ffffff00"}]},"star3":{"color":[{"time":0,"color":"ffffff00"}]},"star4":{"color":[{"time":0,"color":"ffffff00"}]},"youyan_girlA":{"color":[{"time":0,"color":"ffffffff","curve":"stepped"},{"time":0.8333,"color":"ffffffff"},{"time":0.8666,"color":"ffffff00","curve":"stepped"},{"time":0.9666,"color":"ffffff00"},{"time":1.0333,"color":"ffffffff"}]},"youyan_girl_closed":{"color":[{"time":0,"color":"ffffff00","curve":"stepped"},{"time":0.8333,"color":"ffffff00"},{"time":0.8666,"color":"ffffffff","curve":"stepped"},{"time":0.9666,"color":"ffffffff"},{"time":1.0333,"color":"ffffff00"}]},"youyan_happy":{"color":[{"time":0,"color":"ffffff00"}]},"youyan_jingya":{"color":[{"time":0,"color":"ffffff00"}]},"zui_girl_happy":{"color":[{"time":0,"color":"ffffff00"}]},"zui_jingya":{"color":[{"time":0,"color":"ffffff00"}]},"zuoyan_girlA":{"color":[{"time":0,"color":"ffffffff","curve":"stepped"},{"time":0.8333,"color":"ffffffff"},{"time":0.8666,"color":"ffffff00","curve":"stepped"},{"time":0.9666,"color":"ffffff00"},{"time":1.0333,"color":"ffffffff"}]},"zuoyan_girl_closed":{"color":[{"time":0,"color":"ffffff00","curve":"stepped"},{"time":0.8333,"color":"ffffff00"},{"time":0.8666,"color":"ffffffff","curve":"stepped"},{"time":0.9666,"color":"ffffffff"},{"time":1.0333,"color":"ffffff00"}]},"zuoyan_happy":{"color":[{"time":0,"color":"ffffff00"}]},"zuoyan_jingya":{"color":[{"time":0,"color":"ffffff00"}]}},"bones":{"head_girlA":{"rotate":[{"time":0,"angle":0},{"time":0.3,"angle":3.3},{"time":0.8333,"angle":-7.08},{"time":1.2666,"angle":0}],"translate":[{"time":0,"x":0,"y":0,"curve":"stepped"},{"time":0.3,"x":0,"y":0,"curve":"stepped"},{"time":0.8333,"x":0,"y":0,"curve":"stepped"},{"time":1.2666,"x":0,"y":0}]},"body_girlA":{"rotate":[{"time":0,"angle":0},{"time":0.4333,"angle":4.73},{"time":0.8333,"angle":-0.95},{"time":1.2666,"angle":0}],"translate":[{"time":0,"x":0,"y":0,"curve":"stepped"},{"time":0.4333,"x":0,"y":0,"curve":"stepped"},{"time":0.8333,"x":0,"y":0,"curve":"stepped"},{"time":1.2666,"x":0,"y":0}]},"body_girlA1":{"rotate":[{"time":0,"angle":0},{"time":0.4333,"angle":-10.29},{"time":0.8333,"angle":5.82},{"time":1.2666,"angle":0}],"translate":[{"time":0,"x":0,"y":0,"curve":"stepped"},{"time":0.4333,"x":0,"y":0,"curve":"stepped"},{"time":0.8333,"x":0,"y":0,"curve":"stepped"},{"time":1.2666,"x":0,"y":0}]},"hair_girlA_happy1":{"rotate":[{"time":0,"angle":0},{"time":0.3,"angle":0.4},{"time":0.5,"angle":-2.08},{"time":0.8333,"angle":-4.86},{"time":1.2666,"angle":0}],"translate":[{"time":0,"x":0,"y":0,"curve":"stepped"},{"time":0.3,"x":0,"y":0,"curve":"stepped"},{"time":0.5,"x":0,"y":0,"curve":"stepped"},{"time":0.8333,"x":0,"y":0,"curve":"stepped"},{"time":1.2666,"x":0,"y":0}]},"zuoshou":{"rotate":[{"time":0,"angle":-10.61},{"time":0.2,"angle":-13.73},{"time":0.4,"angle":11.51},{"time":0.5666,"angle":49.58},{"time":0.7666,"angle":-18.46},{"time":0.9666,"angle":-45.44},{"time":1.2666,"angle":-10.61}],"translate":[{"time":0,"x":0,"y":0,"curve":"stepped"},{"time":0.2,"x":0,"y":0,"curve":"stepped"},{"time":0.4,"x":0,"y":0,"curve":"stepped"},{"time":0.5666,"x":0,"y":0,"curve":"stepped"},{"time":0.7666,"x":0,"y":0,"curve":"stepped"},{"time":0.9666,"x":0,"y":0,"curve":"stepped"},{"time":1.2666,"x":0,"y":0}]},"youshou":{"rotate":[{"time":0,"angle":0},{"time":0.3,"angle":-37.82},{"time":0.5333,"angle":-10.04},{"time":0.8333,"angle":-4.64},{"time":1.2666,"angle":0}],"translate":[{"time":0,"x":0,"y":0,"curve":"stepped"},{"time":0.3,"x":0,"y":0,"curve":"stepped"},{"time":0.5333,"x":0,"y":0,"curve":"stepped"},{"time":0.8333,"x":0,"y":0,"curve":"stepped"},{"time":1.2666,"x":0,"y":0}]},"hair_girlA_happy2":{"rotate":[{"time":0,"angle":0},{"time":0.3,"angle":-10.54},{"time":0.5,"angle":-15.21},{"time":0.8333,"angle":7.77},{"time":1.2666,"angle":0}],"translate":[{"time":0,"x":0,"y":0,"curve":"stepped"},{"time":0.3,"x":0,"y":0,"curve":"stepped"},{"time":0.5,"x":0,"y":0,"curve":"stepped"},{"time":0.8333,"x":0,"y":0,"curve":"stepped"},{"time":1.2666,"x":0,"y":0}]},"zuoshou1":{"rotate":[{"time":0,"angle":-57.69},{"time":0.2,"angle":-51.38},{"time":0.4,"angle":-60.92},{"time":0.5666,"angle":-103.63},{"time":0.7666,"angle":-43.43},{"time":0.9666,"angle":-13.06},{"time":1.2666,"angle":-57.69}],"translate":[{"time":0,"x":0,"y":0,"curve":"stepped"},{"time":0.2,"x":0,"y":0,"curve":"stepped"},{"time":0.4,"x":0,"y":0,"curve":"stepped"},{"time":0.5666,"x":0,"y":0,"curve":"stepped"},{"time":0.7666,"x":0,"y":0,"curve":"stepped"},{"time":0.9666,"x":0,"y":0,"curve":"stepped"},{"time":1.2666,"x":0,"y":0}]},"youshou1":{"rotate":[{"time":0,"angle":0},{"time":0.3,"angle":76.51},{"time":0.5333,"angle":60.77},{"time":0.8333,"angle":36.07},{"time":1.2666,"angle":0}],"translate":[{"time":0,"x":0,"y":0,"curve":"stepped"},{"time":0.3,"x":0,"y":0,"curve":"stepped"},{"time":0.5333,"x":0,"y":0,"curve":"stepped"},{"time":0.8333,"x":0,"y":0,"curve":"stepped"},{"time":1.2666,"x":0,"y":0}]}}},"cooking_fast":{"slots":{"hanshui":{"color":[{"time":0,"color":"ffffff00"},{"time":0.0666,"color":"ffffffff"},{"time":0.1666,"color":"ffffff00"},{"time":0.2333,"color":"ffffffff"},{"time":0.3,"color":"ffffff00"},{"time":0.3666,"color":"ffffffff"},{"time":0.4,"color":"ffffff00"}]},"line1":{"color":[{"time":0,"color":"ffffff00"}]},"line2":{"color":[{"time":0,"color":"ffffff00"}]},"line3":{"color":[{"time":0,"color":"ffffff00"}]},"line4":{"color":[{"time":0,"color":"ffffff00"}]},"line5":{"color":[{"time":0,"color":"ffffff00"}]},"line6":{"color":[{"time":0,"color":"ffffff00"}]},"line7":{"color":[{"time":0,"color":"ffffff00"}]},"peper1":{"color":[{"time":0,"color":"ffffff00"}]},"peper2":{"color":[{"time":0,"color":"ffffff00"}]},"peper3":{"color":[{"time":0,"color":"ffffff00"}]},"peper4":{"color":[{"time":0,"color":"ffffff00"}]},"peper5":{"color":[{"time":0,"color":"ffffff00"}]},"peper6":{"color":[{"time":0,"color":"ffffff00"}]},"star":{"color":[{"time":0,"color":"ffffff00"}]},"star2":{"color":[{"time":0,"color":"ffffff00"}]},"star3":{"color":[{"time":0,"color":"ffffff00"}]},"star4":{"color":[{"time":0,"color":"ffffff00"}]},"youyan_girlA":{"color":[{"time":0,"color":"ffffff00"}]},"youyan_girl_closed":{"color":[{"time":0,"color":"ffffff00"}]},"youyan_happy":{"color":[{"time":0,"color":"ffffff00"}]},"zui_girl_happy":{"color":[{"time":0,"color":"ffffff00"}]},"zuoyan_girlA":{"color":[{"time":0,"color":"ffffff00"}]},"zuoyan_girl_closed":{"color":[{"time":0,"color":"ffffff00"}]},"zuoyan_happy":{"color":[{"time":0,"color":"ffffff00"}]}},"bones":{"head_girlA":{"rotate":[{"time":0,"angle":0},{"time":0.0666,"angle":3.3},{"time":0.3,"angle":-7.08},{"time":0.4,"angle":0,"curve":"stepped"},{"time":0.4333,"angle":0}],"translate":[{"time":0,"x":0,"y":0,"curve":"stepped"},{"time":0.0666,"x":0,"y":0,"curve":"stepped"},{"time":0.3,"x":0,"y":0,"curve":"stepped"},{"time":0.4,"x":0,"y":0,"curve":"stepped"},{"time":0.4333,"x":0,"y":0}],"scale":[{"time":0,"x":1,"y":1,"curve":"stepped"},{"time":0.4333,"x":1,"y":1}]},"star":{"rotate":[{"time":0,"angle":0,"curve":"stepped"},{"time":0.4333,"angle":0}],"translate":[{"time":0,"x":0,"y":0,"curve":"stepped"},{"time":0.4333,"x":0,"y":0}],"scale":[{"time":0,"x":1,"y":1,"curve":"stepped"},{"time":0.4333,"x":1,"y":1}]},"star2":{"rotate":[{"time":0,"angle":0,"curve":"stepped"},{"time":0.4333,"angle":0}],"translate":[{"time":0,"x":0,"y":0,"curve":"stepped"},{"time":0.4333,"x":0,"y":0}],"scale":[{"time":0,"x":1,"y":1,"curve":"stepped"},{"time":0.4333,"x":1,"y":1}]},"star3":{"rotate":[{"time":0,"angle":0,"curve":"stepped"},{"time":0.4333,"angle":0}],"translate":[{"time":0,"x":0,"y":0,"curve":"stepped"},{"time":0.4333,"x":0,"y":0}],"scale":[{"time":0,"x":1,"y":1,"curve":"stepped"},{"time":0.4333,"x":1,"y":1}]},"star4":{"rotate":[{"time":0,"angle":0,"curve":"stepped"},{"time":0.4333,"angle":0}],"translate":[{"time":0,"x":0,"y":0,"curve":"stepped"},{"time":0.4333,"x":0,"y":0}],"scale":[{"time":0,"x":1,"y":1,"curve":"stepped"},{"time":0.4333,"x":1,"y":1}]},"peper6":{"rotate":[{"time":0,"angle":0,"curve":"stepped"},{"time":0.4333,"angle":0}],"translate":[{"time":0,"x":0,"y":0,"curve":"stepped"},{"time":0.4333,"x":0,"y":0}],"scale":[{"time":0,"x":1,"y":1,"curve":"stepped"},{"time":0.4333,"x":1,"y":1}]},"peper5":{"rotate":[{"time":0,"angle":0,"curve":"stepped"},{"time":0.4333,"angle":0}],"translate":[{"time":0,"x":0,"y":0,"curve":"stepped"},{"time":0.4333,"x":0,"y":0}],"scale":[{"time":0,"x":1,"y":1,"curve":"stepped"},{"time":0.4333,"x":1,"y":1}]},"peper4":{"rotate":[{"time":0,"angle":0,"curve":"stepped"},{"time":0.4333,"angle":0}],"translate":[{"time":0,"x":0,"y":0,"curve":"stepped"},{"time":0.4333,"x":0,"y":0}],"scale":[{"time":0,"x":1,"y":1,"curve":"stepped"},{"time":0.4333,"x":1,"y":1}]},"peper3":{"rotate":[{"time":0,"angle":0,"curve":"stepped"},{"time":0.4333,"angle":0}],"translate":[{"time":0,"x":0,"y":0,"curve":"stepped"},{"time":0.4333,"x":0,"y":0}],"scale":[{"time":0,"x":1,"y":1,"curve":"stepped"},{"time":0.4333,"x":1,"y":1}]},"peper2":{"rotate":[{"time":0,"angle":0,"curve":"stepped"},{"time":0.4333,"angle":0}],"translate":[{"time":0,"x":0,"y":0,"curve":"stepped"},{"time":0.4333,"x":0,"y":0}],"scale":[{"time":0,"x":1,"y":1,"curve":"stepped"},{"time":0.4333,"x":1,"y":1}]},"peper1":{"rotate":[{"time":0,"angle":0,"curve":"stepped"},{"time":0.4333,"angle":0}],"translate":[{"time":0,"x":0,"y":0,"curve":"stepped"},{"time":0.4333,"x":0,"y":0}],"scale":[{"time":0,"x":1,"y":1,"curve":"stepped"},{"time":0.4333,"x":1,"y":1}]},"line1":{"rotate":[{"time":0,"angle":0,"curve":"stepped"},{"time":0.4333,"angle":0}],"translate":[{"time":0,"x":0,"y":0,"curve":"stepped"},{"time":0.4333,"x":0,"y":0}],"scale":[{"time":0,"x":1,"y":1,"curve":"stepped"},{"time":0.4333,"x":1,"y":1}]},"line2":{"rotate":[{"time":0,"angle":0,"curve":"stepped"},{"time":0.4333,"angle":0}],"translate":[{"time":0,"x":0,"y":0,"curve":"stepped"},{"time":0.4333,"x":0,"y":0}],"scale":[{"time":0,"x":1,"y":1,"curve":"stepped"},{"time":0.4333,"x":1,"y":1}]},"line3":{"rotate":[{"time":0,"angle":0,"curve":"stepped"},{"time":0.4333,"angle":0}],"translate":[{"time":0,"x":0,"y":0,"curve":"stepped"},{"time":0.4333,"x":0,"y":0}],"scale":[{"time":0,"x":1,"y":1,"curve":"stepped"},{"time":0.4333,"x":1,"y":1}]},"line4":{"rotate":[{"time":0,"angle":0,"curve":"stepped"},{"time":0.4333,"angle":0}],"translate":[{"time":0,"x":0,"y":0,"curve":"stepped"},{"time":0.4333,"x":0,"y":0}],"scale":[{"time":0,"x":1,"y":1,"curve":"stepped"},{"time":0.4333,"x":1,"y":1}]},"line5":{"rotate":[{"time":0,"angle":0,"curve":"stepped"},{"time":0.4333,"angle":0}],"translate":[{"time":0,"x":0,"y":0,"curve":"stepped"},{"time":0.4333,"x":0,"y":0}],"scale":[{"time":0,"x":1,"y":1,"curve":"stepped"},{"time":0.4333,"x":1,"y":1}]},"line6":{"rotate":[{"time":0,"angle":0,"curve":"stepped"},{"time":0.4333,"angle":0}],"translate":[{"time":0,"x":0,"y":0,"curve":"stepped"},{"time":0.4333,"x":0,"y":0}],"scale":[{"time":0,"x":1,"y":1,"curve":"stepped"},{"time":0.4333,"x":1,"y":1}]},"line7":{"rotate":[{"time":0,"angle":0,"curve":"stepped"},{"time":0.4333,"angle":0}],"translate":[{"time":0,"x":0,"y":0,"curve":"stepped"},{"time":0.4333,"x":0,"y":0}],"scale":[{"time":0,"x":1,"y":1,"curve":"stepped"},{"time":0.4333,"x":1,"y":1}]},"hanshui":{"rotate":[{"time":0,"angle":0,"curve":"stepped"},{"time":0.4333,"angle":0}],"translate":[{"time":0,"x":-105.55,"y":116.94},{"time":0.4333,"x":-105.55,"y":60.1}],"scale":[{"time":0,"x":1,"y":1},{"time":0.4333,"x":1.4,"y":1.4}]},"body_girlA":{"rotate":[{"time":0,"angle":0},{"time":0.1333,"angle":4.73},{"time":0.3,"angle":-0.95},{"time":0.4333,"angle":0}],"translate":[{"time":0,"x":0,"y":0,"curve":"stepped"},{"time":0.1333,"x":0,"y":0,"curve":"stepped"},{"time":0.3,"x":0,"y":0,"curve":"stepped"},{"time":0.4333,"x":0,"y":0}],"scale":[{"time":0,"x":1,"y":1,"curve":"stepped"},{"time":0.4333,"x":1,"y":1}]},"body_girlA1":{"rotate":[{"time":0,"angle":0},{"time":0.1333,"angle":-10.29},{"time":0.3,"angle":5.82},{"time":0.4333,"angle":0}],"translate":[{"time":0,"x":0,"y":0,"curve":"stepped"},{"time":0.1333,"x":0,"y":0,"curve":"stepped"},{"time":0.3,"x":0,"y":0,"curve":"stepped"},{"time":0.4333,"x":0,"y":0}],"scale":[{"time":0,"x":1,"y":1,"curve":"stepped"},{"time":0.4333,"x":1,"y":1}]},"hair_girlA_happy1":{"rotate":[{"time":0,"angle":0},{"time":0.0666,"angle":0.4},{"time":0.1666,"angle":-2.08},{"time":0.3,"angle":-4.86},{"time":0.4,"angle":0,"curve":"stepped"},{"time":0.4333,"angle":0}],"translate":[{"time":0,"x":0,"y":0,"curve":"stepped"},{"time":0.0666,"x":0,"y":0,"curve":"stepped"},{"time":0.1666,"x":0,"y":0,"curve":"stepped"},{"time":0.3,"x":0,"y":0,"curve":"stepped"},{"time":0.4,"x":0,"y":0,"curve":"stepped"},{"time":0.4333,"x":0,"y":0}],"scale":[{"time":0,"x":1,"y":1,"curve":"stepped"},{"time":0.4333,"x":1,"y":1}]},"zuoshou":{"rotate":[{"time":0,"angle":-4.22},{"time":0.0666,"angle":-30.74},{"time":0.1666,"angle":115.47},{"time":0.2,"angle":-30.74},{"time":0.3,"angle":-3.76},{"time":0.3333,"angle":76.26},{"time":0.3666,"angle":90.74},{"time":0.4,"angle":-4.23,"curve":"stepped"},{"time":0.4333,"angle":-4.22}],"translate":[{"time":0,"x":0,"y":0,"curve":"stepped"},{"time":0.0666,"x":0,"y":0},{"time":0.1666,"x":3.8,"y":-3.36},{"time":0.2,"x":0,"y":0,"curve":"stepped"},{"time":0.3,"x":0,"y":0},{"time":0.3333,"x":4.9,"y":-2.11},{"time":0.4,"x":0,"y":0,"curve":"stepped"},{"time":0.4333,"x":0,"y":0}],"scale":[{"time":0,"x":1,"y":1,"curve":"stepped"},{"time":0.4333,"x":1,"y":1}]},"youshou":{"rotate":[{"time":0,"angle":0},{"time":0.0333,"angle":-71.46},{"time":0.0666,"angle":-80.74},{"time":0.1333,"angle":27.5},{"time":0.2,"angle":-76.93},{"time":0.2333,"angle":-110.68},{"time":0.3333,"angle":45.39},{"time":0.4,"angle":0,"curve":"stepped"},{"time":0.4333,"angle":0}],"translate":[{"time":0,"x":0,"y":0,"curve":"stepped"},{"time":0.0666,"x":0,"y":0,"curve":"stepped"},{"time":0.1333,"x":0,"y":0,"curve":"stepped"},{"time":0.2333,"x":0,"y":0,"curve":"stepped"},{"time":0.3333,"x":0,"y":0,"curve":"stepped"},{"time":0.4,"x":0,"y":0,"curve":"stepped"},{"time":0.4333,"x":0,"y":0}],"scale":[{"time":0,"x":1,"y":1,"curve":"stepped"},{"time":0.4333,"x":1,"y":1}]},"hair_girlA_happy2":{"rotate":[{"time":0,"angle":0},{"time":0.0666,"angle":-10.54},{"time":0.1666,"angle":-15.21},{"time":0.3,"angle":7.77},{"time":0.4,"angle":0,"curve":"stepped"},{"time":0.4333,"angle":0}],"translate":[{"time":0,"x":0,"y":0,"curve":"stepped"},{"time":0.0666,"x":0,"y":0,"curve":"stepped"},{"time":0.1666,"x":0,"y":0,"curve":"stepped"},{"time":0.3,"x":0,"y":0,"curve":"stepped"},{"time":0.4,"x":0,"y":0,"curve":"stepped"},{"time":0.4333,"x":0,"y":0}],"scale":[{"time":0,"x":1,"y":1,"curve":"stepped"},{"time":0.4333,"x":1,"y":1}]},"zuoshou1":{"rotate":[{"time":0,"angle":-13.19},{"time":0.0666,"angle":-49.8},{"time":0.1333,"angle":-119.9},{"time":0.1666,"angle":0.16},{"time":0.3333,"angle":-107.92},{"time":0.3666,"angle":12.24},{"time":0.4333,"angle":-13.19}],"translate":[{"time":0,"x":0,"y":0,"curve":"stepped"},{"time":0.0666,"x":0,"y":0,"curve":"stepped"},{"time":0.1666,"x":0,"y":0,"curve":"stepped"},{"time":0.4333,"x":0,"y":0}],"scale":[{"time":0,"x":1,"y":1,"curve":"stepped"},{"time":0.4333,"x":1,"y":1}]},"youshou1":{"rotate":[{"time":0,"angle":0},{"time":0.0333,"angle":107.36},{"time":0.0666,"angle":-17.81},{"time":0.1,"angle":-9.65},{"time":0.2,"angle":111.9},{"time":0.2333,"angle":-10.65},{"time":0.2666,"angle":-19.05},{"time":0.3,"angle":45.25},{"time":0.4333,"angle":0}],"translate":[{"time":0,"x":0,"y":0,"curve":"stepped"},{"time":0.4333,"x":0,"y":0}],"scale":[{"time":0,"x":1,"y":1,"curve":"stepped"},{"time":0.4333,"x":1,"y":1}]},"root":{"rotate":[{"time":0,"angle":0,"curve":"stepped"},{"time":0.4333,"angle":0}],"translate":[{"time":0,"x":0,"y":0,"curve":"stepped"},{"time":0.4333,"x":0,"y":0}],"scale":[{"time":0,"x":1,"y":1,"curve":"stepped"},{"time":0.4333,"x":1,"y":1}]},"hair_girlB_happy":{"rotate":[{"time":0,"angle":0,"curve":"stepped"},{"time":0.4333,"angle":0}],"translate":[{"time":0,"x":0,"y":0,"curve":"stepped"},{"time":0.4333,"x":0,"y":0}],"scale":[{"time":0,"x":1,"y":1,"curve":"stepped"},{"time":0.4333,"x":1,"y":1}]},"youjiao":{"rotate":[{"time":0,"angle":0,"curve":"stepped"},{"time":0.4333,"angle":0}],"translate":[{"time":0,"x":0,"y":0,"curve":"stepped"},{"time":0.4333,"x":0,"y":0}],"scale":[{"time":0,"x":1,"y":1,"curve":"stepped"},{"time":0.4333,"x":1,"y":1}]},"zuojiao":{"rotate":[{"time":0,"angle":0,"curve":"stepped"},{"time":0.4333,"angle":0}],"translate":[{"time":0,"x":0,"y":0,"curve":"stepped"},{"time":0.4333,"x":0,"y":0}],"scale":[{"time":0,"x":1,"y":1,"curve":"stepped"},{"time":0.4333,"x":1,"y":1}]}}},"cooking_off":{"slots":{"hanshui":{"color":[{"time":0,"color":"ffffff00"}]},"head_girlB":{"color":[{"time":0,"color":"ffffff00"}]},"line1":{"color":[{"time":0,"color":"ffffff00"},{"time":0.0666,"color":"ffffffff"},{"time":0.2,"color":"ffffff00"}]},"line2":{"color":[{"time":0,"color":"ffffff00"},{"time":0.0666,"color":"ffffffff"},{"time":0.2,"color":"ffffff00"}]},"line3":{"color":[{"time":0,"color":"ffffff00"},{"time":0.0666,"color":"ffffffff"},{"time":0.2,"color":"ffffff00"}]},"line4":{"color":[{"time":0,"color":"ffffff00"},{"time":0.0666,"color":"ffffffff"},{"time":0.2,"color":"ffffff00"}]},"line5":{"color":[{"time":0,"color":"ffffff00"},{"time":0.0666,"color":"ffffffff"},{"time":0.2,"color":"ffffff00"}]},"line6":{"color":[{"time":0,"color":"ffffff00"},{"time":0.0666,"color":"ffffffff"},{"time":0.2,"color":"ffffff00"}]},"line7":{"color":[{"time":0,"color":"ffffff00"},{"time":0.0666,"color":"ffffffff"},{"time":0.2,"color":"ffffff00"}]},"peper1":{"color":[{"time":0,"color":"ffffff00","curve":"stepped"},{"time":0.0333,"color":"ffffff00"},{"time":0.1666,"color":"ffffffff","curve":"stepped"},{"time":0.3333,"color":"ffffffff"},{"time":0.5,"color":"ffffff00"}]},"peper2":{"color":[{"time":0,"color":"ffffff00","curve":"stepped"},{"time":0.0333,"color":"ffffff00"},{"time":0.1666,"color":"ffffffff","curve":"stepped"},{"time":0.3333,"color":"ffffffff"},{"time":0.5333,"color":"ffffff00"}]},"peper3":{"color":[{"time":0,"color":"ffffff00","curve":"stepped"},{"time":0.0333,"color":"ffffff00"},{"time":0.1666,"color":"ffffffff","curve":"stepped"},{"time":0.3333,"color":"ffffffff"},{"time":0.4666,"color":"ffffff00"}]},"peper4":{"color":[{"time":0,"color":"ffffff00","curve":"stepped"},{"time":0.0333,"color":"ffffff00"},{"time":0.1666,"color":"ffffffff","curve":"stepped"},{"time":0.3333,"color":"ffffffff"},{"time":0.4666,"color":"ffffff00"}]},"peper5":{"color":[{"time":0,"color":"ffffff00","curve":"stepped"},{"time":0.0333,"color":"ffffff00"},{"time":0.1666,"color":"ffffffff"},{"time":0.4,"color":"ffffff00"}]},"peper6":{"color":[{"time":0,"color":"ffffff00","curve":"stepped"},{"time":0.0333,"color":"ffffff00"},{"time":0.1666,"color":"ffffffff","curve":"stepped"},{"time":0.3333,"color":"ffffffff"},{"time":0.6333,"color":"ffffff00"}]},"star":{"color":[{"time":0,"color":"ffffff00","curve":"stepped"},{"time":0.0666,"color":"ffffff00"},{"time":0.2,"color":"ffffffff"},{"time":0.3666,"color":"ffffff00"}]},"star2":{"color":[{"time":0,"color":"ffffff00","curve":"stepped"},{"time":0.0666,"color":"ffffff00"},{"time":0.2,"color":"ffffffff"},{"time":0.3666,"color":"ffffff00"}]},"star3":{"color":[{"time":0,"color":"ffffff00","curve":"stepped"},{"time":0.0666,"color":"ffffff00"},{"time":0.2,"color":"ffffffff"},{"time":0.3666,"color":"ffffff00"}]},"star4":{"color":[{"time":0,"color":"ffffff00","curve":"stepped"},{"time":0.0666,"color":"ffffff00"},{"time":0.2,"color":"ffffffff"},{"time":0.3666,"color":"ffffff00"}]},"youyan_girlA":{"color":[{"time":0,"color":"ffffff00"}]},"youyan_girl_closed":{"color":[{"time":0,"color":"ffffff00"}]},"youyan_jingya":{"color":[{"time":0,"color":"ffffff00"}]},"zui_jingya":{"color":[{"time":0,"color":"ffffff00"}]},"zuoyan_girlA":{"color":[{"time":0,"color":"ffffff00"}]},"zuoyan_girl_closed":{"color":[{"time":0,"color":"ffffff00"}]},"zuoyan_jingya":{"color":[{"time":0,"color":"ffffff00"}]}},"bones":{"head_girlA":{"rotate":[{"time":0,"angle":0,"curve":"stepped"},{"time":0.0333,"angle":0},{"time":0.1,"angle":9.52},{"time":0.6,"angle":-9.95},{"time":0.6666,"angle":1.19},{"time":0.7333,"angle":0,"curve":"stepped"},{"time":0.9333,"angle":0}],"translate":[{"time":0,"x":0,"y":0,"curve":"stepped"},{"time":0.0333,"x":0,"y":0,"curve":"stepped"},{"time":0.1,"x":0,"y":0,"curve":"stepped"},{"time":0.6,"x":0,"y":0,"curve":"stepped"},{"time":0.6666,"x":0,"y":0,"curve":"stepped"},{"time":0.7333,"x":0,"y":0,"curve":"stepped"},{"time":0.9333,"x":0,"y":0}],"scale":[{"time":0,"x":1.09,"y":1},{"time":0.0333,"x":1.1,"y":1},{"time":0.1,"x":0.9,"y":1},{"time":0.6,"x":1,"y":1,"curve":"stepped"},{"time":0.6666,"x":1,"y":1},{"time":0.7333,"x":1.1,"y":1},{"time":0.9333,"x":1,"y":1}]},"star":{"rotate":[{"time":0,"angle":0,"curve":"stepped"},{"time":0.9333,"angle":0}],"translate":[{"time":0,"x":47.2,"y":-3.84,"curve":"stepped"},{"time":0.0666,"x":47.2,"y":-3.85},{"time":0.2,"x":0,"y":0},{"time":0.3666,"x":-35.09,"y":4.55,"curve":"stepped"},{"time":0.9333,"x":-35.1,"y":4.55}],"scale":[{"time":0,"x":1,"y":1,"curve":"stepped"},{"time":0.0666,"x":1,"y":1},{"time":0.3666,"x":1.45,"y":1.45,"curve":"stepped"},{"time":0.9333,"x":1.45,"y":1.45}]},"star2":{"rotate":[{"time":0,"angle":0,"curve":"stepped"},{"time":0.9333,"angle":0}],"translate":[{"time":0,"x":-57.35,"y":-46.35,"curve":"stepped"},{"time":0.0666,"x":-57.35,"y":-46.35},{"time":0.2,"x":18.2,"y":24.7},{"time":0.3666,"x":42.25,"y":42.9,"curve":"stepped"},{"time":0.9333,"x":42.25,"y":42.89}],"scale":[{"time":0,"x":1,"y":1,"curve":"stepped"},{"time":0.0666,"x":1,"y":1},{"time":0.2,"x":0.7,"y":0.7},{"time":0.3666,"x":1.55,"y":1.55,"curve":"stepped"},{"time":0.9333,"x":1.55,"y":1.55}]},"star3":{"rotate":[{"time":0,"angle":0,"curve":"stepped"},{"time":0.9333,"angle":0}],"translate":[{"time":0,"x":-41.9,"y":4.34,"curve":"stepped"},{"time":0.0666,"x":-41.9,"y":4.35},{"time":0.3666,"x":13.25,"y":-14.03,"curve":"stepped"},{"time":0.9333,"x":13.25,"y":-14.02}],"scale":[{"time":0,"x":0.427,"y":0.427},{"time":0.0666,"x":0.3,"y":0.3},{"time":0.2,"x":1,"y":1,"curve":"stepped"},{"time":0.9333,"x":1,"y":1}]},"star4":{"rotate":[{"time":0,"angle":0,"curve":"stepped"},{"time":0.9333,"angle":0}],"translate":[{"time":0,"x":32.4,"y":-58.65,"curve":"stepped"},{"time":0.0666,"x":32.4,"y":-58.65},{"time":0.3666,"x":-17.93,"y":13.25,"curve":"stepped"},{"time":0.9333,"x":-17.93,"y":13.25}],"scale":[{"time":0,"x":0.386,"y":0.386},{"time":0.0666,"x":0.25,"y":0.25},{"time":0.2,"x":1,"y":1,"curve":"stepped"},{"time":0.9333,"x":1,"y":1}]},"peper6":{"rotate":[{"time":0,"angle":0,"curve":"stepped"},{"time":0.0333,"angle":0},{"time":0.1666,"angle":-103.15},{"time":0.6,"angle":42.37,"curve":"stepped"},{"time":0.9333,"angle":42.37}],"translate":[{"time":0,"x":-40.86,"y":-65.02},{"time":0.0333,"x":-45.4,"y":-72.25},{"time":0.1666,"x":0,"y":0,"curve":"stepped"},{"time":0.6,"x":0,"y":0,"curve":"stepped"},{"time":0.9333,"x":0,"y":0}],"scale":[{"time":0,"x":1,"y":1,"curve":"stepped"},{"time":0.9333,"x":1,"y":1}]},"peper5":{"rotate":[{"time":0,"angle":0,"curve":"stepped"},{"time":0.0333,"angle":0},{"time":0.4,"angle":163.5,"curve":"stepped"},{"time":0.9333,"angle":163.5}],"translate":[{"time":0,"x":55.05,"y":-48.94,"curve":"stepped"},{"time":0.0333,"x":55.05,"y":-48.95},{"time":0.4,"x":-34.91,"y":59.28,"curve":"stepped"},{"time":0.9333,"x":-34.92,"y":59.28}],"scale":[{"time":0,"x":1,"y":1,"curve":"stepped"},{"time":0.9333,"x":1,"y":1}]},"peper4":{"rotate":[{"time":0,"angle":0,"curve":"stepped"},{"time":0.0333,"angle":0},{"time":0.1666,"angle":-118.86},{"time":0.4666,"angle":51.9,"curve":"stepped"},{"time":0.9333,"angle":51.9}],"translate":[{"time":0,"x":50.4,"y":-81,"curve":"stepped"},{"time":0.0333,"x":50.4,"y":-81},{"time":0.1666,"x":0,"y":0,"curve":"stepped"},{"time":0.4666,"x":0,"y":0,"curve":"stepped"},{"time":0.9333,"x":0,"y":0}],"scale":[{"time":0,"x":1,"y":1,"curve":"stepped"},{"time":0.9333,"x":1,"y":1}]},"peper3":{"rotate":[{"time":0,"angle":0,"curve":"stepped"},{"time":0.9333,"angle":0}],"translate":[{"time":0,"x":-92.15,"y":-62.19,"curve":"stepped"},{"time":0.0333,"x":-92.15,"y":-62.2},{"time":0.1666,"x":-33.91,"y":-27.45},{"time":0.4666,"x":20.29,"y":17.04,"curve":"stepped"},{"time":0.9333,"x":20.29,"y":17.05}],"scale":[{"time":0,"x":1,"y":1,"curve":"stepped"},{"time":0.0333,"x":1,"y":1},{"time":0.1666,"x":-0.95,"y":1},{"time":0.4666,"x":1,"y":1,"curve":"stepped"},{"time":0.9333,"x":1,"y":1}]},"peper2":{"rotate":[{"time":0,"angle":0,"curve":"stepped"},{"time":0.0333,"angle":0},{"time":0.1666,"angle":153.67},{"time":0.3333,"angle":-111.85},{"time":0.5333,"angle":0,"curve":"stepped"},{"time":0.9333,"angle":0}],"translate":[{"time":0,"x":7.99,"y":-6.31},{"time":0.0333,"x":0,"y":0,"curve":"stepped"},{"time":0.1666,"x":0,"y":0,"curve":"stepped"},{"time":0.3333,"x":0,"y":0,"curve":"stepped"},{"time":0.5333,"x":0,"y":0,"curve":"stepped"},{"time":0.9333,"x":0,"y":0}],"scale":[{"time":0,"x":1,"y":1,"curve":"stepped"},{"time":0.9333,"x":1,"y":1}]},"peper1":{"rotate":[{"time":0,"angle":0,"curve":"stepped"},{"time":0.0333,"angle":0},{"time":0.1666,"angle":129.07},{"time":0.5,"angle":0,"curve":"stepped"},{"time":0.9333,"angle":0}],"translate":[{"time":0,"x":-8.25,"y":-3.19},{"time":0.0333,"x":0,"y":0},{"time":0.1666,"x":-40.59,"y":-24.36},{"time":0.5,"x":0,"y":0,"curve":"stepped"},{"time":0.9333,"x":0,"y":0}],"scale":[{"time":0,"x":1,"y":1,"curve":"stepped"},{"time":0.0333,"x":1,"y":1},{"time":0.1666,"x":1,"y":-1.3},{"time":0.5,"x":1,"y":1,"curve":"stepped"},{"time":0.9333,"x":1,"y":1}]},"line1":{"rotate":[{"time":0,"angle":0,"curve":"stepped"},{"time":0.9333,"angle":0}],"translate":[{"time":0,"x":-59.6,"y":-15.44},{"time":0.0666,"x":0,"y":0},{"time":0.2,"x":18.77,"y":9.79,"curve":"stepped"},{"time":0.9333,"x":18.76,"y":9.79}],"scale":[{"time":0,"x":1,"y":1,"curve":"stepped"},{"time":0.9333,"x":1,"y":1}]},"line2":{"rotate":[{"time":0,"angle":0,"curve":"stepped"},{"time":0.9333,"angle":0}],"translate":[{"time":0,"x":-47.9,"y":-40.05},{"time":0.0666,"x":21.22,"y":17.95},{"time":0.2,"x":34.82,"y":26.12,"curve":"stepped"},{"time":0.9333,"x":34.82,"y":26.11}],"scale":[{"time":0,"x":1,"y":1,"curve":"stepped"},{"time":0.9333,"x":1,"y":1}]},"line3":{"rotate":[{"time":0,"angle":0,"curve":"stepped"},{"time":0.9333,"angle":0}],"translate":[{"time":0,"x":55.05,"y":0.05},{"time":0.0666,"x":0,"y":0},{"time":0.2,"x":-23.4,"y":1.09,"curve":"stepped"},{"time":0.9333,"x":-23.39,"y":1.08}],"scale":[{"time":0,"x":1,"y":1,"curve":"stepped"},{"time":0.9333,"x":1,"y":1}]},"line4":{"rotate":[{"time":0,"angle":0,"curve":"stepped"},{"time":0.9333,"angle":0}],"translate":[{"time":0,"x":59,"y":-32.19},{"time":0.0666,"x":0,"y":0},{"time":0.2,"x":-20.67,"y":13.06,"curve":"stepped"},{"time":0.9333,"x":-20.66,"y":13.05}],"scale":[{"time":0,"x":1,"y":1,"curve":"stepped"},{"time":0.9333,"x":1,"y":1}]},"line5":{"rotate":[{"time":0,"angle":0,"curve":"stepped"},{"time":0.9333,"angle":0}],"translate":[{"time":0,"x":24.25,"y":-63.55},{"time":0.0666,"x":0,"y":0},{"time":0.2,"x":-10.88,"y":20.12,"curve":"stepped"},{"time":0.9333,"x":-10.88,"y":20.13}],"scale":[{"time":0,"x":1,"y":1,"curve":"stepped"},{"time":0.9333,"x":1,"y":1}]},"line6":{"rotate":[{"time":0,"angle":0,"curve":"stepped"},{"time":0.9333,"angle":0}],"translate":[{"time":0,"x":12.35,"y":-81.44},{"time":0.0666,"x":0,"y":0},{"time":0.2,"x":-7.07,"y":26.12,"curve":"stepped"},{"time":0.9333,"x":-7.07,"y":26.11}],"scale":[{"time":0,"x":1,"y":1,"curve":"stepped"},{"time":0.9333,"x":1,"y":1}]},"line7":{"rotate":[{"time":0,"angle":0,"curve":"stepped"},{"time":0.9333,"angle":0}],"translate":[{"time":0,"x":-5.05,"y":-92.9},{"time":0.0666,"x":0,"y":0},{"time":0.2,"x":0,"y":20.12,"curve":"stepped"},{"time":0.9333,"x":0,"y":20.13}],"scale":[{"time":0,"x":1,"y":1,"curve":"stepped"},{"time":0.9333,"x":1,"y":1}]},"hanshui":{"rotate":[{"time":0,"angle":0,"curve":"stepped"},{"time":0.9333,"angle":0}],"translate":[{"time":0,"x":0,"y":0,"curve":"stepped"},{"time":0.9333,"x":0,"y":0}],"scale":[{"time":0,"x":1,"y":1,"curve":"stepped"},{"time":0.9333,"x":1,"y":1}]},"body_girlA":{"rotate":[{"time":0,"angle":0,"curve":"stepped"},{"time":0.9333,"angle":0}],"translate":[{"time":0,"x":0,"y":0,"curve":"stepped"},{"time":0.0333,"x":0,"y":0},{"time":0.1,"x":0,"y":77.75},{"time":0.6,"x":0,"y":93.76},{"time":0.6666,"x":0,"y":14.53},{"time":0.7333,"x":0,"y":0,"curve":"stepped"},{"time":0.9333,"x":0,"y":0}],"scale":[{"time":0,"x":1,"y":1,"curve":"stepped"},{"time":0.9333,"x":1,"y":1}]},"body_girlA1":{"rotate":[{"time":0,"angle":0,"curve":"stepped"},{"time":0.9333,"angle":0}],"translate":[{"time":0,"x":0,"y":0,"curve":"stepped"},{"time":0.6333,"x":0,"y":0},{"time":0.6666,"x":2,"y":0},{"time":0.7333,"x":0,"y":0,"curve":"stepped"},{"time":0.9333,"x":0,"y":0}],"scale":[{"time":0,"x":0.909,"y":1},{"time":0.0333,"x":0.9,"y":1},{"time":0.1,"x":1.1,"y":1},{"time":0.6,"x":1,"y":1,"curve":"stepped"},{"time":0.6666,"x":1,"y":1},{"time":0.7333,"x":0.9,"y":1},{"time":0.9333,"x":1,"y":1}]},"youjiao":{"rotate":[{"time":0,"angle":0,"curve":"stepped"},{"time":0.1333,"angle":0},{"time":0.5,"angle":-76.37},{"time":0.6666,"angle":1.46},{"time":0.7333,"angle":0,"curve":"stepped"},{"time":0.9333,"angle":0}],"translate":[{"time":0,"x":0,"y":0,"curve":"stepped"},{"time":0.1333,"x":0,"y":0,"curve":"stepped"},{"time":0.5,"x":0,"y":0,"curve":"stepped"},{"time":0.6666,"x":0,"y":0,"curve":"stepped"},{"time":0.7333,"x":0,"y":0,"curve":"stepped"},{"time":0.9333,"x":0,"y":0}],"scale":[{"time":0,"x":1,"y":1,"curve":"stepped"},{"time":0.0333,"x":1,"y":1},{"time":0.1,"x":1.1,"y":0.9},{"time":0.5,"x":1,"y":1,"curve":"stepped"},{"time":0.9333,"x":1,"y":1}]},"zuojiao":{"rotate":[{"time":0,"angle":0,"curve":"stepped"},{"time":0.1333,"angle":0},{"time":0.5,"angle":82.5},{"time":0.6666,"angle":-2.21},{"time":0.7333,"angle":0,"curve":"stepped"},{"time":0.9333,"angle":0}],"translate":[{"time":0,"x":0,"y":0,"curve":"stepped"},{"time":0.1333,"x":0,"y":0,"curve":"stepped"},{"time":0.5,"x":0,"y":0,"curve":"stepped"},{"time":0.6666,"x":0,"y":0,"curve":"stepped"},{"time":0.7333,"x":0,"y":0,"curve":"stepped"},{"time":0.9333,"x":0,"y":0}],"scale":[{"time":0,"x":1,"y":1,"curve":"stepped"},{"time":0.0333,"x":1,"y":1},{"time":0.1,"x":1.1,"y":0.9},{"time":0.5,"x":1,"y":1,"curve":"stepped"},{"time":0.9333,"x":1,"y":1}]},"youshou":{"rotate":[{"time":0,"angle":-4.8},{"time":0.0333,"angle":-5.34},{"time":0.1,"angle":-95.07},{"time":0.6,"angle":-117.18},{"time":0.6666,"angle":-130.22},{"time":0.7333,"angle":-5.34},{"time":0.9333,"angle":0}],"translate":[{"time":0,"x":0,"y":0,"curve":"stepped"},{"time":0.0333,"x":0,"y":0,"curve":"stepped"},{"time":0.1,"x":0,"y":0,"curve":"stepped"},{"time":0.6,"x":0,"y":0,"curve":"stepped"},{"time":0.6666,"x":0,"y":0,"curve":"stepped"},{"time":0.7333,"x":0,"y":0,"curve":"stepped"},{"time":0.9333,"x":0,"y":0}],"scale":[{"time":0,"x":1,"y":1,"curve":"stepped"},{"time":0.9333,"x":1,"y":1}]},"zuoshou":{"rotate":[{"time":0,"angle":6.37},{"time":0.0333,"angle":7.08},{"time":0.1,"angle":88.1},{"time":0.6,"angle":121.31},{"time":0.6666,"angle":129.75},{"time":0.7333,"angle":7.08},{"time":0.9333,"angle":0}],"translate":[{"time":0,"x":0,"y":0,"curve":"stepped"},{"time":0.0333,"x":0,"y":0,"curve":"stepped"},{"time":0.1,"x":0,"y":0,"curve":"stepped"},{"time":0.6,"x":0,"y":0,"curve":"stepped"},{"time":0.6666,"x":0,"y":0,"curve":"stepped"},{"time":0.7333,"x":0,"y":0,"curve":"stepped"},{"time":0.9333,"x":0,"y":0}],"scale":[{"time":0,"x":1,"y":1,"curve":"stepped"},{"time":0.9333,"x":1,"y":1}]},"zuoshou1":{"rotate":[{"time":0,"angle":-28.59},{"time":0.0333,"angle":-31.77},{"time":0.1,"angle":62.68},{"time":0.6,"angle":15.83,"curve":"stepped"},{"time":0.6666,"angle":15.83},{"time":0.7333,"angle":-31.77},{"time":0.9333,"angle":0}],"translate":[{"time":0,"x":0,"y":0,"curve":"stepped"},{"time":0.0333,"x":0,"y":0,"curve":"stepped"},{"time":0.1,"x":0,"y":0,"curve":"stepped"},{"time":0.6,"x":0,"y":0,"curve":"stepped"},{"time":0.6666,"x":0,"y":0,"curve":"stepped"},{"time":0.7333,"x":0,"y":0,"curve":"stepped"},{"time":0.9333,"x":0,"y":0}],"scale":[{"time":0,"x":1,"y":1,"curve":"stepped"},{"time":0.9333,"x":1,"y":1}]},"youshou1":{"rotate":[{"time":0,"angle":16.98},{"time":0.0333,"angle":18.87},{"time":0.1,"angle":-56.77},{"time":0.6,"angle":-15.61,"curve":"stepped"},{"time":0.6666,"angle":-15.61},{"time":0.7333,"angle":18.87},{"time":0.9333,"angle":0}],"translate":[{"time":0,"x":0,"y":0,"curve":"stepped"},{"time":0.0333,"x":0,"y":0,"curve":"stepped"},{"time":0.1,"x":0,"y":0,"curve":"stepped"},{"time":0.6,"x":0,"y":0,"curve":"stepped"},{"time":0.6666,"x":0,"y":0,"curve":"stepped"},{"time":0.7333,"x":0,"y":0,"curve":"stepped"},{"time":0.9333,"x":0,"y":0}],"scale":[{"time":0,"x":1,"y":1,"curve":"stepped"},{"time":0.9333,"x":1,"y":1}]},"hair_girlA_happy1":{"rotate":[{"time":0,"angle":2.09},{"time":0.0333,"angle":2.33,"curve":"stepped"},{"time":0.1,"angle":2.33},{"time":0.2333,"angle":24.35},{"time":0.6,"angle":2.33},{"time":0.6666,"angle":11.27},{"time":0.7333,"angle":0.99},{"time":0.9333,"angle":0}],"translate":[{"time":0,"x":0,"y":0,"curve":"stepped"},{"time":0.0333,"x":0,"y":0,"curve":"stepped"},{"time":0.1,"x":0,"y":0,"curve":"stepped"},{"time":0.2333,"x":0,"y":0,"curve":"stepped"},{"time":0.6,"x":0,"y":0,"curve":"stepped"},{"time":0.6666,"x":0,"y":0,"curve":"stepped"},{"time":0.7333,"x":0,"y":0,"curve":"stepped"},{"time":0.9333,"x":0,"y":0}],"scale":[{"time":0,"x":1,"y":1,"curve":"stepped"},{"time":0.9333,"x":1,"y":1}]},"hair_girlA_happy2":{"rotate":[{"time":0,"angle":-7.07},{"time":0.0333,"angle":-7.86,"curve":"stepped"},{"time":0.1,"angle":-7.86},{"time":0.2333,"angle":0.95},{"time":0.6,"angle":-7.86},{"time":0.6666,"angle":48.99},{"time":0.7333,"angle":-54.19},{"time":0.9333,"angle":0}],"translate":[{"time":0,"x":0,"y":0,"curve":"stepped"},{"time":0.0333,"x":0,"y":0,"curve":"stepped"},{"time":0.1,"x":0,"y":0,"curve":"stepped"},{"time":0.2333,"x":0,"y":0,"curve":"stepped"},{"time":0.6,"x":0,"y":0,"curve":"stepped"},{"time":0.6666,"x":0,"y":0,"curve":"stepped"},{"time":0.7333,"x":0,"y":0,"curve":"stepped"},{"time":0.9333,"x":0,"y":0}],"scale":[{"time":0,"x":1,"y":1,"curve":"stepped"},{"time":0.9333,"x":1,"y":1}]},"root":{"rotate":[{"time":0,"angle":0,"curve":"stepped"},{"time":0.9333,"angle":0}],"translate":[{"time":0,"x":0,"y":0,"curve":"stepped"},{"time":0.9333,"x":0,"y":0}],"scale":[{"time":0,"x":1,"y":1,"curve":"stepped"},{"time":0.9333,"x":1,"y":1}]},"hair_girlB_happy":{"rotate":[{"time":0,"angle":0,"curve":"stepped"},{"time":0.9333,"angle":0}],"translate":[{"time":0,"x":0,"y":0,"curve":"stepped"},{"time":0.9333,"x":0,"y":0}],"scale":[{"time":0,"x":1,"y":1,"curve":"stepped"},{"time":0.9333,"x":1,"y":1}]}}},"stand":{"slots":{"hanshui":{"color":[{"time":0,"color":"ffffff00","curve":"stepped"},{"time":3.2666,"color":"ffffff00"}]},"line1":{"color":[{"time":0,"color":"ffffff00","curve":"stepped"},{"time":3.2666,"color":"ffffff00"}]},"line2":{"color":[{"time":0,"color":"ffffff00","curve":"stepped"},{"time":3.2666,"color":"ffffff00"}]},"line3":{"color":[{"time":0,"color":"ffffff00","curve":"stepped"},{"time":3.2666,"color":"ffffff00"}]},"line4":{"color":[{"time":0,"color":"ffffff00","curve":"stepped"},{"time":3.2666,"color":"ffffff00"}]},"line5":{"color":[{"time":0,"color":"ffffff00","curve":"stepped"},{"time":3.2666,"color":"ffffff00"}]},"line6":{"color":[{"time":0,"color":"ffffff00","curve":"stepped"},{"time":3.2666,"color":"ffffff00"}]},"line7":{"color":[{"time":0,"color":"ffffff00","curve":"stepped"},{"time":3.2666,"color":"ffffff00"}]},"peper1":{"color":[{"time":0,"color":"ffffff00","curve":"stepped"},{"time":3.2666,"color":"ffffff00"}]},"peper2":{"color":[{"time":0,"color":"ffffff00","curve":"stepped"},{"time":3.2666,"color":"ffffff00"}]},"peper3":{"color":[{"time":0,"color":"ffffff00","curve":"stepped"},{"time":3.2666,"color":"ffffff00"}]},"peper4":{"color":[{"time":0,"color":"ffffff00","curve":"stepped"},{"time":3.2666,"color":"ffffff00"}]},"peper5":{"color":[{"time":0,"color":"ffffff00","curve":"stepped"},{"time":3.2666,"color":"ffffff00"}]},"peper6":{"color":[{"time":0,"color":"ffffff00","curve":"stepped"},{"time":3.2666,"color":"ffffff00"}]},"star":{"color":[{"time":0,"color":"ffffff00","curve":"stepped"},{"time":3.2666,"color":"ffffff00"}]},"star2":{"color":[{"time":0,"color":"ffffff00","curve":"stepped"},{"time":3.2666,"color":"ffffff00"}]},"star3":{"color":[{"time":0,"color":"ffffff00","curve":"stepped"},{"time":3.2666,"color":"ffffff00"}]},"star4":{"color":[{"time":0,"color":"ffffff00","curve":"stepped"},{"time":3.2666,"color":"ffffff00"}]},"youyan_girlA":{"color":[{"time":0,"color":"ffffffff","curve":"stepped"},{"time":1.2666,"color":"ffffffff"},{"time":1.4333,"color":"ffffff00","curve":"stepped"},{"time":2.8,"color":"ffffff00"},{"time":2.9333,"color":"ffffffff","curve":"stepped"},{"time":3.2666,"color":"ffffffff"}]},"youyan_girl_closed":{"color":[{"time":0,"color":"ffffff00","curve":"stepped"},{"time":1.2666,"color":"ffffff00"},{"time":1.4333,"color":"ffffffff","curve":"stepped"},{"time":2.8,"color":"ffffffff"},{"time":2.9333,"color":"ffffff00","curve":"stepped"},{"time":3.2666,"color":"ffffff00"}]},"youyan_happy":{"color":[{"time":0,"color":"ffffff00","curve":"stepped"},{"time":3.2666,"color":"ffffff00"}]},"youyan_jingya":{"color":[{"time":0,"color":"ffffff00","curve":"stepped"},{"time":3.2666,"color":"ffffff00"}]},"zui_girl_happy":{"color":[{"time":0,"color":"ffffff00","curve":"stepped"},{"time":3.2666,"color":"ffffff00"}]},"zui_jingya":{"color":[{"time":0,"color":"ffffff00","curve":"stepped"},{"time":3.2666,"color":"ffffff00"}]},"zuoyan_girlA":{"color":[{"time":0,"color":"ffffffff","curve":"stepped"},{"time":1.2666,"color":"ffffffff"},{"time":1.4333,"color":"ffffff00","curve":"stepped"},{"time":2.8,"color":"ffffff00"},{"time":2.9333,"color":"ffffffff","curve":"stepped"},{"time":3.2666,"color":"ffffffff"}]},"zuoyan_girl_closed":{"color":[{"time":0,"color":"ffffff00","curve":"stepped"},{"time":1.2666,"color":"ffffff00"},{"time":1.4333,"color":"ffffffff","curve":"stepped"},{"time":2.8,"color":"ffffffff"},{"time":2.9333,"color":"ffffff00","curve":"stepped"},{"time":3.2666,"color":"ffffff00"}]},"zuoyan_happy":{"color":[{"time":0,"color":"ffffff00","curve":"stepped"},{"time":3.2666,"color":"ffffff00"}]},"zuoyan_jingya":{"color":[{"time":0,"color":"ffffff00","curve":"stepped"},{"time":3.2666,"color":"ffffff00"}]}},"bones":{"head_girlA":{"rotate":[{"time":0,"angle":0,"curve":"stepped"},{"time":3.2666,"angle":0}],"translate":[{"time":0,"x":0,"y":0,"curve":"stepped"},{"time":1.2666,"x":0,"y":0},{"time":1.8,"x":2.42,"y":0},{"time":1.9333,"x":-0.21,"y":0},{"time":2.1333,"x":2.6,"y":0},{"time":2.3,"x":-0.21,"y":0},{"time":2.9333,"x":0,"y":0,"curve":"stepped"},{"time":3.2666,"x":0,"y":0}],"scale":[{"time":0,"x":1,"y":1},{"time":0.7666,"x":1,"y":0.9},{"time":1.2666,"x":1,"y":1},{"time":1.7666,"x":1,"y":0.9},{"time":2.2666,"x":1,"y":1},{"time":2.7666,"x":0.9,"y":1},{"time":3.2666,"x":1,"y":1}]},"star":{"rotate":[{"time":0,"angle":0,"curve":"stepped"},{"time":3.2666,"angle":0}],"translate":[{"time":0,"x":0,"y":0,"curve":"stepped"},{"time":3.2666,"x":0,"y":0}],"scale":[{"time":0,"x":1,"y":1,"curve":"stepped"},{"time":3.2666,"x":1,"y":1}]},"star2":{"rotate":[{"time":0,"angle":0,"curve":"stepped"},{"time":3.2666,"angle":0}],"translate":[{"time":0,"x":0,"y":0,"curve":"stepped"},{"time":3.2666,"x":0,"y":0}],"scale":[{"time":0,"x":1,"y":1,"curve":"stepped"},{"time":3.2666,"x":1,"y":1}]},"star3":{"rotate":[{"time":0,"angle":0,"curve":"stepped"},{"time":3.2666,"angle":0}],"translate":[{"time":0,"x":0,"y":0,"curve":"stepped"},{"time":3.2666,"x":0,"y":0}],"scale":[{"time":0,"x":1,"y":1,"curve":"stepped"},{"time":3.2666,"x":1,"y":1}]},"star4":{"rotate":[{"time":0,"angle":0,"curve":"stepped"},{"time":3.2666,"angle":0}],"translate":[{"time":0,"x":0,"y":0,"curve":"stepped"},{"time":3.2666,"x":0,"y":0}],"scale":[{"time":0,"x":1,"y":1,"curve":"stepped"},{"time":3.2666,"x":1,"y":1}]},"peper6":{"rotate":[{"time":0,"angle":0,"curve":"stepped"},{"time":3.2666,"angle":0}],"translate":[{"time":0,"x":0,"y":0,"curve":"stepped"},{"time":3.2666,"x":0,"y":0}],"scale":[{"time":0,"x":1,"y":1,"curve":"stepped"},{"time":3.2666,"x":1,"y":1}]},"peper5":{"rotate":[{"time":0,"angle":0,"curve":"stepped"},{"time":3.2666,"angle":0}],"translate":[{"time":0,"x":0,"y":0,"curve":"stepped"},{"time":3.2666,"x":0,"y":0}],"scale":[{"time":0,"x":1,"y":1,"curve":"stepped"},{"time":3.2666,"x":1,"y":1}]},"peper4":{"rotate":[{"time":0,"angle":0,"curve":"stepped"},{"time":3.2666,"angle":0}],"translate":[{"time":0,"x":0,"y":0,"curve":"stepped"},{"time":3.2666,"x":0,"y":0}],"scale":[{"time":0,"x":1,"y":1,"curve":"stepped"},{"time":3.2666,"x":1,"y":1}]},"peper3":{"rotate":[{"time":0,"angle":0,"curve":"stepped"},{"time":3.2666,"angle":0}],"translate":[{"time":0,"x":0,"y":0,"curve":"stepped"},{"time":3.2666,"x":0,"y":0}],"scale":[{"time":0,"x":1,"y":1,"curve":"stepped"},{"time":3.2666,"x":1,"y":1}]},"peper2":{"rotate":[{"time":0,"angle":0,"curve":"stepped"},{"time":3.2666,"angle":0}],"translate":[{"time":0,"x":0,"y":0,"curve":"stepped"},{"time":3.2666,"x":0,"y":0}],"scale":[{"time":0,"x":1,"y":1,"curve":"stepped"},{"time":3.2666,"x":1,"y":1}]},"peper1":{"rotate":[{"time":0,"angle":0,"curve":"stepped"},{"time":3.2666,"angle":0}],"translate":[{"time":0,"x":0,"y":0,"curve":"stepped"},{"time":3.2666,"x":0,"y":0}],"scale":[{"time":0,"x":1,"y":1,"curve":"stepped"},{"time":3.2666,"x":1,"y":1}]},"line1":{"rotate":[{"time":0,"angle":0,"curve":"stepped"},{"time":3.2666,"angle":0}],"translate":[{"time":0,"x":0,"y":0,"curve":"stepped"},{"time":3.2666,"x":0,"y":0}],"scale":[{"time":0,"x":1,"y":1,"curve":"stepped"},{"time":3.2666,"x":1,"y":1}]},"line2":{"rotate":[{"time":0,"angle":0,"curve":"stepped"},{"time":3.2666,"angle":0}],"translate":[{"time":0,"x":0,"y":0,"curve":"stepped"},{"time":3.2666,"x":0,"y":0}],"scale":[{"time":0,"x":1,"y":1,"curve":"stepped"},{"time":3.2666,"x":1,"y":1}]},"line3":{"rotate":[{"time":0,"angle":0,"curve":"stepped"},{"time":3.2666,"angle":0}],"translate":[{"time":0,"x":0,"y":0,"curve":"stepped"},{"time":3.2666,"x":0,"y":0}],"scale":[{"time":0,"x":1,"y":1,"curve":"stepped"},{"time":3.2666,"x":1,"y":1}]},"line4":{"rotate":[{"time":0,"angle":0,"curve":"stepped"},{"time":3.2666,"angle":0}],"translate":[{"time":0,"x":0,"y":0,"curve":"stepped"},{"time":3.2666,"x":0,"y":0}],"scale":[{"time":0,"x":1,"y":1,"curve":"stepped"},{"time":3.2666,"x":1,"y":1}]},"line5":{"rotate":[{"time":0,"angle":0,"curve":"stepped"},{"time":3.2666,"angle":0}],"translate":[{"time":0,"x":0,"y":0,"curve":"stepped"},{"time":3.2666,"x":0,"y":0}],"scale":[{"time":0,"x":1,"y":1,"curve":"stepped"},{"time":3.2666,"x":1,"y":1}]},"line6":{"rotate":[{"time":0,"angle":0,"curve":"stepped"},{"time":3.2666,"angle":0}],"translate":[{"time":0,"x":0,"y":0,"curve":"stepped"},{"time":3.2666,"x":0,"y":0}],"scale":[{"time":0,"x":1,"y":1,"curve":"stepped"},{"time":3.2666,"x":1,"y":1}]},"line7":{"rotate":[{"time":0,"angle":0,"curve":"stepped"},{"time":3.2666,"angle":0}],"translate":[{"time":0,"x":0,"y":0,"curve":"stepped"},{"time":3.2666,"x":0,"y":0}],"scale":[{"time":0,"x":1,"y":1,"curve":"stepped"},{"time":3.2666,"x":1,"y":1}]},"hanshui":{"rotate":[{"time":0,"angle":0,"curve":"stepped"},{"time":3.2666,"angle":0}],"translate":[{"time":0,"x":0,"y":0,"curve":"stepped"},{"time":3.2666,"x":0,"y":0}],"scale":[{"time":0,"x":1,"y":1,"curve":"stepped"},{"time":3.2666,"x":1,"y":1}]},"body_girlA":{"rotate":[{"time":0,"angle":0,"curve":"stepped"},{"time":3.2666,"angle":0}],"translate":[{"time":0,"x":0,"y":0,"curve":"stepped"},{"time":3.2666,"x":0,"y":0}],"scale":[{"time":0,"x":1,"y":1,"curve":"stepped"},{"time":3.2666,"x":1,"y":1}]},"body_girlA1":{"rotate":[{"time":0,"angle":0,"curve":"stepped"},{"time":3.2666,"angle":0}],"translate":[{"time":0,"x":0,"y":0},{"time":0.6333,"x":1,"y":0},{"time":1.2666,"x":0,"y":0},{"time":1.6333,"x":1,"y":0},{"time":2.2666,"x":0,"y":0},{"time":2.6333,"x":1,"y":0},{"time":3.2666,"x":0,"y":0}],"scale":[{"time":0,"x":1,"y":1},{"time":0.7666,"x":1,"y":1.1,"curve":[0.25,0,0.75,1]},{"time":1.2666,"x":1,"y":1,"curve":[0.25,0,0.75,1]},{"time":1.7666,"x":1,"y":1.1,"curve":[0.25,0,0.75,1]},{"time":2.2666,"x":1,"y":1,"curve":[0.25,0,0.75,1]},{"time":2.7666,"x":1.1,"y":1,"curve":[0.25,0,0.75,1]},{"time":3.2666,"x":1,"y":1}]},"hair_girlA_happy1":{"rotate":[{"time":0,"angle":0},{"time":0.2666,"angle":5.64},{"time":0.7666,"angle":12.28},{"time":1.2666,"angle":5.64},{"time":1.7666,"angle":12.28},{"time":2.2666,"angle":5.64},{"time":2.7666,"angle":12.28},{"time":3.2666,"angle":0}],"translate":[{"time":0,"x":0,"y":0,"curve":"stepped"},{"time":0.2666,"x":0,"y":0,"curve":"stepped"},{"time":0.7666,"x":0,"y":0,"curve":"stepped"},{"time":1.2666,"x":0,"y":0,"curve":"stepped"},{"time":1.7666,"x":0,"y":0,"curve":"stepped"},{"time":2.2666,"x":0,"y":0,"curve":"stepped"},{"time":2.7666,"x":0,"y":0,"curve":"stepped"},{"time":3.2666,"x":0,"y":0}],"scale":[{"time":0,"x":1,"y":1,"curve":"stepped"},{"time":3.2666,"x":1,"y":1}]},"zuoshou":{"rotate":[{"time":0,"angle":-10.61,"curve":"stepped"},{"time":3.2666,"angle":-10.61}],"translate":[{"time":0,"x":0,"y":0,"curve":"stepped"},{"time":3.2666,"x":0,"y":0}],"scale":[{"time":0,"x":1,"y":1,"curve":"stepped"},{"time":3.2666,"x":1,"y":1}]},"hair_girlA_happy2":{"rotate":[{"time":0,"angle":0},{"time":0.2666,"angle":-15.26},{"time":0.7666,"angle":5.08},{"time":1.2666,"angle":-15.26},{"time":1.7666,"angle":5.08},{"time":2.2666,"angle":-15.26},{"time":2.7666,"angle":5.08},{"time":3.2666,"angle":0}],"translate":[{"time":0,"x":0,"y":0,"curve":"stepped"},{"time":0.2666,"x":0,"y":0,"curve":"stepped"},{"time":0.7666,"x":0,"y":0,"curve":"stepped"},{"time":1.2666,"x":0,"y":0,"curve":"stepped"},{"time":1.7666,"x":0,"y":0,"curve":"stepped"},{"time":2.2666,"x":0,"y":0,"curve":"stepped"},{"time":2.7666,"x":0,"y":0,"curve":"stepped"},{"time":3.2666,"x":0,"y":0}],"scale":[{"time":0,"x":1,"y":1,"curve":"stepped"},{"time":3.2666,"x":1,"y":1}]},"zuoshou1":{"rotate":[{"time":0,"angle":-57.68,"curve":"stepped"},{"time":3.2666,"angle":-57.68}],"translate":[{"time":0,"x":0,"y":0,"curve":"stepped"},{"time":3.2666,"x":0,"y":0}],"scale":[{"time":0,"x":1,"y":1,"curve":"stepped"},{"time":3.2666,"x":1,"y":1}]},"hair_girlB_happy":{"rotate":[{"time":0,"angle":0,"curve":"stepped"},{"time":3.2666,"angle":0}],"translate":[{"time":0,"x":0,"y":0,"curve":"stepped"},{"time":3.2666,"x":0,"y":0}],"scale":[{"time":0,"x":1,"y":1,"curve":"stepped"},{"time":3.2666,"x":1,"y":1}]},"youjiao":{"rotate":[{"time":0,"angle":0,"curve":"stepped"},{"time":3.2666,"angle":0}],"translate":[{"time":0,"x":0,"y":0,"curve":"stepped"},{"time":3.2666,"x":0,"y":0}],"scale":[{"time":0,"x":1,"y":1,"curve":"stepped"},{"time":3.2666,"x":1,"y":1}]},"youshou":{"rotate":[{"time":0,"angle":0,"curve":"stepped"},{"time":3.2666,"angle":0}],"translate":[{"time":0,"x":0,"y":0,"curve":"stepped"},{"time":3.2666,"x":0,"y":0}],"scale":[{"time":0,"x":1,"y":1,"curve":"stepped"},{"time":3.2666,"x":1,"y":1}]},"youshou1":{"rotate":[{"time":0,"angle":0,"curve":"stepped"},{"time":3.2666,"angle":0}],"translate":[{"time":0,"x":0,"y":0,"curve":"stepped"},{"time":3.2666,"x":0,"y":0}],"scale":[{"time":0,"x":1,"y":1,"curve":"stepped"},{"time":3.2666,"x":1,"y":1}]},"zuojiao":{"rotate":[{"time":0,"angle":0,"curve":"stepped"},{"time":3.2666,"angle":0}],"translate":[{"time":0,"x":0,"y":0,"curve":"stepped"},{"time":3.2666,"x":0,"y":0}],"scale":[{"time":0,"x":1,"y":1,"curve":"stepped"},{"time":3.2666,"x":1,"y":1}]}}}}},[0]]],0,0,[0],[-1],[0]]