[1,["f3908DlqVLx74vBJlN0Sts"],["_textureSetter"],["cc.SpriteFrame"],0,[[[{"name":"shenji_09","rect":[405,605,200,300],"offset":[0,0],"originalSize":[200,300],"capInsets":[0,0,0,0]}],[0],0,[0],[0],[0]],[[{"name":"shenji_02","rect":[203,1,200,300],"offset":[0,0],"originalSize":[200,300],"capInsets":[0,0,0,0]}],[0],0,[0],[0],[0]],[[{"name":"shenji_01","rect":[1,303,200,300],"offset":[0,0],"originalSize":[200,300],"capInsets":[0,0,0,0]}],[0],0,[0],[0],[0]],[[{"name":"shenji_00","rect":[1,1,200,300],"offset":[0,0],"originalSize":[200,300],"capInsets":[0,0,0,0]}],[0],0,[0],[0],[0]],[[{"name":"shenji_10","rect":[607,303,200,300],"offset":[0,0],"originalSize":[200,300],"capInsets":[0,0,0,0]}],[0],0,[0],[0],[0]],[[{"name":"shenji_08","rect":[607,1,200,300],"offset":[0,0],"originalSize":[200,300],"capInsets":[0,0,0,0]}],[0],0,[0],[0],[0]],[[{"name":"shenji_14","rect":[809,605,200,300],"offset":[0,0],"originalSize":[200,300],"capInsets":[0,0,0,0]}],[0],0,[0],[0],[0]],[[{"name":"shenji_05","rect":[405,1,200,300],"offset":[0,0],"originalSize":[200,300],"capInsets":[0,0,0,0]}],[0],0,[0],[0],[0]],[[{"name":"shenji_04","rect":[203,303,200,300],"offset":[0,0],"originalSize":[200,300],"capInsets":[0,0,0,0]}],[0],0,[0],[0],[0]],[[{"name":"shenji_12","rect":[607,605,200,300],"offset":[0,0],"originalSize":[200,300],"capInsets":[0,0,0,0]}],[0],0,[0],[0],[0]],[[{"name":"shenji_07","rect":[405,303,200,300],"offset":[0,0],"originalSize":[200,300],"capInsets":[0,0,0,0]}],[0],0,[0],[0],[0]],[[{"name":"shenji_03","rect":[1,605,200,300],"offset":[0,0],"originalSize":[200,300],"capInsets":[0,0,0,0]}],[0],0,[0],[0],[0]],[[{"name":"shenji_11","rect":[809,1,200,300],"offset":[0,0],"originalSize":[200,300],"capInsets":[0,0,0,0]}],[0],0,[0],[0],[0]],[[{"name":"shenji_13","rect":[809,303,200,300],"offset":[0,0],"originalSize":[200,300],"capInsets":[0,0,0,0]}],[0],0,[0],[0],[0]]]]