[1,["b8XORbsWNPmIseSzGCwkpo","39H9k8loJAOZ9Rpmu8tEpn","f8k1TJz5NHBZhs0x+Li/xz","faPTew/FhBNZVBZoDqadUi","9agbaRoBtGzLNo+JzusPXK","c6pVniVoJH2YVKTLgCWSit","2bCK0NTNRFd6OoGgf9iTfr","eco7sTsTxJJ5ibG9U1OQni","33x1KwUbBK87BG13APnU8Q","63tTpzi9JKhKX8mcUPofZm"],["value"],[["cc.AnimationClip",["_name","_duration","speed","curveData"],0,11]],[[0,0,1,2,3,4]],[[0,"born",0.7666666666666667,2,[{"paths":{}},"comps",11,[{},"cc.Sprite",11,[{},"spriteFrame",12,[[[{"frame":0},"value",6,0],[{"frame":0.08333333333333333},"value",6,1],[{"frame":0.16666666666666666},"value",6,2],[{"frame":0.25},"value",6,3],[{"frame":0.3333333333333333},"value",6,4],[{"frame":0.4166666666666667},"value",6,5],[{"frame":0.5},"value",6,6],[{"frame":0.5833333333333334},"value",6,7],[{"frame":0.6666666666666666},"value",6,8],[{"frame":0.75},"value",6,9]],11,11,11,11,11,11,11,11,11,11]]]]]],0,0,[0,0,0,0,0,0,0,0,0,0],[0,0,0,0,0,0,0,0,0,0],[0,1,2,3,4,5,6,7,8,9]]