[1,["ecpdLyjvZBwrvm+cedCcQy","abV5hyXBpKTonKySNJxWKW","66x8rT/WtGHLK94peFeEQM"],["node","scene","_parent","_spriteFrame","_textureSetter"],[["cc.Node",["_name","_id","_components","_contentSize","_children","_trs","_parent"],1,9,5,2,7,1],["cc.Widget",["_alignFlags","_left","_right","_top","_bottom","node"],-2,1],"cc.SpriteFrame",["cc.SceneAsset",["_name","asyncLoadAssets"],1],["cc.Canvas",["node","_designResolution"],3,1,5],["cc.Sprite",["node","_materials","_spriteFrame"],3,1,3,6],["cc.Scene",["_name","_children","_anchorPoint","_trs"],2,2,5,7],["cc.Camera",["_clearFlags","_depth","node"],1,1]],[[0,0,6,2,3,2],[3,0,1,3],[0,0,1,4,2,3,5,3],[4,0,1,1],[1,0,5,2],[1,0,1,2,3,4,5,6],[5,0,1,2,1],[6,0,1,2,3,2],[7,0,1,2,3]],[[[[1,"main",null],[2,"Canvas","a5esZu+45LA5mBpvttspPD",[-3,-4],[[3,-1,[5,640,960]],[4,45,-2]],[5,640,960],[320,480,0,0,0,0,1,1,1,1]],[0,"node",1,[[5,45,-55,-55,-93,-93,-5],[6,-6,[0],1]],[5,750,1146]],[7,"New Node",[1],[0,0,0],[0,0,0,0,0,0,1,1,1,1]],[0,"Main Camera",1,[[8,7,-1,-7]],[5,640,960]]],0,[0,0,1,0,0,1,0,-1,4,0,-2,2,0,0,2,0,0,2,0,0,4,0,1,3,1,2,3,7],[0,0],[-1,3],[0,1]],[[{"name":"scene_01","rect":[0,0,750,1146],"offset":[0,0],"originalSize":[750,1146],"capInsets":[0,0,0,0]}],[2],0,[0],[4],[2]]]]