[1,0,0,[["cc.AnimationClip",["_name","_duration","curveData"],0]],[[0,0,1,2,4]],[[0,"FlipCard",0.3333333333333333,{"comps":{"cc.Sprite":{"spriteFrame":[]}},"paths":{"card1":{"props":{"active":[{"frame":0,"value":true},{"frame":0.16666666666666666,"value":false}],"width":[{"frame":0,"value":226},{"frame":0.16666666666666666,"value":5}]}},"card2":{"props":{"active":[{"frame":0,"value":false},{"frame":0.16666666666666666,"value":true},{"frame":0.3333333333333333,"value":true}],"width":[{"frame":0,"value":226},{"frame":0.16666666666666666,"value":10},{"frame":0.3333333333333333,"value":226}]}}}}]],0,0,[],[],[]]