[1,["47LGYgAEhH4ZSnurSCiSCj","c8T40CMohIgpUDaIsvMnb6","23Iuh0c1BO/qXYDpeIPRwV","5awY4o1v9PUaNiP5uwngsS","a55iXLrM1J9bOW4oMoaOrL","94dm8M8TtEGo7cvwGokSuh","45hentC05M/btPvacg4pdQ","55vFbz4zVOW7vjBFtVs2Sw","e4mOm3RslDI6DNH/3JhjLz","c4hXXCF4ZMx5PIfYBCjkmB","e9FwX4P+JMPIJMr1l6DDGH","75k7QvrM1Ky6mlt7gwsI4O","43+zkRXd1EhquIKffLVmYE","95EWrVytNGrYtYFYgAOLn3","b3JEwnLHJMKIpW6JxRDzJt","e5Khr6LoxAq6QrCAgB6Um4","ccuHcgBeRLxLai2e0JZDnr","a4Y/b17ApPKqPgrrXRa4yU","b09GJhBJBPOob99apfRoTF","cfon8AylpBfYm8QeyADsgn","ceJwChj6FD75vgODmdT7kO","6eKtJSjtFFi6wZmGSm7F0q","ccafsnnNlBXorJcenN99jb","59qYrTSCxNgJImA1yS55gk","3dQHIK82hN8YSwW4pul9k1","8dauvaANNLFr0zooLTRCbq","55ra4IMvZL75GAk/ymfpyM","01YxeoUNhCc7ODKdxqUnzI","09U4t1mFxPErDAtkqpHi89","cbpERlZ91OPKNAAL3TgKBq","63GASKA95N8ZsUayZpiaGV","6cJX76xDhJt7OhrXNtpVZ7","f4aq9a06NA2ostLY/vESy3","76WrIT2elIvY39tCQLkJDB","27Yvc9QA9J/ZYlFSSbsqP0","864n/Sdz1PLbWPr08bvaJZ","23TdYN2GtJ9LStUvmgdl4o","3cHhXaF2lNG7KXEkNkli0B","3cr8MCBC1BbKqEHsLvwxqO","40Kz+PkulELJiH/LqcFndb","a2yfxdTw1EP5JaskkkvhQg","d1q/q5wUFMwIEXyaLT6R4k","e8zHEufjNCfZ65uRRQFRcz","15+ELJPjpPoZ7qXxKoO+x5","00PZyEp0BC56TE6RtIL4yG","3adas4Aj1Otq5n8zzfAjqr","1eaXTxQqpBUqYR6PTJ0Xsg","13OAQVA71F4rQ87OjjO7Xp","e8ibxs6hlEMINN2qa62i2+","ffgVfzsJFAKKjZlprv+usu","1baJ1InqRKs54CHb5AYqlh","fcTmz+ONJExJg5zWMhj5Mp"],["_textureSetter","bg_back","bg_back2","bg_guanshu","bg_huodejiangli","bg_jiayuan","bg_jiayuan2","bg_jiayuan3","bg_jiayuan4","bg_jiayuan6","bg_jindu","bg_kabei","bg_kapai","bg_kapai02","bg_mask","bg_touxiang","btn_dianzan","btn_dianzan2","btn_shanchu","btn_shuaxin","dian","guanghuan","icon_linju","icon_magnifier","icon_no frends","icon_no news","icon_renqibang","icon_suipian","icon_tjlj","icon_touqian","icon_wenhao","icon_xiaoxi","icon_yun1","icon_yun2","icon_yun3","icon_zhuangshi","jiantou","label_xuanzhong","light","paizi","tanhao","tips","word_4","word_6","word_jiangli","word_jieshu","word_likai","word_tishi","word_tongguan","word_tuichu","yuan_01","yuan_02"],["cc.SpriteFrame",["cc.SpriteAtlas",["_name","_spriteFrames"],2,11]],[[1,0,1,2]],[[[{"name":"word_jiangli","rect":[345,742,324,67],"offset":[0,0],"originalSize":[324,67],"capInsets":[0,0,0,0]}],[0],0,[0],[0],[0]],[[{"name":"icon_suipian","rect":[515,485,109,114],"offset":[0,0],"originalSize":[109,114],"capInsets":[0,0,0,0]}],[0],0,[0],[0],[0]],[[{"name":"icon_tjlj","rect":[799,1,114,140],"offset":[0,0],"originalSize":[114,140],"capInsets":[0,0,0,0]}],[0],0,[0],[0],[0]],[[{"name":"word_tishi","rect":[50,670,254,32],"offset":[0,0],"originalSize":[254,32],"capInsets":[0,0,0,0]}],[0],0,[0],[0],[0]],[[{"name":"word_6","rect":[223,973,69,33],"offset":[0,0],"originalSize":[69,33],"capInsets":[0,0,0,0]}],[0],0,[0],[0],[0]],[[[0,"uiIcons3.plist",[{},"bg_back",6,0,"bg_back2",6,1,"bg_guanshu",6,2,"bg_huodejiangli",6,3,"bg_jiayuan",6,4,"bg_jiayuan2",6,5,"bg_jiayuan3",6,6,"bg_jiayuan4",6,7,"bg_jiayuan6",6,8,"bg_jindu",6,9,"bg_kabei",6,10,"bg_kapai",6,11,"bg_kapai02",6,12,"bg_mask",6,13,"bg_touxiang",6,14,"btn_dianzan",6,15,"btn_dianzan2",6,16,"btn_shanchu",6,17,"btn_shuaxin",6,18,"dian",6,19,"guanghuan",6,20,"icon_linju",6,21,"icon_magnifier",6,22,"icon_no frends",6,23,"icon_no news",6,24,"icon_renqibang",6,25,"icon_suipian",6,26,"icon_tjlj",6,27,"icon_touqian",6,28,"icon_wenhao",6,29,"icon_xiaoxi",6,30,"icon_yun1",6,31,"icon_yun2",6,32,"icon_yun3",6,33,"icon_zhuangshi",6,34,"jiantou",6,35,"label_xuanzhong",6,36,"light",6,37,"paizi",6,38,"tanhao",6,39,"tips",6,40,"word_4",6,41,"word_6",6,42,"word_jiangli",6,43,"word_jieshu",6,44,"word_likai",6,45,"word_tishi",6,46,"word_tongguan",6,47,"word_tuichu",6,48,"yuan_01",6,49,"yuan_02",6,50]]],0,0,[0,0,0,0,0,0,0,0,0,0,0,0,0,0,0,0,0,0,0,0,0,0,0,0,0,0,0,0,0,0,0,0,0,0,0,0,0,0,0,0,0,0,0,0,0,0,0,0,0,0,0],[1,2,3,4,5,6,7,8,9,10,11,12,13,14,15,16,17,18,19,20,21,22,23,24,25,26,27,28,29,30,31,32,33,34,35,36,37,38,39,40,41,42,43,44,45,46,47,48,49,50,51],[1,2,3,4,5,6,7,8,9,10,11,12,13,14,15,16,17,18,19,20,21,22,23,24,25,26,27,28,29,30,31,32,33,34,35,36,37,38,39,40,41,42,43,44,45,46,47,48,49,50,51]],[[{"name":"yuan_01","rect":[50,657,9,9],"offset":[0,0],"originalSize":[9,9],"capInsets":[0,0,0,0]}],[0],0,[0],[0],[0]],[[{"name":"word_likai","rect":[1,973,73,40],"offset":[0,0],"originalSize":[73,40],"capInsets":[0,0,0,0]}],[0],0,[0],[0],[0]],[[{"name":"bg_back2","rect":[655,252,152,170],"offset":[0,0],"originalSize":[152,170],"capInsets":[0,0,0,0]}],[0],0,[0],[0],[0]],[[{"name":"jiantou","rect":[1,807,30,53],"offset":[0,0],"originalSize":[30,53],"capInsets":[0,0,0,0]}],[0],0,[0],[0],[0]],[[{"name":"icon_yun3","rect":[306,670,40,24],"offset":[0,0],"originalSize":[40,24],"rotated":1,"capInsets":[0,0,0,0]}],[0],0,[0],[0],[0]],[[{"name":"word_jieshu","rect":[345,811,324,67],"offset":[0,0],"originalSize":[324,67],"capInsets":[0,0,0,0]}],[0],0,[0],[0],[0]],[[{"name":"label_xuanzhong","rect":[619,653,78,78],"offset":[0,0],"originalSize":[78,78],"capInsets":[0,0,0,0]}],[0],0,[0],[0],[0]],[[{"name":"light","rect":[33,720,251,277],"offset":[0,0],"originalSize":[251,277],"rotated":1,"capInsets":[0,0,0,0]}],[0],0,[0],[0],[0]],[[{"name":"icon_no frends","rect":[627,155,95,129],"offset":[0,0],"originalSize":[95,129],"rotated":1,"capInsets":[0,0,0,0]}],[0],0,[0],[0],[0]],[[{"name":"paizi","rect":[799,143,73,105],"offset":[0,0],"originalSize":[73,105],"rotated":1,"capInsets":[0,0,0,0]}],[0],0,[0],[0],[0]],[[{"name":"bg_kapai","rect":[399,1,226,254],"offset":[0,0],"originalSize":[226,254],"capInsets":[0,0,0,0]}],[0],0,[0],[0],[0]],[[{"name":"bg_jiayuan2","rect":[619,601,47,50],"offset":[0,0],"originalSize":[47,50],"capInsets":[0,0,0,0]}],[0],0,[0],[0],[0]],[[{"name":"icon_renqibang","rect":[647,951,76,68],"offset":[0,0],"originalSize":[76,68],"capInsets":[0,0,0,0]}],[0],0,[0],[0],[0]],[[{"name":"bg_jiayuan3","rect":[312,880,238,119],"offset":[0,0],"originalSize":[238,119],"capInsets":[0,0,0,0]}],[0],0,[0],[0],[0]],[[{"name":"icon_magnifier","rect":[1,1,345,340],"offset":[0,0],"originalSize":[345,340],"capInsets":[0,0,0,0]}],[0],0,[0],[0],[0]],[[{"name":"bg_guanshu","rect":[552,880,147,69],"offset":[0,0],"originalSize":[147,69],"capInsets":[0,0,0,0]}],[0],0,[0],[0],[0]],[[{"name":"icon_wenhao","rect":[487,682,52,52],"offset":[0,0],"originalSize":[52,52],"capInsets":[0,0,0,0]}],[0],0,[0],[0],[0]],[[{"name":"icon_xiaoxi","rect":[809,294,66,70],"offset":[0,0],"originalSize":[66,70],"rotated":1,"capInsets":[0,0,0,0]}],[0],0,[0],[0],[0]],[[{"name":"guanghuan","rect":[881,294,62,62],"offset":[0,0],"originalSize":[62,62],"capInsets":[0,0,0,0]}],[0],0,[0],[0],[0]],[[{"name":"bg_kabei","rect":[50,343,226,254],"offset":[0,0],"originalSize":[226,254],"capInsets":[0,0,0,0]}],[0],0,[0],[0],[0]],[[{"name":"icon_yun2","rect":[552,951,93,54],"offset":[0,0],"originalSize":[93,54],"capInsets":[0,0,0,0]}],[0],0,[0],[0],[0]],[[{"name":"icon_zhuangshi","rect":[701,637,93,84],"offset":[0,0],"originalSize":[93,84],"capInsets":[0,0,0,0]}],[0],0,[0],[0],[0]],[[{"name":"icon_no news","rect":[671,540,95,101],"offset":[0,0],"originalSize":[95,101],"rotated":1,"capInsets":[0,0,0,0]}],[0],0,[0],[0],[0]],[[{"name":"bg_jiayuan","rect":[218,599,53,58],"offset":[0,0],"originalSize":[53,58],"capInsets":[0,0,0,0]}],[0],0,[0],[0],[0]],[[{"name":"bg_kapai02","rect":[399,257,226,254],"offset":[0,0],"originalSize":[226,254],"rotated":1,"capInsets":[0,0,0,0]}],[0],0,[0],[0],[0]],[[{"name":"tanhao","rect":[1,748,22,57],"offset":[0,0],"originalSize":[22,57],"capInsets":[0,0,0,0]}],[0],0,[0],[0],[0]],[[{"name":"btn_dianzan2","rect":[399,485,114,138],"offset":[0,0],"originalSize":[114,138],"capInsets":[0,0,0,0]}],[0],0,[0],[0],[0]],[[{"name":"bg_huodejiangli","rect":[348,1,739,49],"offset":[0,0],"originalSize":[739,49],"rotated":1,"capInsets":[0,0,0,0]}],[0],0,[0],[0],[0]],[[{"name":"btn_shanchu","rect":[541,682,46,47],"offset":[0,0],"originalSize":[46,47],"rotated":1,"capInsets":[0,0,0,0]}],[0],0,[0],[0],[0]],[[{"name":"bg_mask","rect":[906,143,46,45],"offset":[0,0],"originalSize":[46,45],"capInsets":[0,0,0,0]}],[0],0,[0],[0],[0]],[[{"name":"bg_jiayuan6","rect":[50,599,56,166],"offset":[0,0],"originalSize":[56,166],"rotated":1,"capInsets":[0,0,0,0]}],[0],0,[0],[0],[0]],[[{"name":"bg_back","rect":[627,1,152,170],"offset":[0,0],"originalSize":[152,170],"rotated":1,"capInsets":[0,0,0,0]}],[0],0,[0],[0],[0]],[[{"name":"icon_touqian","rect":[885,218,47,44],"offset":[0,0],"originalSize":[47,44],"capInsets":[0,0,0,0]}],[0],0,[0],[0],[0]],[[{"name":"icon_linju","rect":[795,424,82,87],"offset":[0,0],"originalSize":[82,87],"rotated":1,"capInsets":[0,0,0,0]}],[0],0,[0],[0],[0]],[[{"name":"btn_dianzan","rect":[655,424,114,138],"offset":[0,0],"originalSize":[114,138],"rotated":1,"capInsets":[0,0,0,0]}],[0],0,[0],[0],[0]],[[{"name":"dian","rect":[1,862,27,26],"offset":[0,0],"originalSize":[27,26],"rotated":1,"capInsets":[0,0,0,0]}],[0],0,[0],[0],[0]],[[{"name":"btn_shuaxin","rect":[809,218,74,74],"offset":[0,0],"originalSize":[74,74],"capInsets":[0,0,0,0]}],[0],0,[0],[0],[0]],[[{"name":"tips","rect":[1,343,403,30],"offset":[0,0],"originalSize":[403,30],"rotated":1,"capInsets":[0,0,0,0]}],[0],0,[0],[0],[0]],[[{"name":"bg_jiayuan4","rect":[312,712,147,31],"offset":[0,0],"originalSize":[147,31],"rotated":1,"capInsets":[0,0,0,0]}],[0],0,[0],[0],[0]],[[{"name":"bg_touxiang","rect":[399,625,86,86],"offset":[0,0],"originalSize":[86,86],"capInsets":[0,0,0,0]}],[0],0,[0],[0],[0]],[[{"name":"word_tongguan","rect":[278,343,325,67],"offset":[0,0],"originalSize":[325,67],"rotated":1,"capInsets":[0,0,0,0]}],[0],0,[0],[0],[0]],[[{"name":"word_4","rect":[151,973,70,33],"offset":[0,0],"originalSize":[70,33],"capInsets":[0,0,0,0]}],[0],0,[0],[0],[0]],[[{"name":"bg_jindu","rect":[33,343,375,15],"offset":[0,0],"originalSize":[375,15],"rotated":1,"capInsets":[0,0,0,0]}],[0],0,[0],[0],[0]],[[{"name":"icon_yun1","rect":[515,601,102,79],"offset":[0,0],"originalSize":[102,79],"capInsets":[0,0,0,0]}],[0],0,[0],[0],[0]],[[{"name":"yuan_02","rect":[61,657,9,9],"offset":[0,0],"originalSize":[9,9],"capInsets":[0,0,0,0]}],[0],0,[0],[0],[0]],[[{"name":"word_tuichu","rect":[76,973,73,39],"offset":[0,0],"originalSize":[73,39],"capInsets":[0,0,0,0]}],[0],0,[0],[0],[0]]]]