[1,["ecpdLyjvZBwrvm+cedCcQy","f8/zG2joFIVJrJ83A2waBO","0a2hZFtXNKO4sEDLlPVZec","b2aHrECZ5APKGS/0d2hvT1","b7pT6Om8lO/YRppNlw58SL"],["node","_spriteFrame","root","data","_file","_defaultClip"],[["cc.Node",["_name","_opacity","_components","_prefab","_parent","_contentSize","_children"],1,9,4,1,5,2],["cc.Sprite",["node","_materials","_spriteFrame"],3,1,3,6],["cc.Prefab",["_name"],2],["cc.Animation",["playOnLoad","node","_clips","_defaultClip"],2,1,3,6],["cc.PrefabInfo",["fileId","root"],2,1],["cc.ParticleSystem",["_dstBlendFactor","_custom","playOnLoad","totalParticles","duration","emissionRate","life","lifeVar","angle","startSize","startSizeVar","endSize","endSizeVar","startSpinVar","endSpin","endSpinVar","speed","speedVar","tangentialAccel","node","_materials","_startColor","_startColorVar","_endColor","_endColorVar","posVar","_file","_spriteFrame"],-16,1,3,8,8,8,8,5,6,6],["cc.AnimationClip",["_name","_duration","curveData"],1,11]],[[4,0,1,2],[0,0,1,4,2,3,5,3],[1,0,1,1],[2,0,2],[0,0,6,2,3,2],[0,0,4,2,3,5,2],[0,0,4,2,3,2],[3,0,1,2,3,2],[1,0,1,2,1],[5,0,1,2,3,4,5,6,7,8,9,10,11,12,13,14,15,16,17,18,19,20,21,22,23,24,25,26,27,20],[6,0,1,2,3]],[[[[3,"starHide"],[4,"starHide",[-3,-4,-5,-6],[[7,true,-2,[8],7]],[0,"2cKgrOzNhIhJ0eMLGLV+FB",-1]],[5,"xiaoxin",1,[[8,-7,[0],1]],[0,"47ah06d2tP3p6zjG4sEfj3",1],[5,50,43]],[1,"besg",0,1,[[2,-8,[2]]],[0,"75JSjb76JHpIHZGz1L0TZT",1],[5,226,226]],[1,"bguang",0,1,[[2,-9,[3]]],[0,"62I9YY3A5EnZs/ZX5CW/6o",1],[5,126,127]],[6,"xxingshan",1,[[9,772,true,false,2,0.4,20,0.1,0.3,360,35,15,1,3,20,20,20,0,5,0,-10,[4],[4,4288919039],[4,100663296],[4,3394919167],[4,0],[0,30,35],5,6]],[0,"38cj4Ia4pCgIRhWZmyfGWv",1]]],0,[0,2,1,0,0,1,0,-1,2,0,-2,3,0,-3,4,0,-4,5,0,0,2,0,0,3,0,0,4,0,0,5,0,3,1,10],[0,0,0,0,0,0,0,0,0],[-1,1,-1,-1,-1,4,1,5,-1],[0,2,0,0,0,3,4,1,1]],[[[10,"xingxingxiaoshi",0.85,[{},"paths",11,[{},"xiaoxin",11,[{},"props",11,[{},"scale",12,[[[{"frame":0},"value",8,[0,1,1]],[{"frame":0.08333333333333333},"value",8,[0,0.9,0.9]],[{"frame":0.16666666666666666},"value",8,[0,1.1,1.1]],[{"frame":0.25},"value",8,[0,0.8,0.8]],[{"frame":0.3333333333333333},"value",8,[0,1,1]],[{"frame":0.6666666666666666},"value",8,[0,0.7,0.7]],[{"frame":0.7166666666666667},"value",8,[0,1.5,1.5]],[{"frame":0.85},"value",8,[0,0,0]]],11,11,11,11,11,11,11,11]]]]]]],0,0,[],[],[]]]]