[1,["ecpdLyjvZBwrvm+cedCcQy","94X5tkqOBCn45N8qQ0sBQc","8c20Sso/ZEn7NUfNSM+EBh"],["node","root","data","_spriteFrame","_defaultClip"],[["cc.Node",["_name","_active","_parent","_components","_prefab","_contentSize","_trs","_children","_color"],1,1,9,4,5,7,2,5],["cc.Sprite",["_type","_sizeMode","node","_materials","_spriteFrame"],1,1,3,6],["cc.PrefabInfo",["fileId","root"],2,1],["cc.Prefab",["_name"],2],["cc.Node",["_name","_children","_components","_prefab","_contentSize","_trs"],2,2,12,4,5,7],["cc.Animation",["playOnLoad","node","_clips","_defaultClip"],2,1,3,6],["cc.Layout",["_resize","_N$layoutType","_N$paddingLeft","_N$paddingRight","node","_layoutSize"],-1,1,5],["cc.Button",["node"],3,1],["cc.Label",["_string","_fontSize","_lineHeight","_N$horizontalAlign","_N$verticalAlign","node","_materials"],-2,1,3],["cc.AnimationClip",["_name","_duration","wrapMode","curveData"],0,11]],[[2,0,1,2],[1,2,3,1],[0,0,2,3,4,5,6,2],[3,0,2],[4,0,1,2,3,4,5,2],[0,0,1,2,7,3,4,5,6,3],[0,0,2,3,4,5,2],[0,0,2,3,4,8,5,6,2],[1,2,3,4,1],[1,0,1,2,3,3],[5,0,1,2,3,2],[2,1,1],[6,0,1,2,3,4,5,5],[7,0,1],[8,0,1,2,3,4,5,6,6],[9,0,1,2,3,4]],[[[[3,"dog"],[4,"dog",[-4,-5,-6,-7],[[[8,-2,[5],6],[10,true,-3,[8],7],null],4,4,0],[11,-1],[5,40,36],[378.124,237.208,0,0,0,0,1,1,1,1]],[5,"chatSprite",false,1,[-10],[[9,1,0,-8,[4]],[12,1,1,10,10,-9,[5,138.93,48]]],[0,"afZR0xc0ZPX6ilYapdfg1B",1],[5,138.93,48],[0,66.299,0,0,0,0,1,1,1,1]],[2,"dog",1,[[1,-11,[1]],[13,-12]],[0,"2eTDw7JXdPibS+lq28Lby6",1],[5,111,51],[1,10,0,0,0,0,1,1,1,1]],[6,"tanzi",1,[[1,-13,[0]]],[0,"beVuDRsDVOSLaGngTXpcGP",1],[5,148,67]],[2,"qipao",1,[[1,-14,[2]]],[0,"a5n1inHZZN57zeReCf5Sm6",1],[5,14,20],[-50,12,0,0,0,0,1,1,1,1]],[7,"Label",2,[[14,"老铁,双击666",20,30,1,1,-15,[3]]],[0,"eeyEFGcWxOPLP69nvWya35",1],[4,4278206809],[5,118.93,37.8],[0,5,0,0,0,0,1,1,1,1]]],0,[0,1,1,0,0,1,0,0,1,0,-1,4,0,-2,3,0,-3,5,0,-4,2,0,0,2,0,0,2,0,-1,6,0,0,3,0,0,3,0,0,4,0,0,5,0,0,6,0,2,1,15],[0,0,0,0,0,0,0,0,0],[-1,-1,-1,-1,-1,-1,3,4,-1],[0,0,0,0,0,0,2,1,1]],[[[15,"dog",1.6666666666666667,2,[{},"paths",11,[{},"dog",11,[{},"props",11,[{},"scale",12,[[[{"frame":0},"value",8,[0,1,1]],[{"frame":0.6666666666666666},"value",8,[0,1.02,1.05]],[{"frame":1.25},"value",8,[0,1,1]],[{"frame":1.6666666666666667},"value",8,[0,1,1]]],11,11,11,11]]],"qipao",11,[{},"props",11,[{},"scale",12,[[[{"frame":0},"value",8,[0,1.4,1.4]],[{"frame":0.6666666666666666},"value",8,[0,0.6,0.6]],[{"frame":1.25},"value",8,[0,1.4,1.4]],[{"frame":1.6666666666666667},"value",8,[0,1.4,1.4]]],11,11,11,11]]]]]]],0,0,[],[],[]]]]