[1,["6ePV1XyblBmaJwfXFqdkEh","53Eil7arxAgr8ovXP1NjW2","45QRFN/HZEVIyYtzN986zI","aeGAH6VUBBOoxmJC6a6S6B","9at4PLdkJEw5fiaRJ530oh","8cJA7qMLBEBKzhr0aEJuR4","a2pkD3OgxGyJVbAucwYHj4","73eFRMCrNH7p8r9Hu9BiiY","1aGujbxqxAKYSMLWhN5EdY","70NLdly4hEBLFm7I67z5eD","d9FCC2NUBBRbfbJdMUz123","9brceCHkhETo4GDr2O9eX/","e4ubMTnd9IfJ8XCxFWJ51J","8344EachlGNY3tEylPXhEq"],["value"],[["cc.AnimationClip",["_name","_duration","speed","curveData"],0,11]],[[0,0,1,2,3,4]],[[0,"shenji",0.23333333333333334,0.3,[{"paths":{}},"comps",11,[{},"cc.Sprite",11,[{},"spriteFrame",12,[[[{"frame":0},"value",6,0],[{"frame":0.016666666666666666},"value",6,1],[{"frame":0.03333333333333333},"value",6,2],[{"frame":0.05},"value",6,3],[{"frame":0.06666666666666667},"value",6,4],[{"frame":0.08333333333333333},"value",6,5],[{"frame":0.1},"value",6,6],[{"frame":0.11666666666666667},"value",6,7],[{"frame":0.13333333333333333},"value",6,8],[{"frame":0.15},"value",6,9],[{"frame":0.16666666666666666},"value",6,10],[{"frame":0.18333333333333332},"value",6,11],[{"frame":0.2},"value",6,12],[{"frame":0.21666666666666667},"value",6,13]],11,11,11,11,11,11,11,11,11,11,11,11,11,11]]]]]],0,0,[0,0,0,0,0,0,0,0,0,0,0,0,0,0],[0,0,0,0,0,0,0,0,0,0,0,0,0,0],[0,1,2,3,4,5,6,7,8,9,10,11,12,13]]