[1,["ecpdLyjvZBwrvm+cedCcQy","62cSfdSJ5EVaQKWDgAG7yZ","f1/Tr3fl5FI4oTNQ8PNGfD","f67S8wcUpBcrA3CHvOBsBW","859V70bdZAOKXyAMj6qpPQ","23u8ja5PVD5K4F1Ase8OG0","39jg17tIJGO6ZRSP2bidrQ","2chCw4yztHmLbsObeIVd//","b2aHrECZ5APKGS/0d2hvT1","47LfXTNedBhJ5sf0G+5l7j"],["node","_spriteFrame","_textureSetter","root","particle_merge","animation_merge","data","_file","_defaultClip"],["cc.SpriteFrame",["cc.Node",["_name","_components","_prefab","_children","_parent","_contentSize"],2,9,4,2,1,5],["cc.Node",["_name","_parent","_components","_prefab","_children","_trs"],2,1,2,4,2,7],["cc.AnimationClip",["_name","_duration","curveData"],1,11],["cc.Prefab",["_name"],2],["25d883Xv7REJYSRfOUXBzJN",["node","animation_merge","particle_merge"],3,1,1,1],["cc.PrefabInfo",["fileId","root"],2,1],["cc.Sprite",["node","_materials","_spriteFrame"],3,1,3,6],["cc.ParticleSystem",["_dstBlendFactor","_custom","totalParticles","duration","emissionRate","life","lifeVar","angle","angleVar","startSize","startSizeVar","endSize","endSizeVar","startSpin","endSpin","endSpinVar","_positionType","emitterMode","speed","speedVar","tangentialAccel","tangentialAccelVar","radialAccel","radialAccelVar","startRadius","startRadiusVar","endRadius","endRadiusVar","rotatePerS","rotatePerSVar","node","_materials","_startColor","_startColorVar","_endColor","_endColorVar","posVar","gravity"],-27,1,3,8,8,8,8,5,5],["cc.Animation",["playOnLoad","node","_clips"],2,1,3]],[[6,0,1,2],[1,0,4,1,2,5,2],[7,0,1,2,1],[3,0,1,2,3],[4,0,2],[1,0,3,1,2,2],[2,0,1,4,2,3,2],[2,0,1,2,3,5,2],[5,0,1,2,1],[8,0,1,2,3,4,5,6,7,8,9,10,11,12,13,14,15,16,17,18,19,20,21,22,23,24,25,26,27,28,29,30,31,32,33,34,35,36,37,31],[9,0,1,2,2]],[[[{"name":"besg 24643","rect":[13,15,226,226],"offset":[-2,0],"originalSize":[256,256],"capInsets":[0,0,0,0]}],[0],0,[0],[2],[2]],[[{"name":"bguang","rect":[4,1,122,124],"offset":[1,1],"originalSize":[128,128],"capInsets":[0,0,0,0]}],[0],0,[0],[2],[3]],[[{"name":"yuan01","rect":[18,11,220,234],"offset":[0,0],"originalSize":[256,256],"capInsets":[0,0,0,0]}],[0],0,[0],[2],[4]],[[[3,"SP-hecheng1",0.5,[{},"paths",11,[{},"guang",11,[{},"props",11,[{"opacity":[{"frame":0.08333333333333333,"value":255},{"frame":0.16666666666666666,"value":200},{"frame":0.5,"value":0}]},"scale",12,[[[{"frame":0},"value",8,[0,0.5,0.5]],[{"frame":0.08333333333333333},"value",8,[0,2,2]],[{"frame":0.5},"value",8,[0,1.5,1.5]]],11,11,11]]],"quan",11,[{},"props",11,[{"opacity":[{"frame":0,"value":50},{"frame":0.08333333333333333,"value":255},{"frame":0.3333333333333333,"value":0}]},"scale",12,[[[{"frame":0},"value",8,[0,0.5,0.5]],[{"frame":0.08333333333333333},"value",8,[0,1.2,1.2]],[{"frame":0.3333333333333333},"value",8,[0,1.5,1.5]]],11,11,11],"eulerAngles",12,[[[{"frame":0},"value",8,[1,0,0,0]],[{"frame":0.08333333333333333},"value",8,[1,0,0,-50]],[{"frame":0.3333333333333333},"value",8,[1,0,0,-95]]],11,11,11]]],"bguang",11,[{},"props",11,[{"opacity":[{"frame":0,"value":10},{"frame":0.08333333333333333,"value":255},{"frame":0.2833333333333333,"value":0}]},"scale",12,[[[{"frame":0},"value",8,[0,3,3]],[{"frame":0.08333333333333333},"value",8,[0,2,2]],[{"frame":0.2833333333333333},"value",8,[0,1,1]]],11,11,11]]]]]]],0,0,[],[],[]],[[[4,"hecheng"],[5,"hecheng",[-5],[[8,-4,-3,-2]],[0,"d9vT4YJsJM9pBrqqomCD1g",-1]],[6,"Node",1,[-7,-8,-9,-10],[-6],[0,"6dHuIJkvxPoIb4mcOWAKkb",1]],[1,"guang",2,[[2,-11,[0],1]],[0,"5fFMxhiH5Afo0FJXxtWERQ",1],[5,226,226]],[1,"quan",2,[[2,-12,[2],3]],[0,"5f7tCT3phLUb486G3uivhZ",1],[5,220,234]],[1,"bguang",2,[[2,-13,[4],5]],[0,"a1B8XPYb5Gs7vkTgPKtq++",1],[5,126,127]],[7,"lizi",2,[-14],[0,"afiZl2KE1OqoKOCaQK3vyG",1],[-1.648,0,0,0,0,0,1,1,1,1]],[9,1,true,15,0.1,80,0.20000000298023224,0.5,360,360,150,50,50,15,-47.369998931884766,-47.369998931884766,-142.11000061035156,1,1,0,190.7899932861328,-92.11000061035156,65.79000091552734,-671.0499877929688,65.79000091552734,50,10,80,50,30,20,6,[6],[4,2740373706],[4,3333292005],[4,3591610797],[4,3170498923],[0,7,7],[0,0.25,0.8600000143051147]],[10,true,2,[7]]],0,[0,3,1,0,4,7,0,5,8,0,0,1,0,-1,2,0,-1,8,0,-1,3,0,-2,4,0,-3,5,0,-4,6,0,0,3,0,0,4,0,0,5,0,-1,7,0,6,1,14],[0,0,0,0,0,0,0,0,7,7,8],[-1,1,-1,1,-1,1,-1,-1,7,1,8],[0,5,0,6,0,7,0,1,8,9,1]]]]