[1,["16id+3oM9Ca7wBLdyrB39D"],["_textureSetter"],["cc.SpriteFrame"],0,[[[{"name":"tiaoloop_10","rect":[1,409,400,100],"offset":[0,0],"originalSize":[400,100],"capInsets":[0,0,0,0]}],[0],0,[0],[0],[0]],[[{"name":"tiaoloop_12","rect":[1,511,400,100],"offset":[0,0],"originalSize":[400,100],"capInsets":[0,0,0,0]}],[0],0,[0],[0],[0]],[[{"name":"tiaoloop_06","rect":[805,1,400,100],"offset":[0,0],"originalSize":[400,100],"rotated":1,"capInsets":[0,0,0,0]}],[0],0,[0],[0],[0]],[[{"name":"tiaoloop_07","rect":[907,1,400,100],"offset":[0,0],"originalSize":[400,100],"rotated":1,"capInsets":[0,0,0,0]}],[0],0,[0],[0],[0]],[[{"name":"tiaoloop_05","rect":[403,205,400,100],"offset":[0,0],"originalSize":[400,100],"capInsets":[0,0,0,0]}],[0],0,[0],[0],[0]],[[{"name":"tiaoloop_00","rect":[1,1,400,100],"offset":[0,0],"originalSize":[400,100],"capInsets":[0,0,0,0]}],[0],0,[0],[0],[0]],[[{"name":"tiaoloop_13","rect":[403,511,400,100],"offset":[0,0],"originalSize":[400,100],"capInsets":[0,0,0,0]}],[0],0,[0],[0],[0]],[[{"name":"tiaoloop_02","rect":[1,103,400,100],"offset":[0,0],"originalSize":[400,100],"capInsets":[0,0,0,0]}],[0],0,[0],[0],[0]],[[{"name":"tiaoloop_11","rect":[403,409,400,100],"offset":[0,0],"originalSize":[400,100],"capInsets":[0,0,0,0]}],[0],0,[0],[0],[0]],[[{"name":"tiaoloop_03","rect":[403,103,400,100],"offset":[0,0],"originalSize":[400,100],"capInsets":[0,0,0,0]}],[0],0,[0],[0],[0]],[[{"name":"tiaoloop_14","rect":[1,613,400,100],"offset":[0,0],"originalSize":[400,100],"capInsets":[0,0,0,0]}],[0],0,[0],[0],[0]],[[{"name":"tiaoloop_08","rect":[1,307,400,100],"offset":[0,0],"originalSize":[400,100],"capInsets":[0,0,0,0]}],[0],0,[0],[0],[0]],[[{"name":"tiaoloop_09","rect":[403,307,400,100],"offset":[0,0],"originalSize":[400,100],"capInsets":[0,0,0,0]}],[0],0,[0],[0],[0]],[[{"name":"tiaoloop_04","rect":[1,205,400,100],"offset":[0,0],"originalSize":[400,100],"capInsets":[0,0,0,0]}],[0],0,[0],[0],[0]],[[{"name":"tiaoloop_01","rect":[403,1,400,100],"offset":[0,0],"originalSize":[400,100],"capInsets":[0,0,0,0]}],[0],0,[0],[0],[0]]]]