[1,["d66XpyBQ9L/6dAXY5N5QW9"],0,[["sp.SkeletonData",["_name","_atlasText","textureNames","_skeletonJson","textures"],-1,3]],[[0,0,1,2,3,4,5]],[[0,"gezi","\ngezi.png\nsize: 512,128\nformat: RGBA8888\nfilter: Linear,Linear\nrepeat: none\nbag\n  rotate: false\n  xy: 165, 60\n  size: 83, 60\n  orig: 83, 60\n  offset: 0, 0\n  index: -1\nbody\n  rotate: false\n  xy: 2, 2\n  size: 99, 118\n  orig: 99, 118\n  offset: 0, 0\n  index: -1\neyes\n  rotate: true\n  xy: 459, 80\n  size: 14, 23\n  orig: 14, 23\n  offset: 0, 0\n  index: -1\neyes2\n  rotate: true\n  xy: 333, 59\n  size: 18, 23\n  orig: 18, 23\n  offset: 0, 0\n  index: -1\nleg\n  rotate: false\n  xy: 459, 96\n  size: 23, 24\n  orig: 23, 24\n  offset: 0, 0\n  index: -1\nleg2\n  rotate: false\n  xy: 133, 15\n  size: 21, 19\n  orig: 21, 19\n  offset: 0, 0\n  index: -1\nmouth\n  rotate: false\n  xy: 103, 13\n  size: 28, 21\n  orig: 28, 21\n  offset: 0, 0\n  index: -1\nwing\n  rotate: false\n  xy: 333, 79\n  size: 61, 41\n  orig: 61, 41\n  offset: 0, 0\n  index: -1\nwing1\n  rotate: true\n  xy: 250, 59\n  size: 61, 81\n  orig: 61, 81\n  offset: 0, 0\n  index: -1\nwing2\n  rotate: false\n  xy: 396, 79\n  size: 61, 41\n  orig: 61, 41\n  offset: 0, 0\n  index: -1\nwing3\n  rotate: false\n  xy: 103, 36\n  size: 60, 84\n  orig: 60, 84\n  offset: 0, 0\n  index: -1\nyuan1\n  rotate: false\n  xy: 165, 43\n  size: 72, 15\n  orig: 72, 15\n  offset: 0, 0\n  index: -1\n",["gezi.png"],{"skeleton":{"hash":"KEgCDOBTFQn6L/A1vISLW46xlTQ","spine":"3.3.07","width":119.33,"height":153.13,"images":"./images/"},"bones":[{"name":"root"},{"name":"body","parent":"root","x":2.89,"y":33.41},{"name":"bag","parent":"body","length":27.76,"rotation":-58.2,"x":18.98,"y":1.7},{"name":"bone","parent":"body","length":19.67,"rotation":30.25,"x":34.92},{"name":"bone2","parent":"body","length":58.99,"rotation":89.99,"x":-14.15,"y":32.56},{"name":"wing1","parent":"body","length":23.08,"rotation":49.14,"x":-0.94,"y":5.19},{"name":"bone3","parent":"wing1","length":27.4,"rotation":-6.93,"x":23.08},{"name":"bone4","parent":"bone3","length":36.75,"rotation":23.53,"x":26.73,"y":-0.03},{"name":"wing3","parent":"body","length":42.8,"rotation":48.57,"x":-21.23,"y":21.71},{"name":"bone5","parent":"wing3","length":47.08,"rotation":13.31,"x":42.8},{"name":"wing","parent":"body","length":45.76,"rotation":-32.6,"x":-1.41,"y":19.82},{"name":"bone6","parent":"wing","length":30.34,"rotation":17.18,"x":45.38,"y":0.28},{"name":"eyes","parent":"bone2","x":24.54,"y":15.57},{"name":"eyes2","parent":"bone2","x":22.65,"y":-10.38},{"name":"leg","parent":"body","length":16.51,"rotation":89.99,"x":7.55,"y":-35.47},{"name":"leg2","parent":"body","length":16.51,"rotation":89.99,"x":-6.13,"y":-34.58},{"name":"mouth","parent":"bone2","length":18.15,"rotation":98.97,"x":13.68,"y":5.19},{"name":"wing2","parent":"body","length":58.13,"rotation":-23.44,"x":-45.7,"y":15.61},{"name":"yuan1","parent":"root","x":-0.4,"y":-7.18}],"slots":[{"name":"yuan1","bone":"yuan1","attachment":"yuan1"},{"name":"wing3","bone":"wing3","attachment":"wing3"},{"name":"wing2","bone":"wing2","attachment":"wing2"},{"name":"leg2","bone":"leg2","attachment":"leg2"},{"name":"body","bone":"body","attachment":"body"},{"name":"eyes2","bone":"eyes2","attachment":"eyes2"},{"name":"eyes","bone":"eyes","attachment":"eyes"},{"name":"mouth","bone":"mouth","attachment":"mouth"},{"name":"leg","bone":"leg","attachment":"leg"},{"name":"bag","bone":"bag","attachment":"bag"},{"name":"wing","bone":"wing","attachment":"wing"},{"name":"wing1","bone":"wing1"}],"skins":{"default":{"bag":{"bag":{"type":"mesh","hull":16,"width":83,"height":60,"uvs":[0.5323,0.72079,0.64553,1,0.83832,1,1,0.84779,1,0.69539,0.89953,0.39906,0.84138,0.38213,0.76182,0,0.65777,0,0.71898,0.43292,0.55984,0.48373,0.28748,0.28476,0.08551,0,0,0.00113,0.00288,0.28476,0.22628,0.54299],"triangles":[9,5,4,9,0,10,4,1,0,9,6,5,9,4,0,4,2,1,3,2,4,6,9,8,6,8,7,14,13,12,14,12,11,15,14,11,15,11,10,0,15,10],"vertices":[2,1,4.96,-10.33,0.48,2,2.84,-18.26,0.52,1,2,24.63,-20.71999,1,1,2,33.28,-7.25,1,1,2,30.06,11.17,1,1,2,23.36,17.71999,1,2,1,35.43999,8.96,0.48,2,2.49,17.79999,0.52,2,1,30.61,9.97999,0.48,2,-0.9,14.24,0.52,1,1,24.01,35.12,1,1,1,15.37,33.34,1,2,1,20.45,6.93,0.48,2,-3.66,4,0.52,2,1,7.24,3.88,0.48,2,-8.03,-8.83,0.52,1,1,-15.35,15.82,1,1,1,-32.12,33.84999,1,1,1,-42.02,32.84,1,1,1,-38.98,15.82,1,1,1,-20.43,0.32,1],"edges":[0,2,2,4,4,6,6,8,8,10,10,12,12,14,14,16,16,18,18,20,20,22,22,24,24,26,26,28,28,30,0,30]}},"body":{"body":{"type":"mesh","hull":19,"width":99,"height":118,"uvs":[0,0.56716,0.00158,0.49437,0.00583,0.29916,0,0.07516,0.16316,0,0.58749,0,0.72098,0.19516,0.6447,0.41516,0.6447,0.49116,0.72575,0.62316,0.77819,0.69116,0.92122,0.60716,1,0.66716,1,0.79116,0.87831,0.86316,0.68761,1,0.26329,1,0.06304,0.90716,0,0.78716],"triangles":[14,10,13,13,10,12,10,11,12,1,8,0,7,8,1,7,1,2,7,2,4,4,5,7,7,5,6,2,3,4,8,18,0,9,16,8,16,17,18,14,15,10,15,16,9,10,15,9,8,16,18],"vertices":[2,1,-43.05,25.01,0.51,4,-7.55,28.89,0.49,2,1,-42.8,33.59999,0.11995,4,1.03,28.64,0.88004,2,1,-42.11,56.63,0.00053,4,24.07,27.95,0.99946,1,4,50.5,29.84,1,1,4,64.19,12.37,1,1,4,62.3,-29.63,1,2,4,36.34,-42.84,0.99525,3,29.33,62.66,0.00473,2,1,21.13,42.95,0.0403,4,10.38,-35.29,0.95969,2,1,21.13,33.98,0.51,4,1.41,-35.29,0.49,1,1,29.15,18.4,1,2,1,34.34999,10.38,0.36552,3,4.73,9.26,0.63447,1,3,21.95,10.68,1,1,3,27.36,-0.66,1,1,3,23.65,-15.43,1,2,1,44.26,-9.91,0.5,3,3.06,-13.26,0.5,1,1,25.38,-26.9,1,1,1,-16.62,-32.56,1,1,1,-36.43999,-15.1,1,1,1,-46.83,-0.94,1],"edges":[4,6,6,8,8,10,10,12,12,14,14,16,16,18,18,20,20,22,22,24,24,26,26,28,28,30,30,32,32,34,34,36,0,36,0,2,2,4]}},"eyes":{"eyes":{"x":0.32,"y":-0.67,"rotation":-89.99,"width":14,"height":23}},"eyes2":{"eyes2":{"x":1.21,"y":0.28,"rotation":-89.99,"width":18,"height":23}},"leg":{"leg":{"x":6.09,"y":1.1,"rotation":-89.99,"width":23,"height":24}},"leg2":{"leg2":{"x":5.12,"y":2.42,"rotation":-89.99,"width":21,"height":19}},"mouth":{"mouth":{"x":3.63,"y":-0.76,"rotation":171.02,"width":28,"height":21}},"wing":{"wing":{"type":"mesh","hull":9,"width":61,"height":41,"uvs":[0,0.70453,0.16802,1,0.57038,1,1,1,1,0.63545,0.6555,0.3937,0.38468,0,0.03648,0,0,0.17497],"triangles":[2,4,3,2,5,4,5,0,8,5,8,6,6,8,7,2,1,0,5,2,0],"vertices":[1,10,8.12,-19.45,1,2,10,31.16,-26.57,0.94575,11,-21.52,-21.45,0.05424,2,10,55.4,-18.91,0.52999,11,3.89,-21.29,0.47,2,10,81.4,-7.88,0,11,31.99,-18.44,0.99999,1,11,30.15,14.83,1,2,10,39.41999,15.69,0.52999,11,-1.14,16.48,0.47,1,10,14.31,24.28,1,1,10,-4.08,13.63,1,1,10,-5.96,-2.69,1],"edges":[0,2,2,4,4,6,6,8,8,10,10,12,12,14,14,16,0,16]}},"wing1":{"wing1":{"type":"mesh","hull":10,"width":61,"height":81,"uvs":[0,0.67671,0.11294,0.5019,0.3915,0.32125,0.60536,0.21396,0.8016,0,1,0.04738,1,0.5019,0.90992,0.75246,0.59268,1,0,1],"triangles":[1,2,8,7,8,2,7,2,3,7,3,6,6,3,5,3,4,5,8,0,1,8,9,0],"vertices":[1,5,11.52,14.08,1,2,5,27.79,16.92,0.5,6,2.61999,17.36,0.5,2,7,5.16,16.09,0.5,6,25.04,16.79,0.5,2,7,18.95999,7.3,0.71,6,41.2,14.23,0.29,1,7,40.83,4.73,1,1,7,41.68,-10.93,1,2,7,11.61,-33.8,0.71,6,50.87,-26.38,0.29,2,7,-13.67,-27.08,0.5,6,25,-30.32,0.5,2,5,15.16,-32.68,0.5,6,-3.91,-33.4,0.5,1,5,-14.17,-8.14,1],"edges":[0,2,2,4,4,6,6,8,8,10,10,12,12,14,14,16,16,18,0,18]}},"wing2":{"wing2":{"x":29.01,"y":0.62,"rotation":23.44,"width":61,"height":41}},"wing3":{"wing3":{"type":"mesh","hull":11,"width":60,"height":84,"uvs":[0.14922,1,0.49536,1,0.78642,0.85826,1,0.54359,1,0,0.61336,0,0.60549,0.21207,0.29082,0.36378,0.06269,0.53797,0,0.70092,0,1],"triangles":[6,5,4,3,6,4,2,6,3,7,6,2,0,10,9,1,0,8,7,1,8,0,9,8,2,1,7],"vertices":[1,8,-0.26,-8.41,1,2,8,14.88,-22.74,0.99978,9,-32.4,-15.7,0.00021,2,8,39.89,-23.97,0.52999,9,-8.35,-22.65,0.47,2,8,70.01,-18.16,0.01004,9,22.29,-23.94,0.98994,1,9,65.04,-3.78,1,1,9,53.78,22.3,1,2,8,73.41,20.08,0.00003,9,34.41,12.49,0.99996,2,8,51.36,25.8,0.47,9,14.27,23.14,0.52999,2,8,31.33,26.39,0.9,9,-5.08,28.32,0.1,2,8,12.95,26.53,0.99285,9,-22.93,32.68999,0.00714,1,8,-10.35999,6.59,1],"edges":[0,2,2,4,4,6,6,8,8,10,10,12,12,14,14,16,16,18,18,20,0,20]}},"yuan1":{"yuan1":{"x":2.24,"y":9.03,"width":72,"height":15}}}},"animations":{"move_order":{"slots":{"wing":{"attachment":[{"time":0,"name":null}]},"wing1":{"attachment":[{"time":0,"name":"wing1"},{"time":1.3333,"name":"wing1"}]},"wing2":{"attachment":[{"time":0,"name":null}]},"wing3":{"attachment":[{"time":0,"name":"wing3"},{"time":1.3333,"name":"wing3"}]},"yuan1":{"attachment":[{"time":0,"name":null}]}},"bones":{"wing":{"rotate":[{"time":0,"angle":0}],"translate":[{"time":0,"x":0,"y":0}],"scale":[{"time":0,"x":1,"y":1}]},"wing1":{"rotate":[{"time":0,"angle":6.08,"curve":[0.25,0,0.75,1]},{"time":0.6666,"angle":-53.7,"curve":[0.25,0,0.75,1]},{"time":1.3333,"angle":6.08}],"translate":[{"time":0,"x":0,"y":0,"curve":[0.25,0,0.625,0.5]},{"time":0.6666,"x":2.25,"y":7.42,"curve":[0.375,0.5,0.75,1]},{"time":1.3333,"x":0,"y":0}],"scale":[{"time":0,"x":1,"y":1,"curve":"stepped"},{"time":1.3333,"x":1,"y":1}]},"wing2":{"rotate":[{"time":0,"angle":0}],"translate":[{"time":0,"x":0,"y":0}],"scale":[{"time":0,"x":1,"y":1}]},"wing3":{"rotate":[{"time":0,"angle":22.64,"curve":[0.25,0,0.75,1]},{"time":0.6666,"angle":111.54,"curve":[0.25,0,0.75,1]},{"time":1.3333,"angle":22.64}],"translate":[{"time":0,"x":0,"y":0,"curve":"stepped"},{"time":1.3333,"x":0,"y":0}],"scale":[{"time":0,"x":1,"y":1,"curve":"stepped"},{"time":1.3333,"x":1,"y":1}]},"body":{"rotate":[{"time":0,"angle":16.91,"curve":"stepped"},{"time":1.3333,"angle":16.91}],"translate":[{"time":0,"x":0,"y":48.08},{"time":0.6666,"x":0,"y":38.55,"curve":[0.25,0,0.75,1]},{"time":1.3333,"x":0,"y":48.08}],"scale":[{"time":0,"x":1,"y":1,"curve":"stepped"},{"time":1.3333,"x":1,"y":1}]},"root":{"rotate":[{"time":0,"angle":0}],"translate":[{"time":0,"x":0,"y":0}],"scale":[{"time":0,"x":1,"y":1}]},"bone":{"rotate":[{"time":0,"angle":0,"curve":[0.148,0.18,0.75,1]},{"time":0.3333,"angle":7.74,"curve":[0.25,0,0.75,1]},{"time":0.6666,"angle":0,"curve":[0.25,0,0.75,1]},{"time":1,"angle":-10.25,"curve":[0.25,0,0.842,0.8]},{"time":1.3333,"angle":0}],"translate":[{"time":0,"x":0,"y":0,"curve":"stepped"},{"time":1.3333,"x":0,"y":0}],"scale":[{"time":0,"x":1,"y":1,"curve":"stepped"},{"time":1.3333,"x":1,"y":1}]},"bone2":{"rotate":[{"time":0,"angle":0,"curve":[0.154,0.2,0.75,1]},{"time":0.3333,"angle":-2.7,"curve":[0.25,0,0.75,1]},{"time":0.6666,"angle":0,"curve":[0.25,0,0.75,1]},{"time":1,"angle":2.79,"curve":[0.25,0,0.854,0.79]},{"time":1.3333,"angle":0.24}],"translate":[{"time":0,"x":-0.56,"y":-1.85,"curve":"stepped"},{"time":0.6666,"x":-0.56,"y":-1.85,"curve":"stepped"},{"time":1.3333,"x":-0.56,"y":-1.85}],"scale":[{"time":0,"x":1,"y":1,"curve":"stepped"},{"time":1.3333,"x":1,"y":1}]},"bag":{"rotate":[{"time":0,"angle":0,"curve":[0.138,0.17,0.75,1]},{"time":0.3333,"angle":6.1,"curve":[0.25,0,0.75,1]},{"time":0.6666,"angle":0,"curve":[0.25,0,0.75,1]},{"time":1,"angle":-6.92,"curve":[0.25,0,0.833,0.8]},{"time":1.3333,"angle":0}],"translate":[{"time":0,"x":0,"y":0,"curve":"stepped"},{"time":1.3333,"x":0,"y":0}],"scale":[{"time":0,"x":1,"y":1,"curve":"stepped"},{"time":1.3333,"x":1,"y":1}]},"bone3":{"rotate":[{"time":0,"angle":0.3,"curve":[0.381,0.58,0.731,1]},{"time":0.2,"angle":13.25,"curve":[0.25,0,0.75,1]},{"time":0.8666,"angle":-22.79,"curve":[0.242,0,0.655,0.62]},{"time":1.3333,"angle":0.3}],"translate":[{"time":0,"x":0,"y":0,"curve":"stepped"},{"time":1.3333,"x":0,"y":0}],"scale":[{"time":0,"x":1,"y":1,"curve":"stepped"},{"time":1.3333,"x":1,"y":1}]},"bone4":{"rotate":[{"time":0,"angle":-20.05,"curve":[0.354,0.41,0.756,1]},{"time":0.4333,"angle":11.62,"curve":[0.25,0,0.75,1]},{"time":1.1,"angle":-43.04,"curve":[0.262,0,0.617,0.43]},{"time":1.3333,"angle":-20.05}],"translate":[{"time":0,"x":0,"y":0,"curve":"stepped"},{"time":1.3333,"x":0,"y":0}],"scale":[{"time":0,"x":1,"y":1,"curve":"stepped"},{"time":1.3333,"x":1,"y":1}]},"bone5":{"rotate":[{"time":0,"angle":20.17,"curve":[0.375,0.5,0.75,1]},{"time":0.3333,"angle":-39.27,"curve":[0.25,0,0.75,1]},{"time":1,"angle":29.53,"curve":[0.25,0,0.625,0.5]},{"time":1.3333,"angle":20.17}],"translate":[{"time":0,"x":0,"y":0,"curve":"stepped"},{"time":1.3333,"x":0,"y":0}],"scale":[{"time":0,"x":1,"y":1,"curve":"stepped"},{"time":1.3333,"x":1,"y":1}]},"bone6":{"rotate":[{"time":0,"angle":0}],"translate":[{"time":0,"x":0,"y":0}],"scale":[{"time":0,"x":1,"y":1}]},"leg":{"rotate":[{"time":0,"angle":59.07,"curve":[0.25,0,0.75,1]},{"time":0.6666,"angle":57.33,"curve":[0.25,0,0.75,1]},{"time":1.3333,"angle":59.07}],"translate":[{"time":0,"x":3.41,"y":2.94,"curve":[0.161,0.2,0.75,1]},{"time":0.3333,"x":3.6,"y":3.56,"curve":[0.25,0,0.75,1]},{"time":0.6666,"x":3.41,"y":2.94,"curve":[0.25,0,0.75,1]},{"time":1,"x":3.21,"y":2.26,"curve":[0.25,0,0.847,0.76]},{"time":1.3333,"x":3.41,"y":2.94}],"scale":[{"time":0,"x":1,"y":1,"curve":"stepped"},{"time":0.6666,"x":1,"y":1,"curve":"stepped"},{"time":1.3333,"x":1,"y":1}]},"leg2":{"rotate":[{"time":0,"angle":39.33,"curve":[0.25,0,0.625,0.5]},{"time":0.6666,"angle":46.47,"curve":[0.375,0.5,0.75,1]},{"time":1.3333,"angle":39.33}],"translate":[{"time":0,"x":3.69,"y":4.18,"curve":[0.25,0,0.75,1]},{"time":0.3333,"x":3.88,"y":4.8,"curve":[0.25,0,0.75,1]},{"time":1,"x":3.5,"y":3.56,"curve":[0.25,0,0.75,1]},{"time":1.3333,"x":3.69,"y":4.18}],"scale":[{"time":0,"x":1,"y":1,"curve":"stepped"},{"time":1.3333,"x":1,"y":1}]},"yuan1":{"rotate":[{"time":0,"angle":0}],"translate":[{"time":0,"x":0,"y":0}],"scale":[{"time":0,"x":1,"y":1}]},"eyes2":{"rotate":[{"time":0,"angle":0,"curve":"stepped"},{"time":0.6666,"angle":0,"curve":"stepped"},{"time":0.8666,"angle":0,"curve":"stepped"},{"time":1.3333,"angle":0}],"translate":[{"time":0,"x":0,"y":0,"curve":"stepped"},{"time":0.6666,"x":0,"y":0},{"time":0.7666,"x":-2.91,"y":0.88},{"time":0.8666,"x":0,"y":0,"curve":"stepped"},{"time":1.3333,"x":0,"y":0}],"scale":[{"time":0,"x":1,"y":1,"curve":"stepped"},{"time":0.6666,"x":1,"y":1},{"time":0.7666,"x":-0.024,"y":1},{"time":0.8666,"x":1,"y":1,"curve":"stepped"},{"time":1.3333,"x":1,"y":1}]},"eyes":{"rotate":[{"time":0,"angle":0,"curve":"stepped"},{"time":0.6666,"angle":0,"curve":"stepped"},{"time":0.8666,"angle":0,"curve":"stepped"},{"time":1.3333,"angle":0}],"translate":[{"time":0,"x":0,"y":0,"curve":"stepped"},{"time":0.6666,"x":0,"y":0},{"time":0.7666,"x":-2.91,"y":0.88},{"time":0.8666,"x":0,"y":0,"curve":"stepped"},{"time":1.3333,"x":0,"y":0}],"scale":[{"time":0,"x":1,"y":1,"curve":"stepped"},{"time":0.6666,"x":1,"y":1},{"time":0.7666,"x":-0.024,"y":1},{"time":0.8666,"x":1,"y":1,"curve":"stepped"},{"time":1.3333,"x":1,"y":1}]},"mouth":{"rotate":[{"time":0,"angle":0,"curve":[0.148,0.18,0.75,1]},{"time":0.3333,"angle":-2.61,"curve":[0.25,0,0.75,1]},{"time":0.6666,"angle":2.7,"curve":[0.25,0,0.75,1]},{"time":1,"angle":4.01,"curve":[0.25,0,0.879,0.81]},{"time":1.3333,"angle":0}],"translate":[{"time":0,"x":0,"y":0,"curve":"stepped"},{"time":1.3333,"x":0,"y":0}],"scale":[{"time":0,"x":1,"y":1,"curve":"stepped"},{"time":1.3333,"x":1,"y":1}]}},"deform":{"default":{"wing1":{"wing1":[{"time":0,"curve":"stepped"},{"time":1.3333}]}}}},"stand":{"slots":{"wing1":{"attachment":[{"time":0,"name":null},{"time":1.2,"name":null}]},"wing3":{"attachment":[{"time":0,"name":null},{"time":1.2,"name":null}]}},"bones":{"wing3":{"rotate":[{"time":0,"angle":0,"curve":"stepped"},{"time":1.3333,"angle":0}],"translate":[{"time":0,"x":0,"y":0,"curve":"stepped"},{"time":1.3333,"x":0,"y":0}],"scale":[{"time":0,"x":1,"y":1,"curve":"stepped"},{"time":1.3333,"x":1,"y":1}]},"wing1":{"rotate":[{"time":0,"angle":0,"curve":"stepped"},{"time":1.3333,"angle":0}],"translate":[{"time":0,"x":0,"y":0,"curve":"stepped"},{"time":1.3333,"x":0,"y":0}],"scale":[{"time":0,"x":1,"y":1,"curve":"stepped"},{"time":1.3333,"x":1,"y":1}]},"root":{"rotate":[{"time":0,"angle":0,"curve":"stepped"},{"time":1.3333,"angle":0}],"translate":[{"time":0,"x":0,"y":0,"curve":"stepped"},{"time":1.3333,"x":0,"y":0}],"scale":[{"time":0,"x":1,"y":1,"curve":"stepped"},{"time":1.3333,"x":1,"y":1}]},"wing":{"rotate":[{"time":0,"angle":0},{"time":0.6666,"angle":-5.11},{"time":1.3333,"angle":0}],"translate":[{"time":0,"x":0,"y":0,"curve":"stepped"},{"time":1.3333,"x":0,"y":0}],"scale":[{"time":0,"x":1,"y":1,"curve":"stepped"},{"time":1.3333,"x":1,"y":1}]},"body":{"rotate":[{"time":0,"angle":0,"curve":"stepped"},{"time":1.3333,"angle":0}],"translate":[{"time":0,"x":0,"y":0},{"time":0.6666,"x":0,"y":-1.52},{"time":1.3333,"x":0,"y":0}],"scale":[{"time":0,"x":1,"y":1,"curve":"stepped"},{"time":1.3333,"x":1,"y":1}]},"bone":{"rotate":[{"time":0,"angle":0,"curve":[0.178,0.21,0.75,1]},{"time":0.3333,"angle":4.3,"curve":[0.25,0,0.75,1]},{"time":0.6666,"angle":0,"curve":[0.25,0,0.75,1]},{"time":1,"angle":-7.44,"curve":[0.25,0,0.849,0.78]},{"time":1.3333,"angle":0}],"translate":[{"time":0,"x":0,"y":0,"curve":"stepped"},{"time":1.3333,"x":0,"y":0}],"scale":[{"time":0,"x":1,"y":1,"curve":"stepped"},{"time":1.3333,"x":1,"y":1}]},"bone2":{"rotate":[{"time":0,"angle":0,"curve":[0.121,0.17,0.75,1]},{"time":0.3333,"angle":-0.85,"curve":[0.25,0,0.75,1]},{"time":0.6666,"angle":0,"curve":[0.25,0,0.75,1]},{"time":1,"angle":0.73,"curve":[0.155,0.17,0.75,1]},{"time":1.3333,"angle":0}],"translate":[{"time":0,"x":0,"y":0,"curve":[0.25,0,0.625,0.5]},{"time":0.6666,"x":0,"y":-1.51,"curve":[0.375,0.5,0.75,1]},{"time":1.3333,"x":0,"y":0}],"scale":[{"time":0,"x":1,"y":1,"curve":"stepped"},{"time":1.3333,"x":1,"y":1}]},"bag":{"rotate":[{"time":0,"angle":0,"curve":[0.131,0.16,0.75,1]},{"time":0.3333,"angle":2.81,"curve":[0.25,0,0.75,1]},{"time":0.6666,"angle":0,"curve":[0.25,0,0.75,1]},{"time":1,"angle":-1.79,"curve":[0.25,0,0.811,0.76]},{"time":1.3333,"angle":0}],"translate":[{"time":0,"x":0,"y":0,"curve":"stepped"},{"time":1.3333,"x":0,"y":0}],"scale":[{"time":0,"x":1,"y":1,"curve":"stepped"},{"time":1.3333,"x":1,"y":1}]},"bone3":{"rotate":[{"time":0,"angle":0,"curve":"stepped"},{"time":1.3333,"angle":0}],"translate":[{"time":0,"x":0,"y":0,"curve":"stepped"},{"time":1.3333,"x":0,"y":0}],"scale":[{"time":0,"x":1,"y":1,"curve":"stepped"},{"time":1.3333,"x":1,"y":1}]},"bone4":{"rotate":[{"time":0,"angle":0,"curve":"stepped"},{"time":1.3333,"angle":0}],"translate":[{"time":0,"x":0,"y":0,"curve":"stepped"},{"time":1.3333,"x":0,"y":0}],"scale":[{"time":0,"x":1,"y":1,"curve":"stepped"},{"time":1.3333,"x":1,"y":1}]},"bone5":{"rotate":[{"time":0,"angle":0,"curve":"stepped"},{"time":1.3333,"angle":0}],"translate":[{"time":0,"x":0,"y":0,"curve":"stepped"},{"time":1.3333,"x":0,"y":0}],"scale":[{"time":0,"x":1,"y":1,"curve":"stepped"},{"time":1.3333,"x":1,"y":1}]},"wing2":{"rotate":[{"time":0,"angle":0},{"time":0.6666,"angle":-5.15},{"time":1.3333,"angle":0}],"translate":[{"time":0,"x":0,"y":0,"curve":"stepped"},{"time":1.3333,"x":0,"y":0}],"scale":[{"time":0,"x":1,"y":1,"curve":"stepped"},{"time":1.3333,"x":1,"y":1}]},"bone6":{"rotate":[{"time":0,"angle":0,"curve":[0.159,0.21,0.75,1]},{"time":0.3333,"angle":3.91,"curve":[0.25,0,0.75,1]},{"time":0.6666,"angle":0,"curve":[0.25,0,0.75,1]},{"time":1,"angle":-4.9,"curve":[0.25,0,0.787,0.71]},{"time":1.3333,"angle":0}],"translate":[{"time":0,"x":0,"y":0,"curve":"stepped"},{"time":1.3333,"x":0,"y":0}],"scale":[{"time":0,"x":1,"y":1,"curve":"stepped"},{"time":1.3333,"x":1,"y":1}]},"leg":{"rotate":[{"time":0,"angle":0,"curve":"stepped"},{"time":1.3333,"angle":0}],"translate":[{"time":0,"x":0,"y":0},{"time":0.6666,"x":0,"y":1.7},{"time":1.3333,"x":0,"y":0}],"scale":[{"time":0,"x":1,"y":1,"curve":"stepped"},{"time":1.3333,"x":1,"y":1}]},"leg2":{"rotate":[{"time":0,"angle":0,"curve":"stepped"},{"time":1.3333,"angle":0}],"translate":[{"time":0,"x":0,"y":0},{"time":0.6666,"x":0,"y":1.7},{"time":1.3333,"x":0,"y":0}],"scale":[{"time":0,"x":1,"y":1,"curve":"stepped"},{"time":1.3333,"x":1,"y":1}]},"eyes2":{"rotate":[{"time":0,"angle":0,"curve":"stepped"},{"time":1.3333,"angle":0}],"translate":[{"time":0,"x":0,"y":0,"curve":"stepped"},{"time":0.6666,"x":0,"y":0},{"time":0.7666,"x":-3.63,"y":0.01},{"time":0.8666,"x":0,"y":0,"curve":"stepped"},{"time":1.3333,"x":0,"y":0}],"scale":[{"time":0,"x":1,"y":1,"curve":"stepped"},{"time":0.6666,"x":1,"y":1},{"time":0.7666,"x":0.054,"y":1},{"time":0.8666,"x":1,"y":1,"curve":"stepped"},{"time":1.3333,"x":1,"y":1}]},"eyes":{"rotate":[{"time":0,"angle":0,"curve":"stepped"},{"time":1.3333,"angle":0}],"translate":[{"time":0,"x":0,"y":0,"curve":"stepped"},{"time":0.6666,"x":0,"y":0},{"time":0.7666,"x":-3.63,"y":0.01},{"time":0.8666,"x":0,"y":0,"curve":"stepped"},{"time":1.3333,"x":0,"y":0}],"scale":[{"time":0,"x":1,"y":1,"curve":"stepped"},{"time":0.6666,"x":1,"y":1},{"time":0.7666,"x":0.054,"y":1},{"time":0.8666,"x":1,"y":1,"curve":"stepped"},{"time":1.3333,"x":1,"y":1}]},"mouth":{"rotate":[{"time":0,"angle":0},{"time":0.6666,"angle":5.07},{"time":1.3333,"angle":0}],"translate":[{"time":0,"x":0,"y":0,"curve":"stepped"},{"time":1.3333,"x":0,"y":0}],"scale":[{"time":0,"x":1,"y":1,"curve":"stepped"},{"time":1.3333,"x":1,"y":1}]},"yuan1":{"rotate":[{"time":0,"angle":0,"curve":"stepped"},{"time":1.3333,"angle":0}],"translate":[{"time":0,"x":0,"y":0,"curve":"stepped"},{"time":1.3333,"x":0,"y":0}],"scale":[{"time":0,"x":1,"y":1,"curve":[0.25,0,0.75,1]},{"time":0.6666,"x":0.794,"y":1,"curve":[0.25,0,0.75,1]},{"time":1.3333,"x":1,"y":1}]}},"deform":{"default":{"wing1":{"wing1":[{"time":0}]}}}}}},[0]]],0,0,[0],[-1],[0]]