[1,0,0,[],0,[{"_name":"WangHong","_uuid":"2d2c3cc7-1276-4cc1-9d6c-5d59dcf580ed","skeleton":{"width":179.84,"height":157.41,"fps":24,"hash":" ","name":"Armature"},"bones":[{"name":"root"},{"x":-2.1,"y":39.65,"rotation":90,"name":"yao","parent":"root"},{"x":-49,"y":141.2,"name":"icon_sq01","parent":"root"},{"x":43.8,"y":102.6,"name":"icon_sq02","parent":"root"},{"length":15,"x":-0.35,"y":4.25,"rotation":177.1565,"name":"youtui_shang","parent":"yao"},{"length":20,"x":0.4,"y":-6.5,"rotation":179.3556,"name":"zuotui_shang","parent":"yao"},{"inheritScale":false,"length":21,"x":7.95,"rotation":-6.0502,"name":"shenti","parent":"yao","transform":"noScale"},{"inheritScale":false,"length":14,"x":16.318,"y":6.8581,"rotation":168.5443,"name":"youshou_shang","parent":"shenti","transform":"noScale"},{"inheritScale":false,"length":57,"x":22.1399,"y":0.4863,"rotation":3.2478,"name":"tou","parent":"shenti","transform":"noScale"},{"length":16,"x":16.3246,"y":-0.0903,"rotation":10.9986,"name":"youtui_xia","parent":"youtui_shang"},{"inheritScale":false,"length":16,"x":17.9254,"y":-8.3069,"rotation":-157.6401,"name":"zuoshou_shang","parent":"shenti","transform":"noScale"},{"length":17,"x":20.9034,"y":-0.1495,"rotation":1.8879,"name":"zuotui_xia","parent":"zuotui_shang"},{"x":20.31,"y":13.222,"name":"yanjing","parent":"tou"},{"inheritScale":false,"length":14,"x":16.9361,"y":-0.0058,"rotation":15.0864,"name":"youshou_xia","parent":"youshou_shang","transform":"noScale"},{"x":3.6096,"y":13.843,"name":"body_7","parent":"tou"},{"inheritScale":false,"length":14,"x":18.194,"y":0.0423,"rotation":-9.2347,"name":"zuoshou_xia","parent":"zuoshou_shang","transform":"noScale"},{"x":11.3954,"y":14.3243,"name":"head_44","parent":"tou"},{"length":5,"x":23.6524,"y":16.5262,"rotation":35.1029,"name":"head_4","parent":"tou"},{"length":6,"x":23.445,"y":11.5601,"rotation":-46.1427,"name":"head_41","parent":"tou"},{"length":26,"x":48.6425,"y":-48.5398,"rotation":177.9625,"name":"tea1","parent":"youshou_xia"},{"x":-1.7549,"y":-9.1467,"name":"left_eye","parent":"yanjing"},{"x":-1.2597,"y":8.3484,"name":"right_eye","parent":"yanjing"},{"x":4.4593,"y":-7.2406,"name":"head_43","parent":"body_7"},{"x":4.1684,"y":5.8608,"name":"head_42","parent":"body_7"},{"x":20.7596,"y":102.0674,"rotation":92.4195,"name":"cake_m","parent":"youshou_xia"},{"length":26,"x":51.3741,"y":79.4271,"rotation":-90.3589,"name":"saozi","parent":"zuoshou_xia"},{"length":11,"x":26.5792,"y":0.0155,"rotation":-56.1438,"name":"tea111","parent":"tea1"}],"slots":[{"name":"shadow","bone":"root","attachment":"shadow"},{"name":"leftleg_7","bone":"youtui_shang","attachment":"leftleg_7"},{"name":"leftleg_71","bone":"zuotui_shang","attachment":"leftleg_71"},{"name":"head_6","bone":"tou","attachment":"head_6"},{"name":"righthand_7","bone":"youshou_shang","attachment":"righthand_7"},{"name":"tea1","bone":"tea1","attachment":"tea1"},{"name":"body_7","bone":"body_7","attachment":"body_7"},{"name":"cake_m","bone":"cake_m","attachment":"角色文件-吃蛋糕/cake_m"},{"name":"saozi","bone":"saozi","attachment":"角色文件-吃蛋糕/saozi"},{"name":"left_hand_7","bone":"zuoshou_shang","attachment":"left_hand_7"},{"name":"eye_colesd1","bone":"right_eye","attachment":"eye_colesd1"},{"name":"eye_closed2","bone":"left_eye","attachment":"eye_closed2"},{"name":"eye_open2","bone":"left_eye","attachment":"eye_open2"},{"name":"eye_open1","bone":"right_eye","attachment":"eye_open1"},{"name":"icon_sq02","bone":"icon_sq02","attachment":"icon_sq02"},{"name":"head_4","bone":"tou","attachment":"head_4"},{"name":"icon_sq01","bone":"icon_sq01","attachment":"icon_sq01"}],"skins":{"default":{"eye_open2":{"eye_open2":{"name":"eye_open2","width":6,"height":10,"x":0.51,"y":-0.13,"rotation":-87.2,"path":"角色文件-道具(1)/眼睛睁2"}},"eye_closed2":{"eye_closed2":{"name":"eye_closed2","width":6,"height":3,"x":4.09,"y":-1.12,"rotation":92.15,"path":"角色文件-道具(1)/闭眼2"}},"head_6":{"head_6":{"name":"head_6","width":68,"height":66,"hull":4,"path":"角色文件-道具(1)/头部_4","type":"mesh","triangles":[8,2,4,0,23,1,20,17,1,23,20,1,4,2,3,19,5,3,5,4,3,18,19,3,1,17,3,17,18,3,20,15,17,16,19,18,17,15,18,15,16,18,20,14,15,16,5,19,14,6,16,6,5,16,14,16,15,0,22,23,6,4,5,20,13,14,13,6,14,11,12,22,22,12,13,7,4,6,13,7,6,22,13,20,23,22,20,13,25,7,7,8,4,25,8,7,12,25,13,21,11,22,12,24,25,24,26,25,26,9,8,9,2,8,25,26,8,24,9,26,0,21,22,12,9,24,11,10,12,12,10,9,10,2,9,2,10,11,21,2,11,0,2,21],"uvs":[0,0,1,0,0,1,1,1,0.4877,0.93547,0.57741,0.92032,0.54358,0.88092,0.47079,0.89153,0.34432,0.93698,0.19138,0.85895,0.12152,0.75138,0.11344,0.58092,0.19799,0.73623,0.43844,0.75744,0.57447,0.72941,0.69799,0.71274,0.69799,0.78016,0.82594,0.65138,0.85167,0.79532,0.73255,0.91729,0.54432,0.44835,0.11638,0.4241,0.23917,0.35289,0.44652,0.3332,0.25902,0.82259,0.35314,0.8241,0.31197,0.87107],"edges":[0,2,2,6,4,6,4,0],"vertices":[59.02,36.19,62.35,-31.73,-6.9,32.97,-3.57,-34.95,-1.02,0.05,0.28,-5.99,2.76,-3.57,1.82,1.34,-1.6,9.79,3.04,20.43,9.9,25.52,21.11,26.62,11.15,20.37,10.55,3.97,12.85,-5.17,14.36,-13.51,9.92,-13.73,18.83,-22,9.43,-24.21,0.99,-16.52,31.28,-2.22,31.45,26.92,36.56,18.81,38.54,4.79,5.66,15.95,5.87,9.55,2.64,12.2]}},"left_hand_7":{"left_hand_7":{"name":"left_hand_7","width":9,"height":28,"hull":10,"path":"角色文件0303-2/左手_7","type":"mesh","triangles":[0,8,6,8,5,7,5,9,7,8,7,4,6,8,4,0,6,1,7,9,3,9,2,3],"uvs":[0,0,1,0,0,1,1,1,1,0.35219,0,0.4336,1,0.21844,1,0.39967,0,0.34253,0,0.53182],"edges":[0,2,2,12,4,6,4,18,6,14,8,12,8,14,10,16,10,18,16,0],"vertices":[1,10,5.4,-1.65,1,1,10,7.93,6.99,1,1,15,15.43,-7.18,1,1,15,16.54,1.77,1,2,15,-2.57,4.14,0.5,10,16.32,4.54,0.5,1,15,-0.29,-5.21,1,2,15,-4.63,4.38,0.25,10,14.33,5.11,0.75,2,15,-0.13,3.83,0.75,10,18.68,3.84,0.25,2,10,14.62,-4.34,0.75,15,-2.82,-4.9,0.25,2,10,19.71,-5.83,0.25,15,2.43,-5.55,0.75]}},"leftleg_7":{"leftleg_7":{"name":"leftleg_7","width":11,"height":35,"hull":12,"path":"角色文件0303-2/右腿_7","type":"mesh","triangles":[9,2,11,8,6,10,11,2,3,9,11,7,6,9,7,10,6,7,0,4,1,8,10,5,4,8,5,1,4,5],"uvs":[0,0,1,0,0,1,1,1,0,0.11,1,0.12429,0,0.42143,1,0.43571,0,0.36,0,0.48286,1,0.38286,1,0.50857],"edges":[0,2,2,10,4,6,4,18,6,22,8,16,10,20,12,16,12,18,14,20,14,22,8,0],"vertices":[1,1,0.24,8.91,1,1,1,0.24,-2.09,1,1,9,17.39,-6.29,1,1,9,18.95,4.6,1,2,1,-3.61,8.91,0.95,4,3.49,-4.49,0.05,2,1,-4.11,-2.09,0.96,4,3.44,6.52,0.04,2,4,14.37,-3.95,0.5,9,-2.65,-3.42,0.5,2,4,14.33,7.06,0.5,9,-0.6,7.4,0.5,2,4,12.23,-4.06,0.75,9,-4.78,-3.11,0.25,2,9,-0.52,-3.72,0.75,4,16.52,-3.85,0.25,2,4,12.48,6.97,0.75,9,-2.43,7.66,0.25,2,9,1.93,7.04,0.75,4,16.87,7.19,0.25]}},"cake_m":{"角色文件-吃蛋糕/cake_m":{"name":"角色文件-吃蛋糕/cake_m","width":40,"height":26,"x":0.58,"y":8.1}},"shadow":{"shadow":{"name":"shadow","width":53,"height":12,"x":1.49,"y":4.89,"path":"角色文件0303-2/椭圆_1_拷贝_10"}},"leftleg_71":{"leftleg_71":{"name":"leftleg_71","width":14,"height":39,"hull":10,"path":"角色文件0303-2/左腿_7","type":"mesh","triangles":[13,10,11,13,11,9,9,11,3,9,3,5,9,5,6,12,9,6,7,12,6,1,0,6,0,7,6,8,13,9,12,8,9,4,2,13,13,2,10,4,13,8,4,8,12,7,4,12],"uvs":[0,0,1,0,0,1,1,1,0,0.52308,1,0.52308,1,0.13718,0,0.15128,0.22857,0.51795,0.89643,0.53846,0.4,1,0.81429,1,0.20357,0.47692,0.25,0.57436],"edges":[0,2,2,12,4,8,4,20,6,10,6,22,8,14,10,12,20,22,14,0],"vertices":[1,1,-0.27,-1,1,1,1,-1.53,-14.95,1,1,11,18.42,-9.03,1,1,11,19.98,4.88,1,2,11,-0.07,-6.95,0.49,5,21.06,-7.09,0.51,2,11,1.5,6.96,0.49,5,22.17,6.86,0.51,2,1,-6.86,-14.46,0.83,5,7.17,8.04,0.17,2,1,-6.14,-0.47,0.83,5,6.61,-5.96,0.17,2,11,0.09,-3.75,0.49,5,21.12,-3.89,0.51,2,11,1.93,5.45,0.49,5,22.65,5.37,0.51,1,11,19.04,-3.46,1,1,11,19.69,2.3,1,2,5,19.5,-4.11,0.94,11,-1.54,-3.91,0.06,2,11,2.31,-3.7,0.94,5,23.33,-3.77,0.06]}},"eye_open1":{"eye_open1":{"name":"eye_open1","width":5,"height":9,"x":0.06,"y":-0.52,"rotation":-87.2,"path":"角色文件-道具(1)/眼睛睁1"}},"head_4":{"head_4":{"name":"head_4","width":68,"height":66,"hull":21,"path":"角色文件-发怒表情/头部_4","type":"mesh","triangles":[1,51,17,51,52,17,52,2,17,60,3,2,53,60,2,52,53,2,50,51,18,60,4,3,18,51,1,5,60,6,0,50,18,60,5,4,52,42,53,53,54,60,54,55,60,60,55,6,55,7,6,8,7,55,51,40,52,40,42,52,42,54,53,56,8,55,54,36,55,36,56,55,16,50,0,38,36,54,35,54,42,41,35,42,44,43,40,43,39,40,39,42,40,51,44,40,35,38,54,39,41,42,50,44,51,16,48,50,56,9,8,50,49,44,49,43,44,36,57,56,10,9,56,57,10,56,38,37,36,37,57,36,48,49,50,34,37,38,39,34,41,41,34,35,34,38,35,46,45,49,49,45,43,57,11,10,32,37,34,28,34,39,45,28,39,45,39,43,28,30,34,58,11,57,37,58,57,32,33,37,30,31,34,48,46,49,33,58,37,31,32,34,58,12,11,16,20,48,48,47,46,46,27,45,13,12,58,21,13,58,33,59,58,29,30,28,45,27,28,27,29,28,59,21,58,47,27,46,20,47,48,23,33,32,30,25,31,23,32,31,25,23,31,29,25,30,21,14,13,23,59,33,20,15,47,25,22,23,23,22,59,14,21,59,22,14,59,26,24,29,29,24,25,24,22,25,47,26,27,26,29,27,15,26,47,19,24,26,24,14,22,19,14,24,15,19,26],"uvs":[0.45588,0,0.91913,0.13636,0.9648,0.72727,0.92647,0.90401,0.69265,0.99998,0.61765,0.93707,0.6125,0.93429,0.52343,0.98324,0.49429,0.9755,0.4379,0.99236,0.38567,0.99998,0.31194,0.98297,0.26907,0.99998,0.21103,0.99998,0.06103,0.92836,0,0.42424,0.20588,0.10455,0.99999,0.42031,0.70362,0.00002,0.00001,0.66804,0.06675,0.23848,0.1786,0.94451,0.11257,0.81931,0.17451,0.81164,0.06724,0.70555,0.13436,0.7094,0.08235,0.54191,0.13851,0.55255,0.27209,0.60813,0.14782,0.63579,0.22069,0.67266,0.22736,0.73154,0.22537,0.79227,0.20899,0.83928,0.30652,0.73981,0.40794,0.74316,0.4385,0.84103,0.3051,0.88734,0.42123,0.7929,0.36412,0.62209,0.5332,0.56637,0.40871,0.69312,0.5166,0.66689,0.36487,0.56261,0.4443,0.49725,0.2836,0.55881,0.24591,0.49543,0.13112,0.45771,0.24457,0.33828,0.32541,0.41516,0.4316,0.35078,0.51192,0.47033,0.5798,0.56486,0.59285,0.71231,0.53024,0.7654,0.56167,0.85215,0.44385,0.91072,0.33285,0.93171,0.25478,0.9151,0.19076,0.87985,0.62372,0.81238],"edges":[0,32,2,34,2,36,4,6,4,34,6,8,8,10,10,12,12,14,14,16,16,18,18,20,20,22,22,24,24,26,26,28,28,38,30,38,30,40,32,40,36,0],"vertices":[1,8,61.07,6.22,1,1,8,53.63,-25.78,1,1,8,14.52,-31.64,1,1,8,2.65,-27.52,1,1,8,-4.06,-13.08,1,1,8,-0.18,-7.59,1,1,8,-0.65,-5.01,1,1,8,-3.48,-2.59,1,1,8,-3.93,0.54,1,1,8,-4.29,3.77,1,1,8,-4.94,7.81,1,1,8,-4.26,12.44,1,1,8,-5.38,15.7,1,1,8,-5.68,19.63,1,1,8,-1.37,30.05,1,1,8,32.09,35.86,1,1,8,53.31,23.71,1,1,8,35.31,-32.67,1,1,8,61.86,-10.52,1,1,8,14.62,34.99,1,1,8,44.03,32.49,1,1,8,-2.14,21.82,1,1,8,5.48,26.75,1,2,8,6.22,22.93,0.9,23,-1.56,3.23,0.1,1,8,12.66,30.41,1,2,8,13.03,25.97,0.89,21,-6.02,4.4,0.11,1,8,24.14,30.07,1,1,21,4.52,4.81,1,1,21,1.2,-4.16,1,1,21,-1.04,3.84,1,1,21,-3.3,-1.08,1,2,23,4.1,0,0.17,16,0.49,5.38,0.83,1,23,0.06,-0.2,1,2,14,1.13,6.51,0.88,23,-3.04,0.65,0.12,1,16,0.1,0.05,1,2,16,0.19,-5.9,0.92,22,3.52,1.82,0.08,2,14,1.51,-8.39,0.91,22,-2.95,-1.15,0.09,1,14,-1.75,-0.14,1,1,22,0.23,0.46,1,1,20,0.99,7.29,1,1,20,5.32,-4.41,1,1,20,-3.61,4.27,1,1,20,-1.49,-3.24,1,1,18,0.11,-0.03,1,1,18,7.23,-0.46,1,1,17,0.08,0.31,1,1,17,4.99,0.22,1,1,8,29.99,27.2,1,1,8,37.99,20.23,1,1,8,33.17,14.44,1,1,8,37.78,7.21,1,1,8,30.15,1.38,1,1,8,24.14,-3.62,1,1,8,14.5,-5.05,1,4,8,10.63,-0.78,0.980663,22,2.56,-7.38,0.009793,20,-7.92,-4.86,0.006929,16,-0.76,-15.11,0.002615,1,8,4.8,-2.27,1,2,14,-2.89,-9.5,0.03,8,0.72,4.34,0.97,2,8,-0.84,11.62,0.96,14,-4.45,-2.22,0.04,2,8,-0.05,16.92,0.98,14,-3.65,3.07,0.02,2,14,-1.57,7.53,0.03,8,2.04,21.38,0.97,1,8,8.01,-7.47,1]}},"icon_sq02":{"icon_sq02":{"name":"icon_sq02","width":23,"height":24,"x":1.62,"y":0.33}},"eye_colesd1":{"eye_colesd1":{"name":"eye_colesd1","width":7,"height":3,"x":2.93,"y":0.66,"rotation":87.04,"path":"角色文件-道具(1)/闭眼1"}},"tea1":{"tea1":{"name":"tea1","width":23,"height":35,"hull":10,"path":"奶茶图标及厨师制作完成/奶茶1","type":"mesh","triangles":[6,0,7,9,8,7,0,9,7,4,3,5,3,6,5,1,0,6,2,1,6,3,2,6],"uvs":[0,0.35286,0.23478,0.17,0.43043,0.08,0.72174,0,0.93913,0,0.94783,0.12571,0.71739,0.18857,0.99565,0.36,1,1,0,1],"edges":[0,2,2,4,4,6,6,8,8,10,10,12,12,14,14,16,16,18,18,0],"vertices":[1,19,19.43,11.42,1,2,19,26.23,6.54,0.82,26,-5.61,3.34,0.18,1,26,-0.14,3.88,1,1,26,7.07,3.03,1,1,26,11.42,0.58,1,1,26,9.44,-3.36,1,2,19,26.45,-4.58,0.55,26,3.74,-2.67,0.45,1,19,20.96,-11.43,1,1,19,-1.36,-13.27,1,1,19,-3.15,9.66,1]}},"saozi":{"角色文件-吃蛋糕/saozi":{"name":"角色文件-吃蛋糕/saozi","width":30,"height":7,"x":13.98,"y":-0.68,"rotation":173.28}},"icon_sq01":{"icon_sq01":{"name":"icon_sq01","width":33,"height":34,"x":1.61,"y":-2.29}},"body_7":{"body_7":{"name":"body_7","width":32,"height":41,"hull":6,"path":"角色文件0303-2/身体_7","type":"mesh","triangles":[15,2,3,9,7,1,0,9,1,7,6,4,6,5,4,15,3,4,5,15,4,1,7,4,14,2,15,6,13,5,9,6,7,9,8,6,13,15,5,13,12,15,12,14,15,8,12,13,8,13,6,9,10,8,10,11,8,11,12,8,11,14,12,0,10,9,11,10,14,10,2,14],"uvs":[0,0,1,0,0,1,1,1,1,0.3939,0.76406,0.52073,0.69531,0.28171,0.87656,0.17561,0.31875,0.26951,0.20313,0.14024,0,0.4,0.15625,0.46707,0.24219,0.49878,0.68125,0.48659,0.18906,0.63293,0.74062,0.64268],"edges":[0,2,2,8,4,6,4,20,6,8,20,0],"vertices":[1,6,23.79,15.5,1,1,6,27.16,-16.32,1,1,1,-7.76,12.91,1,1,1,-7.76,-19.09,1,2,10,10.01,6.39,0.53,6,11.1,-18.02,0.47,1,10,12.88,-2.32,1,2,6,14.65,-7.84,0.99,10,2.85,-1.68,0.01,2,6,19.58,-13.15,0.8,10,0.31,5.11,0.2,2,6,13.88,4.2,0.98,7,1.87,3.09,0.02,1,6,18.76,8.43,1,1,7,10.04,-5.02,1,2,7,11.89,1.9,0.37,6,4.29,7.35,0.63,2,6,4.27,5.64,0.98,7,11.57,3.59,0.02,2,6,6.25,-8.28,0.98,10,10.79,-4.47,0.02,2,6,-1.38,6.75,0.5,1,7.29,6.86,0.5,2,6,0.08,-10.84,0.5,1,6.89,-10.79,0.5]}},"righthand_7":{"righthand_7":{"name":"righthand_7","width":7,"height":23,"hull":10,"path":"角色文件0303-2/右手_7","type":"mesh","triangles":[9,2,7,7,2,3,8,4,6,4,9,6,8,6,1,0,8,1,6,9,5,9,7,5],"uvs":[0,0,1,0,0,1,1,1,0,0.19348,1,0.25217,1,0.19348,1,0.31087,0,0.13696,0,0.24783],"edges":[0,2,2,12,4,6,4,18,6,14,8,16,8,18,10,12,10,14,16,0],"vertices":[1,7,8.88,-5.02,1,1,7,6.93,1.34,1,1,13,16.61,-2.01,1,1,13,16.31,4.98,1,2,13,-1.92,-2.79,0.5,7,15.81,-3.2,0.5,2,13,-0.87,4.26,0.5,7,14.99,3.88,0.5,2,13,-2.22,4.2,0.12,7,13.7,3.47,0.88,2,13,0.48,4.31,0.82,7,16.28,4.28,0.18,2,13,-3.22,-2.85,0.15,7,14.57,-3.59,0.85,2,13,-0.67,-2.74,0.81,7,17,-2.83,0.19]}}}},"animations":{"stand":{"bones":{"yao":{"translate":[{"time":0,"x":10.86,"y":-6.36}]},"shenti":{"rotate":[{"time":0,"angle":0},{"time":0.625,"angle":-0.28},{"time":1.25,"angle":0},{"time":1.9167,"angle":-0.28},{"time":2.5,"angle":0},{"time":3,"angle":1.25},{"time":3.4167,"angle":-1.27},{"time":4.8334,"angle":-0.24},{"time":5.1667,"angle":0}],"scale":[{"time":0,"x":1,"y":1},{"time":0.625,"x":1.03,"y":1.03},{"time":1.25,"x":1,"y":1},{"time":1.9167,"x":1.03,"y":1.03},{"time":2.5,"x":1,"y":1}],"shear":[{"time":0},{"time":0.625},{"time":1.25},{"time":1.9167},{"time":2.5},{"time":3},{"time":3.4167},{"time":4.8334},{"time":5.1667}]},"tou":{"translate":[{"time":0},{"time":2.5},{"time":3.5,"x":-0.19,"y":-0.02},{"time":4.1667,"x":0.09,"y":0.01},{"time":5.1667,"x":0.09,"y":0.01},{"time":5.8334}],"rotate":[{"time":0,"angle":-3.99},{"time":0.3333,"angle":-2.06},{"time":0.875,"angle":-4.8},{"time":1.25,"angle":-3.99},{"time":1.5417,"angle":-2.06},{"time":2.125,"angle":-2.12},{"time":2.5,"angle":-3.99},{"time":3,"angle":-5.58},{"time":3.5,"angle":6.41},{"time":3.75,"angle":-23.04},{"time":4.1667,"angle":-14.08},{"time":5.1667,"angle":0.26},{"time":5.8334,"angle":-3.99}],"shear":[{"time":0},{"time":0.3333},{"time":0.875},{"time":1.25},{"time":1.5417},{"time":2.125},{"time":2.5},{"time":3},{"time":3.5},{"time":3.75},{"time":4.1667},{"time":5.1667},{"time":5.8334}]},"youtui_shang":{"rotate":[{"time":0,"angle":-13.71}],"shear":[{"time":0}]},"youtui_xia":{"rotate":[{"time":0,"angle":24.62}],"shear":[{"time":0}]},"zuotui_shang":{"rotate":[{"time":0,"angle":-59.69}],"shear":[{"time":0}]},"zuotui_xia":{"rotate":[{"time":0,"angle":21.21}],"shear":[{"time":0}]},"youshou_shang":{"rotate":[{"time":0,"angle":0.05},{"time":2.5,"angle":0.05},{"time":3.0417,"angle":-22.4},{"time":3.1667,"angle":-72.16},{"time":3.4584,"angle":-72.16},{"time":3.7917,"angle":-85.68},{"time":3.9584,"angle":-90.38},{"time":4.0834,"angle":-75.5},{"time":4.4584,"angle":-34.67},{"time":4.6251,"angle":-11.12},{"time":4.7918,"angle":0.05}],"shear":[{"time":0},{"time":2.5},{"time":3.0417},{"time":3.1667},{"time":3.4584},{"time":3.7917},{"time":3.9584},{"time":4.0834},{"time":4.4584},{"time":4.6251},{"time":4.7918}]},"youshou_xia":{"rotate":[{"time":0,"angle":0},{"time":2.5,"angle":0},{"time":3.0417,"angle":-133.32},{"time":3.1667,"angle":-144.41},{"time":3.4584,"angle":-144.41},{"time":3.6667,"angle":-86.09},{"time":3.9584,"angle":-58.25},{"time":4.0834,"angle":-71.19},{"time":4.4584,"angle":-77.07},{"time":4.6251,"angle":-24.79},{"time":4.7918,"angle":0}],"shear":[{"time":0},{"time":2.5},{"time":3.0417},{"time":3.1667},{"time":3.4584},{"time":3.6667},{"time":3.9584},{"time":4.0834},{"time":4.4584},{"time":4.6251},{"time":4.7918}]},"zuoshou_shang":{"rotate":[{"time":0,"angle":22.86}],"scale":[{"time":0,"x":1,"y":1.18}],"shear":[{"time":0}]},"zuoshou_xia":{"rotate":[{"time":0,"angle":-87.02}],"scale":[{"time":0,"x":1,"y":1.18}],"shear":[{"time":0}]},"left_eye":{"translate":[{"time":0},{"time":1.6667},{"time":1.7084,"x":-4.83,"y":-0.43},{"time":1.7917},{"time":3.125},{"time":3.1667,"x":3.46,"y":0.25},{"time":3.5834,"x":3.46,"y":0.25},{"time":3.6251}],"rotate":[{"time":0,"angle":0},{"time":3.125,"angle":0},{"time":3.1667,"angle":-179.5},{"time":3.5834,"angle":-179.5},{"time":3.6251,"angle":0}],"shear":[{"time":0},{"time":3.125},{"time":3.1667},{"time":3.5834},{"time":3.6251}]},"right_eye":{"translate":[{"time":0},{"time":1.6667},{"time":1.7084,"x":-4.83,"y":-0.43},{"time":1.7917},{"time":3.125},{"time":3.1667,"x":3.46,"y":0.25},{"time":3.5834,"x":3.46,"y":0.25},{"time":3.6251}],"rotate":[{"time":0,"angle":0},{"time":3.125,"angle":0},{"time":3.1667,"angle":-179.5},{"time":3.5834,"angle":-179.5},{"time":3.6251,"angle":0}],"shear":[{"time":0},{"time":3.125},{"time":3.1667},{"time":3.5834},{"time":3.6251}]},"icon_sq01":{"translate":[{"time":0},{"time":5.8333,"x":211.33},{"time":7.8333}]}},"slots":{"shadow":{"color":[{"time":0,"color":"FFFFFF00"}]},"eye_open2":{"color":[{"time":0,"color":"FFFFFFFF"},{"time":1.6667,"color":"FFFFFFFF"},{"time":1.7084,"color":"FFFFFF00"},{"time":1.7917,"color":"FFFFFFFF"},{"time":3.125,"color":"FFFFFFFF"},{"time":3.1667,"color":"FFFFFF00"},{"time":3.5834,"color":"FFFFFF00"},{"time":3.6251,"color":"FFFFFFFF"}]},"eye_open1":{"color":[{"time":0,"color":"FFFFFFFF"},{"time":1.6667,"color":"FFFFFFFF"},{"time":1.7084,"color":"FFFFFF00"},{"time":1.7917,"color":"FFFFFFFF"},{"time":3.125,"color":"FFFFFFFF"},{"time":3.1667,"color":"FFFFFF00"},{"time":3.5834,"color":"FFFFFF00"},{"time":3.6251,"color":"FFFFFFFF"}]},"head_4":{"color":[{"time":0,"color":"FFFFFF00"}]},"icon_sq01":{"color":[{"time":0,"color":"FFFFFF00"}]},"icon_sq02":{"color":[{"time":0,"color":"FFFFFF00"}]},"tea1":{"color":[{"time":0,"color":"FFFFFF00"}]},"cake_m":{"color":[{"time":0,"color":"FFFFFF00"}]},"saozi":{"color":[{"time":0,"color":"FFFFFF00"}]}}},"move":{"bones":{"yao":{"translate":[{"time":0},{"time":0.2917,"y":1.35},{"time":0.5834,"x":-0.47},{"time":0.8751,"y":1.35},{"time":1.1668}],"rotate":[{"time":0,"angle":0},{"time":0.2917,"angle":2.39},{"time":0.5834,"angle":-1.81},{"time":0.8751,"angle":1.86},{"time":1.1668,"angle":0}],"shear":[{"time":0},{"time":0.2917},{"time":0.5834},{"time":0.8751},{"time":1.1668}]},"zuotui_shang":{"rotate":[{"time":0,"angle":8.18},{"time":0.3333,"angle":-35.89},{"time":0.5833,"angle":-18.55},{"time":1.1666,"angle":8.18}],"shear":[{"time":0},{"time":0.3333},{"time":0.5833},{"time":1.1666}]},"shenti":{"rotate":[{"time":0,"angle":0},{"time":0.2917,"angle":-5},{"time":0.5834,"angle":0.72},{"time":0.8751,"angle":-2.19},{"time":1.1668,"angle":0}],"shear":[{"time":0},{"time":0.2917},{"time":0.5834},{"time":0.8751},{"time":1.1668}]},"youtui_shang":{"translate":[{"time":0,"x":-5.96,"y":1.3},{"time":0.2083,"x":-4.13,"y":-2.44},{"time":0.5833,"x":-4.7,"y":-1.02},{"time":1.1666,"x":-5.96,"y":1.3}],"rotate":[{"time":0,"angle":-22.4},{"time":0.2083,"angle":-2.32},{"time":0.5833,"angle":25.05},{"time":0.8333,"angle":-18.15},{"time":1.1666,"angle":-22.4}],"shear":[{"time":0},{"time":0.2083},{"time":0.5833},{"time":0.8333},{"time":1.1666}]},"zuoshou_shang":{"rotate":[{"time":0,"angle":-23.72},{"time":0.5833,"angle":13.92},{"time":1.1666,"angle":-23.72}],"shear":[{"time":0},{"time":0.5833},{"time":1.1666}]},"youtui_xia":{"rotate":[{"time":0,"angle":-11.32},{"time":0.2083,"angle":-15.1},{"time":0.5833,"angle":-1.01},{"time":0.8333,"angle":73.3},{"time":1.1666,"angle":-11.32}],"shear":[{"time":0},{"time":0.2083},{"time":0.5833},{"time":0.8333},{"time":1.1666}]},"zuotui_xia":{"rotate":[{"time":0,"angle":-2.3},{"time":0.3333,"angle":87.52},{"time":0.5833,"angle":0},{"time":1.1666,"angle":-2.3}],"shear":[{"time":0},{"time":0.3333},{"time":0.5833},{"time":1.1666}]},"tou":{"rotate":[{"time":0,"angle":-4.34},{"time":0.2917,"angle":-1.05},{"time":0.5834,"angle":-3.03},{"time":0.8751,"angle":-3.94},{"time":1.1668,"angle":-4.34}],"shear":[{"time":0},{"time":0.2917},{"time":0.5834},{"time":0.8751},{"time":1.1668}]},"youshou_shang":{"translate":[{"time":0},{"time":0.25,"x":0.57,"y":0.07},{"time":0.5833},{"time":0.9166,"x":0.38,"y":0.05},{"time":1.1666}],"rotate":[{"time":0,"angle":-29.29},{"time":0.25,"angle":-27.19},{"time":0.5833,"angle":-29.29},{"time":0.9166,"angle":-27.46},{"time":1.1666,"angle":-29.29}],"scale":[{"time":0,"x":1,"y":1.18}],"shear":[{"time":0},{"time":0.25},{"time":0.5833},{"time":0.9166},{"time":1.1666}]},"zuoshou_xia":{"rotate":[{"time":0,"angle":-9.92},{"time":0.5833,"angle":7.71},{"time":1.1666,"angle":-9.92}],"shear":[{"time":0},{"time":0.5833},{"time":1.1666}]},"youshou_xia":{"rotate":[{"time":0,"angle":79.56},{"time":0.25,"angle":75.82},{"time":0.5833,"angle":79.56},{"time":0.9166,"angle":75.73},{"time":1.1666,"angle":79.56}],"scale":[{"time":0,"x":1,"y":1.18}],"shear":[{"time":0},{"time":0.25},{"time":0.5833},{"time":0.9166},{"time":1.1666}]},"left_eye":{"translate":[{"time":0},{"time":0.4167},{"time":0.4584,"x":-3.83,"y":-0.75},{"time":0.5001}]},"right_eye":{"translate":[{"time":0},{"time":0.4167},{"time":0.4584,"x":-3.83,"y":-0.75},{"time":0.5001}]}},"slots":{"shadow":{"color":[{"time":0,"color":"FFFFFF7F"}]},"eye_open2":{"color":[{"time":0,"color":"FFFFFFFF"},{"time":0.4167,"color":"FFFFFFFF"},{"time":0.4584,"color":"FFFFFF00"},{"time":0.5001,"color":"FFFFFFFF"}]},"eye_open1":{"color":[{"time":0,"color":"FFFFFFFF"},{"time":0.4167,"color":"FFFFFFFF"},{"time":0.4584,"color":"FFFFFF00"},{"time":0.5417,"color":"FFFFFFFF"}]},"head_4":{"color":[{"time":0,"color":"FFFFFF00"}]},"icon_sq01":{"color":[{"time":0,"color":"FFFFFF00"}]},"icon_sq02":{"color":[{"time":0,"color":"FFFFFF00"}]},"tea1":{"color":[{"time":0,"color":"FFFFFF00"}]},"cake_m":{"color":[{"time":0,"color":"FFFFFF00"}]},"saozi":{"color":[{"time":0,"color":"FFFFFF00"}]}}},"angry":{"bones":{"yao":{"translate":[{"time":0},{"time":0.2083,"x":1.21},{"time":0.4166}]},"zuotui_shang":{"translate":[{"time":0,"y":1.44},{"time":0.2083,"y":2.65},{"time":0.4166,"y":1.44}],"rotate":[{"time":0,"angle":1.39}],"shear":[{"time":0}]},"shenti":{"translate":[{"time":0},{"time":0.2083,"y":-0.64},{"time":0.4166}],"scale":[{"time":0,"x":1,"y":1},{"time":0.2083,"x":1.14,"y":1.23},{"time":0.4166,"x":1,"y":1}]},"youtui_shang":{"rotate":[{"time":0,"angle":-13.51},{"time":0.2083,"angle":-15.29},{"time":0.4166,"angle":-13.51}],"shear":[{"time":0},{"time":0.2083},{"time":0.4166}]},"zuoshou_shang":{"rotate":[{"time":0,"angle":29.38},{"time":0.2083,"angle":20.24},{"time":0.4166,"angle":29.38}],"shear":[{"time":0},{"time":0.2083},{"time":0.4166}]},"youtui_xia":{"rotate":[{"time":0,"angle":43.62},{"time":0.2083,"angle":43.3},{"time":0.4166,"angle":43.62}],"shear":[{"time":0},{"time":0.2083},{"time":0.4166}]},"tou":{"rotate":[{"time":0,"angle":-9.35},{"time":0.0833,"angle":-10.88},{"time":0.2916,"angle":-3.25},{"time":0.4166,"angle":-9.35}],"shear":[{"time":0},{"time":0.0833},{"time":0.2916},{"time":0.4166}]},"youshou_shang":{"rotate":[{"time":0,"angle":-31.89},{"time":0.2083,"angle":-25.13},{"time":0.4166,"angle":-31.89}],"shear":[{"time":0},{"time":0.2083},{"time":0.4166}]},"yanjing":{"translate":[{"time":0},{"time":0.2083,"x":0.6,"y":0.08},{"time":0.4166}]},"youshou_xia":{"rotate":[{"time":0,"angle":84.23},{"time":0.2083,"angle":76.82},{"time":0.4166,"angle":84.23}],"shear":[{"time":0},{"time":0.2083},{"time":0.4166}]},"zuoshou_xia":{"rotate":[{"time":0,"angle":-82.08},{"time":0.2083,"angle":-76.67},{"time":0.4166,"angle":-82.08}],"shear":[{"time":0},{"time":0.2083},{"time":0.4166}]},"left_eye":{"scale":[{"time":0,"x":1,"y":1},{"time":0.2083,"x":1.16,"y":1.16},{"time":0.4166,"x":1,"y":1}]},"right_eye":{"scale":[{"time":0,"x":1,"y":1},{"time":0.2083,"x":1.18,"y":1.18},{"time":0.4166,"x":1,"y":1}]},"head_4":{"rotate":[{"time":0,"angle":0},{"time":0.2083,"angle":14.68},{"time":0.4166,"angle":0}],"scale":[{"time":0,"x":1,"y":1},{"time":0.2083,"x":1.07,"y":1.07},{"time":0.4166,"x":1,"y":1}],"shear":[{"time":0},{"time":0.2083},{"time":0.4166}]},"head_41":{"rotate":[{"time":0,"angle":0},{"time":0.2083,"angle":-14.8},{"time":0.4166,"angle":0}],"shear":[{"time":0},{"time":0.2083},{"time":0.4166}]},"body_7":{"translate":[{"time":0},{"time":0.0833,"x":-1.68,"y":-0.32},{"time":0.2083,"x":6.27,"y":1.06},{"time":0.2916},{"time":0.3749,"x":3.41,"y":0.69},{"time":0.4166}],"rotate":[{"time":0,"angle":0},{"time":0.0833,"angle":-1.14},{"time":0.2083,"angle":-19.91},{"time":0.2916,"angle":21.27},{"time":0.3749,"angle":10.64},{"time":0.4166,"angle":0}],"shear":[{"time":0},{"time":0.0833},{"time":0.2083},{"time":0.2916},{"time":0.3749},{"time":0.4166}]},"head_42":{"translate":[{"time":0},{"time":0.0833,"x":0.67,"y":2.78},{"time":0.2083,"x":-4.77,"y":-1.82},{"time":0.2916,"x":0.32,"y":-0.21},{"time":0.3749,"x":-3.08,"y":-1.7},{"time":0.4166}],"rotate":[{"time":0,"angle":0},{"time":0.0833,"angle":0},{"time":0.2916,"angle":-43.56},{"time":0.3749,"angle":-21.78},{"time":0.4166,"angle":0}],"shear":[{"time":0},{"time":0.0833},{"time":0.2916},{"time":0.3749},{"time":0.4166}]},"head_43":{"translate":[{"time":0},{"time":0.0833,"x":0.14,"y":-2.06},{"time":0.2083,"x":-2.89,"y":1.91},{"time":0.2916,"x":-1.77,"y":-1.34},{"time":0.3749,"x":-4.68,"y":3.41},{"time":0.4166}]},"head_44":{"rotate":[{"time":0,"angle":0},{"time":0.0833,"angle":0},{"time":0.1666,"angle":13.78},{"time":0.2083,"angle":-2.8},{"time":0.25,"angle":8.26},{"time":0.2917,"angle":-0.69},{"time":0.375,"angle":11.68},{"time":0.4167,"angle":0}],"shear":[{"time":0},{"time":0.0833},{"time":0.1666},{"time":0.2083},{"time":0.25},{"time":0.2917},{"time":0.375},{"time":0.4167}]},"icon_sq01":{"translate":[{"time":0,"x":35.74,"y":-40.37},{"time":0.125,"x":23.9,"y":-20.18},{"time":0.2083,"x":-0.86,"y":1.67},{"time":0.3333,"x":-6.33,"y":9.85}],"scale":[{"time":0,"x":0.01,"y":0.01},{"time":0.2083,"x":1,"y":1},{"time":0.3333,"x":1.25,"y":1.25}]},"icon_sq02":{"translate":[{"time":0,"x":-24.02,"y":-4.05},{"time":0.125,"x":-23.12,"y":-1.79},{"time":0.25,"x":-2.88,"y":19.44},{"time":0.4167,"x":3.92,"y":24.14}],"scale":[{"time":0,"x":0.01,"y":0.01},{"time":0.125,"x":0.01,"y":0.01},{"time":0.25,"x":1,"y":1},{"time":0.4167,"x":1.25,"y":1.25}]}},"slots":{"shadow":{"color":[{"time":0,"color":"FFFFFF00"}]},"icon_sq01":{"color":[{"time":0,"color":"FFFFFF00"},{"time":0.2083,"color":"FFFFFFFF"},{"time":0.3333,"color":"FFFFFF00"}]},"icon_sq02":{"color":[{"time":0,"color":"FFFFFF00"},{"time":0.125,"color":"FFFFFF00"},{"time":0.25,"color":"FFFFFFFF"},{"time":0.4167,"color":"FFFFFF00"}]},"tea1":{"color":[{"time":0,"color":"FFFFFF00"}]},"cake_m":{"color":[{"time":0,"color":"FFFFFF00"}]},"saozi":{"color":[{"time":0,"color":"FFFFFF00"}]}}},"drink":{"bones":{"yao":{"translate":[{"time":0,"x":10.86,"y":-6.36}]},"shenti":{"rotate":[{"time":0,"angle":0.31}],"scale":[{"time":0,"x":1,"y":1},{"time":0.5833,"x":1,"y":0.9},{"time":2.4166,"x":1,"y":1.05},{"time":3.7499,"x":1,"y":1}],"shear":[{"time":0}]},"tou":{"rotate":[{"time":0,"angle":-14.42},{"time":0.5833,"angle":6.8},{"time":0.8333,"angle":10.18},{"time":2.4166,"angle":-2.68},{"time":2.7499,"angle":-12.38},{"time":3.4166,"angle":-13.74},{"time":3.7499,"angle":-14.42}],"shear":[{"time":0},{"time":0.5833},{"time":0.8333},{"time":2.4166},{"time":2.7499},{"time":3.4166},{"time":3.7499}]},"youtui_shang":{"rotate":[{"time":0,"angle":-13.71}],"shear":[{"time":0}]},"youtui_xia":{"rotate":[{"time":0,"angle":24.62}],"shear":[{"time":0}]},"zuotui_shang":{"rotate":[{"time":0,"angle":-59.69}],"shear":[{"time":0}]},"zuotui_xia":{"rotate":[{"time":0,"angle":21.21}],"shear":[{"time":0}]},"youshou_shang":{"rotate":[{"time":0,"angle":-9.55},{"time":0.5833,"angle":-5.91},{"time":3.4166,"angle":-9.07},{"time":3.7499,"angle":-9.55}],"shear":[{"time":0},{"time":0.5833},{"time":3.4166},{"time":3.7499}]},"youshou_xia":{"rotate":[{"time":0,"angle":-39.34}],"shear":[{"time":0}]},"zuoshou_shang":{"rotate":[{"time":0,"angle":-21.09}],"scale":[{"time":0,"x":1,"y":1.18}],"shear":[{"time":0}]},"zuoshou_xia":{"rotate":[{"time":0,"angle":-16.26}],"scale":[{"time":0,"x":1,"y":1.18}],"shear":[{"time":0}]},"left_eye":{"translate":[{"time":0},{"time":2.75},{"time":2.7917,"x":-4.57,"y":1.63},{"time":3.3334,"x":-4.57,"y":1.63},{"time":3.4167}]},"tea1":{"translate":[{"time":0,"x":-37.07,"y":46.79}],"rotate":[{"time":0,"angle":53.66},{"time":0.5833,"angle":50.68},{"time":3.4166,"angle":53.27},{"time":3.7499,"angle":53.66}],"scale":[{"time":0,"x":1,"y":1},{"time":0.5833,"x":1,"y":1},{"time":2.4166,"x":1,"y":0.88},{"time":2.4999,"x":1,"y":1}],"shear":[{"time":0},{"time":0.5833},{"time":3.4166},{"time":3.7499}]},"tea111":{"rotate":[{"time":0,"angle":0},{"time":0.5833,"angle":0},{"time":0.8333,"angle":-5.09},{"time":2.5,"angle":0}],"scale":[{"time":0,"x":1,"y":1},{"time":0.5833,"x":1,"y":1},{"time":2.4166,"x":1.31,"y":1},{"time":2.4999,"x":1,"y":1}],"shear":[{"time":0},{"time":0.5833},{"time":0.8333},{"time":2.5}]}},"slots":{"shadow":{"color":[{"time":0,"color":"FFFFFF00"}]},"eye_open2":{"color":[{"time":0,"color":"FFFFFFFF"},{"time":2.75,"color":"FFFFFFFF"},{"time":2.7917,"color":"FFFFFF00"},{"time":3.3334,"color":"FFFFFF00"},{"time":3.4167,"color":"FFFFFFFF"}]},"head_4":{"color":[{"time":0,"color":"FFFFFF00"}]},"icon_sq01":{"color":[{"time":0,"color":"FFFFFF00"}]},"icon_sq02":{"color":[{"time":0,"color":"FFFFFF00"}]},"cake_m":{"color":[{"time":0,"color":"FFFFFF00"}]},"saozi":{"color":[{"time":0,"color":"FFFFFF00"}]}}},"eat":{"bones":{"yao":{"translate":[{"time":0,"x":10.86,"y":-6.36}]},"shenti":{"rotate":[{"time":0,"angle":0.31},{"time":0.3333,"angle":-2.49},{"time":0.5,"angle":-3.53},{"time":1.25,"angle":0.22},{"time":2.2917,"angle":0.31}],"scale":[{"time":0,"x":1,"y":1},{"time":0.3333,"x":1,"y":1},{"time":1.25,"x":1.03,"y":1},{"time":1.9583,"x":0.98,"y":1.02},{"time":2.2916,"x":1,"y":1}],"shear":[{"time":0},{"time":0.3333},{"time":0.5},{"time":1.25},{"time":2.2917}]},"tou":{"translate":[{"time":0},{"time":0.5,"x":-0.49,"y":-0.05},{"time":1.1667,"x":-1.06,"y":-0.11},{"time":1.9584,"x":-0.08,"y":-0.01},{"time":2.2917}],"rotate":[{"time":0,"angle":-14.42},{"time":0.5,"angle":-8.96},{"time":0.7917,"angle":-0.26},{"time":1.1667,"angle":-8.31},{"time":1.4167,"angle":-4.17},{"time":1.9584,"angle":-17.58},{"time":2.2917,"angle":-14.42}],"shear":[{"time":0},{"time":0.5},{"time":0.7917},{"time":1.1667},{"time":1.4167},{"time":1.9584},{"time":2.2917}]},"youtui_shang":{"rotate":[{"time":0,"angle":-13.71}],"shear":[{"time":0}]},"youtui_xia":{"rotate":[{"time":0,"angle":24.62}],"shear":[{"time":0}]},"zuotui_shang":{"rotate":[{"time":0,"angle":-59.69}],"shear":[{"time":0}]},"zuotui_xia":{"rotate":[{"time":0,"angle":21.21}],"shear":[{"time":0}]},"youshou_shang":{"rotate":[{"time":0,"angle":-6.87}],"shear":[{"time":0}]},"youshou_xia":{"rotate":[{"time":0,"angle":-65.24}],"shear":[{"time":0}]},"zuoshou_shang":{"rotate":[{"time":0,"angle":3.87},{"time":0.3333,"angle":-51.56},{"time":0.5,"angle":-54.7},{"time":0.7917,"angle":-34.72},{"time":1.25,"angle":-42.09},{"time":1.5417,"angle":-38.25},{"time":1.9584,"angle":-20.25},{"time":2.2917,"angle":3.87}],"scale":[{"time":0,"x":1,"y":1.18}],"shear":[{"time":0},{"time":0.3333},{"time":0.5},{"time":0.7917},{"time":1.25},{"time":1.5417},{"time":1.9584},{"time":2.2917}]},"zuoshou_xia":{"rotate":[{"time":0,"angle":-136.76},{"time":0.3333,"angle":-91.07},{"time":0.5,"angle":-96.62},{"time":0.7917,"angle":-138.08},{"time":1.25,"angle":-118.63},{"time":1.9583,"angle":-114.22},{"time":2.2916,"angle":-136.76}],"scale":[{"time":0,"x":1,"y":1.18}],"shear":[{"time":0},{"time":0.3333},{"time":0.5},{"time":0.7917},{"time":1.25},{"time":1.9583},{"time":2.2916}]},"yanjing":{"translate":[{"time":0},{"time":0.5},{"time":0.8333,"x":-0.83,"y":-0.57},{"time":1.6666,"x":-1.67,"y":-1.07},{"time":1.9999,"x":0.71,"y":-0.27},{"time":2.2916}]},"tea1":{"translate":[{"time":0,"x":-37.07,"y":46.79}],"rotate":[{"time":0,"angle":53.66}],"shear":[{"time":0}]},"cake_m":{"translate":[{"time":0,"x":-9.07,"y":-101.47}],"rotate":[{"time":0,"angle":73.42}],"shear":[{"time":0}]},"saozi":{"translate":[{"time":0,"x":-40.84,"y":-81.16},{"time":0.5,"x":-38.76,"y":-78.62},{"time":0.7917,"x":-38.88,"y":-79.98},{"time":1.25,"x":-39.23,"y":-78.64},{"time":1.5417,"x":-39.33,"y":-78.9},{"time":2.2917,"x":-40.84,"y":-81.16}],"rotate":[{"time":0,"angle":121.29},{"time":0.5,"angle":136.45},{"time":0.7917,"angle":111.15},{"time":1.25,"angle":81.21},{"time":1.5417,"angle":79.12},{"time":1.9584,"angle":132.07},{"time":2.2917,"angle":121.29}],"scale":[{"time":0,"x":0.7,"y":0.7}],"shear":[{"time":0},{"time":0.5},{"time":0.7917},{"time":1.25},{"time":1.5417},{"time":1.9584},{"time":2.2917}]}},"slots":{"shadow":{"color":[{"time":0,"color":"FFFFFF00"}]},"head_4":{"color":[{"time":0,"color":"FFFFFF00"}]},"icon_sq01":{"color":[{"time":0,"color":"FFFFFF00"}]},"icon_sq02":{"color":[{"time":0,"color":"FFFFFF00"}]},"tea1":{"color":[{"time":0,"color":"FFFFFF00"}]}},"deform":{"default":{"left_hand_7":{"left_hand_7":[{"time":0,"offset":8,"vertices":[4.37,-1.65,4.33,-0.38,0,0,2.13,1.17]},{"time":0.5,"vertices":[3.32,1.07,0.54,4.2,0,0,0,0,2.49,-0.6,2.79,-1.24,0.58,-0.12,0,0,-0.31,0.27]},{"time":0.7917,"vertices":[0.39,0.2,1.62,2.07,0,0,0,0,3.95,-0.95,4.41,-1.96,0.92,-0.19,2.37,0.06,-0.49,0.42]},{"time":1.25,"offset":2,"vertices":[0.9,2.37,0,0,0,0,2.26,-0.92,4.16,-1.33,0,0,1.87,-0.42]},{"time":2.2917,"offset":8,"vertices":[4.37,-1.65,4.33,-0.38,0,0,2.13,1.17]}]},"head_6":{"head_6":[{"time":0,"offset":53,"vertices":[0]},{"time":0.7917,"offset":53,"vertices":[0]},{"time":1.0417,"offset":12,"vertices":[1.44,0.18,1.33,1.2,1.87,0.67,0.6,-0.98,0.15,-1.96,-0.2,-0.94,-2.29,-1.89,-2.08,1.85,-0.46,1.46,-0.16,0.98,-0.1,0.6,0,0,0,0,0,0,0,0,0,0,0,0,0,0,0.34,-2.58,0.09,1.18,2.09,-0.23]},{"time":1.3334,"offset":14,"vertices":[1.33,0.4,0.68,0.45,0.51,-0.27,0.02,-0.14,0,0,-0.12,-0.03,0.2,-0.1,-0.1,0.22,0,0,0,0,0,0,0,0,0,0,0,0,0,0,0,0,0,0,0.26,-1.68,-0.05,-0.38,1.52,-0.23]},{"time":1.5417,"offset":12,"vertices":[1.44,0.18,1.33,1.2,1.87,0.67,0.6,-0.98,0.15,-1.96,-0.2,-0.94,-2.29,-1.89,-2.08,1.85,-0.46,1.46,-0.16,0.98,-0.1,0.6,0,0,0,0,0,0,0,0,0,0,0,0,0,0,0.34,-2.58,0.09,1.18,2.09,-0.23]},{"time":1.8334,"offset":53,"vertices":[0]}]}}}}}}],[-1],0,[],[],[]]