[1,["e4JRINqxtFxqkUM13HgJED"],0,[["sp.SkeletonData",["_name","_atlasText","textureNames","_skeletonJson","textures"],-1,3]],[[0,0,1,2,3,4,5]],[[0,"nv1","\nnv1.png\nsize: 512,128\nformat: RGBA8888\nfilter: Linear,Linear\nrepeat: none\nbody2\n  rotate: false\n  xy: 382, 45\n  size: 75, 80\n  orig: 75, 80\n  offset: 0, 0\n  index: -1\nbody5\n  rotate: false\n  xy: 459, 50\n  size: 49, 75\n  orig: 49, 75\n  offset: 0, 0\n  index: -1\neyes1\n  rotate: true\n  xy: 15, 1\n  size: 9, 13\n  orig: 9, 13\n  offset: 0, 0\n  index: -1\neyes2\n  rotate: true\n  xy: 0, 0\n  size: 10, 13\n  orig: 10, 13\n  offset: 0, 0\n  index: -1\nhair6\n  rotate: false\n  xy: 0, 12\n  size: 103, 113\n  orig: 103, 113\n  offset: 0, 0\n  index: -1\nhair7\n  rotate: false\n  xy: 105, 14\n  size: 103, 111\n  orig: 103, 111\n  offset: 0, 0\n  index: -1\nhands5\n  rotate: true\n  xy: 354, 6\n  size: 17, 50\n  orig: 17, 50\n  offset: 0, 0\n  index: -1\nhands6\n  rotate: true\n  xy: 303, 4\n  size: 19, 49\n  orig: 19, 49\n  offset: 0, 0\n  index: -1\nhead\n  rotate: true\n  xy: 210, 13\n  size: 112, 91\n  orig: 112, 91\n  offset: 0, 0\n  index: -1\nhead5\n  rotate: false\n  xy: 303, 44\n  size: 77, 81\n  orig: 77, 81\n  offset: 0, 0\n  index: -1\nleg5\n  rotate: true\n  xy: 382, 25\n  size: 18, 40\n  orig: 18, 40\n  offset: 0, 0\n  index: -1\nleg6\n  rotate: true\n  xy: 406, 4\n  size: 19, 40\n  orig: 19, 40\n  offset: 0, 0\n  index: -1\nyuan6\n  rotate: false\n  xy: 303, 25\n  size: 62, 17\n  orig: 62, 17\n  offset: 0, 0\n  index: -1\n",["nv1.png"],{"skeleton":{"hash":"aneEfXaS2V2DLUnoW138cGn/y6c","spine":"3.3.07","width":103,"height":172.35,"images":"./images/"},"bones":[{"name":"root"},{"name":"bone","parent":"root","x":5.62,"y":-13.46},{"name":"body","parent":"bone","length":32.3,"rotation":87.03,"x":-6.25,"y":67.9},{"name":"bone2","parent":"body","length":15.82,"rotation":-106.35,"x":28.1,"y":-6.35},{"name":"hands1","parent":"bone2","length":21.77,"rotation":-67.1,"x":14.76,"y":1.27},{"name":"bone3","parent":"hands1","length":12.81,"rotation":-6.17,"x":21.77},{"name":"bone4","parent":"bone3","length":10.11,"rotation":-1.79,"x":12.81},{"name":"bone5","parent":"body","length":11.07,"rotation":104.08,"x":27.23,"y":2.92},{"name":"hands2","parent":"bone5","length":22.97,"rotation":74.04,"x":12.1,"y":-1.78},{"name":"bone6","parent":"hands2","length":11.68,"rotation":0.08,"x":22.97},{"name":"bone7","parent":"bone6","length":9.7,"rotation":-6.77,"x":11.68},{"name":"bone8","parent":"bone","length":17.38,"rotation":-87.64,"x":-5.89,"y":64.69},{"name":"bone9","parent":"bone8","length":18.06,"rotation":-6.39,"x":17.44,"y":-7.93},{"name":"bone10","parent":"bone9","length":14.2,"rotation":4.03,"x":18.06},{"name":"bone11","parent":"bone10","length":7.67,"rotation":-83.65,"x":14.2},{"name":"bone12","parent":"bone8","length":18.69,"rotation":1.54,"x":16.92,"y":10.54},{"name":"bone13","parent":"bone12","length":14.65,"rotation":-7.21,"x":18.69},{"name":"bone14","parent":"bone13","length":10.44,"rotation":-80.85,"x":14.65},{"name":"head","parent":"body","length":32.23,"rotation":4.47,"x":32.37,"y":4.95},{"name":"hair6","parent":"head","length":30.38,"rotation":177.1,"x":55.26,"y":-13.72},{"name":"bone15","parent":"hair6","length":32.66,"rotation":-12.32,"x":18.8,"y":-19.2},{"name":"bone16","parent":"bone15","length":22.79,"rotation":8.51,"x":32.66},{"name":"bone17","parent":"bone16","length":16.7,"rotation":-8.19,"x":24.08,"y":0.11},{"name":"bone18","parent":"hair6","length":25.02,"rotation":15.7,"x":16.42,"y":15.31},{"name":"bone19","parent":"bone18","length":24.16,"rotation":-7.57,"x":25.02},{"name":"bone20","parent":"bone19","length":20.61,"rotation":1.89,"x":24.16},{"name":"bone21","parent":"head","length":16.74,"rotation":-57.81,"x":51.05,"y":-35.75},{"name":"bone22","parent":"bone21","length":15.58,"rotation":-9.24,"x":16.74},{"name":"bone23","parent":"bone8","length":11.68,"rotation":-11.51,"x":9.64,"y":-12.79},{"name":"bone24","parent":"bone23","length":8.63,"rotation":-3.27,"x":11.68},{"name":"bone25","parent":"bone8","length":12.39,"rotation":-2.35,"x":18.7,"y":-0.63},{"name":"bone26","parent":"bone8","length":12.67,"rotation":9.5,"x":11.15,"y":14.93},{"name":"bone27","parent":"bone26","length":8.01,"rotation":-3.85,"x":12.67},{"name":"bone28","parent":"head","length":12.59,"rotation":33.48,"x":62.75,"y":26.39},{"name":"bone29","parent":"bone28","length":12.77,"rotation":11.64,"x":12.59},{"name":"bone30","parent":"body","length":20.26,"rotation":152.55,"x":-5.58,"y":9.79,"color":"ff0022ff"},{"name":"bone31","parent":"bone30","length":11.97,"rotation":-5.54,"x":20.26,"color":"ff0022ff"},{"name":"bone32","parent":"body","length":17.85,"rotation":-177.03,"x":-6.75,"y":-4.34,"color":"ff0022ff"},{"name":"bone33","parent":"bone32","length":14.83,"rotation":-2.93,"x":18.04,"color":"ff0022ff"},{"name":"bone34","parent":"body","length":19,"rotation":-136.49,"x":-5.67,"y":-17.79,"color":"ff0022ff"},{"name":"bone35","parent":"bone34","length":12.59,"rotation":-17.45,"x":19,"color":"ff0022ff"},{"name":"eyes1","parent":"head","x":22.49,"y":14.93},{"name":"eyes2","parent":"head","x":21.75,"y":-7.39},{"name":"yuan6","parent":"root","length":46.33,"x":5.05,"y":1.11}],"slots":[{"name":"hair7","bone":"root"},{"name":"hair6","bone":"hair6","attachment":"2"},{"name":"hands2","bone":"hands2","attachment":"hands6"},{"name":"cloth4","bone":"bone8"},{"name":"yuan6","bone":"yuan6","attachment":"yuan6"},{"name":"leg1","bone":"bone9","attachment":"leg6"},{"name":"leg2","bone":"bone12","attachment":"leg5"},{"name":"body","bone":"body","attachment":"2"},{"name":"hands1","bone":"hands1","attachment":"hands5"},{"name":"head","bone":"head","attachment":"2"},{"name":"eyes2","bone":"eyes2","attachment":"eyes2"},{"name":"eyes1","bone":"eyes1","attachment":"eyes1"}],"skins":{"default":{"eyes1":{"eyes1":{"x":2.3,"y":-0.15,"rotation":-91.5,"width":9,"height":13}},"eyes2":{"eyes2":{"x":1.45,"y":-0.29,"rotation":-91.5,"width":10,"height":13}},"hands1":{"hands5":{"type":"mesh","hull":11,"width":17,"height":50,"uvs":[1,0.43249,0.83655,0.73549,1,0.81023,1,1,0,1,0,0.79407,0.2662,0.69307,0.24838,0.46279,0,0.44259,0,0,1,0,0.5692,0.72539,0.60485,0.41027],"triangles":[4,5,6,1,2,3,3,4,11,11,6,7,11,12,1,11,1,3,4,6,11,12,9,10,12,10,0,7,8,9,12,7,9,12,11,7,1,12,0],"vertices":[2,4,17,6.95,0.98788,5,-5.49,6.4,0.01211,2,5,9.77,4.31,0.81263,6,-3.18,4.21,0.18736,3,4,35.84999,5.77,0,5,13.37,7.25,0.27004,6,0.33,7.27,0.72994,2,4,45.32,5.17999,0,6,9.79,8,0.99999,3,4,44.26,-11.78,0,5,23.62,-9.29,0.00038,6,11.09,-8.93999,0.99961,3,4,33.98,-11.13,0,5,13.34,-9.75,0.32042,6,0.83,-9.72999,0.67957,2,5,8.09,-5.46,0.89374,6,-4.55,-5.61,0.10625,2,4,17.70999,-5.89,0.92578,5,-3.39,-6.29,0.07421,2,4,16.44,-10.04,0.99684,5,-4.21,-10.55,0.00315,1,4,-5.64,-8.66,1,1,4,-4.58,8.3,1,1,5,9.47,-0.24,1,1,4,15.47,0.32,1],"edges":[6,8,18,20,16,18,0,20,16,14,14,12,8,10,12,10,4,6,4,2,2,0,22,24]}},"hands2":{"hands6":{"type":"mesh","hull":11,"width":19,"height":49,"uvs":[1,0.16798,1,0.48593,0.59144,1,0,1,0,0.77287,0.17144,0.73022,0.20144,0.48206,0,0.45879,0,0.16798,0.43144,0,0.83144,0,0.72144,0.76899,0.79144,0.50532,0.50144,0.48206,0.40144,0.76512],"triangles":[2,11,1,2,3,14,3,4,5,3,5,14,2,14,11,14,13,11,5,6,14,11,12,1,11,13,12,14,6,13,1,12,0,0,12,10,9,13,6,9,6,8,12,13,10,13,9,10,8,6,7],"vertices":[1,8,2.08999,9.1,1,2,8,17.61,10.41,0.87317,9,-5.34,10.42,0.12682,1,10,8.1,5.77,1,1,10,10.34,-5.23,1,2,9,10.24,-7.34,0.50506,10,-0.55,-7.45,0.49492,2,9,7.89,-4.26,0.87269,10,-3.25,-4.67999,0.12729,2,8,18.70999,-4.71,0.98308,9,-4.26,-4.71,0.01691,1,8,17.89,-8.62,1,1,8,3.69,-9.83,1,1,8,-5.19,-2.34999,1,1,8,-5.83,5.21,1,3,8,31.88,6.31,0.00203,9,8.92,6.3,0.75113,10,-3.48,5.93,0.24682,2,8,18.9,6.54,0.81949,9,-4.06,6.55,0.1805,1,8,18.21999,0.96,1,1,9,9.22999,0.22,1],"edges":[14,12,12,10,6,8,10,8,4,6,4,22,22,24,24,2,14,16,16,18,18,20,2,0,20,0,2,4,26,28]}},"leg1":{"leg6":{"type":"mesh","hull":15,"width":19,"height":40,"uvs":[1,0.22751,1,0.35222,1,0.56876,1,0.74897,1,1,0.47407,1,0,1,0,0.8151,0.15328,0.74897,0.14749,0.57996,0.14118,0.39535,0.13631,0.2366,0.12907,0,0.56486,0,1,0,0.57091,0.41547,0.52854,0.7461,0.56827,0.23412,0.55285,0.55643],"triangles":[5,16,4,6,8,5,6,7,8,18,2,3,16,3,4,5,8,16,8,9,16,16,18,3,16,9,18,9,10,18,18,15,2,15,1,2,18,10,15,10,17,15,15,17,1,10,11,17,17,0,1,11,13,17,11,12,13,17,13,0,13,14,0],"vertices":[2,12,5.08,8.21,1,14,-11.98,-25.4,0,2,12,10.06,8.56,0.77877,13,-7.37,9.10999,0.22122,2,12,18.7,9.17,0.26019,13,1.28,9.10999,0.7398,3,12,25.89,9.68,0.01571,13,8.49,9.10999,0.98343,14,-9.68,-4.66,0.00085,2,13,18.53,9.10999,0.11361,14,-8.57,5.3,0.88638,2,13,18.53,-0.88,0.1504,14,1.35,4.19999,0.84959,1,14,10.3,3.21,1,2,13,11.13,-9.88,0.10531,14,9.47999,-4.13,0.89468,3,12,27.02,-6.36,0.0054,13,8.49,-6.97,0.85569,14,6.3,-6.44,0.1389,2,12,20.29,-6.94,0.25172,13,1.73,-7.08,0.74827,3,12,12.93,-7.58,0.79439,13,-5.65,-7.2,0.2056,14,4.96,-20.53,0,3,12,6.6,-8.12,0.9727,13,-12,-7.29,0.02729,14,4.35,-26.85,0,2,12,-2.82,-8.92,0.99999,14,3.45,-36.27,0,2,12,-3.4,-0.66,1,14,-4.77,-35.34999,0,1,12,-3.98,7.57,1,2,12,13.16,0.61,0.83999,13,-4.84,0.95,0.16,1,13,8.37,0.15,1,2,12,5.93,0.05,1,14,-3.8,-26.04,0,2,12,18.81,0.66,0.27199,13,0.79,0.61,0.728],"edges":[12,14,16,14,8,10,10,12,8,6,24,26,26,28,20,22,22,24,26,34,34,30,22,34,2,0,0,28,34,0,16,18,18,20,30,36,36,32,18,36,2,4,4,6,36,4]}},"leg2":{"leg5":{"type":"mesh","hull":16,"width":18,"height":40,"uvs":[1,0.23242,1,0.38593,1,0.56577,1,0.74818,1,0.85455,1,1,0.55333,1,0,1,0,0.8373,0.17639,0.7453,0.15132,0.5747,0.12528,0.39743,0.12807,0.22388,0.13166,0,0.61722,0,1,0,0.59805,0.38305,0.56611,0.7338,0.58298,0.54851,0.60629,0.21849],"triangles":[18,2,3,6,9,17,17,3,4,17,18,3,9,10,17,17,10,18,6,17,4,7,9,6,7,8,9,6,4,5,10,11,18,18,16,2,16,1,2,18,11,16,11,12,16,16,19,1,19,0,1,16,12,19,19,14,0,14,15,0,12,13,19,19,13,14],"vertices":[1,15,6.96,7.11,1,2,15,13.09,6.69,0.6762,16,-6.4,5.93,0.32379,2,15,20.26,6.2,0.29793,16,0.77,6.35,0.70205,2,15,27.54,5.7,0.00069,16,8.06,6.77,0.9993,2,17,-7.3,-1.19,0.69488,16,12.3,7.01,0.30511,2,17,-6.71,4.58,0.88799,16,18.11,7.35,0.112,2,17,1.28,3.77,0.88519,16,18.58,-0.66,0.1148,2,17,11.19,2.76,0.99938,16,19.15,-10.61,0.00061,2,17,10.53,-3.71,0.95581,16,12.66,-10.98,0.04418,3,15,26.42,-9.07,0.02376,17,7,-7.05,0.1946,16,8.8,-8.03,0.78163,2,15,19.58,-9.06,0.67462,16,2.01,-8.87,0.32537,2,15,12.47,-9.04,0.67855,16,-5.03,-9.75,0.32144,2,15,5.55,-8.52,0.97665,16,-11.96,-10.1,0.02334,1,15,-3.37,-7.85,1,1,15,-2.77,0.86,1,1,15,-2.31,7.74,1,2,15,12.48,-0.51,0.71999,16,-6.1,-1.29,0.28,2,17,-0.02,-6.79,0.02801,16,7.93,-1.04999,0.97198,3,15,19.06,-1.23,0.52826,17,-1.07,-14.13,0.01321,16,0.52,-1.17999,0.45851,1,15,5.92,0.07,1],"edges":[14,16,16,18,26,28,28,30,6,8,8,10,10,12,12,14,18,20,20,22,22,24,24,26,2,0,0,30,2,4,4,6,32,36,36,34,28,38,38,32]}},"yuan6":{"yuan6":{"x":-4.87,"y":-0.69,"width":62,"height":17}}},"V0":{"body":{"2":{"name":"body5","type":"mesh","hull":20,"width":49,"height":75,"uvs":[0.80628,0.05336,1,0.13795,1,0.26691,1,0.46069,1,0.64234,1,0.82815,1,0.9585,0.85509,1,0.67681,1,0.43485,1,0.1929,1,0,0.96543,0,0.90858,0.05224,0.78674,0.06056,0.61027,0.06443,0.48361,0.06443,0.27081,0.15362,0.07321,0.32035,0,0.62587,0,0.29381,0.46199,0.61772,0.4686,0.28115,0.15943,0.70376,0.15612,0.24066,0.5678,0.23813,0.73809,0.2027,0.90508,0.48107,0.56284,0.46336,0.74636,0.43299,0.92657,0.6987,0.56119,0.70882,0.75628,0.70882,0.89516],"triangles":[10,11,26,11,12,26,8,32,7,6,7,5,7,32,5,32,31,5,31,4,5,31,30,4,32,8,29,9,10,29,10,26,29,32,29,28,29,8,9,26,25,29,12,13,26,26,13,25,13,14,25,25,24,28,32,28,31,29,25,28,31,28,27,28,24,27,30,3,4,27,21,30,21,23,2,23,22,19,23,20,22,19,22,18,14,15,24,3,21,2,24,15,20,27,20,21,15,16,20,21,20,23,24,20,27,30,21,3,16,22,20,25,14,24,31,27,30,23,0,2,0,1,2,23,19,0,16,17,22,22,17,18],"vertices":[4,3,7.19,9.3,0.96116,2,35,-15.87,0.03883,30,-56.06,17.17,0,31,-46.46,11.72,0,1,3,18.24,6.46,1,4,3,21.44,-2.66,0.71204,2,19.5,-26.18,0.23093,30,-40.05,26.66,0,31,-28.84,17.71999,0.05701,1,2,4.98999,-26.93,1,4,3,30.76,-29.23,0.03655,2,-8.60999,-27.64,0.03244,30,-11.89,26.66,0,31,-1.28,11.93,0.931,2,31,12.35,9.07,0.57819,32,-0.92,9.02,0.4218,3,30,11.81,26.66,0,31,21.92,7.06,0.04824,32,8.75,7.66,0.95175,1,32,10.84,0.2,1,4,11,34.06,9.57,0.02611,30,14.93,10.83,0.35975,31,21.71,-9.07,0.00525,32,9.63,-8.43999,0.60887,4,7,11.41,63.19,0,2,-36.83,-1.37,0,28,21.35,15.09,0.01739,30,14.93,-1.02,0.9826,6,7,23.04,60.9,0,2,-37.45,10.46,0.00002,28,23.24,3.38,0.18232,30,14.93,-12.88,0.11365,31,16.83,-32.28,0,29,11.35,4.04,0.704,6,7,31.82,56.54,0,2,-35.34999,20.03,0.00004,28,22.18,-6.35,0.21165,30,12.33,-22.33,0.00429,31,12.35,-40.99,0,29,10.85,-5.74,0.78399,5,7,31,52.35,0,2,-31.09,20.25,0.00009,28,17.96999,-7.03,0.50388,31,8.18,-40.12,0,29,6.69,-6.66,0.49599,2,28,8.55,-5.96,1,31,-0.22,-35.74,0,5,7,23.77,30.97,0.00525,2,-8.59,18.45,0.68885,11,3.62,-19.39,0.00087,28,-4.57,-7.66,0.30501,31,-13.09,-32.62,0,1,2,0.9,18.75,1,3,7,18.68,6.02,0.62282,2,16.83,19.57,0.37717,31,-37.97,-27.2,0,3,7,11.54,-7.67,0.99947,2,31.86,15.98,0.00052,31,-51.58,-19.87999,0,4,7,2.46,-11.48,0.27995,2,37.77,8.1,0.72004,30,-60.06,-6.63,0,31,-55.27,-10.75,0,4,3,-2.47,10.14999,0.195,2,38.54,-6.84,0.80499,30,-60.06,8.33,0,31,-52.19,3.89,0,1,2,3.1,7.61,1,1,2,3.42,-8.26,1,2,7,6.65,-0.12,0.648,2,25.73,9.39999,0.35199,2,3,5,0.37,0.72799,2,27.05,-11.26,0.272,5,7,14.5,29.55,0.00509,2,-4.94999,9.8,0.87548,11,0.8,-10.43999,0.02756,28,-9.12,0.52999,0.09184,31,-14.4,-23.33,0,4,11,13.56,-11.09,0.1095,28,3.49,2.44,0.79929,30,-4.71,-10.66,0.0912,31,-1.92,-26.07,0,6,7,21.2,54.01,0,2,-30.31,10.34,0.00006,28,16.12999,2.72,0.55031,30,7.81,-12.39,0.17761,31,9.97,-30.34,0,29,4.29,2.97,0.272,2,2,-3.97,-1.94,0.528,11,0.91,1.33,0.472,2,11,14.63,-0.09,0.99381,28,2.34999,13.44,0.00618,4,7,10.43999,57.77,0,2,-31.34,-1,0,28,15.93,14.12,0.02365,30,9.42,-1.11,0.97634,5,3,14.82,-28.37,0.01446,2,-3.3,-12.58,0.69902,11,1.23,11.99,0.14347,30,-17.96999,11.9,0,31,-10.27,-1.26,0.14303,2,11,15.87,11.89,0.06549,31,4.14,-3.78,0.9345,4,11,26.27,11.46,0.08721,30,7.06,12.39,0.16835,31,14.34,-5.92,0.18163,32,2.06,-5.79,0.56278],"edges":[36,34,34,32,32,30,30,28,28,26,26,24,22,24,22,20,18,20,16,18,14,16,14,12,12,10,10,8,8,6,6,4,4,2,2,0,36,38,0,38,30,40,40,42,42,6,48,50,50,52,54,56,56,58,60,62,62,64]}},"hair6":{"2":{"name":"hair6","type":"mesh","hull":21,"width":103,"height":113,"uvs":[0.8201,0.08623,0.89402,0.33828,0.9214,0.53044,1,0.64773,1,0.82492,0.91592,0.91725,0.90771,1,0.72153,1,0.60654,0.92724,0.50798,0.81993,0.39847,0.92973,0.30538,1,0.11099,1,0.0973,0.86734,0,0.8349,0,0.68766,0.09183,0.58285,0.09456,0.39318,0.14111,0.16359,0.34371,0,0.72153,0,0.50251,0.17857,0.34097,0.37821,0.30812,0.56039,0.26979,0.74256,0.22872,0.8898,0.64761,0.35575,0.71058,0.54292,0.75986,0.73009,0.80367,0.86984,0.50524,0.56039],"triangles":[25,13,24,10,25,24,12,13,25,11,25,10,12,25,11,15,16,24,13,14,15,24,13,15,9,24,30,9,10,24,17,18,22,23,17,22,23,22,30,16,17,23,24,16,23,24,23,30,29,28,4,8,9,28,5,29,4,29,8,28,7,8,29,6,29,5,7,29,6,27,1,2,28,27,2,28,2,3,28,9,30,28,30,27,28,3,4,21,22,18,21,19,20,0,26,21,0,21,20,26,0,1,21,18,19,22,21,26,27,26,1,30,22,26,30,26,27],"vertices":[1,19,-12.14,29.76,1,2,19,16.12999,38.06,0.50852,24,-21.87,19.26,0.49147,3,19,37.77,41.41,0.04186,24,0.02,19.51,0.93265,25,-23.48,20.29,0.02548,2,24,14.13,25.99,0.7946,25,-9.16,26.3,0.20539,3,19,70.83999,50.31,0,24,34.00999,23.64,0.34551,25,10.63,23.3,0.65447,3,19,81.48,41.9,0,24,43.36,13.81,0.05866,25,19.64,13.17,0.94132,1,25,28.76,10.93,1,3,25,25.88,-8.02,0.99292,21,37.3,50.88,0.00653,22,5.85,52.13,0.00053,5,19,83.37999,10.07,0.00652,24,40.74,-17.95999,0.06981,25,15.97,-18.49,0.83931,21,30.19,38.34,0.07077,22,0.58999,38.7,0.01357,6,19,71.51,-0.36,0.05099,24,27.5,-26.61,0.19763,25,2.46,-26.71,0.27144,20,47.47,29.65,0.00431,21,19.03,27.13,0.34651,22,-8.84,26.02,0.12909,5,19,84.18,-11.34,0.00655,24,38.5,-39.27,0.02851,25,13.03,-39.73,0.03568,21,32.41,17.02,0.25132,22,5.83,17.92,0.67791,3,24,45.26,-49.73,0.00251,25,19.44,-50.4,0.00447,22,15.77,10.43,0.993,1,22,20.41,-9.04,1,5,24,27.85,-69.25,0,25,1.41,-69.33,0,20,62.7,-10.17,0.00129,21,28.2,-14.5,0.45346,22,6.16,-13.88,0.54522,5,24,23.04,-78.76999,0,25,-3.71,-78.69,0,20,61.51,-20.77,0.01508,21,25.45,-24.81,0.71841,22,4.91,-24.48,0.26649,5,24,6.51,-76.82,0,25,-20.16,-76.19,0,20,45.35,-24.72,0.14338,21,8.88,-26.32,0.77938,22,-11.26,-28.33,0.07723,5,24,-4.13,-66.03,0,25,-30.45,-65.06,0,20,31.6,-18.33,0.58251,21,-3.76,-17.96999,0.41596,22,-24.98,-21.88,0.00151,3,25,-51.6,-61.57,0,20,10.71,-23.14,0.99731,21,-25.13,-19.62999,0.00268,1,19,-1.71,-39.93,1,1,19,-20.7,-19.52,1,1,19,-21.64,19.37999,1,1,19,-0.92,-2.68,1,1,20,3.05,1.11,1,1,20,23.85,2.7,1,4,19,63.36,-25.1,0.00393,24,15.94,-49.95,0.00522,25,-9.85999,-49.65,0.00309,21,12.55,1.91,0.98774,1,22,5.49,-0.13,1,3,19,18.71999,12.74,0.84425,24,-22.89,-6.17,0.15573,25,-47.23,-4.61,0,3,19,39.71,19.74,0.16928,24,-1.12,-2.21,0.82766,21,-14.02,45.08,0.00304,2,24,20.46999,0.33,0.5,25,-3.67,0.45,0.5,2,24,36.68,2.96,0.0017,25,12.61,2.54,0.99829,6,19,42.19,-1.35,0.4412,24,-1.65,-23.45,0.19959,25,-26.57,-22.58,0.01473,20,19.04,22.43,0.18611,21,-10.14,24.19,0.15639,22,-37.31,18.95,0.00194],"edges":[38,36,36,34,34,32,32,30,28,30,28,26,26,24,22,24,22,20,20,18,18,16,16,14,12,14,12,10,10,8,8,6,6,4,4,2,2,0,38,40,0,40,44,46,46,48,48,50,52,54,54,56,56,58]}},"head":{"2":{"name":"head5","x":36.57,"y":-7.53,"rotation":-91.5,"width":77,"height":81}}},"V1":{"body":{"2":{"name":"body2","type":"mesh","hull":22,"width":75,"height":80,"uvs":[0.82063,0.10312,0.82823,0.267,0.78769,0.44512,0.85103,0.52587,0.92703,0.64937,1,0.7705,1,0.88212,0.90423,0.9415,0.76236,1,0.53943,1,0.32156,1,0.14169,0.95337,0,0.91062,0,0.82987,0.04796,0.73962,0.11383,0.58287,0.21769,0.4285,0.19996,0.25512,0.25823,0.096,0.38996,0,0.52423,0,0.67116,0,0.41276,0.41662,0.60276,0.4285,0.28609,0.59712,0.23036,0.74437,0.17716,0.87975,0.50396,0.61137,0.49636,0.76337,0.50396,0.91775,0.68129,0.56862,0.75983,0.7135,0.82569,0.856,0.34943,0.90112,0.36716,0.15062,0.60276,0.1625],"triangles":[29,31,32,31,28,30,32,31,4,31,3,4,31,30,3,30,2,3,8,32,7,32,8,29,7,32,6,32,5,6,32,4,5,9,10,29,10,33,29,8,9,29,10,26,33,33,28,29,31,29,28,33,25,28,30,28,27,28,24,27,11,26,10,11,12,26,12,13,26,26,25,33,13,14,26,26,14,25,25,24,28,14,15,25,25,15,24,15,16,24,17,34,22,17,18,34,34,18,19,23,35,1,34,20,35,35,0,1,35,21,0,35,20,21,2,23,1,24,22,27,27,22,23,23,22,35,16,17,22,22,34,35,20,34,19,24,16,22,30,23,2,27,23,30],"vertices":[2,3,18.68,9.83,1,35,-50.58,15.24,0,3,2,19.21999,-28.3,0.0344,3,23.55,-2.33999,0.96559,35,-39.57,22.37,0,1,2,4.83,-26,1,4,2,-1.37,-31.08,0.00856,3,32.02,-21.32,0.03818,35,-22.57,34.33,0,39,6.02,12.59,0.95324,4,3,40.66999,-28.75,0.0005,35,-16.94,44.25,0,40,-4.83,9.49,0.25024,39,17.23,10.5,0.74924,3,35,-11.35,53.87,0,40,6.22,10.73,0.85966,39,28.15,8.35999,0.14033,1,40,14.44,7.22,1,4,35,4.07,54.6,0,36,-21.39,52.78,0.00001,38,9.6,31.5,0.02161,40,15.99,-1.24,0.97836,5,35,13.5,47.8,0,36,-11.35,46.92,0.00022,37,33.93,20.32,0.00055,38,14.82,21.11,0.36516,40,16.12,-12.86,0.63403,2,38,15.68,4.41,0.95872,40,9.57,-28.24,0.04127,4,35,30.23,19.28,0.01681,36,8.05,20.16,0.29611,38,16.52,-11.89,0.68492,40,3.16,-43.27,0.00212,3,36,12.95,7.05,0.88198,38,13.48,-25.56,0.11767,40,-5.55,-54.22,0.00034,1,36,16.43,-3.55,1,2,35,30.7,-8.39,0.01873,36,11.2,-7.35,0.98126,2,35,22.65,-8.95,0.35302,36,3.24,-8.67,0.64696,3,7,29.1,29.83,0.00026,35,9.34,-11.03,0.96996,36,-9.8,-12.04,0.02975,1,2,3.94,16.75,1,2,2,17.73,18.79999,0.25123,7,17.70999,5.35,0.74876,2,7,10.97,-6.29,1,37,-38.37,-17.46999,0,3,2,38.84999,5.63,0.74522,7,-0.2,-11.92,0.25477,35,-41.34999,-16.78,0,4,2,39.37,-4.42,0.65126,3,-5.02,10.26,0.34719,7,-10.08,-9.97999,0.00154,35,-46.45,-8.09,0,3,2,39.93999,-15.43,0.10887,3,5.37,13.91,0.89112,35,-52.03,1.4,0,1,2,5.65,2.19,1,1,2,5.44,-12.08,1,1,35,3.78,0.68,1,5,35,16.06,3.03,0.45438,36,-4.48,2.60999,0.3348,37,13.48,-19.56,0.07726,38,-3.55,-19.77,0.13344,40,-18.32,-41.55,0.00011,5,35,27.42,5.07,0.05285,36,6.62,5.74,0.69796,37,24.31,-23.55,0.00871,38,7.46,-23.2,0.23989,40,-9.93,-49.46,0.00058,1,37,2.84,0.95,1,2,37,15,0.37,0.5,38,-3.05,0.22,0.5,3,38,9.24,1.42,0.9791,40,2.47,-28.11,0.01599,39,12.93,-27.55,0.0049,1,39,0.34,0.7,1,5,35,-6.16,36.03,0,36,-29.79,33.3,0,37,11.02,20.12999,0.03537,38,-8.05,19.75,0.02036,39,12.98,-2.34999,0.94426,6,35,1.16,46.06,0,36,-23.47,44,0.00002,37,22.41,25.07,0.01296,38,3.07,25.27,0.06589,40,7.39,-3.97,0.79004,39,24.86,-6.01,0.13106,5,35,22.35,17.08,0.06473,36,0.42,17.2,0.28132,37,26.02,-10.63,0.03403,38,8.51,-10.21,0.61902,40,-3.29,-38.25,0.00085,1,7,3.79,-0.43,1,1,3,4.83,-0.04,1],"edges":[38,36,36,34,34,32,32,30,30,28,28,26,24,26,24,22,22,20,18,20,16,18,16,14,14,12,12,10,10,8,8,6,6,4,4,2,2,0,0,42,38,40,40,42,32,44,44,46,46,4,48,50,50,52,54,56,56,58,60,62,62,64,52,66,66,58]}},"hair6":{"2":{"name":"hair7","type":"mesh","hull":24,"width":103,"height":111,"uvs":[0.79286,0.09997,0.88554,0.29521,0.9156,0.52764,1,0.64386,1,0.73218,1,0.83678,0.9181,0.88326,0.91309,1,0.77282,1,0.6075,0.9158,0.48977,0.82283,0.37705,0.94137,0.29189,1,0.09401,1,0.15913,0.89256,0.07647,0.85769,0,0.83213,0,0.74845,0,0.66013,0.10904,0.53926,0.10403,0.30451,0.15162,0.13018,0.33197,0,0.67764,0,0.34199,0.29288,0.31944,0.4951,0.26684,0.71359,0.23929,0.86932,0.68766,0.32775,0.71771,0.55088,0.7603,0.75542,0.79536,0.87629,0.49478,0.69267,0.50981,0.52067],"triangles":[21,22,24,28,23,0,24,22,23,33,24,28,32,33,29,24,23,28,6,30,4,6,31,30,4,5,6,9,10,30,9,30,31,8,9,31,7,31,6,8,31,7,30,2,3,30,29,2,4,30,3,32,29,30,10,32,30,28,0,1,28,1,2,29,28,2,33,28,29,27,14,26,11,27,10,12,27,11,14,27,12,13,14,12,26,25,32,18,19,26,17,18,26,10,26,32,15,16,17,26,15,17,26,14,15,27,26,10,20,21,24,25,20,24,25,24,33,19,20,25,32,25,33,26,19,25],"vertices":[1,19,-9.14,26.53,1,3,23,1.78,21.6,0.98878,24,-25.88,18.35,0.00748,19,12.29,36.59999,0.00373,3,23,27.55,18.21999,0.45796,24,0.09,18.39,0.53023,25,-23.44,19.18,0.01179,3,23,42.2,23.45,0.06994,24,13.93,25.51,0.76532,25,-9.38,25.84,0.16472,3,23,51.7,21.03,0.01206,24,23.66,24.36,0.61903,25,0.3,24.36,0.3689,2,24,35.18999,23,0.39097,25,11.78,22.62,0.60902,2,24,39.32,14.01,0.16039,25,15.62,13.51,0.8396,3,23,78.29,5,0,24,52.13,11.98,0.00261,25,28.35,11.05,0.99738,2,23,74.71,-8.99,0,25,26.18,-3.22,1,6,21,28.68,37.8,0.09193,22,-0.81,37.96,0.01302,23,61.45,-23.18,0,24,39.15,-18.17,0.11688,25,14.38,-18.66,0.75674,19,81.85,9.64,0.0214,6,20,48.28,27.4,0.00498,21,19.5,24.79,0.3734,22,-8.04,23.77,0.12149,24,27.48,-29,0.2006,25,2.35999,-29.09,0.23124,19,71.82,-2.73,0.06825,6,21,33.66,14.42,0.20401,22,7.44,15.52,0.73991,23,58.32,-46.88,0,24,39.18,-42.08,0.02471,25,13.63,-42.55,0.0244,19,85.26,-14.01,0.00694,4,22,15.8,8.5,0.99753,23,62.46,-56.99,0,24,44.62,-51.55,0.00113,25,18.74,-52.2,0.00132,5,22,20.52,-11.32,0.99936,23,57.42,-76.73,0,24,42.22,-71.79,0.00026,25,15.68,-72.35,0.00033,19,92.47,-43,0.00001,3,21,30.29,-8.41,0.21006,22,7.37,-7.56,0.78993,23,47.52,-67.28,0,4,20,62.13,-13.03,0.00662,21,27.21,-17.24,0.67066,22,5.57,-16.74,0.32271,23,41.66,-74.58,0,4,20,61.24,-21.35,0.02046,21,25.1,-25.35,0.77033,22,4.64,-25.06,0.20919,23,36.97,-81.51,0,4,20,52.21,-23.55,0.07283,21,15.85,-26.19,0.80267,22,-4.39,-27.21,0.12449,23,27.97,-79.21,0,4,20,42.69,-25.87,0.18915,21,6.08,-27.07,0.76316,22,-13.93,-29.48,0.04768,23,18.46999,-76.78,0,4,20,26.99,-18.14,0.70165,21,-8.28,-17.1,0.29824,22,-29.58,-21.66,0.00009,23,8.25,-62.58,0,3,20,1.8,-24.82,0.98587,23,-17.12,-56.64,0,19,15.27,-43.84,0.01412,1,19,-4.19,-39.4,1,1,19,-19.08,-21.18,1,1,19,-19.94,14.4,1,2,20,-5.25,-1.30999,0.64733,19,13.38,-19.37,0.35266,1,20,17.1,1.74,1,1,21,9.51,0.82,1,3,21,26.98,-0.43,0.25288,22,2.94,-0.12,0.74711,23,47.06,-58.65,0,1,23,0.24,0.96,1,2,23,25.01,-2.16,0.5,24,0.26,-2.14,0.5,2,24,23.32,-0.45,0.5,25,-0.84,-0.42,0.5,1,25,12.95,1.12,1,7,20,34.12,24.48,0.09644,21,5.07,24,0.36266,22,-22.22,20.92,0.02096,23,34.57,-28.3,0.00118,24,13.19,-26.79,0.2405,25,-11.84,-26.41,0.08609,19,57.37,-2.56,0.19212,5,20,15.21,21.46,0.21401,21,-14.08,23.81,0.03097,24,-5.57,-23.01,0.05546,25,-30.48,-22.02,0.00227,19,38.24,-1.47,0.69726],"edges":[32,30,30,28,28,26,24,26,24,22,22,20,20,18,18,16,14,16,14,12,12,10,10,8,8,6,6,4,4,2,2,0,0,46,44,46,44,42,42,40,40,38,38,36,32,34,34,36,48,50,50,52,52,54,56,58,58,60,60,62,20,64,64,66]}},"head":{"2":{"name":"head","type":"mesh","hull":17,"width":112,"height":91,"uvs":[0.33244,0.09293,0.47987,0.05891,0.64803,0.08726,0.883,0.08442,1,0.11844,1,0.35376,0.8899,0.53805,0.91524,0.73651,0.78624,1,0.12512,1,0.04219,0.66846,0.06753,0.43315,0,0.24603,0,0.10427,0,0,0.10208,0,0.24491,0,0.20574,0.2602,0.60196,0.17798,0.73096,0.36794,0.12512,0.1468,0.85535,0.25453],"triangles":[21,2,3,21,3,4,21,4,5,5,19,21,13,15,20,13,14,15,20,15,16,12,13,20,20,16,0,12,20,17,18,1,2,18,2,21,17,20,0,19,18,21,11,12,17,6,19,5,11,19,10,19,9,10,0,1,18,17,0,18,17,18,19,7,8,19,7,19,6,17,19,11,8,9,19],"vertices":[1,18,76.46,8.22,1,1,18,79.12,-8.35999,1,1,18,76.05,-27.12,1,2,18,75.62,-53.43,0.008,27,9.33,13.04,0.99199,1,27,19.96999,4.8,1,1,27,11.11,-14.68,1,1,18,34.33,-53.12,1,1,18,16.2,-55.48,1,1,18,-7.38,-40.41,1,1,18,-5.43,33.59999,1,1,18,24.96,42.09,1,1,18,46.3,38.68999,1,2,33,11.35,15.77,0.736,34,1.96,15.69,0.26399,2,33,21.92,8.37,0.19999,34,10.82,6.31,0.8,1,34,17.33,-0.57,1,2,33,23.13,-6.43,0.19999,34,9.02,-8.43,0.8,2,33,13.96,-19.53,0.736,34,-2.59999,-19.41,0.26399,1,18,61.62,22.8,1,1,18,67.93,-21.75,1,1,18,50.27,-35.73,1,2,33,10.71,-0.88,0.736,34,-2.02,-0.48,0.26399,2,26,16.87999,0.21,0.68799,27,0.1,0.23,0.312],"edges":[24,22,22,20,20,18,16,18,16,14,14,12,12,10,10,8,8,6,6,4,4,2,2,0,0,32,28,30,30,32,24,26,26,28,22,34,34,0,4,36,36,38,38,12]}}}},"animations":{"move_order":{"slots":{"body":{"attachment":[{"time":0,"name":"2"},{"time":0.4,"name":"2"},{"time":0.8,"name":"2"}]},"eyes1":{"attachment":[{"time":0,"name":"eyes1"},{"time":0.8,"name":"eyes1"}]},"eyes2":{"attachment":[{"time":0,"name":"eyes2"},{"time":0.8,"name":"eyes2"}]},"hair6":{"attachment":[{"time":0,"name":"2"},{"time":0.8,"name":"2"}]},"head":{"attachment":[{"time":0,"name":"2"},{"time":0.4,"name":"2"},{"time":0.8,"name":"2"}]},"yuan6":{"attachment":[{"time":0,"name":"yuan6"},{"time":0.4,"name":"yuan6"},{"time":0.8,"name":"yuan6"}]}},"bones":{"root":{"rotate":[{"time":0,"angle":0,"curve":"stepped"},{"time":0.4,"angle":0,"curve":"stepped"},{"time":0.8,"angle":0}],"translate":[{"time":0,"x":0,"y":0,"curve":"stepped"},{"time":0.4,"x":0,"y":0,"curve":"stepped"},{"time":0.8,"x":0,"y":0}],"scale":[{"time":0,"x":1,"y":1,"curve":"stepped"},{"time":0.4,"x":1,"y":1,"curve":"stepped"},{"time":0.8,"x":1,"y":1}]},"yuan6":{"rotate":[{"time":0,"angle":0,"curve":"stepped"},{"time":0.4,"angle":0,"curve":"stepped"},{"time":0.8,"angle":0}],"translate":[{"time":0,"x":0,"y":0,"curve":"stepped"},{"time":0.4,"x":0,"y":0,"curve":"stepped"},{"time":0.8,"x":0,"y":0}],"scale":[{"time":0,"x":1,"y":1,"curve":[0.25,0,0.625,0.5]},{"time":0.2,"x":0.912,"y":1,"curve":[0.375,0.5,0.75,1]},{"time":0.4,"x":1,"y":1,"curve":[0.25,0,0.75,1]},{"time":0.6,"x":0.912,"y":1,"curve":[0.375,0.5,0.75,1]},{"time":0.8,"x":1,"y":1}]},"bone":{"rotate":[{"time":0,"angle":0.25,"curve":"stepped"},{"time":0.4,"angle":0.25,"curve":"stepped"},{"time":0.8,"angle":0.25}],"translate":[{"time":0,"x":0,"y":0,"curve":[0.25,0,0.75,1]},{"time":0.2,"x":-0.97,"y":2.92,"curve":[0.375,0.5,0.75,1]},{"time":0.4,"x":0,"y":0,"curve":[0.25,0,0.625,0.5]},{"time":0.6,"x":-0.97,"y":2.92,"curve":[0.375,0.5,0.75,1]},{"time":0.8,"x":0,"y":0}],"scale":[{"time":0,"x":1,"y":1,"curve":"stepped"},{"time":0.4,"x":1,"y":1,"curve":"stepped"},{"time":0.8,"x":1,"y":1}]},"body":{"rotate":[{"time":0,"angle":5.56,"curve":"stepped"},{"time":0.4,"angle":5.56,"curve":"stepped"},{"time":0.8,"angle":5.56}],"translate":[{"time":0,"x":0,"y":-0.18,"curve":[0.379,0.6,0.724,1]},{"time":0.1,"x":0,"y":-0.26,"curve":[0.343,0.36,0.68,0.71]},{"time":0.5,"x":0.02,"y":0.13,"curve":[0.242,0,0.666,0.66]},{"time":0.8,"x":0,"y":-0.18}],"scale":[{"time":0,"x":1,"y":1,"curve":"stepped"},{"time":0.4,"x":1,"y":1,"curve":"stepped"},{"time":0.8,"x":1,"y":1}]},"bone2":{"rotate":[{"time":0,"angle":-2.25,"curve":[0.25,0,0.75,1]},{"time":0.4,"angle":11.25,"curve":[0.25,0,0.75,1]},{"time":0.8,"angle":-2.25}],"translate":[{"time":0,"x":0,"y":0,"curve":"stepped"},{"time":0.4,"x":0,"y":0,"curve":"stepped"},{"time":0.8,"x":0,"y":0}],"scale":[{"time":0,"x":1,"y":1,"curve":"stepped"},{"time":0.4,"x":1,"y":1,"curve":"stepped"},{"time":0.8,"x":1,"y":1}]},"hands1":{"rotate":[{"time":0,"angle":-31.67,"curve":[0.25,0,0.75,1]},{"time":0.4,"angle":25.84,"curve":[0.25,0,0.75,1]},{"time":0.8,"angle":-31.67}],"translate":[{"time":0,"x":0,"y":0,"curve":"stepped"},{"time":0.4,"x":0,"y":0,"curve":"stepped"},{"time":0.8,"x":0,"y":0}],"scale":[{"time":0,"x":1,"y":1,"curve":"stepped"},{"time":0.4,"x":1,"y":1,"curve":"stepped"},{"time":0.8,"x":1,"y":1}]},"bone3":{"rotate":[{"time":0,"angle":-16.57,"curve":[0.364,0.63,0.7,1]},{"time":0.0666,"angle":-17.44,"curve":[0.25,0,0.75,1]},{"time":0.4666,"angle":-5.57,"curve":[0.321,0.29,0.715,0.82]},{"time":0.8,"angle":-16.57}],"translate":[{"time":0,"x":0,"y":0,"curve":"stepped"},{"time":0.4,"x":0,"y":0,"curve":"stepped"},{"time":0.8,"x":0,"y":0}],"scale":[{"time":0,"x":1,"y":1,"curve":"stepped"},{"time":0.4,"x":1,"y":1,"curve":"stepped"},{"time":0.8,"x":1,"y":1}]},"bone4":{"rotate":[{"time":0,"angle":-9.77,"curve":[0.38,0.53,0.743,1]},{"time":0.1666,"angle":-14.39,"curve":[0.25,0,0.75,1]},{"time":0.5666,"angle":-2.54,"curve":[0.245,0,0.634,0.54]},{"time":0.8,"angle":-9.77}],"translate":[{"time":0,"x":0,"y":0,"curve":"stepped"},{"time":0.4,"x":0,"y":0,"curve":"stepped"},{"time":0.8,"x":0,"y":0}],"scale":[{"time":0,"x":1,"y":1,"curve":"stepped"},{"time":0.4,"x":1,"y":1,"curve":"stepped"},{"time":0.8,"x":1,"y":1}]},"bone5":{"rotate":[{"time":0,"angle":4.6,"curve":[0.379,0.6,0.724,1]},{"time":0.4,"angle":-4.05,"curve":[0.379,0.6,0.724,1]},{"time":0.8,"angle":4.6}],"translate":[{"time":0,"x":-0.08,"y":-0.81,"curve":"stepped"},{"time":0.4,"x":-0.08,"y":-0.81,"curve":"stepped"},{"time":0.8,"x":-0.08,"y":-0.81}],"scale":[{"time":0,"x":1,"y":1,"curve":"stepped"},{"time":0.4,"x":1,"y":1,"curve":"stepped"},{"time":0.8,"x":1,"y":1}]},"hands2":{"rotate":[{"time":0,"angle":21.23,"curve":[0.25,0,0.75,1]},{"time":0.4,"angle":-32.78,"curve":[0.25,0,0.75,1]},{"time":0.8,"angle":13.04}],"translate":[{"time":0,"x":0,"y":0,"curve":[0.25,0,0.75,1]},{"time":0.4,"x":-1.39,"y":0.45,"curve":[0.25,0,0.75,1]},{"time":0.8,"x":0,"y":0}],"scale":[{"time":0,"x":1,"y":1,"curve":"stepped"},{"time":0.4,"x":1,"y":1,"curve":"stepped"},{"time":0.8,"x":1,"y":1}]},"bone6":{"rotate":[{"time":0,"angle":3.09,"curve":[0.379,0.6,0.724,1]},{"time":0.1,"angle":4.13,"curve":[0.382,0.55,0.739,1]},{"time":0.5,"angle":-1.53,"curve":[0.242,0,0.666,0.66]},{"time":0.8,"angle":3.09}],"translate":[{"time":0,"x":0,"y":0,"curve":"stepped"},{"time":0.4,"x":0,"y":0,"curve":"stepped"},{"time":0.8,"x":0,"y":0}],"scale":[{"time":0,"x":1,"y":1,"curve":"stepped"},{"time":0.4,"x":1,"y":1,"curve":"stepped"},{"time":0.8,"x":1,"y":1}]},"bone7":{"rotate":[{"time":0,"angle":-0.79,"curve":[0.365,0.45,0.754,1]},{"time":0.2333,"angle":4.83,"curve":[0.382,0.56,0.735,1]},{"time":0.6333,"angle":-4.39,"curve":[0.256,0,0.619,0.46]},{"time":0.8,"angle":-0.79}],"translate":[{"time":0,"x":0,"y":0,"curve":"stepped"},{"time":0.4,"x":0,"y":0,"curve":"stepped"},{"time":0.8,"x":0,"y":0}],"scale":[{"time":0,"x":1,"y":1,"curve":"stepped"},{"time":0.4,"x":1,"y":1,"curve":"stepped"},{"time":0.8,"x":1,"y":1}]},"bone8":{"rotate":[{"time":0,"angle":0,"curve":"stepped"},{"time":0.8,"angle":0}],"translate":[{"time":0,"x":0,"y":0,"curve":"stepped"},{"time":0.4,"x":0,"y":0,"curve":"stepped"},{"time":0.8,"x":0,"y":0}],"scale":[{"time":0,"x":1,"y":1,"curve":"stepped"},{"time":0.4,"x":1,"y":1,"curve":"stepped"},{"time":0.8,"x":1,"y":1}]},"bone9":{"rotate":[{"time":0,"angle":-27.49,"curve":[0.25,0,0.625,0.5]},{"time":0.2,"angle":4.05,"curve":[0.375,0.5,0.75,1]},{"time":0.4,"angle":27.92,"curve":[0.25,0,0.625,0.5]},{"time":0.6,"angle":-6.46,"curve":[0.375,0.5,0.75,1]},{"time":0.8,"angle":-27.49}],"translate":[{"time":0,"x":1.07,"y":-1.4,"curve":[0.25,0,0.625,0.5]},{"time":0.2,"x":0.86,"y":6.05,"curve":[0.342,0.36,0.685,0.72]},{"time":0.3,"x":2.56,"y":13.28,"curve":[0.379,0.6,0.724,1]},{"time":0.4,"x":3.6,"y":13.44,"curve":[0.25,0,0.625,0.5]},{"time":0.6,"x":0.86,"y":6.05,"curve":[0.342,0.36,0.685,0.72]},{"time":0.7,"x":-3.25,"y":4.32,"curve":[0.379,0.6,0.724,1]},{"time":0.8,"x":1.07,"y":-1.4}],"scale":[{"time":0,"x":1,"y":1,"curve":"stepped"},{"time":0.2,"x":1,"y":1,"curve":"stepped"},{"time":0.4,"x":1,"y":1,"curve":"stepped"},{"time":0.6,"x":1,"y":1,"curve":"stepped"},{"time":0.8,"x":1,"y":1}]},"bone10":{"rotate":[{"time":0,"angle":0,"curve":[0.25,0,0.625,0.5]},{"time":0.2,"angle":5.69,"curve":[0.342,0.36,0.685,0.72]},{"time":0.3,"angle":-0.37,"curve":[0.379,0.6,0.724,1]},{"time":0.4,"angle":11.38,"curve":[0.25,0,0.625,0.5]},{"time":0.6,"angle":67.45,"curve":[0.375,0.5,0.75,1]},{"time":0.8,"angle":0}],"translate":[{"time":0,"x":0,"y":0,"curve":"stepped"},{"time":0.2,"x":0,"y":0,"curve":"stepped"},{"time":0.4,"x":0,"y":0,"curve":"stepped"},{"time":0.6,"x":0,"y":0,"curve":"stepped"},{"time":0.8,"x":0,"y":0}],"scale":[{"time":0,"x":1,"y":1,"curve":"stepped"},{"time":0.2,"x":1,"y":1,"curve":"stepped"},{"time":0.4,"x":1,"y":1,"curve":"stepped"},{"time":0.6,"x":1,"y":1,"curve":"stepped"},{"time":0.8,"x":1,"y":1}]},"bone11":{"rotate":[{"time":0,"angle":-14.79,"curve":[0.25,0,0.75,1]},{"time":0.0666,"angle":12.92,"curve":[0.298,0.21,0.649,0.6]},{"time":0.2,"angle":-5.52,"curve":[0.342,0.36,0.685,0.72]},{"time":0.3,"angle":-25.26,"curve":[0.379,0.6,0.724,1]},{"time":0.4,"angle":-11.04,"curve":[0.25,0,0.625,0.5]},{"time":0.6,"angle":20.81,"curve":[0.342,0.36,0.685,0.72]},{"time":0.7,"angle":-15.34,"curve":[0.379,0.6,0.724,1]},{"time":0.8,"angle":-14.79}],"translate":[{"time":0,"x":0,"y":0,"curve":"stepped"},{"time":0.2,"x":0,"y":0,"curve":"stepped"},{"time":0.4,"x":0,"y":0,"curve":"stepped"},{"time":0.6,"x":0,"y":0,"curve":"stepped"},{"time":0.8,"x":0,"y":0}],"scale":[{"time":0,"x":1,"y":1,"curve":"stepped"},{"time":0.2,"x":1,"y":1,"curve":"stepped"},{"time":0.4,"x":1,"y":1,"curve":"stepped"},{"time":0.6,"x":1,"y":1,"curve":"stepped"},{"time":0.8,"x":1,"y":1}]},"bone12":{"rotate":[{"time":0,"angle":25.65,"curve":[0.275,0,0.62,0.4]},{"time":0.1,"angle":1.84,"curve":[0.314,0.27,0.657,0.63]},{"time":0.2,"angle":-45.73,"curve":[0.342,0.36,0.685,0.72]},{"time":0.3,"angle":-48.67,"curve":[0.379,0.6,0.724,1]},{"time":0.4,"angle":-38.28,"curve":[0.25,0,0.625,0.5]},{"time":0.6,"angle":-17.34,"curve":[0.342,0.36,0.685,0.72]},{"time":0.7,"angle":6.2,"curve":[0.379,0.6,0.724,1]},{"time":0.8,"angle":25.65}],"translate":[{"time":0,"x":0.95,"y":-0.48,"curve":[0.275,0,0.62,0.4]},{"time":0.1,"x":-3,"y":-1.43,"curve":[0.314,0.27,0.657,0.63]},{"time":0.2,"x":3.18,"y":-3.67,"curve":[0.342,0.36,0.685,0.72]},{"time":0.3,"x":2.16,"y":-5.04,"curve":[0.379,0.6,0.724,1]},{"time":0.4,"x":4.39,"y":-13.53,"curve":[0.25,0,0.625,0.5]},{"time":0.6,"x":3.18,"y":-3.67,"curve":[0.342,0.36,0.685,0.72]},{"time":0.7,"x":2.61,"y":0.01,"curve":[0.379,0.6,0.724,1]},{"time":0.8,"x":0.95,"y":-0.48}],"scale":[{"time":0,"x":1,"y":1,"curve":"stepped"},{"time":0.2,"x":1,"y":1,"curve":"stepped"},{"time":0.4,"x":1,"y":1,"curve":"stepped"},{"time":0.6,"x":1,"y":1,"curve":"stepped"},{"time":0.8,"x":1,"y":1}]},"bone13":{"rotate":[{"time":0,"angle":9.37,"curve":[0.25,0,0.625,0.5]},{"time":0.2,"angle":112.01,"curve":[0.375,0.5,0.75,1]},{"time":0.4,"angle":11.71,"curve":[0.25,0,0.625,0.5]},{"time":0.6,"angle":19.24,"curve":[0.342,0.36,0.685,0.72]},{"time":0.7,"angle":14.7,"curve":[0.379,0.6,0.724,1]},{"time":0.8,"angle":9.37}],"translate":[{"time":0,"x":0,"y":0,"curve":"stepped"},{"time":0.2,"x":0,"y":0,"curve":"stepped"},{"time":0.4,"x":0,"y":0,"curve":"stepped"},{"time":0.6,"x":0,"y":0,"curve":"stepped"},{"time":0.8,"x":0,"y":0}],"scale":[{"time":0,"x":1,"y":1,"curve":"stepped"},{"time":0.2,"x":1,"y":1,"curve":"stepped"},{"time":0.4,"x":1,"y":1,"curve":"stepped"},{"time":0.6,"x":1,"y":1,"curve":"stepped"},{"time":0.8,"x":1,"y":1}]},"bone14":{"rotate":[{"time":0,"angle":-0.25,"curve":[0.25,0,0.625,0.5]},{"time":0.2,"angle":2.25,"curve":[0.375,0.5,0.75,1]},{"time":0.4,"angle":-17.34,"curve":[0.29,0,0.629,0.37]},{"time":0.4666,"angle":19.39,"curve":[0.298,0.21,0.649,0.6]},{"time":0.6,"angle":-5.49,"curve":[0.342,0.36,0.685,0.72]},{"time":0.7,"angle":-23.3,"curve":[0.379,0.6,0.724,1]},{"time":0.8,"angle":-0.25}],"translate":[{"time":0,"x":0,"y":0,"curve":"stepped"},{"time":0.2,"x":0,"y":0,"curve":"stepped"},{"time":0.4,"x":0,"y":0,"curve":"stepped"},{"time":0.6,"x":0,"y":0,"curve":"stepped"},{"time":0.8,"x":0,"y":0}],"scale":[{"time":0,"x":1,"y":1,"curve":"stepped"},{"time":0.2,"x":1,"y":1,"curve":"stepped"},{"time":0.4,"x":1,"y":1,"curve":"stepped"},{"time":0.6,"x":1,"y":1,"curve":"stepped"},{"time":0.8,"x":1,"y":1}]},"head":{"rotate":[{"time":0,"angle":-3.57,"curve":[0.37,0.62,0.709,1]},{"time":0.0666,"angle":-3.7,"curve":[0.375,0.5,0.75,1]},{"time":0.4666,"angle":-2.35,"curve":[0.243,0,0.689,0.75]},{"time":0.8,"angle":-3.57}],"translate":[{"time":0,"x":-0.22,"y":-0.46,"curve":"stepped"},{"time":0.8,"x":-0.22,"y":-0.46}],"scale":[{"time":0,"x":1,"y":1,"curve":"stepped"},{"time":0.4,"x":1,"y":1,"curve":"stepped"},{"time":0.8,"x":1,"y":1}]},"eyes1":{"rotate":[{"time":0,"angle":0,"curve":"stepped"},{"time":0.8,"angle":0}],"translate":[{"time":0,"x":0,"y":0,"curve":"stepped"},{"time":0.8,"x":0,"y":0}],"scale":[{"time":0,"x":1,"y":1,"curve":"stepped"},{"time":0.3333,"x":1,"y":1,"curve":[0.325,0.3,0.659,0.63]},{"time":0.4,"x":0.274,"y":1,"curve":[0.327,0.31,0.66,0.64]},{"time":0.4666,"x":1,"y":1,"curve":"stepped"},{"time":0.8,"x":1,"y":1}]},"eyes2":{"rotate":[{"time":0,"angle":0,"curve":"stepped"},{"time":0.8,"angle":0}],"translate":[{"time":0,"x":0,"y":0,"curve":"stepped"},{"time":0.8,"x":0,"y":0}],"scale":[{"time":0,"x":1,"y":1,"curve":"stepped"},{"time":0.3333,"x":1,"y":1,"curve":[0.325,0.3,0.659,0.63]},{"time":0.4,"x":0.274,"y":1,"curve":[0.327,0.31,0.66,0.64]},{"time":0.4666,"x":1,"y":1,"curve":"stepped"},{"time":0.8,"x":1,"y":1}]},"hair6":{"rotate":[{"time":0,"angle":0,"curve":[0.25,0,0.75,1]},{"time":0.4,"angle":-1.88,"curve":[0.25,0,0.75,1]},{"time":0.8,"angle":0}],"translate":[{"time":0,"x":0,"y":0,"curve":"stepped"},{"time":0.8,"x":0,"y":0}],"scale":[{"time":0,"x":1,"y":1,"curve":"stepped"},{"time":0.8,"x":1,"y":1}]},"bone23":{"rotate":[{"time":0,"angle":-1.09,"curve":[0.375,0.5,0.75,1]},{"time":0.2,"angle":2.1,"curve":[0.25,0,0.625,0.5]},{"time":0.6,"angle":-4.3,"curve":[0.25,0,0.625,0.5]},{"time":0.8,"angle":-1.09}],"translate":[{"time":0,"x":0,"y":0,"curve":"stepped"},{"time":0.4,"x":0,"y":0,"curve":"stepped"},{"time":0.8,"x":0,"y":0}],"scale":[{"time":0,"x":1,"y":1,"curve":"stepped"},{"time":0.4,"x":1,"y":1,"curve":"stepped"},{"time":0.8,"x":1,"y":1}]},"bone24":{"rotate":[{"time":0,"angle":-4.78,"curve":[0.333,0.33,0.757,1]},{"time":0.3,"angle":12.12,"curve":[0.25,0,0.625,0.5]},{"time":0.7,"angle":-8.61,"curve":[0.275,0,0.62,0.4]},{"time":0.8,"angle":-4.78}],"translate":[{"time":0,"x":0,"y":0,"curve":"stepped"},{"time":0.4,"x":0,"y":0,"curve":"stepped"},{"time":0.8,"x":0,"y":0}],"scale":[{"time":0,"x":1,"y":1,"curve":"stepped"},{"time":0.4,"x":1,"y":1,"curve":"stepped"},{"time":0.8,"x":1,"y":1}]},"bone25":{"rotate":[{"time":0,"angle":-2.17,"curve":[0.382,0.56,0.737,1]},{"time":0.1333,"angle":0,"curve":[0.25,0,0.75,1]},{"time":0.5333,"angle":-7.13,"curve":[0.243,0,0.645,0.58]},{"time":0.8,"angle":-2.17}],"translate":[{"time":0,"x":0,"y":0,"curve":"stepped"},{"time":0.4,"x":0,"y":0,"curve":"stepped"},{"time":0.8,"x":0,"y":0}],"scale":[{"time":0,"x":1,"y":1,"curve":"stepped"},{"time":0.4,"x":1,"y":1,"curve":"stepped"},{"time":0.8,"x":1,"y":1}]},"bone26":{"rotate":[{"time":0,"angle":0,"curve":[0.25,0,0.75,1]},{"time":0.4,"angle":-3.91,"curve":[0.25,0,0.75,1]},{"time":0.8,"angle":0}],"translate":[{"time":0,"x":0,"y":0,"curve":"stepped"},{"time":0.4,"x":0,"y":0,"curve":"stepped"},{"time":0.8,"x":0,"y":0}],"scale":[{"time":0,"x":1,"y":1,"curve":"stepped"},{"time":0.4,"x":1,"y":1,"curve":"stepped"},{"time":0.8,"x":1,"y":1}]},"bone27":{"rotate":[{"time":0,"angle":2.71,"curve":[0.379,0.6,0.724,1]},{"time":0.1,"angle":5.17,"curve":[0.25,0,0.625,0.5]},{"time":0.5,"angle":-8.14,"curve":[0.242,0,0.666,0.66]},{"time":0.8,"angle":2.71}],"translate":[{"time":0,"x":0,"y":0,"curve":"stepped"},{"time":0.4,"x":0,"y":0,"curve":"stepped"},{"time":0.8,"x":0,"y":0}],"scale":[{"time":0,"x":1,"y":1,"curve":"stepped"},{"time":0.4,"x":1,"y":1,"curve":"stepped"},{"time":0.8,"x":1,"y":1}]},"bone16":{"rotate":[{"time":0,"angle":3.62,"curve":[0.275,0.11,0.753,1]},{"time":0.3,"angle":-4.26,"curve":[0.374,0.61,0.715,1]},{"time":0.3666,"angle":-5.47},{"time":0.7666,"angle":3.79,"curve":[0.314,0,0.648,0.34]},{"time":0.8,"angle":3.62}]},"bone20":{"rotate":[{"time":0,"angle":-4.62,"curve":[0.375,0.5,0.75,1]},{"time":0.2,"angle":6.59,"curve":[0.25,0,0.75,1]},{"time":0.6,"angle":-15.84,"curve":[0.25,0,0.625,0.5]},{"time":0.8,"angle":-4.62}]},"bone19":{"rotate":[{"time":0,"angle":2.38,"curve":[0.374,0.61,0.715,1]},{"time":0.0666,"angle":3.09},{"time":0.4666,"angle":-2.33,"curve":[0.242,0,0.679,0.71]},{"time":0.8,"angle":2.38}]},"bone17":{"rotate":[{"time":0,"angle":5.41,"curve":[0.379,0.6,0.724,1]},{"time":0.1,"angle":8.45,"curve":[0.25,0,0.75,1]},{"time":0.3,"angle":0.2,"curve":[0.374,0.61,0.715,1]},{"time":0.5,"angle":-8.04,"curve":[0.242,0,0.666,0.66]},{"time":0.8,"angle":5.41}]},"bone18":{"rotate":[{"time":0,"angle":0,"curve":[0.25,0,0.75,1]},{"time":0.4,"angle":-2.73,"curve":[0.25,0,0.75,1]},{"time":0.8,"angle":0}]},"bone15":{"rotate":[{"time":0,"angle":1.39,"curve":[0.288,0.17,0.644,0.58]},{"time":0.3,"angle":0},{"time":0.7,"angle":1.58,"curve":[0.299,0,0.635,0.36]},{"time":0.8,"angle":1.39}]},"bone22":{"rotate":[{"time":0,"angle":-4.96,"curve":[0.351,0.4,0.756,1]},{"time":0.2,"angle":3.89,"curve":[0.242,0,0.666,0.66]},{"time":0.3,"angle":6.69,"curve":[0.25,0,0.75,1]},{"time":0.7,"angle":-8.47,"curve":[0.25,0,0.75,1]},{"time":0.8,"angle":-4.96}]},"bone31":{"rotate":[{"time":0,"angle":4.33,"curve":[0.374,0.61,0.715,1]},{"time":0.0666,"angle":6.55,"curve":[0.25,0,0.75,1]},{"time":0.5,"angle":-10.5,"curve":[0.242,0,0.679,0.71]},{"time":0.8,"angle":4.33}]},"bone30":{"rotate":[{"time":0,"angle":4.82,"curve":[0.25,0,0.75,1]},{"time":0.4,"angle":-3.5,"curve":[0.25,0,0.75,1]},{"time":0.8,"angle":4.82}]},"bone33":{"rotate":[{"time":0,"angle":1.34,"curve":[0.375,0.5,0.75,1]},{"time":0.2,"angle":8.57},{"time":0.6,"angle":-5.89,"curve":[0.25,0,0.625,0.5]},{"time":0.8,"angle":1.34}]},"bone29":{"rotate":[{"time":0,"angle":2.48,"curve":[0.37,0.62,0.709,1]},{"time":0.2,"angle":-4.4,"curve":[0.25,0,0.75,1]},{"time":0.3,"angle":-7.42,"curve":[0.379,0.6,0.724,1]},{"time":0.7,"angle":8.94,"curve":[0.379,0.6,0.724,1]},{"time":0.8,"angle":2.48}]},"bone21":{"rotate":[{"time":0,"angle":-0.42,"curve":[0.375,0.5,0.75,1]},{"time":0.2,"angle":2.58},{"time":0.6,"angle":-3.43,"curve":[0.25,0,0.75,1]},{"time":0.8,"angle":-0.42}]},"bone32":{"rotate":[{"time":0,"angle":3.02,"curve":[0.379,0.6,0.724,1]},{"time":0.1,"angle":3.98},{"time":0.5,"angle":-1.25,"curve":[0.242,0,0.666,0.66]},{"time":0.8,"angle":3.02}]},"bone28":{"rotate":[{"time":0,"angle":2.4,"curve":[0.375,0.5,0.75,1]},{"time":0.2,"angle":0},{"time":0.6,"angle":4.81,"curve":[0.25,0,0.75,1]},{"time":0.8,"angle":2.4}]},"bone35":{"rotate":[{"time":0,"angle":0.86,"curve":[0.344,0.37,0.757,1]},{"time":0.2666,"angle":10.55,"curve":[0.25,0,0.75,1]},{"time":0.7,"angle":-2.23,"curve":[0.268,0,0.618,0.41]},{"time":0.8,"angle":0.86}]},"bone34":{"rotate":[{"time":0,"angle":-0.97,"curve":[0.378,0.52,0.746,1]},{"time":0.1666,"angle":2.63},{"time":0.6,"angle":-5.68,"curve":[0.247,0,0.63,0.52]},{"time":0.8,"angle":-0.97}]}},"deform":{"V0":{"body":{"2":[{"time":0,"curve":"stepped"},{"time":0.4,"curve":"stepped"},{"time":0.8}]}},"default":{"hands1":{"hands5":[{"time":0,"curve":"stepped"},{"time":0.4,"curve":"stepped"},{"time":0.8}]},"hands2":{"hands6":[{"time":0,"curve":"stepped"},{"time":0.4,"curve":"stepped"},{"time":0.8}]}}}},"stand":{"slots":{"body":{"attachment":[{"time":0,"name":"2"},{"time":1.3333,"name":"2"},{"time":2.6666,"name":"2"},{"time":4,"name":"2"},{"time":5.5,"name":"2"}]},"cloth4":{"attachment":[{"time":0,"name":null},{"time":1.3333,"name":null},{"time":2.6666,"name":null},{"time":4,"name":null},{"time":5.5,"name":null}]},"eyes1":{"attachment":[{"time":0,"name":"eyes1"},{"time":1.3333,"name":"eyes1"},{"time":2.6666,"name":"eyes1"},{"time":4,"name":"eyes1"},{"time":5.5,"name":"eyes1"}]},"eyes2":{"attachment":[{"time":0,"name":"eyes2"},{"time":1.3333,"name":"eyes2"},{"time":2.6666,"name":"eyes2"},{"time":4,"name":"eyes2"},{"time":5.5,"name":"eyes2"}]},"hair6":{"attachment":[{"time":0,"name":"2"},{"time":1.3333,"name":"2"},{"time":2.6666,"name":"2"},{"time":4,"name":"2"},{"time":5.5,"name":"2"}]},"hands1":{"attachment":[{"time":0,"name":"hands5"},{"time":1.3333,"name":"hands5"},{"time":2.6666,"name":"hands5"},{"time":4,"name":"hands5"},{"time":5.5,"name":"hands5"}]},"hands2":{"attachment":[{"time":0,"name":"hands6"},{"time":1.3333,"name":"hands6"},{"time":2.6666,"name":"hands6"},{"time":4,"name":"hands6"},{"time":5.5,"name":"hands6"}]},"head":{"attachment":[{"time":0,"name":"2"},{"time":1.3333,"name":"2"},{"time":2.6666,"name":"2"},{"time":4,"name":"2"},{"time":5.5,"name":"2"}]},"leg1":{"attachment":[{"time":0,"name":"leg6"},{"time":1.3333,"name":"leg6"},{"time":2.6666,"name":"leg6"},{"time":4,"name":"leg6"},{"time":5.5,"name":"leg6"}]},"leg2":{"attachment":[{"time":0,"name":"leg5"},{"time":1.3333,"name":"leg5"},{"time":2.6666,"name":"leg5"},{"time":4,"name":"leg5"},{"time":5.5,"name":"leg5"}]},"yuan6":{"attachment":[{"time":0,"name":"yuan6"},{"time":1.3333,"name":"yuan6"},{"time":2.6666,"name":"yuan6"},{"time":4,"name":"yuan6"},{"time":5.5,"name":"yuan6"}]}},"bones":{"root":{"rotate":[{"time":0,"angle":0,"curve":"stepped"},{"time":1.3333,"angle":0,"curve":"stepped"},{"time":2.6666,"angle":0,"curve":"stepped"},{"time":4,"angle":0,"curve":"stepped"},{"time":5.5,"angle":0}],"translate":[{"time":0,"x":0,"y":0,"curve":"stepped"},{"time":1.3333,"x":0,"y":0,"curve":"stepped"},{"time":2.6666,"x":0,"y":0,"curve":"stepped"},{"time":4,"x":0,"y":0,"curve":"stepped"},{"time":5.5,"x":0,"y":0}],"scale":[{"time":0,"x":1,"y":1,"curve":"stepped"},{"time":1.3333,"x":1,"y":1,"curve":"stepped"},{"time":2.6666,"x":1,"y":1,"curve":"stepped"},{"time":4,"x":1,"y":1,"curve":"stepped"},{"time":5.5,"x":1,"y":1}]},"yuan6":{"rotate":[{"time":0,"angle":0,"curve":"stepped"},{"time":1.3333,"angle":0,"curve":"stepped"},{"time":2.6666,"angle":0,"curve":"stepped"},{"time":4,"angle":0,"curve":"stepped"},{"time":5.5,"angle":0}],"translate":[{"time":0,"x":0,"y":0,"curve":"stepped"},{"time":1.3333,"x":0,"y":0,"curve":"stepped"},{"time":2.6666,"x":0,"y":0,"curve":"stepped"},{"time":4,"x":0,"y":0,"curve":"stepped"},{"time":5.5,"x":0,"y":0}],"scale":[{"time":0,"x":1,"y":1,"curve":[0.25,0,0.75,1]},{"time":0.6666,"x":1.036,"y":1,"curve":[0.25,0,0.75,1]},{"time":1.3333,"x":1,"y":1,"curve":[0.25,0,0.75,1]},{"time":2,"x":1.036,"y":1,"curve":[0.25,0,0.75,1]},{"time":2.6666,"x":1,"y":1,"curve":[0.25,0,0.75,1]},{"time":3.3333,"x":1.036,"y":1,"curve":[0.25,0,0.75,1]},{"time":4,"x":1,"y":1,"curve":[0.25,0,0.75,1]},{"time":4.6666,"x":1.036,"y":1,"curve":[0.25,0,0.75,1]},{"time":5.5,"x":1,"y":1}]},"bone":{"rotate":[{"time":0,"angle":0,"curve":"stepped"},{"time":1.3333,"angle":0,"curve":"stepped"},{"time":2.6666,"angle":0,"curve":"stepped"},{"time":4,"angle":0,"curve":"stepped"},{"time":5.5,"angle":0}],"translate":[{"time":0,"x":0,"y":0,"curve":[0.25,0,0.75,1]},{"time":0.6666,"x":0,"y":-0.57,"curve":[0.25,0,0.75,1]},{"time":1.3333,"x":0,"y":0,"curve":[0.25,0,0.75,1]},{"time":2,"x":0,"y":-0.57,"curve":[0.25,0,0.75,1]},{"time":2.6666,"x":0,"y":0,"curve":[0.25,0,0.75,1]},{"time":3.3333,"x":0,"y":-0.57,"curve":[0.25,0,0.75,1]},{"time":4,"x":0,"y":0,"curve":[0.25,0,0.75,1]},{"time":4.6666,"x":0,"y":-0.57,"curve":[0.25,0,0.75,1]},{"time":5.5,"x":0,"y":0}],"scale":[{"time":0,"x":1,"y":1,"curve":"stepped"},{"time":1.3333,"x":1,"y":1,"curve":"stepped"},{"time":2.6666,"x":1,"y":1,"curve":"stepped"},{"time":4,"x":1,"y":1,"curve":"stepped"},{"time":5.5,"x":1,"y":1}]},"body":{"rotate":[{"time":0,"angle":0,"curve":[0.25,0,0.75,1]},{"time":0.6666,"angle":0.49,"curve":[0.25,0,0.75,1]},{"time":1.3333,"angle":0,"curve":[0.25,0,0.75,1]},{"time":2,"angle":0.49,"curve":[0.25,0,0.75,1]},{"time":2.6666,"angle":0,"curve":[0.25,0,0.75,1]},{"time":3.3333,"angle":0.49,"curve":[0.25,0,0.75,1]},{"time":4,"angle":0,"curve":[0.275,0,0.62,0.4]},{"time":4.1666,"angle":-1.69,"curve":[0.312,0.26,0.664,0.66]},{"time":4.8,"angle":-4.14,"curve":[0.381,0.54,0.741,1]},{"time":5.5,"angle":0}],"translate":[{"time":0,"x":0,"y":-0.26,"curve":[0.343,0.36,0.68,0.71]},{"time":0.1333,"x":0,"y":0},{"time":0.8,"x":0,"y":-1.17,"curve":[0.245,0,0.637,0.55]},{"time":1.3333,"x":0,"y":-0.26,"curve":[0.343,0.36,0.68,0.71]},{"time":1.4666,"x":0,"y":0},{"time":2.1333,"x":0,"y":-1.17,"curve":[0.245,0,0.637,0.55]},{"time":2.6666,"x":0,"y":-0.26,"curve":[0.343,0.36,0.68,0.71]},{"time":2.8,"x":0,"y":0},{"time":3.4666,"x":0,"y":-1.17,"curve":[0.245,0,0.637,0.55]},{"time":4,"x":0,"y":-0.26,"curve":[0.343,0.36,0.68,0.71]},{"time":4.1333,"x":0,"y":0},{"time":4.8,"x":0,"y":-1.17,"curve":[0.245,0,0.637,0.55]},{"time":5.5,"x":0,"y":-0.26}],"scale":[{"time":0,"x":1,"y":1,"curve":"stepped"},{"time":1.3333,"x":1,"y":1,"curve":"stepped"},{"time":2.6666,"x":1,"y":1,"curve":"stepped"},{"time":4,"x":1,"y":1,"curve":"stepped"},{"time":5.5,"x":1,"y":1}]},"bone2":{"rotate":[{"time":0,"angle":5.14,"curve":[0.25,0,0.75,1]},{"time":0.5,"angle":0.94,"curve":[0.25,0,0.75,1]},{"time":0.6666,"angle":0},{"time":1.3333,"angle":5.14,"curve":[0.25,0,0.75,1]},{"time":1.8333,"angle":0.94,"curve":[0.25,0,0.75,1]},{"time":2,"angle":0},{"time":2.6666,"angle":5.14,"curve":[0.25,0,0.75,1]},{"time":3.1666,"angle":0.94,"curve":[0.25,0,0.75,1]},{"time":3.3333,"angle":0},{"time":4,"angle":5.14,"curve":"stepped"},{"time":5.5,"angle":5.14}],"translate":[{"time":0,"x":0,"y":0,"curve":"stepped"},{"time":1.3333,"x":0,"y":0,"curve":"stepped"},{"time":2.6666,"x":0,"y":0,"curve":"stepped"},{"time":4,"x":0,"y":0,"curve":"stepped"},{"time":5.5,"x":0,"y":0}],"scale":[{"time":0,"x":1,"y":1,"curve":"stepped"},{"time":1.3333,"x":1,"y":1,"curve":"stepped"},{"time":2.6666,"x":1,"y":1,"curve":"stepped"},{"time":4,"x":1,"y":1,"curve":"stepped"},{"time":5.5,"x":1,"y":1}]},"hands1":{"rotate":[{"time":0,"angle":5.35,"curve":[0.374,0.61,0.715,1]},{"time":0.1333,"angle":6.15,"curve":[0.25,0,0.75,1]},{"time":0.5,"angle":2.67,"curve":[0.25,0,0.75,1]},{"time":0.8,"angle":0,"curve":[0.242,0,0.679,0.71]},{"time":1.3333,"angle":5.35,"curve":[0.374,0.61,0.715,1]},{"time":1.4666,"angle":6.15,"curve":[0.25,0,0.75,1]},{"time":1.8333,"angle":2.67,"curve":[0.25,0,0.75,1]},{"time":2.1333,"angle":0,"curve":[0.242,0,0.679,0.71]},{"time":2.6666,"angle":5.35,"curve":[0.374,0.61,0.715,1]},{"time":2.8,"angle":6.15,"curve":[0.25,0,0.75,1]},{"time":3.1666,"angle":2.67,"curve":[0.25,0,0.75,1]},{"time":3.4666,"angle":0,"curve":[0.242,0,0.679,0.71]},{"time":4,"angle":5.35,"curve":[0.341,0.36,0.675,0.7]},{"time":4.3666,"angle":-15.75,"curve":[0.351,0.44,0.685,0.78]},{"time":5,"angle":-13.88,"curve":[0.352,0.65,0.686,1]},{"time":5.5,"angle":5.35}],"translate":[{"time":0,"x":0,"y":0,"curve":"stepped"},{"time":1.3333,"x":0,"y":0,"curve":"stepped"},{"time":2.6666,"x":0,"y":0,"curve":"stepped"},{"time":4,"x":0,"y":0,"curve":"stepped"},{"time":5.5,"x":0,"y":0}],"scale":[{"time":0,"x":1,"y":1,"curve":"stepped"},{"time":1.3333,"x":1,"y":1,"curve":"stepped"},{"time":2.6666,"x":1,"y":1,"curve":"stepped"},{"time":4,"x":1,"y":1,"curve":"stepped"},{"time":5.5,"x":1,"y":1}]},"bone3":{"rotate":[{"time":0,"angle":-8.03,"curve":[0.333,0.33,0.757,1]},{"time":0.5,"angle":0},{"time":1.1666,"angle":-9.85,"curve":[0.275,0,0.62,0.4]},{"time":1.3333,"angle":-8.03,"curve":[0.333,0.33,0.757,1]},{"time":1.8333,"angle":0},{"time":2.5,"angle":-9.85,"curve":[0.275,0,0.62,0.4]},{"time":2.6666,"angle":-8.03,"curve":[0.333,0.33,0.757,1]},{"time":3.1666,"angle":0},{"time":3.8333,"angle":-9.85,"curve":[0.275,0,0.62,0.4]},{"time":4,"angle":-8.03,"curve":[0.314,0.27,0.685,0.72]},{"time":5,"angle":-23.83,"curve":[0.379,0.6,0.724,1]},{"time":5.5,"angle":-8.03}],"translate":[{"time":0,"x":0,"y":0,"curve":"stepped"},{"time":1.3333,"x":0,"y":0,"curve":"stepped"},{"time":2.6666,"x":0,"y":0,"curve":"stepped"},{"time":4,"x":0,"y":0,"curve":"stepped"},{"time":5.5,"x":0,"y":0}],"scale":[{"time":0,"x":1,"y":1,"curve":"stepped"},{"time":1.3333,"x":1,"y":1,"curve":"stepped"},{"time":2.6666,"x":1,"y":1,"curve":"stepped"},{"time":4,"x":1,"y":1,"curve":"stepped"},{"time":5.5,"x":1,"y":1}]},"bone4":{"rotate":[{"time":0,"angle":-7.97,"curve":[0.382,0.55,0.739,1]},{"time":0.5,"angle":0},{"time":1.1666,"angle":-11.89,"curve":[0.335,0.34,0.671,0.68]},{"time":1.3333,"angle":-7.97,"curve":[0.382,0.55,0.739,1]},{"time":1.8333,"angle":0},{"time":2.5,"angle":-11.89,"curve":[0.335,0.34,0.671,0.68]},{"time":2.6666,"angle":-7.97,"curve":[0.382,0.55,0.739,1]},{"time":3.1666,"angle":0},{"time":3.8333,"angle":-11.89,"curve":[0.335,0.34,0.671,0.68]},{"time":4,"angle":-7.97,"curve":[0.358,0.42,0.702,0.8]},{"time":5,"angle":-21.53,"curve":[0.364,0.63,0.7,1]},{"time":5.5,"angle":-7.97}],"translate":[{"time":0,"x":0,"y":0,"curve":"stepped"},{"time":1.3333,"x":0,"y":0,"curve":"stepped"},{"time":2.6666,"x":0,"y":0,"curve":"stepped"},{"time":4,"x":0,"y":0,"curve":"stepped"},{"time":5.5,"x":0,"y":0}],"scale":[{"time":0,"x":1,"y":1,"curve":"stepped"},{"time":1.3333,"x":1,"y":1,"curve":"stepped"},{"time":2.6666,"x":1,"y":1,"curve":"stepped"},{"time":4,"x":1,"y":1,"curve":"stepped"},{"time":5.5,"x":1,"y":1}]},"bone5":{"rotate":[{"time":0,"angle":-1.91,"curve":[0.379,0.6,0.724,1]},{"time":0.1666,"angle":-2.35,"curve":[0.375,0.5,0.75,1]},{"time":0.5,"angle":-1.17,"curve":[0.25,0,0.75,1]},{"time":0.8333,"angle":0,"curve":[0.242,0,0.666,0.66]},{"time":1.3333,"angle":-1.91,"curve":[0.379,0.6,0.724,1]},{"time":1.5,"angle":-2.35,"curve":[0.375,0.5,0.75,1]},{"time":1.8333,"angle":-1.17,"curve":[0.25,0,0.75,1]},{"time":2.1666,"angle":0,"curve":[0.242,0,0.666,0.66]},{"time":2.6666,"angle":-1.91,"curve":[0.379,0.6,0.724,1]},{"time":2.8333,"angle":-2.35,"curve":[0.375,0.5,0.75,1]},{"time":3.1666,"angle":-1.17,"curve":[0.25,0,0.75,1]},{"time":3.5,"angle":0,"curve":[0.242,0,0.666,0.66]},{"time":4,"angle":-1.91,"curve":[0.379,0.6,0.724,1]},{"time":4.1666,"angle":-12.59},{"time":5.5,"angle":-1.91}],"translate":[{"time":0,"x":0,"y":0,"curve":"stepped"},{"time":1.3333,"x":0,"y":0,"curve":"stepped"},{"time":2.6666,"x":0,"y":0,"curve":"stepped"},{"time":4,"x":0,"y":0,"curve":"stepped"},{"time":5.5,"x":0,"y":0}],"scale":[{"time":0,"x":1,"y":1,"curve":"stepped"},{"time":1.3333,"x":1,"y":1,"curve":"stepped"},{"time":2.6666,"x":1,"y":1,"curve":"stepped"},{"time":4,"x":1,"y":1,"curve":"stepped"},{"time":5.5,"x":1,"y":1}]},"hands2":{"rotate":[{"time":0,"angle":-1.89},{"time":0.1666,"angle":-2.53,"curve":[0.25,0,0.75,1]},{"time":0.5,"angle":-1.26,"curve":[0.247,0,0.63,0.52]},{"time":0.8333,"angle":0},{"time":1.3333,"angle":-1.89},{"time":1.5,"angle":-2.53,"curve":[0.25,0,0.75,1]},{"time":1.8333,"angle":-1.26,"curve":[0.247,0,0.63,0.52]},{"time":2.1666,"angle":0},{"time":2.6666,"angle":-1.89},{"time":2.8333,"angle":-2.53,"curve":[0.25,0,0.75,1]},{"time":3.1666,"angle":-1.26,"curve":[0.247,0,0.63,0.52]},{"time":3.5,"angle":0},{"time":4,"angle":-1.89},{"time":4.1666,"angle":-114.57},{"time":4.5,"angle":-105.21},{"time":4.8333,"angle":-125.16},{"time":5.0666,"angle":-108.74},{"time":5.3333,"angle":-1.89,"curve":"stepped"},{"time":5.5,"angle":-1.89}],"translate":[{"time":0,"x":0,"y":0,"curve":"stepped"},{"time":1.3333,"x":0,"y":0,"curve":"stepped"},{"time":2.6666,"x":0,"y":0,"curve":"stepped"},{"time":4,"x":0,"y":0,"curve":"stepped"},{"time":5.5,"x":0,"y":0}],"scale":[{"time":0,"x":1,"y":1,"curve":"stepped"},{"time":1.3333,"x":1,"y":1,"curve":"stepped"},{"time":2.6666,"x":1,"y":1,"curve":"stepped"},{"time":4,"x":1,"y":1,"curve":"stepped"},{"time":5.5,"x":1,"y":1}]},"bone6":{"rotate":[{"time":0,"angle":4.13,"curve":[0.382,0.55,0.739,1]},{"time":0.5,"angle":0},{"time":1.1666,"angle":6.16,"curve":[0.335,0.34,0.671,0.68]},{"time":1.3333,"angle":4.13,"curve":[0.382,0.55,0.739,1]},{"time":1.8333,"angle":0},{"time":2.5,"angle":6.16,"curve":[0.335,0.34,0.671,0.68]},{"time":2.6666,"angle":4.13,"curve":[0.382,0.55,0.739,1]},{"time":3.1666,"angle":0},{"time":3.8333,"angle":6.16,"curve":[0.335,0.34,0.671,0.68]},{"time":4,"angle":4.13,"curve":[0.382,0.55,0.739,1]},{"time":4.1666,"angle":-1.48},{"time":4.3333,"angle":-43.69},{"time":4.5666,"angle":-0.83},{"time":4.8333,"angle":-16.71},{"time":5.1333,"angle":-26.29},{"time":5.3333,"angle":-31.68},{"time":5.5,"angle":4.13}],"translate":[{"time":0,"x":0,"y":0,"curve":"stepped"},{"time":1.3333,"x":0,"y":0,"curve":"stepped"},{"time":2.6666,"x":0,"y":0,"curve":"stepped"},{"time":4,"x":0,"y":0,"curve":"stepped"},{"time":5.5,"x":0,"y":0}],"scale":[{"time":0,"x":1,"y":1,"curve":"stepped"},{"time":1.3333,"x":1,"y":1,"curve":"stepped"},{"time":2.6666,"x":1,"y":1,"curve":"stepped"},{"time":4,"x":1,"y":1,"curve":"stepped"},{"time":5.5,"x":1,"y":1}]},"bone7":{"rotate":[{"time":0,"angle":4.83,"curve":[0.382,0.56,0.735,1]},{"time":0.5,"angle":0},{"time":1.1666,"angle":7.29,"curve":[0.337,0.34,0.673,0.68]},{"time":1.3333,"angle":4.83,"curve":[0.382,0.56,0.735,1]},{"time":1.8333,"angle":0},{"time":2.5,"angle":7.29,"curve":[0.337,0.34,0.673,0.68]},{"time":2.6666,"angle":4.83,"curve":[0.382,0.56,0.735,1]},{"time":3.1666,"angle":0},{"time":3.8333,"angle":7.29,"curve":[0.337,0.34,0.673,0.68]},{"time":4,"angle":4.83,"curve":[0.382,0.56,0.735,1]},{"time":4.1,"angle":21.14},{"time":4.4333,"angle":-15.35},{"time":4.7,"angle":34.39},{"time":4.9333,"angle":-22.04},{"time":5.1666,"angle":41.4},{"time":5.5,"angle":4.83}],"translate":[{"time":0,"x":0,"y":0,"curve":"stepped"},{"time":1.3333,"x":0,"y":0,"curve":"stepped"},{"time":2.6666,"x":0,"y":0,"curve":"stepped"},{"time":4,"x":0,"y":0,"curve":"stepped"},{"time":5.5,"x":0,"y":0}],"scale":[{"time":0,"x":1,"y":1,"curve":"stepped"},{"time":1.3333,"x":1,"y":1,"curve":"stepped"},{"time":2.6666,"x":1,"y":1,"curve":"stepped"},{"time":4,"x":1,"y":1,"curve":"stepped"},{"time":5.5,"x":1,"y":1}]},"bone8":{"rotate":[{"time":0,"angle":0,"curve":"stepped"},{"time":1.3333,"angle":0,"curve":"stepped"},{"time":2.6666,"angle":0,"curve":"stepped"},{"time":4,"angle":0,"curve":"stepped"},{"time":5.5,"angle":0}],"translate":[{"time":0,"x":0,"y":0,"curve":"stepped"},{"time":1.3333,"x":0,"y":0,"curve":"stepped"},{"time":2.6666,"x":0,"y":0,"curve":"stepped"},{"time":4,"x":0,"y":0,"curve":"stepped"},{"time":5.5,"x":0,"y":0}],"scale":[{"time":0,"x":1,"y":1,"curve":"stepped"},{"time":1.3333,"x":1,"y":1,"curve":"stepped"},{"time":2.6666,"x":1,"y":1,"curve":"stepped"},{"time":4,"x":1,"y":1,"curve":"stepped"},{"time":5.5,"x":1,"y":1}]},"bone9":{"rotate":[{"time":0,"angle":0,"curve":"stepped"},{"time":1.3333,"angle":0,"curve":"stepped"},{"time":2.6666,"angle":0,"curve":"stepped"},{"time":4,"angle":0,"curve":"stepped"},{"time":5.5,"angle":0}],"translate":[{"time":0,"x":0,"y":0,"curve":[0.25,0,0.75,1]},{"time":0.6666,"x":-0.73,"y":0.03,"curve":[0.25,0,0.75,1]},{"time":1.3333,"x":0,"y":0,"curve":[0.25,0,0.75,1]},{"time":2,"x":-0.73,"y":0.03,"curve":[0.25,0,0.75,1]},{"time":2.6666,"x":0,"y":0,"curve":[0.25,0,0.75,1]},{"time":3.3333,"x":-0.73,"y":0.03,"curve":[0.25,0,0.75,1]},{"time":4,"x":0,"y":0,"curve":[0.25,0,0.75,1]},{"time":4.6666,"x":-0.73,"y":0.03,"curve":[0.25,0,0.75,1]},{"time":5.5,"x":0,"y":0}],"scale":[{"time":0,"x":1,"y":1,"curve":"stepped"},{"time":1.3333,"x":1,"y":1,"curve":"stepped"},{"time":2.6666,"x":1,"y":1,"curve":"stepped"},{"time":4,"x":1,"y":1,"curve":"stepped"},{"time":5.5,"x":1,"y":1}]},"bone10":{"rotate":[{"time":0,"angle":0,"curve":"stepped"},{"time":1.3333,"angle":0,"curve":"stepped"},{"time":2.6666,"angle":0,"curve":"stepped"},{"time":4,"angle":0,"curve":"stepped"},{"time":5.5,"angle":0}],"translate":[{"time":0,"x":0,"y":0,"curve":"stepped"},{"time":1.3333,"x":0,"y":0,"curve":"stepped"},{"time":2.6666,"x":0,"y":0,"curve":"stepped"},{"time":4,"x":0,"y":0,"curve":"stepped"},{"time":5.5,"x":0,"y":0}],"scale":[{"time":0,"x":1,"y":1,"curve":"stepped"},{"time":1.3333,"x":1,"y":1,"curve":"stepped"},{"time":2.6666,"x":1,"y":1,"curve":"stepped"},{"time":4,"x":1,"y":1,"curve":"stepped"},{"time":5.5,"x":1,"y":1}]},"bone11":{"rotate":[{"time":0,"angle":0,"curve":"stepped"},{"time":1.3333,"angle":0,"curve":"stepped"},{"time":2.6666,"angle":0,"curve":"stepped"},{"time":4,"angle":0,"curve":"stepped"},{"time":5.5,"angle":0}],"translate":[{"time":0,"x":0,"y":0,"curve":"stepped"},{"time":1.3333,"x":0,"y":0,"curve":"stepped"},{"time":2.6666,"x":0,"y":0,"curve":"stepped"},{"time":4,"x":0,"y":0,"curve":"stepped"},{"time":5.5,"x":0,"y":0}],"scale":[{"time":0,"x":1,"y":1,"curve":"stepped"},{"time":1.3333,"x":1,"y":1,"curve":"stepped"},{"time":2.6666,"x":1,"y":1,"curve":"stepped"},{"time":4,"x":1,"y":1,"curve":"stepped"},{"time":5.5,"x":1,"y":1}]},"bone12":{"rotate":[{"time":0,"angle":0,"curve":"stepped"},{"time":1.3333,"angle":0,"curve":"stepped"},{"time":2.6666,"angle":0,"curve":"stepped"},{"time":4,"angle":0,"curve":"stepped"},{"time":5.5,"angle":0}],"translate":[{"time":0,"x":0,"y":0,"curve":[0.25,0,0.75,1]},{"time":0.6666,"x":-0.73,"y":0.03,"curve":[0.25,0,0.75,1]},{"time":1.3333,"x":0,"y":0,"curve":[0.25,0,0.75,1]},{"time":2,"x":-0.73,"y":0.03,"curve":[0.25,0,0.75,1]},{"time":2.6666,"x":0,"y":0,"curve":[0.25,0,0.75,1]},{"time":3.3333,"x":-0.73,"y":0.03,"curve":[0.25,0,0.75,1]},{"time":4,"x":0,"y":0,"curve":[0.25,0,0.75,1]},{"time":4.6666,"x":-0.73,"y":0.03,"curve":[0.25,0,0.75,1]},{"time":5.5,"x":0,"y":0}],"scale":[{"time":0,"x":1,"y":1,"curve":"stepped"},{"time":1.3333,"x":1,"y":1,"curve":"stepped"},{"time":2.6666,"x":1,"y":1,"curve":"stepped"},{"time":4,"x":1,"y":1,"curve":"stepped"},{"time":5.5,"x":1,"y":1}]},"bone13":{"rotate":[{"time":0,"angle":0,"curve":"stepped"},{"time":1.3333,"angle":0,"curve":"stepped"},{"time":2.6666,"angle":0,"curve":"stepped"},{"time":4,"angle":0,"curve":"stepped"},{"time":5.5,"angle":0}],"translate":[{"time":0,"x":0,"y":0,"curve":"stepped"},{"time":1.3333,"x":0,"y":0,"curve":"stepped"},{"time":2.6666,"x":0,"y":0,"curve":"stepped"},{"time":4,"x":0,"y":0,"curve":"stepped"},{"time":5.5,"x":0,"y":0}],"scale":[{"time":0,"x":1,"y":1,"curve":"stepped"},{"time":1.3333,"x":1,"y":1,"curve":"stepped"},{"time":2.6666,"x":1,"y":1,"curve":"stepped"},{"time":4,"x":1,"y":1,"curve":"stepped"},{"time":5.5,"x":1,"y":1}]},"bone14":{"rotate":[{"time":0,"angle":0,"curve":"stepped"},{"time":1.3333,"angle":0,"curve":"stepped"},{"time":2.6666,"angle":0,"curve":"stepped"},{"time":4,"angle":0,"curve":"stepped"},{"time":5.5,"angle":0}],"translate":[{"time":0,"x":0,"y":0,"curve":"stepped"},{"time":1.3333,"x":0,"y":0,"curve":"stepped"},{"time":2.6666,"x":0,"y":0,"curve":"stepped"},{"time":4,"x":0,"y":0,"curve":"stepped"},{"time":5.5,"x":0,"y":0}],"scale":[{"time":0,"x":1,"y":1,"curve":"stepped"},{"time":1.3333,"x":1,"y":1,"curve":"stepped"},{"time":2.6666,"x":1,"y":1,"curve":"stepped"},{"time":4,"x":1,"y":1,"curve":"stepped"},{"time":5.5,"x":1,"y":1}]},"head":{"rotate":[{"time":0,"angle":0.15,"curve":[0.375,0.5,0.75,1]},{"time":0.3333,"angle":0},{"time":1,"angle":0.31,"curve":[0.25,0,0.625,0.5]},{"time":1.3333,"angle":0.15,"curve":[0.375,0.5,0.75,1]},{"time":1.6666,"angle":0},{"time":2.3333,"angle":0.31,"curve":[0.25,0,0.625,0.5]},{"time":2.6666,"angle":0.15,"curve":[0.375,0.5,0.75,1]},{"time":3,"angle":0},{"time":3.6666,"angle":0.31,"curve":[0.25,0,0.625,0.5]},{"time":4,"angle":0.15,"curve":[0.342,0.36,0.685,0.72]},{"time":4.1666,"angle":-1.54,"curve":[0.343,0.37,0.677,0.71]},{"time":4.5666,"angle":-4.3,"curve":[0.354,0.45,0.689,0.79]},{"time":5.1333,"angle":2.07,"curve":[0.352,0.65,0.687,1]},{"time":5.5,"angle":0.15}],"translate":[{"time":0,"x":-0.38,"y":-0.01,"curve":[0.375,0.5,0.75,1]},{"time":0.3333,"x":0,"y":0},{"time":1,"x":-0.76,"y":-0.03,"curve":[0.25,0,0.625,0.5]},{"time":1.3333,"x":-0.38,"y":-0.01,"curve":[0.375,0.5,0.75,1]},{"time":1.6666,"x":0,"y":0},{"time":2.3333,"x":-0.76,"y":-0.03,"curve":[0.25,0,0.625,0.5]},{"time":2.6666,"x":-0.38,"y":-0.01,"curve":[0.375,0.5,0.75,1]},{"time":3,"x":0,"y":0},{"time":3.6666,"x":-0.76,"y":-0.03,"curve":[0.25,0,0.625,0.5]},{"time":4,"x":-0.38,"y":-0.01,"curve":"stepped"},{"time":5.5,"x":-0.38,"y":-0.01}],"scale":[{"time":0,"x":1,"y":1,"curve":"stepped"},{"time":1.3333,"x":1,"y":1,"curve":"stepped"},{"time":2.6666,"x":1,"y":1,"curve":"stepped"},{"time":4,"x":1,"y":1,"curve":"stepped"},{"time":5.5,"x":1,"y":1}]},"eyes1":{"rotate":[{"time":0,"angle":0,"curve":"stepped"},{"time":1.3333,"angle":0,"curve":"stepped"},{"time":2.6666,"angle":0,"curve":"stepped"},{"time":4,"angle":0,"curve":"stepped"},{"time":5.5,"angle":0}],"translate":[{"time":0,"x":0,"y":0,"curve":"stepped"},{"time":1.3333,"x":0,"y":0,"curve":"stepped"},{"time":2.6666,"x":0,"y":0,"curve":"stepped"},{"time":4,"x":0,"y":0,"curve":"stepped"},{"time":5.5,"x":0,"y":0}],"scale":[{"time":0,"x":1,"y":1,"curve":"stepped"},{"time":0.5333,"x":1,"y":1,"curve":[0.325,0.3,0.659,0.63]},{"time":0.6333,"x":0.274,"y":1,"curve":[0.327,0.31,0.66,0.64]},{"time":0.7333,"x":1,"y":1,"curve":"stepped"},{"time":1.3333,"x":1,"y":1,"curve":"stepped"},{"time":2.6666,"x":1,"y":1,"curve":"stepped"},{"time":2.8333,"x":1,"y":1,"curve":[0.325,0.3,0.659,0.63]},{"time":2.9333,"x":0.274,"y":1,"curve":[0.327,0.31,0.66,0.64]},{"time":3.0333,"x":1,"y":1,"curve":"stepped"},{"time":4,"x":1,"y":1,"curve":"stepped"},{"time":4.1666,"x":1,"y":1,"curve":[0.325,0.3,0.659,0.63]},{"time":4.2666,"x":0.274,"y":1,"curve":[0.327,0.31,0.66,0.64]},{"time":4.3666,"x":1,"y":1,"curve":"stepped"},{"time":5.5,"x":1,"y":1}]},"eyes2":{"rotate":[{"time":0,"angle":0,"curve":"stepped"},{"time":1.3333,"angle":0,"curve":"stepped"},{"time":2.6666,"angle":0,"curve":"stepped"},{"time":4,"angle":0,"curve":"stepped"},{"time":5.5,"angle":0}],"translate":[{"time":0,"x":0,"y":0,"curve":"stepped"},{"time":1.3333,"x":0,"y":0,"curve":"stepped"},{"time":2.6666,"x":0,"y":0,"curve":"stepped"},{"time":4,"x":0,"y":0,"curve":"stepped"},{"time":5.5,"x":0,"y":0}],"scale":[{"time":0,"x":1,"y":1,"curve":"stepped"},{"time":0.5333,"x":1,"y":1,"curve":[0.325,0.3,0.659,0.63]},{"time":0.6333,"x":0.274,"y":1,"curve":[0.327,0.31,0.66,0.64]},{"time":0.7333,"x":1,"y":1,"curve":"stepped"},{"time":1.3333,"x":1,"y":1,"curve":"stepped"},{"time":2.6666,"x":1,"y":1,"curve":"stepped"},{"time":2.8333,"x":1,"y":1,"curve":[0.325,0.3,0.659,0.63]},{"time":2.9333,"x":0.274,"y":1,"curve":[0.327,0.31,0.66,0.64]},{"time":3.0333,"x":1,"y":1,"curve":"stepped"},{"time":4,"x":1,"y":1,"curve":"stepped"},{"time":4.1666,"x":1,"y":1,"curve":[0.325,0.3,0.659,0.63]},{"time":4.2666,"x":0.274,"y":1,"curve":[0.327,0.31,0.66,0.64]},{"time":4.3666,"x":1,"y":1,"curve":"stepped"},{"time":5.5,"x":1,"y":1}]},"hair6":{"rotate":[{"time":0,"angle":0,"curve":[0.25,0,0.75,1]},{"time":0.6666,"angle":-1.88,"curve":[0.25,0,0.75,1]},{"time":1.3333,"angle":0,"curve":[0.25,0,0.75,1]},{"time":2,"angle":-1.88,"curve":[0.25,0,0.75,1]},{"time":2.6666,"angle":0,"curve":[0.25,0,0.75,1]},{"time":3.3333,"angle":-1.88,"curve":[0.25,0,0.75,1]},{"time":4,"angle":0,"curve":[0.25,0,0.75,1]},{"time":4.6666,"angle":-1.88,"curve":[0.25,0,0.75,1]},{"time":5.5,"angle":0}],"translate":[{"time":0,"x":0,"y":0,"curve":"stepped"},{"time":1.3333,"x":0,"y":0,"curve":"stepped"},{"time":2.6666,"x":0,"y":0,"curve":"stepped"},{"time":4,"x":0,"y":0,"curve":"stepped"},{"time":5.5,"x":0,"y":0}],"scale":[{"time":0,"x":1,"y":1,"curve":"stepped"},{"time":1.3333,"x":1,"y":1,"curve":"stepped"},{"time":2.6666,"x":1,"y":1,"curve":"stepped"},{"time":4,"x":1,"y":1,"curve":"stepped"},{"time":5.5,"x":1,"y":1}]},"bone23":{"rotate":[{"time":0,"angle":-1.09,"curve":[0.375,0.5,0.75,1]},{"time":0.3333,"angle":2.1,"curve":[0.25,0,0.625,0.5]},{"time":1,"angle":-4.3,"curve":[0.25,0,0.625,0.5]},{"time":1.3333,"angle":-1.09,"curve":[0.375,0.5,0.75,1]},{"time":1.6666,"angle":2.1,"curve":[0.25,0,0.625,0.5]},{"time":2.3333,"angle":-4.3,"curve":[0.25,0,0.625,0.5]},{"time":2.6666,"angle":-1.09,"curve":[0.375,0.5,0.75,1]},{"time":3,"angle":2.1,"curve":[0.25,0,0.625,0.5]},{"time":3.6666,"angle":-4.3,"curve":[0.25,0,0.625,0.5]},{"time":4,"angle":-1.09,"curve":[0.375,0.5,0.75,1]},{"time":4.3333,"angle":2.1,"curve":[0.25,0,0.625,0.5]},{"time":5,"angle":-4.3,"curve":[0.25,0,0.625,0.5]},{"time":5.5,"angle":-1.09}],"translate":[{"time":0,"x":0,"y":0,"curve":"stepped"},{"time":1.3333,"x":0,"y":0,"curve":"stepped"},{"time":2.6666,"x":0,"y":0,"curve":"stepped"},{"time":4,"x":0,"y":0,"curve":"stepped"},{"time":5.5,"x":0,"y":0}],"scale":[{"time":0,"x":1,"y":1,"curve":"stepped"},{"time":1.3333,"x":1,"y":1,"curve":"stepped"},{"time":2.6666,"x":1,"y":1,"curve":"stepped"},{"time":4,"x":1,"y":1,"curve":"stepped"},{"time":5.5,"x":1,"y":1}]},"bone24":{"rotate":[{"time":0,"angle":-4.78,"curve":[0.333,0.33,0.757,1]},{"time":0.5,"angle":12.12,"curve":[0.25,0,0.625,0.5]},{"time":1.1666,"angle":-8.61,"curve":[0.275,0,0.62,0.4]},{"time":1.3333,"angle":-4.78,"curve":[0.333,0.33,0.757,1]},{"time":1.8333,"angle":12.12,"curve":[0.25,0,0.625,0.5]},{"time":2.5,"angle":-8.61,"curve":[0.275,0,0.62,0.4]},{"time":2.6666,"angle":-4.78,"curve":[0.333,0.33,0.757,1]},{"time":3.1666,"angle":12.12,"curve":[0.25,0,0.625,0.5]},{"time":3.8333,"angle":-8.61,"curve":[0.275,0,0.62,0.4]},{"time":4,"angle":-4.78,"curve":[0.333,0.33,0.757,1]},{"time":4.5,"angle":12.12,"curve":[0.25,0,0.625,0.5]},{"time":5.1666,"angle":-8.61,"curve":[0.275,0,0.62,0.4]},{"time":5.5,"angle":-4.78}],"translate":[{"time":0,"x":0,"y":0,"curve":"stepped"},{"time":1.3333,"x":0,"y":0,"curve":"stepped"},{"time":2.6666,"x":0,"y":0,"curve":"stepped"},{"time":4,"x":0,"y":0,"curve":"stepped"},{"time":5.5,"x":0,"y":0}],"scale":[{"time":0,"x":1,"y":1,"curve":"stepped"},{"time":1.3333,"x":1,"y":1,"curve":"stepped"},{"time":2.6666,"x":1,"y":1,"curve":"stepped"},{"time":4,"x":1,"y":1,"curve":"stepped"},{"time":5.5,"x":1,"y":1}]},"bone25":{"rotate":[{"time":0,"angle":-2.17,"curve":[0.382,0.56,0.737,1]},{"time":0.2333,"angle":0,"curve":[0.25,0,0.75,1]},{"time":0.9,"angle":-7.13,"curve":[0.243,0,0.645,0.58]},{"time":1.3333,"angle":-2.17,"curve":[0.382,0.56,0.737,1]},{"time":1.5666,"angle":0,"curve":[0.25,0,0.75,1]},{"time":2.2333,"angle":-7.13,"curve":[0.243,0,0.645,0.58]},{"time":2.6666,"angle":-2.17,"curve":[0.382,0.56,0.737,1]},{"time":2.9,"angle":0,"curve":[0.25,0,0.75,1]},{"time":3.5666,"angle":-7.13,"curve":[0.243,0,0.645,0.58]},{"time":4,"angle":-2.17,"curve":[0.382,0.56,0.737,1]},{"time":4.2333,"angle":0,"curve":[0.25,0,0.75,1]},{"time":4.9,"angle":-7.13,"curve":[0.243,0,0.645,0.58]},{"time":5.5,"angle":-2.17}],"translate":[{"time":0,"x":0,"y":0,"curve":"stepped"},{"time":1.3333,"x":0,"y":0,"curve":"stepped"},{"time":2.6666,"x":0,"y":0,"curve":"stepped"},{"time":4,"x":0,"y":0,"curve":"stepped"},{"time":5.5,"x":0,"y":0}],"scale":[{"time":0,"x":1,"y":1,"curve":"stepped"},{"time":1.3333,"x":1,"y":1,"curve":"stepped"},{"time":2.6666,"x":1,"y":1,"curve":"stepped"},{"time":4,"x":1,"y":1,"curve":"stepped"},{"time":5.5,"x":1,"y":1}]},"bone26":{"rotate":[{"time":0,"angle":0,"curve":[0.25,0,0.75,1]},{"time":0.6666,"angle":-3.91,"curve":[0.25,0,0.75,1]},{"time":1.3333,"angle":0,"curve":[0.25,0,0.75,1]},{"time":2,"angle":-3.91,"curve":[0.25,0,0.75,1]},{"time":2.6666,"angle":0,"curve":[0.25,0,0.75,1]},{"time":3.3333,"angle":-3.91,"curve":[0.25,0,0.75,1]},{"time":4,"angle":0,"curve":[0.25,0,0.75,1]},{"time":4.6666,"angle":-3.91,"curve":[0.25,0,0.75,1]},{"time":5.5,"angle":0}],"translate":[{"time":0,"x":0,"y":0,"curve":"stepped"},{"time":1.3333,"x":0,"y":0,"curve":"stepped"},{"time":2.6666,"x":0,"y":0,"curve":"stepped"},{"time":4,"x":0,"y":0,"curve":"stepped"},{"time":5.5,"x":0,"y":0}],"scale":[{"time":0,"x":1,"y":1,"curve":"stepped"},{"time":1.3333,"x":1,"y":1,"curve":"stepped"},{"time":2.6666,"x":1,"y":1,"curve":"stepped"},{"time":4,"x":1,"y":1,"curve":"stepped"},{"time":5.5,"x":1,"y":1}]},"bone27":{"rotate":[{"time":0,"angle":2.71,"curve":[0.379,0.6,0.724,1]},{"time":0.1666,"angle":5.17,"curve":[0.25,0,0.625,0.5]},{"time":0.8333,"angle":-8.14,"curve":[0.242,0,0.666,0.66]},{"time":1.3333,"angle":2.71,"curve":[0.379,0.6,0.724,1]},{"time":1.5,"angle":5.17,"curve":[0.25,0,0.625,0.5]},{"time":2.1666,"angle":-8.14,"curve":[0.242,0,0.666,0.66]},{"time":2.6666,"angle":2.71,"curve":[0.379,0.6,0.724,1]},{"time":2.8333,"angle":5.17,"curve":[0.25,0,0.625,0.5]},{"time":3.5,"angle":-8.14,"curve":[0.242,0,0.666,0.66]},{"time":4,"angle":2.71,"curve":[0.379,0.6,0.724,1]},{"time":4.1666,"angle":5.17,"curve":[0.25,0,0.625,0.5]},{"time":4.8333,"angle":-8.14,"curve":[0.242,0,0.666,0.66]},{"time":5.5,"angle":2.71}],"translate":[{"time":0,"x":0,"y":0,"curve":"stepped"},{"time":1.3333,"x":0,"y":0,"curve":"stepped"},{"time":2.6666,"x":0,"y":0,"curve":"stepped"},{"time":4,"x":0,"y":0,"curve":"stepped"},{"time":5.5,"x":0,"y":0}],"scale":[{"time":0,"x":1,"y":1,"curve":"stepped"},{"time":1.3333,"x":1,"y":1,"curve":"stepped"},{"time":2.6666,"x":1,"y":1,"curve":"stepped"},{"time":4,"x":1,"y":1,"curve":"stepped"},{"time":5.5,"x":1,"y":1}]},"bone15":{"rotate":[{"time":0,"angle":1.39,"curve":[0.288,0.17,0.644,0.58]},{"time":0.5,"angle":0},{"time":1.1666,"angle":1.58,"curve":[0.299,0,0.635,0.36]},{"time":1.3333,"angle":1.39,"curve":[0.288,0.17,0.644,0.58]},{"time":1.8333,"angle":0},{"time":2.5,"angle":1.58,"curve":[0.299,0,0.635,0.36]},{"time":2.6666,"angle":1.39,"curve":[0.288,0.17,0.644,0.58]},{"time":3.1666,"angle":0},{"time":3.8333,"angle":1.58,"curve":[0.299,0,0.635,0.36]},{"time":4,"angle":1.39,"curve":[0.288,0.17,0.644,0.58]},{"time":4.5,"angle":0},{"time":5.1666,"angle":1.58,"curve":[0.299,0,0.635,0.36]},{"time":5.5,"angle":1.39}],"translate":[{"time":0,"x":0,"y":0,"curve":"stepped"},{"time":1.3333,"x":0,"y":0,"curve":"stepped"},{"time":2.6666,"x":0,"y":0,"curve":"stepped"},{"time":4,"x":0,"y":0,"curve":"stepped"},{"time":5.5,"x":0,"y":0}],"scale":[{"time":0,"x":1,"y":1,"curve":"stepped"},{"time":1.3333,"x":1,"y":1,"curve":"stepped"},{"time":2.6666,"x":1,"y":1,"curve":"stepped"},{"time":4,"x":1,"y":1,"curve":"stepped"},{"time":5.5,"x":1,"y":1}]},"bone17":{"rotate":[{"time":0,"angle":5.41,"curve":[0.379,0.6,0.724,1]},{"time":0.1666,"angle":8.45,"curve":[0.25,0,0.75,1]},{"time":0.5,"angle":0.2,"curve":[0.374,0.61,0.715,1]},{"time":0.8333,"angle":-8.04,"curve":[0.242,0,0.666,0.66]},{"time":1.3333,"angle":5.41,"curve":[0.379,0.6,0.724,1]},{"time":1.5,"angle":8.45,"curve":[0.25,0,0.75,1]},{"time":1.8333,"angle":0.2,"curve":[0.374,0.61,0.715,1]},{"time":2.1666,"angle":-8.04,"curve":[0.242,0,0.666,0.66]},{"time":2.6666,"angle":5.41,"curve":[0.379,0.6,0.724,1]},{"time":2.8333,"angle":8.45,"curve":[0.25,0,0.75,1]},{"time":3.1666,"angle":0.2,"curve":[0.374,0.61,0.715,1]},{"time":3.5,"angle":-8.04,"curve":[0.242,0,0.666,0.66]},{"time":4,"angle":5.41,"curve":[0.379,0.6,0.724,1]},{"time":4.1666,"angle":8.45,"curve":[0.25,0,0.75,1]},{"time":4.5,"angle":0.2,"curve":[0.374,0.61,0.715,1]},{"time":4.8333,"angle":-8.04,"curve":[0.242,0,0.666,0.66]},{"time":5.5,"angle":5.41}],"translate":[{"time":0,"x":0,"y":0,"curve":"stepped"},{"time":1.3333,"x":0,"y":0,"curve":"stepped"},{"time":2.6666,"x":0,"y":0,"curve":"stepped"},{"time":4,"x":0,"y":0,"curve":"stepped"},{"time":5.5,"x":0,"y":0}],"scale":[{"time":0,"x":1,"y":1,"curve":"stepped"},{"time":1.3333,"x":1,"y":1,"curve":"stepped"},{"time":2.6666,"x":1,"y":1,"curve":"stepped"},{"time":4,"x":1,"y":1,"curve":"stepped"},{"time":5.5,"x":1,"y":1}]},"bone16":{"rotate":[{"time":0,"angle":3.62,"curve":[0.275,0.11,0.753,1]},{"time":0.5,"angle":-4.26,"curve":[0.374,0.61,0.715,1]},{"time":0.6333,"angle":-5.47},{"time":1.3,"angle":3.79,"curve":[0.314,0,0.648,0.34]},{"time":1.3333,"angle":3.62,"curve":[0.275,0.11,0.753,1]},{"time":1.8333,"angle":-4.26,"curve":[0.374,0.61,0.715,1]},{"time":1.9666,"angle":-5.47},{"time":2.6333,"angle":3.79,"curve":[0.314,0,0.648,0.34]},{"time":2.6666,"angle":3.62,"curve":[0.275,0.11,0.753,1]},{"time":3.1666,"angle":-4.26,"curve":[0.374,0.61,0.715,1]},{"time":3.3,"angle":-5.47},{"time":3.9666,"angle":3.79,"curve":[0.314,0,0.648,0.34]},{"time":4,"angle":3.62,"curve":[0.275,0.11,0.753,1]},{"time":4.5,"angle":-4.26,"curve":[0.374,0.61,0.715,1]},{"time":4.6333,"angle":-5.47},{"time":5.3,"angle":3.79,"curve":[0.314,0,0.648,0.34]},{"time":5.5,"angle":3.62}],"translate":[{"time":0,"x":0,"y":0,"curve":"stepped"},{"time":1.3333,"x":0,"y":0,"curve":"stepped"},{"time":2.6666,"x":0,"y":0,"curve":"stepped"},{"time":4,"x":0,"y":0,"curve":"stepped"},{"time":5.5,"x":0,"y":0}],"scale":[{"time":0,"x":1,"y":1,"curve":"stepped"},{"time":1.3333,"x":1,"y":1,"curve":"stepped"},{"time":2.6666,"x":1,"y":1,"curve":"stepped"},{"time":4,"x":1,"y":1,"curve":"stepped"},{"time":5.5,"x":1,"y":1}]},"bone20":{"rotate":[{"time":0,"angle":-4.62,"curve":[0.375,0.5,0.75,1]},{"time":0.3333,"angle":6.59,"curve":[0.25,0,0.75,1]},{"time":1,"angle":-15.84,"curve":[0.25,0,0.625,0.5]},{"time":1.3333,"angle":-4.62,"curve":[0.375,0.5,0.75,1]},{"time":1.6666,"angle":6.59,"curve":[0.25,0,0.75,1]},{"time":2.3333,"angle":-15.84,"curve":[0.25,0,0.625,0.5]},{"time":2.6666,"angle":-4.62,"curve":[0.375,0.5,0.75,1]},{"time":3,"angle":6.59,"curve":[0.25,0,0.75,1]},{"time":3.6666,"angle":-15.84,"curve":[0.25,0,0.625,0.5]},{"time":4,"angle":-4.62,"curve":[0.375,0.5,0.75,1]},{"time":4.3333,"angle":6.59,"curve":[0.25,0,0.75,1]},{"time":5,"angle":-15.84,"curve":[0.25,0,0.625,0.5]},{"time":5.5,"angle":-4.62}],"translate":[{"time":0,"x":0,"y":0,"curve":"stepped"},{"time":1.3333,"x":0,"y":0,"curve":"stepped"},{"time":2.6666,"x":0,"y":0,"curve":"stepped"},{"time":4,"x":0,"y":0,"curve":"stepped"},{"time":5.5,"x":0,"y":0}],"scale":[{"time":0,"x":1,"y":1,"curve":"stepped"},{"time":1.3333,"x":1,"y":1,"curve":"stepped"},{"time":2.6666,"x":1,"y":1,"curve":"stepped"},{"time":4,"x":1,"y":1,"curve":"stepped"},{"time":5.5,"x":1,"y":1}]},"bone19":{"rotate":[{"time":0,"angle":2.38,"curve":[0.374,0.61,0.715,1]},{"time":0.1333,"angle":3.09},{"time":0.8,"angle":-2.33,"curve":[0.242,0,0.679,0.71]},{"time":1.3333,"angle":2.38,"curve":[0.374,0.61,0.715,1]},{"time":1.4666,"angle":3.09},{"time":2.1333,"angle":-2.33,"curve":[0.242,0,0.679,0.71]},{"time":2.6666,"angle":2.38,"curve":[0.374,0.61,0.715,1]},{"time":2.8,"angle":3.09},{"time":3.4666,"angle":-2.33,"curve":[0.242,0,0.679,0.71]},{"time":4,"angle":2.38,"curve":[0.374,0.61,0.715,1]},{"time":4.1333,"angle":3.09},{"time":4.8,"angle":-2.33,"curve":[0.242,0,0.679,0.71]},{"time":5.5,"angle":2.38}],"translate":[{"time":0,"x":0,"y":0,"curve":"stepped"},{"time":1.3333,"x":0,"y":0,"curve":"stepped"},{"time":2.6666,"x":0,"y":0,"curve":"stepped"},{"time":4,"x":0,"y":0,"curve":"stepped"},{"time":5.5,"x":0,"y":0}],"scale":[{"time":0,"x":1,"y":1,"curve":"stepped"},{"time":1.3333,"x":1,"y":1,"curve":"stepped"},{"time":2.6666,"x":1,"y":1,"curve":"stepped"},{"time":4,"x":1,"y":1,"curve":"stepped"},{"time":5.5,"x":1,"y":1}]},"bone18":{"rotate":[{"time":0,"angle":0,"curve":[0.25,0,0.75,1]},{"time":0.6666,"angle":-2.73,"curve":[0.25,0,0.75,1]},{"time":1.3333,"angle":0,"curve":[0.25,0,0.75,1]},{"time":2,"angle":-2.73,"curve":[0.25,0,0.75,1]},{"time":2.6666,"angle":0,"curve":[0.25,0,0.75,1]},{"time":3.3333,"angle":-2.73,"curve":[0.25,0,0.75,1]},{"time":4,"angle":0,"curve":[0.25,0,0.75,1]},{"time":4.6666,"angle":-2.73,"curve":[0.25,0,0.75,1]},{"time":5.5,"angle":0}],"translate":[{"time":0,"x":0,"y":0,"curve":"stepped"},{"time":1.3333,"x":0,"y":0,"curve":"stepped"},{"time":2.6666,"x":0,"y":0,"curve":"stepped"},{"time":4,"x":0,"y":0,"curve":"stepped"},{"time":5.5,"x":0,"y":0}],"scale":[{"time":0,"x":1,"y":1,"curve":"stepped"},{"time":1.3333,"x":1,"y":1,"curve":"stepped"},{"time":2.6666,"x":1,"y":1,"curve":"stepped"},{"time":4,"x":1,"y":1,"curve":"stepped"},{"time":5.5,"x":1,"y":1}]},"bone30":{"rotate":[{"time":0,"angle":4.82,"curve":[0.25,0,0.75,1]},{"time":0.6666,"angle":-3.5,"curve":[0.25,0,0.75,1]},{"time":1.3333,"angle":4.82,"curve":[0.25,0,0.75,1]},{"time":2,"angle":-3.5,"curve":[0.25,0,0.75,1]},{"time":2.6666,"angle":4.82,"curve":[0.25,0,0.75,1]},{"time":3.3333,"angle":-3.5,"curve":[0.25,0,0.75,1]},{"time":4,"angle":4.82,"curve":[0.25,0,0.75,1]},{"time":4.6666,"angle":-3.5,"curve":[0.25,0,0.75,1]},{"time":5.5,"angle":4.82}],"translate":[{"time":0,"x":0,"y":0,"curve":"stepped"},{"time":1.3333,"x":0,"y":0,"curve":"stepped"},{"time":2.6666,"x":0,"y":0,"curve":"stepped"},{"time":4,"x":0,"y":0,"curve":"stepped"},{"time":5.5,"x":0,"y":0}],"scale":[{"time":0,"x":1,"y":1,"curve":"stepped"},{"time":1.3333,"x":1,"y":1,"curve":"stepped"},{"time":2.6666,"x":1,"y":1,"curve":"stepped"},{"time":4,"x":1,"y":1,"curve":"stepped"},{"time":5.5,"x":1,"y":1}]},"bone31":{"rotate":[{"time":0,"angle":4.33,"curve":[0.374,0.61,0.715,1]},{"time":0.1333,"angle":6.55,"curve":[0.25,0,0.75,1]},{"time":0.8,"angle":-10.5,"curve":[0.242,0,0.679,0.71]},{"time":1.3333,"angle":4.33,"curve":[0.374,0.61,0.715,1]},{"time":1.4666,"angle":6.55,"curve":[0.25,0,0.75,1]},{"time":2.1333,"angle":-10.5,"curve":[0.242,0,0.679,0.71]},{"time":2.6666,"angle":4.33,"curve":[0.374,0.61,0.715,1]},{"time":2.8,"angle":6.55,"curve":[0.25,0,0.75,1]},{"time":3.4666,"angle":-10.5,"curve":[0.242,0,0.679,0.71]},{"time":4,"angle":4.33,"curve":[0.374,0.61,0.715,1]},{"time":4.1333,"angle":6.55,"curve":[0.25,0,0.75,1]},{"time":4.8,"angle":-10.5,"curve":[0.242,0,0.679,0.71]},{"time":5.5,"angle":4.33}],"translate":[{"time":0,"x":0,"y":0,"curve":"stepped"},{"time":1.3333,"x":0,"y":0,"curve":"stepped"},{"time":2.6666,"x":0,"y":0,"curve":"stepped"},{"time":4,"x":0,"y":0,"curve":"stepped"},{"time":5.5,"x":0,"y":0}],"scale":[{"time":0,"x":1,"y":1,"curve":"stepped"},{"time":1.3333,"x":1,"y":1,"curve":"stepped"},{"time":2.6666,"x":1,"y":1,"curve":"stepped"},{"time":4,"x":1,"y":1,"curve":"stepped"},{"time":5.5,"x":1,"y":1}]},"bone32":{"rotate":[{"time":0,"angle":3.02,"curve":[0.379,0.6,0.724,1]},{"time":0.1666,"angle":3.98},{"time":0.8333,"angle":-1.25,"curve":[0.242,0,0.666,0.66]},{"time":1.3333,"angle":3.02,"curve":[0.379,0.6,0.724,1]},{"time":1.5,"angle":3.98},{"time":2.1666,"angle":-1.25,"curve":[0.242,0,0.666,0.66]},{"time":2.6666,"angle":3.02,"curve":[0.379,0.6,0.724,1]},{"time":2.8333,"angle":3.98},{"time":3.5,"angle":-1.25,"curve":[0.242,0,0.666,0.66]},{"time":4,"angle":3.02,"curve":[0.379,0.6,0.724,1]},{"time":4.1666,"angle":3.98},{"time":4.8333,"angle":-1.25,"curve":[0.242,0,0.666,0.66]},{"time":5.5,"angle":3.02}],"translate":[{"time":0,"x":0,"y":0,"curve":"stepped"},{"time":1.3333,"x":0,"y":0,"curve":"stepped"},{"time":2.6666,"x":0,"y":0,"curve":"stepped"},{"time":4,"x":0,"y":0,"curve":"stepped"},{"time":5.5,"x":0,"y":0}],"scale":[{"time":0,"x":1,"y":1,"curve":"stepped"},{"time":1.3333,"x":1,"y":1,"curve":"stepped"},{"time":2.6666,"x":1,"y":1,"curve":"stepped"},{"time":4,"x":1,"y":1,"curve":"stepped"},{"time":5.5,"x":1,"y":1}]},"bone33":{"rotate":[{"time":0,"angle":1.34,"curve":[0.375,0.5,0.75,1]},{"time":0.3333,"angle":8.57},{"time":1,"angle":-5.89,"curve":[0.25,0,0.625,0.5]},{"time":1.3333,"angle":1.34,"curve":[0.375,0.5,0.75,1]},{"time":1.6666,"angle":8.57},{"time":2.3333,"angle":-5.89,"curve":[0.25,0,0.625,0.5]},{"time":2.6666,"angle":1.34,"curve":[0.375,0.5,0.75,1]},{"time":3,"angle":8.57},{"time":3.6666,"angle":-5.89,"curve":[0.25,0,0.625,0.5]},{"time":4,"angle":1.34,"curve":[0.375,0.5,0.75,1]},{"time":4.3333,"angle":8.57},{"time":5,"angle":-5.89,"curve":[0.25,0,0.625,0.5]},{"time":5.5,"angle":1.34}],"translate":[{"time":0,"x":0,"y":0,"curve":"stepped"},{"time":1.3333,"x":0,"y":0,"curve":"stepped"},{"time":2.6666,"x":0,"y":0,"curve":"stepped"},{"time":4,"x":0,"y":0,"curve":"stepped"},{"time":5.5,"x":0,"y":0}],"scale":[{"time":0,"x":1,"y":1,"curve":"stepped"},{"time":1.3333,"x":1,"y":1,"curve":"stepped"},{"time":2.6666,"x":1,"y":1,"curve":"stepped"},{"time":4,"x":1,"y":1,"curve":"stepped"},{"time":5.5,"x":1,"y":1}]},"bone34":{"rotate":[{"time":0,"angle":-0.97,"curve":[0.378,0.52,0.746,1]},{"time":0.3,"angle":2.63},{"time":0.9666,"angle":-5.68,"curve":[0.247,0,0.63,0.52]},{"time":1.3333,"angle":-0.97,"curve":[0.378,0.52,0.746,1]},{"time":1.6333,"angle":2.63},{"time":2.3,"angle":-5.68,"curve":[0.247,0,0.63,0.52]},{"time":2.6666,"angle":-0.97,"curve":[0.378,0.52,0.746,1]},{"time":2.9666,"angle":2.63},{"time":3.6333,"angle":-5.68,"curve":[0.247,0,0.63,0.52]},{"time":4,"angle":-0.97,"curve":[0.378,0.52,0.746,1]},{"time":4.3,"angle":2.63},{"time":4.9666,"angle":-5.68,"curve":[0.247,0,0.63,0.52]},{"time":5.5,"angle":-0.97}],"translate":[{"time":0,"x":0,"y":0,"curve":"stepped"},{"time":1.3333,"x":0,"y":0,"curve":"stepped"},{"time":2.6666,"x":0,"y":0,"curve":"stepped"},{"time":4,"x":0,"y":0,"curve":"stepped"},{"time":5.5,"x":0,"y":0}],"scale":[{"time":0,"x":1,"y":1,"curve":"stepped"},{"time":1.3333,"x":1,"y":1,"curve":"stepped"},{"time":2.6666,"x":1,"y":1,"curve":"stepped"},{"time":4,"x":1,"y":1,"curve":"stepped"},{"time":5.5,"x":1,"y":1}]},"bone35":{"rotate":[{"time":0,"angle":0.86,"curve":[0.344,0.37,0.757,1]},{"time":0.4666,"angle":10.55,"curve":[0.25,0,0.75,1]},{"time":1.1333,"angle":-2.23,"curve":[0.268,0,0.618,0.41]},{"time":1.3333,"angle":0.86,"curve":[0.344,0.37,0.757,1]},{"time":1.8,"angle":10.55,"curve":[0.25,0,0.75,1]},{"time":2.4666,"angle":-2.23,"curve":[0.268,0,0.618,0.41]},{"time":2.6666,"angle":0.86,"curve":[0.344,0.37,0.757,1]},{"time":3.1333,"angle":10.55,"curve":[0.25,0,0.75,1]},{"time":3.8,"angle":-2.23,"curve":[0.268,0,0.618,0.41]},{"time":4,"angle":0.86,"curve":[0.344,0.37,0.757,1]},{"time":4.4666,"angle":10.55,"curve":[0.25,0,0.75,1]},{"time":5.1333,"angle":-2.23,"curve":[0.268,0,0.618,0.41]},{"time":5.5,"angle":0.86}],"translate":[{"time":0,"x":0,"y":0,"curve":"stepped"},{"time":1.3333,"x":0,"y":0,"curve":"stepped"},{"time":2.6666,"x":0,"y":0,"curve":"stepped"},{"time":4,"x":0,"y":0,"curve":"stepped"},{"time":5.5,"x":0,"y":0}],"scale":[{"time":0,"x":1,"y":1,"curve":"stepped"},{"time":1.3333,"x":1,"y":1,"curve":"stepped"},{"time":2.6666,"x":1,"y":1,"curve":"stepped"},{"time":4,"x":1,"y":1,"curve":"stepped"},{"time":5.5,"x":1,"y":1}]},"bone28":{"rotate":[{"time":0,"angle":2.4,"curve":[0.375,0.5,0.75,1]},{"time":0.3333,"angle":0},{"time":1,"angle":4.81,"curve":[0.25,0,0.75,1]},{"time":1.3333,"angle":2.4,"curve":[0.375,0.5,0.75,1]},{"time":1.6666,"angle":0},{"time":2.3333,"angle":4.81,"curve":[0.25,0,0.75,1]},{"time":2.6666,"angle":2.4,"curve":[0.375,0.5,0.75,1]},{"time":3,"angle":0},{"time":3.6666,"angle":4.81,"curve":[0.25,0,0.75,1]},{"time":4,"angle":2.4,"curve":[0.375,0.5,0.75,1]},{"time":4.3333,"angle":0},{"time":5,"angle":4.81,"curve":[0.25,0,0.75,1]},{"time":5.5,"angle":2.4}],"translate":[{"time":0,"x":0,"y":0,"curve":"stepped"},{"time":1.3333,"x":0,"y":0,"curve":"stepped"},{"time":2.6666,"x":0,"y":0,"curve":"stepped"},{"time":4,"x":0,"y":0,"curve":"stepped"},{"time":5.5,"x":0,"y":0}],"scale":[{"time":0,"x":1,"y":1,"curve":"stepped"},{"time":1.3333,"x":1,"y":1,"curve":"stepped"},{"time":2.6666,"x":1,"y":1,"curve":"stepped"},{"time":4,"x":1,"y":1,"curve":"stepped"},{"time":5.5,"x":1,"y":1}]},"bone29":{"rotate":[{"time":0,"angle":2.48,"curve":[0.37,0.62,0.709,1]},{"time":0.3333,"angle":-4.4,"curve":[0.25,0,0.75,1]},{"time":0.5,"angle":-7.42,"curve":[0.379,0.6,0.724,1]},{"time":1.1666,"angle":8.94,"curve":[0.379,0.6,0.724,1]},{"time":1.3333,"angle":2.48,"curve":[0.37,0.62,0.709,1]},{"time":1.6666,"angle":-4.4,"curve":[0.25,0,0.75,1]},{"time":1.8333,"angle":-7.42,"curve":[0.379,0.6,0.724,1]},{"time":2.5,"angle":8.94,"curve":[0.379,0.6,0.724,1]},{"time":2.6666,"angle":2.48,"curve":[0.37,0.62,0.709,1]},{"time":3,"angle":-4.4,"curve":[0.25,0,0.75,1]},{"time":3.1666,"angle":-7.42,"curve":[0.379,0.6,0.724,1]},{"time":3.8333,"angle":8.94,"curve":[0.379,0.6,0.724,1]},{"time":4,"angle":2.48,"curve":[0.37,0.62,0.709,1]},{"time":4.3333,"angle":-4.4,"curve":[0.25,0,0.75,1]},{"time":4.5,"angle":-7.42,"curve":[0.379,0.6,0.724,1]},{"time":5.1666,"angle":8.94,"curve":[0.379,0.6,0.724,1]},{"time":5.5,"angle":2.48}],"translate":[{"time":0,"x":0,"y":0,"curve":"stepped"},{"time":1.3333,"x":0,"y":0,"curve":"stepped"},{"time":2.6666,"x":0,"y":0,"curve":"stepped"},{"time":4,"x":0,"y":0,"curve":"stepped"},{"time":5.5,"x":0,"y":0}],"scale":[{"time":0,"x":1,"y":1,"curve":"stepped"},{"time":1.3333,"x":1,"y":1,"curve":"stepped"},{"time":2.6666,"x":1,"y":1,"curve":"stepped"},{"time":4,"x":1,"y":1,"curve":"stepped"},{"time":5.5,"x":1,"y":1}]},"bone21":{"rotate":[{"time":0,"angle":-0.42,"curve":[0.375,0.5,0.75,1]},{"time":0.3333,"angle":2.58},{"time":1,"angle":-3.43,"curve":[0.25,0,0.75,1]},{"time":1.3333,"angle":-0.42,"curve":[0.375,0.5,0.75,1]},{"time":1.6666,"angle":2.58},{"time":2.3333,"angle":-3.43,"curve":[0.25,0,0.75,1]},{"time":2.6666,"angle":-0.42,"curve":[0.375,0.5,0.75,1]},{"time":3,"angle":2.58},{"time":3.6666,"angle":-3.43,"curve":[0.25,0,0.75,1]},{"time":4,"angle":-0.42,"curve":[0.375,0.5,0.75,1]},{"time":4.3333,"angle":2.58},{"time":5,"angle":-3.43,"curve":[0.25,0,0.75,1]},{"time":5.5,"angle":-0.42}],"translate":[{"time":0,"x":0,"y":0,"curve":"stepped"},{"time":1.3333,"x":0,"y":0,"curve":"stepped"},{"time":2.6666,"x":0,"y":0,"curve":"stepped"},{"time":4,"x":0,"y":0,"curve":"stepped"},{"time":5.5,"x":0,"y":0}],"scale":[{"time":0,"x":1,"y":1,"curve":"stepped"},{"time":1.3333,"x":1,"y":1,"curve":"stepped"},{"time":2.6666,"x":1,"y":1,"curve":"stepped"},{"time":4,"x":1,"y":1,"curve":"stepped"},{"time":5.5,"x":1,"y":1}]},"bone22":{"rotate":[{"time":0,"angle":-4.96,"curve":[0.351,0.4,0.756,1]},{"time":0.3333,"angle":3.89,"curve":[0.242,0,0.666,0.66]},{"time":0.5,"angle":6.69,"curve":[0.25,0,0.75,1]},{"time":1.1666,"angle":-8.47,"curve":[0.25,0,0.75,1]},{"time":1.3333,"angle":-4.96,"curve":[0.351,0.4,0.756,1]},{"time":1.6666,"angle":3.89,"curve":[0.242,0,0.666,0.66]},{"time":1.8333,"angle":6.69,"curve":[0.25,0,0.75,1]},{"time":2.5,"angle":-8.47,"curve":[0.25,0,0.75,1]},{"time":2.6666,"angle":-4.96,"curve":[0.351,0.4,0.756,1]},{"time":3,"angle":3.89,"curve":[0.242,0,0.666,0.66]},{"time":3.1666,"angle":6.69,"curve":[0.25,0,0.75,1]},{"time":3.8333,"angle":-8.47,"curve":[0.25,0,0.75,1]},{"time":4,"angle":-4.96,"curve":[0.351,0.4,0.756,1]},{"time":4.3333,"angle":3.89,"curve":[0.242,0,0.666,0.66]},{"time":4.5,"angle":6.69,"curve":[0.25,0,0.75,1]},{"time":5.1666,"angle":-8.47,"curve":[0.25,0,0.75,1]},{"time":5.5,"angle":-4.96}],"translate":[{"time":0,"x":0,"y":0,"curve":"stepped"},{"time":1.3333,"x":0,"y":0,"curve":"stepped"},{"time":2.6666,"x":0,"y":0,"curve":"stepped"},{"time":4,"x":0,"y":0,"curve":"stepped"},{"time":5.5,"x":0,"y":0}],"scale":[{"time":0,"x":1,"y":1,"curve":"stepped"},{"time":1.3333,"x":1,"y":1,"curve":"stepped"},{"time":2.6666,"x":1,"y":1,"curve":"stepped"},{"time":4,"x":1,"y":1,"curve":"stepped"},{"time":5.5,"x":1,"y":1}]}},"deform":{"V0":{"body":{"2":[{"time":0,"curve":"stepped"},{"time":1.3333,"curve":"stepped"},{"time":2.6666,"curve":"stepped"},{"time":4,"curve":"stepped"},{"time":5.5}]},"hair6":{"2":[{"time":0,"curve":"stepped"},{"time":1.3333,"curve":"stepped"},{"time":2.6666,"curve":"stepped"},{"time":4,"curve":"stepped"},{"time":5.5}]}},"V1":{"head":{"2":[{"time":0,"curve":"stepped"},{"time":1.3333,"curve":"stepped"},{"time":2.6666,"curve":"stepped"},{"time":4,"curve":"stepped"},{"time":5.5}]}},"default":{"hands1":{"hands5":[{"time":0,"curve":"stepped"},{"time":1.3333,"curve":"stepped"},{"time":2.6666,"curve":"stepped"},{"time":4,"curve":"stepped"},{"time":5.5}]},"hands2":{"hands6":[{"time":0,"curve":"stepped"},{"time":1.3333,"curve":"stepped"},{"time":2.6666,"curve":"stepped"},{"time":4,"curve":"stepped"},{"time":5.5}]},"leg1":{"leg6":[{"time":0,"curve":"stepped"},{"time":1.3333,"curve":"stepped"},{"time":2.6666,"curve":"stepped"},{"time":4,"curve":"stepped"},{"time":5.5}]},"leg2":{"leg5":[{"time":0,"curve":"stepped"},{"time":1.3333,"curve":"stepped"},{"time":2.6666,"curve":"stepped"},{"time":4,"curve":"stepped"},{"time":5.5}]}}}}}},[0]]],0,0,[0],[-1],[0]]