[1,["ac+vr1jANFFocFE1Zkdxh9"],0,[["sp.SkeletonData",["_name","_atlasText","textureNames","_skeletonJson","textures"],-1,3]],[[0,0,1,2,3,4,5]],[[0,"laomuqin","\nlaomuqin.png\nsize: 1024,128\nformat: RGBA8888\nfilter: Linear,Linear\nrepeat: none\n1-body\n  rotate: false\n  xy: 574, 53\n  size: 76, 73\n  orig: 76, 73\n  offset: 0, 0\n  index: -1\n1-eyes close1\n  rotate: true\n  xy: 2, 2\n  size: 17, 5\n  orig: 17, 5\n  offset: 0, 0\n  index: -1\n2-eyes close1\n  rotate: true\n  xy: 2, 2\n  size: 17, 5\n  orig: 17, 5\n  offset: 0, 0\n  index: -1\n3-eyes close1\n  rotate: true\n  xy: 2, 2\n  size: 17, 5\n  orig: 17, 5\n  offset: 0, 0\n  index: -1\n1-eyes close2\n  rotate: true\n  xy: 9, 2\n  size: 17, 5\n  orig: 17, 5\n  offset: 0, 0\n  index: -1\n2-eyes close2\n  rotate: true\n  xy: 9, 2\n  size: 17, 5\n  orig: 17, 5\n  offset: 0, 0\n  index: -1\n3-eyes close2\n  rotate: true\n  xy: 9, 2\n  size: 17, 5\n  orig: 17, 5\n  offset: 0, 0\n  index: -1\n1-eyes1\n  rotate: true\n  xy: 416, 16\n  size: 16, 10\n  orig: 16, 10\n  offset: 0, 0\n  index: -1\n2-eyes1\n  rotate: true\n  xy: 416, 16\n  size: 16, 10\n  orig: 16, 10\n  offset: 0, 0\n  index: -1\n3-eyes1\n  rotate: true\n  xy: 416, 16\n  size: 16, 10\n  orig: 16, 10\n  offset: 0, 0\n  index: -1\n1-eyes2\n  rotate: false\n  xy: 428, 24\n  size: 16, 10\n  orig: 16, 10\n  offset: 0, 0\n  index: -1\n2-eyes2\n  rotate: false\n  xy: 428, 24\n  size: 16, 10\n  orig: 16, 10\n  offset: 0, 0\n  index: -1\n3-eyes2\n  rotate: false\n  xy: 428, 24\n  size: 16, 10\n  orig: 16, 10\n  offset: 0, 0\n  index: -1\n1-hands1\n  rotate: true\n  xy: 806, 61\n  size: 28, 56\n  orig: 28, 56\n  offset: 0, 0\n  index: -1\n1-hands2\n  rotate: true\n  xy: 864, 54\n  size: 34, 53\n  orig: 34, 53\n  offset: 0, 0\n  index: -1\n1-head\n  rotate: false\n  xy: 2, 21\n  size: 116, 105\n  orig: 116, 105\n  offset: 0, 0\n  index: -1\n2-head\n  rotate: false\n  xy: 2, 21\n  size: 116, 105\n  orig: 116, 105\n  offset: 0, 0\n  index: -1\n1-leg1\n  rotate: true\n  xy: 881, 90\n  size: 36, 61\n  orig: 36, 61\n  offset: 0, 0\n  index: -1\n1-leg2\n  rotate: true\n  xy: 356, 6\n  size: 26, 58\n  orig: 26, 58\n  offset: 0, 0\n  index: -1\n1-yuan1\n  rotate: false\n  xy: 737, 72\n  size: 67, 19\n  orig: 67, 19\n  offset: 0, 0\n  index: -1\n2-yuan2\n  rotate: false\n  xy: 737, 72\n  size: 67, 19\n  orig: 67, 19\n  offset: 0, 0\n  index: -1\n3-yuan3\n  rotate: false\n  xy: 737, 72\n  size: 67, 19\n  orig: 67, 19\n  offset: 0, 0\n  index: -1\n2-body\n  rotate: false\n  xy: 498, 46\n  size: 74, 80\n  orig: 74, 80\n  offset: 0, 0\n  index: -1\n2-hands1\n  rotate: true\n  xy: 498, 17\n  size: 27, 57\n  orig: 27, 57\n  offset: 0, 0\n  index: -1\n2-hands2\n  rotate: true\n  xy: 944, 90\n  size: 36, 53\n  orig: 36, 53\n  offset: 0, 0\n  index: -1\n2-leg1\n  rotate: true\n  xy: 817, 91\n  size: 35, 62\n  orig: 35, 62\n  offset: 0, 0\n  index: -1\n2-leg2\n  rotate: false\n  xy: 999, 67\n  size: 23, 59\n  orig: 23, 59\n  offset: 0, 0\n  index: -1\n3-body\n  rotate: false\n  xy: 428, 36\n  size: 68, 90\n  orig: 68, 90\n  offset: 0, 0\n  index: -1\n3-hands1\n  rotate: true\n  xy: 652, 79\n  size: 47, 83\n  orig: 47, 83\n  offset: 0, 0\n  index: -1\n3-hands2\n  rotate: true\n  xy: 919, 52\n  size: 36, 53\n  orig: 36, 53\n  offset: 0, 0\n  index: -1\n3-head\n  rotate: false\n  xy: 120, 21\n  size: 116, 105\n  orig: 116, 105\n  offset: 0, 0\n  index: -1\n3-leg1\n  rotate: true\n  xy: 574, 29\n  size: 22, 55\n  orig: 22, 55\n  offset: 0, 0\n  index: -1\n3-leg2\n  rotate: false\n  xy: 974, 37\n  size: 20, 51\n  orig: 20, 51\n  offset: 0, 0\n  index: -1\n4-body\n  rotate: false\n  xy: 356, 34\n  size: 70, 92\n  orig: 70, 92\n  offset: 0, 0\n  index: -1\n4-hands1\n  rotate: true\n  xy: 737, 93\n  size: 33, 78\n  orig: 33, 78\n  offset: 0, 0\n  index: -1\n4-hands2\n  rotate: true\n  xy: 723, 34\n  size: 36, 53\n  orig: 36, 53\n  offset: 0, 0\n  index: -1\n4-head\n  rotate: false\n  xy: 238, 21\n  size: 116, 105\n  orig: 116, 105\n  offset: 0, 0\n  index: -1\n4-leg1\n  rotate: true\n  xy: 652, 34\n  size: 22, 55\n  orig: 22, 55\n  offset: 0, 0\n  index: -1\n4-leg2\n  rotate: false\n  xy: 778, 19\n  size: 20, 51\n  orig: 20, 51\n  offset: 0, 0\n  index: -1\n4-yuan4\n  rotate: false\n  xy: 652, 58\n  size: 69, 19\n  orig: 69, 19\n  offset: 0, 0\n  index: -1\n",["laomuqin.png"],{"skeleton":{"hash":"pfl2xNnRdPtQjPmkhNBJMUUN2fE","spine":"3.3.07","width":116,"height":204,"images":"./images/"},"bones":[{"name":"root"},{"name":"bone2","parent":"root","scaleX":-1},{"name":"bone","parent":"bone2","x":5.75,"y":45.69},{"name":"spine","parent":"bone","length":24.41,"rotation":84.49,"x":0.11},{"name":"spine1","parent":"spine","length":27.88,"rotation":10.73,"x":24.41},{"name":"head","parent":"spine1","length":94.86,"rotation":-5.45,"x":27.64,"y":-0.18},{"name":"eyes","parent":"head","x":35.53,"y":-5.44},{"name":"l_arm","parent":"spine1","length":20.71,"rotation":-201.87,"x":21.48,"y":30.11},{"name":"l_hand","parent":"l_arm","length":22,"rotation":16.22,"x":20.71},{"name":"l_legu","parent":"bone","length":22.71,"rotation":-97.18,"x":-13.74,"y":-2.94},{"name":"l_legd","parent":"l_legu","length":20.72,"rotation":-1.25,"x":22.71},{"name":"r_arm","parent":"spine1","length":19.31,"rotation":-159.5,"x":19.99,"y":-13.41},{"name":"r_hand","parent":"r_arm","length":21.98,"rotation":0.11,"x":19.31},{"name":"r_legu","parent":"bone","length":22.71,"rotation":-93.21,"x":9.61,"y":-1.5},{"name":"r_legd","parent":"r_legu","length":20.72,"rotation":-4.22,"x":22.71}],"slots":[{"name":"1-yuan1","bone":"root","attachment":"yuan"},{"name":"1-leg2","bone":"root","attachment":"r_leg"},{"name":"1-leg1","bone":"root","attachment":"l_leg"},{"name":"1-hands2","bone":"root","attachment":"r_hand"},{"name":"1-body","bone":"root","attachment":"body"},{"name":"1-hands1","bone":"root","attachment":"l_hand"},{"name":"1-head","bone":"head","attachment":"head"},{"name":"1-eyes1","bone":"eyes","attachment":"r_eyeo"},{"name":"1-eyes close1","bone":"eyes","attachment":"r_eyec"},{"name":"l_eyeo","bone":"eyes","attachment":"l_eyeo"},{"name":"l_eyec","bone":"eyes","attachment":"l_eyec"}],"skins":{"default":{},"V0":{"1-body":{"body":{"name":"1-body","type":"mesh","hull":14,"width":76,"height":73,"uvs":[0.58114,0.03038,0.84806,0.07386,0.95156,0.29125,1,0.55402,1,0.74873,1,0.91879,0.73643,0.96264,0.40076,1,0.13274,0.94537,0,0.76731,0.03236,0.53642,0.11973,0.28932,0.21581,0.14113,0.29667,0,0.37204,0.76293,0.68941,0.75192,0.34295,0.50962,0.72379,0.49035,0.36411,0.23428,0.7185,0.27007],"triangles":[18,13,0,12,13,18,19,0,1,18,0,19,19,1,2,18,11,12,17,19,2,17,18,19,16,11,18,17,16,18,10,11,16,17,2,3,15,17,3,15,16,17,4,15,3,14,16,15,10,14,9,14,10,16,5,6,4,7,15,6,8,14,7,6,15,4,8,9,14,7,14,15],"vertices":[1,4,33.27,2.68,1,1,4,28.26,-17.21999,1,2,3,40.34,-21.01,0.12799,4,11.73,-23.61,0.872,2,3,21.6,-26.51,0.64,4,-7.69,-25.52,0.35999,2,2,28.58,4.75,0.42399,3,7.45,-27.87,0.57599,1,2,28.58,-7.65,1,1,2,8.55,-10.86,1,1,2,-16.95,-13.58,1,1,2,-37.32,-9.59,1,2,2,-47.41,3.39,0.42399,3,-1.17999,47.64,0.57599,2,3,15.83,46.8,0.64,4,0.28,47.58,0.35999,2,3,34.41999,41.91999,0.12799,4,17.64,39.33,0.872,1,4,27.75,31.07,1,1,4,37.45,24.01,1,2,2,-19.14,3.71,0.42399,3,1.84,19.52,0.57599,2,2,4.96999,4.52,0.42399,3,4.94999,-4.4,0.57599,2,3,20.04,23.5,0.64,4,0.08,23.9,0.35999,2,3,24.21,-5.17,0.64,4,-1.15,-5.04,0.35999,2,3,40.2,23.82,0.12799,4,19.95,20.45999,0.872,2,3,40.18,-3.23,0.12799,4,14.89,-6.11,0.872],"edges":[26,24,24,22,22,20,20,18,18,16,16,14,14,12,12,10,26,0,0,2,2,4,4,6,6,8,8,10]}},"1-eyes close1":{"r_eyec":{"name":"1-eyes close1","x":-1.38,"y":-16.38,"rotation":-89.78,"width":17,"height":5}},"1-eyes1":{"r_eyeo":{"name":"1-eyes1","x":0.11,"y":-15.88,"rotation":-89.78,"width":16,"height":10}},"1-hands1":{"l_hand":{"name":"1-hands1","type":"mesh","hull":11,"width":28,"height":56,"uvs":[1,0.19404,0.90761,0.38189,0.82547,0.5176,0.7719,0.6301,0.66833,1,0.0969,0.96045,0.08262,0.64974,0,0.45717,0.09785,0.27125,0.44028,0.04632,0.80957,0,0.39177,0.64546,0.4448,0.47751,0.50491,0.30956,0.68877,0.12949],"triangles":[3,12,2,12,6,7,5,11,4,4,11,3,5,6,11,11,6,12,11,12,3,12,13,2,2,13,1,7,8,12,12,8,13,13,14,1,1,14,0,8,9,13,13,9,14,14,10,0,14,9,10],"vertices":[1,7,-1.15,12.25,1,2,7,9.66,12.79,0.92,8,-7.03,15.36,0.07999,2,7,17.6,12.76,0.54399,8,0.58,13.12,0.456,2,7,24.07,13.13,0.14399,8,6.89,11.66,0.85599,1,8,27.63,8.91,1,1,8,25.53,-7.09,1,2,7,30.65,-5.04,0.14399,8,8.13,-7.62,0.85599,2,7,20.98,-10.34,0.54399,8,-2.63,-10.01,0.456,2,7,10.22,-10.7,0.92,8,-13.06,-7.34,0.07999,1,7,-4.59,-5.12,1,1,7,-10.03,4.03,1,2,7,27.94,3.18,0.14399,8,7.83,1.03,0.85599,2,7,18.5,1.9,0.54399,8,-1.58,2.44,0.456,2,7,9.01,0.82,0.92,8,-10.99,4.06,0.07999,1,7,-2.11999,2.87,1],"edges":[20,18,20,0,18,16,16,14,14,12,12,10,10,8,8,6,6,4,4,2,2,0]}},"1-hands2":{"r_hand":{"name":"1-hands2","type":"mesh","hull":13,"width":34,"height":53,"uvs":[0.43518,0.04212,0.68121,0.33366,0.74157,0.49426,0.82661,0.60185,1,0.8212,1,1,0.63204,1,0.37707,0.7487,0.22075,0.59464,0.11346,0.45985,0.07309,0.34996,0,0.15095,0.13541,0,0.58179,0.21585,0.48227,0.5172,0.39286,0.40536,0.3191,0.272,0.59851,0.68784],"triangles":[14,1,2,8,15,14,6,4,5,7,17,6,4,17,3,4,6,17,7,14,17,17,2,3,17,14,2,7,8,14,14,15,1,9,16,15,9,10,16,15,16,1,10,11,16,11,12,16,1,16,0,16,12,0,8,9,15],"vertices":[1,11,-0.62,9.6,1,2,11,16.92,10.43,0.78399,12,-2.35999,10.43,0.216,2,11,25.48,8.58,0.25599,12,6.18,8.57,0.744,2,11,31.87,8.71,0.00186,12,12.57,8.68,0.99813,1,12,25.61,8.92,1,1,12,34.14,4.79,1,1,12,28.68,-6.46,1,1,12,12.92,-8.45,1,2,11,22.58,-9.67,0.25599,12,3.25,-9.68,0.744,2,11,14.57,-9.85999,0.78399,12,-4.76,-9.85,0.216,2,11,8.72,-8.56,0.9861,12,-10.6,-8.54,0.01389,1,11,-1.85,-6.22,1,1,11,-7.06,1.39,1,2,11,9.83,10.09,0.97288,12,-9.46,10.10999,0.02711,2,11,22.75,0.11,0.25599,12,3.43,0.1,0.744,2,11,16.09,-0.04,0.78399,12,-3.22,-0.04,0.216,1,11,8.63,0.75,1,1,12,13.3,-0.27,1],"edges":[24,22,24,0,18,16,2,4,10,12,10,8,22,20,20,18,0,26,26,2,12,14,14,16,8,6,6,4,0,2]}},"1-head":{"head":{"name":"1-head","x":45.03,"y":7.7,"rotation":-89.78,"width":116,"height":105}},"1-leg1":{"l_leg":{"name":"1-leg1","type":"mesh","hull":12,"width":36,"height":61,"uvs":[0.93819,0.17938,0.91972,0.30918,0.72089,0.60192,0.67968,0.71248,0.61611,0.97853,0.31267,0.98023,0.05163,0.9817,0.03673,0.64532,0.03688,0.50491,0.05522,0.25932,0.07547,0.13,0.51911,0.10942,0.50778,0.25645,0.43278,0.52997,0.38778,0.66866],"triangles":[14,7,8,14,13,3,4,14,3,5,7,14,5,14,4,6,7,5,12,10,11,12,11,0,9,10,12,1,12,0,13,9,12,8,9,13,2,12,1,13,12,2,13,14,8,3,13,2],"vertices":[1,9,-6.39,15.42,1,1,9,1.54,15.75,1,2,9,20.15,10.88,0.744,10,-2.79,10.82,0.25599,2,9,27.03,10.26,0.24,10,4.09,10.35,0.75999,1,10,20.48,10.47,1,1,10,22.19,-0.31,1,1,10,23.66,-9.59,1,2,9,25.86,-13.21,0.24,10,3.44,-13.14,0.75999,2,9,17.36,-14.28,0.744,10,-5.03,-14.39,0.25599,1,9,2.41,-15.5,1,1,9,-5.49,-15.76,1,1,9,-8.74,-0.07,1,1,9,0.2,0.63,1,2,9,17.09,0.04,0.744,10,-5.61,-0.07,0.25599,2,9,25.69,-0.49,0.24,10,2.99,-0.43,0.75999],"edges":[20,22,22,0,20,18,0,2,18,16,2,4,4,6,6,8,12,14,14,16,8,10,10,12]}},"1-leg2":{"r_leg":{"name":"1-leg2","type":"mesh","hull":12,"width":26,"height":58,"uvs":[0.97992,0.23845,0.93361,0.56579,0.93307,0.6946,0.92973,0.9835,0.52316,0.98426,0.13384,0.985,0.07696,0.70234,0.05688,0.55793,0.0435,0.24863,0.04865,0.1472,0.50452,0.13429,0.97246,0.12103,0.51843,0.23625,0.51685,0.54146,0.53297,0.67291],"triangles":[4,5,14,3,4,2,14,5,6,2,4,14,6,13,14,2,14,1,6,7,13,14,13,1,13,12,1,1,12,0,7,8,12,13,7,12,8,10,12,9,10,8,12,11,0,12,10,11],"vertices":[1,13,0.32,10.47999,1,2,13,19.34,10.34,0.74399,14,-4.11,10.06,0.256,2,13,26.8,10.74,0.25599,14,3.29,11.02,0.744,1,14,19.92,13.1,1,1,14,21.33,2.61999,1,1,14,22.68,-7.4,1,2,13,28.5,-11.45,0.25599,14,6.62,-10.99,0.744,2,13,20.17,-12.44,0.74399,14,-1.61,-12.59,0.256,1,13,2.27,-13.79,1,1,13,-3.6,-13.99,1,1,13,-5.01,-2.19,1,1,13,-6.46,9.89999,1,1,13,0.87,-1.5,1,2,13,18.54,-0.55,0.5016,14,-4.11,-0.85,0.49839,2,13,26.13,0.29,0.33077,14,3.39,0.54,0.66922],"edges":[16,18,0,22,14,16,0,2,10,12,12,14,2,4,4,6,18,20,20,22,6,8,8,10]}},"1-yuan1":{"yuan":{"name":"1-yuan1","x":-1.15,"y":0.61,"width":67,"height":19}},"l_eyec":{"l_eyec":{"name":"1-eyes close2","x":-1.5,"y":16.61,"rotation":-89.78,"width":17,"height":5}},"l_eyeo":{"l_eyeo":{"name":"1-eyes2","x":-0.01,"y":17.11,"rotation":-89.78,"width":16,"height":10}}},"V1":{"1-body":{"body":{"name":"2-body","type":"mesh","hull":15,"width":74,"height":80,"uvs":[0.91199,0.15537,0.9867,0.34474,1,0.52953,1,0.69166,0.80755,0.78951,0.51107,0.77406,0.44148,1,0,1,0,0.87032,0.04322,0.66107,0.1205,0.47964,0.19255,0.29675,0.26964,0.1123,0.46569,0,0.73405,0,0.26436,0.70826,0.31228,0.51644,0.56237,0.55346,0.81916,0.54753,0.37965,0.32819,0.5991,0.34286,0.81753,0.35077,0.4609,0.15926,0.74111,0.16106],"triangles":[16,11,19,2,21,1,17,19,20,18,20,21,22,12,13,23,14,0,19,12,22,11,12,19,22,14,23,14,22,13,20,22,23,19,22,20,21,23,0,21,0,1,20,23,21,18,2,3,15,10,16,5,16,17,4,17,18,10,11,16,2,18,21,16,19,17,20,18,17,9,10,15,15,16,5,4,18,3,5,17,4,8,9,15,6,7,8,6,15,5,6,8,15],"vertices":[1,4,20.96999,-19.6,1,2,3,34.12,-22.31,0.296,4,5.38,-23.73,0.70399,2,3,19.5,-24.7,0.70399,4,-9.42,-23.36,0.296,2,2,26.58,4.07,0.95999,3,6.58,-25.95,0.04,2,2,12.34,-3.74,0.95999,3,-2.56,-12.52,0.04,2,2,-9.59,-2.51,0.95999,3,-3.43,9.42,0.04,1,2,-14.74,-20.58,1,1,2,-47.41,-20.58,1,1,2,-47.41,-10.21,1,2,2,-44.21,6.52,0.95999,3,2.23,44.75,0.04,2,3,17.23,40.45,0.70399,4,0.48,41.08,0.296,2,3,32.31,36.55,0.296,4,14.56,34.43999,0.70399,1,4,28.74,27.41,1,1,4,36.36,12.14,1,1,4,34.55,-7.62,1,2,2,-27.85,2.75,0.95999,3,0.05,28.1,0.04,2,3,15.66,26.04,0.70399,4,-3.74,27.22,0.296,2,3,14.49,7.34,0.70399,4,-8.37,9.06,0.296,2,3,16.78,-11.52,0.70399,4,-9.64,-9.89999,0.296,2,3,31.13,22.52,0.296,4,10.79,20.87999,0.70399,2,3,31.52,6.25,0.296,4,8.14999,4.81,0.70399,2,3,32.43999,-9.89,0.296,4,6.04,-11.22,0.70399,1,4,23.7,13.66,1,1,4,21.67,-6.97,1],"edges":[26,24,24,22,22,20,20,18,14,16,18,16,12,14,12,10,10,8,8,6,6,4,4,2,2,0,26,28,0,28]}},"1-eyes close1":{"r_eyec":{"name":"2-eyes close1","x":-1.38,"y":-16.38,"rotation":-89.78,"width":17,"height":5}},"1-eyes1":{"r_eyeo":{"name":"2-eyes1","x":0.11,"y":-15.88,"rotation":-89.78,"width":16,"height":10}},"1-hands1":{"l_hand":{"name":"2-hands1","type":"mesh","hull":10,"width":27,"height":57,"uvs":[0.99998,0.17179,0.80176,0.46387,0.71813,0.62578,0.70465,1,0.1417,0.97306,0.00001,0.59443,0,0.39415,0.15058,0.19465,0.62121,0,1,0,0.63205,0.1665,0.4039,0.42452,0.36397,0.59743],"triangles":[12,5,6,12,11,2,4,5,12,3,12,2,4,12,3,10,8,9,0,10,9,7,8,10,11,7,10,6,7,11,1,10,0,11,10,1,11,12,6,2,11,1],"vertices":[1,7,-2.85,10.7,1,2,7,14.62,10.34,0.8289,8,-2.94,11.63,0.17109,2,7,24.11,10.82,0.15419,8,6.29,9.43999,0.8458,1,8,27.62,9.22999,1,1,8,26.2,-5.97,1,2,7,27.95,-8.26,0.43106,8,4.64,-9.96,0.56892,2,7,17.02,-11.53,0.60061,8,-6.76,-10.04,0.39937,2,7,4.96,-10.89,0.99998,8,-18.16,-6.06,0.00001,2,7,-9.3,-1.89,0.99999,8,-29.35,6.56,0,1,7,-12.23,7.89,1,1,7,-0.29,1.09,1,1,7,15.55,-0.58,1,1,8,4.73999,-0.13,1],"edges":[16,18,16,14,14,12,10,12,8,10,8,6,0,18,2,0,4,6,2,4]}},"1-hands2":{"r_hand":{"name":"2-hands2","type":"mesh","hull":12,"width":36,"height":53,"uvs":[0.63815,0.29599,0.75919,0.45869,0.92399,0.71329,1,0.83615,1,1,0.69994,1,0.54372,0.86408,0.30637,0.61038,0.17517,0.46247,0,0.11266,0.13594,0,0.36488,0],"triangles":[8,10,11,8,11,0,9,10,8,7,8,0,6,7,1,6,1,2,5,6,2,5,2,3,5,3,4,7,0,1],"vertices":[2,12,-5.11,9.33,0.312,11,14.17,9.32,0.688,2,12,4.54,9.49,0.68799,11,23.83,9.5,0.312,1,12,19.27,8.95,1,1,12,26.32,8.58,1,1,12,34.14,4.79,1,1,12,29.43,-4.92,1,1,12,20.49,-6.84,1,2,12,4.67,-8.67,0.68799,11,24,-8.66,0.312,2,12,-4.44,-9.5,0.312,11,14.89,-9.51,0.688,1,11,-4.54,-7.14,1,1,11,-7.8,-0.14,1,1,11,-4.21999,7.27,1],"edges":[20,18,18,16,16,14,14,12,8,10,12,10,20,22,22,0,0,2,2,4,8,6,4,6]}},"1-head":{"head":{"name":"2-head","x":45.03,"y":7.7,"rotation":-89.78,"width":116,"height":105}},"1-leg1":{"l_leg":{"name":"2-leg1","type":"mesh","hull":10,"width":35,"height":62,"uvs":[0.99999,0.27278,0.79857,0.55614,0.76428,0.71462,0.74071,0.99998,0.05999,0.98911,0.03214,0.7253,0.02571,0.53259,0,0.23494,0.00001,0.1379,0.99999,0.1379],"triangles":[7,9,0,9,7,8,1,6,7,0,1,7,2,6,1,5,6,2,4,5,2,3,4,2],"vertices":[1,9,-1.30999,17.28,1,2,10,-6.51,11.8,0.2798,9,16.9,12.17,0.72019,2,10,3.37,12.26,0.65315,9,26.8,12.04,0.34684,1,10,20.95,14.4,1,1,10,24.26,-9.2,1,2,10,8.29,-12.89,0.76658,9,30.23,-13.36,0.23341,2,10,-3.44,-15.1,0.35747,9,18.37,-14.87,0.64252,1,9,0.12,-17.76,1,1,9,-5.85,-18.41,1,1,9,-9.63,16.37999,1],"edges":[6,8,16,18,14,16,0,18,12,14,0,2,8,10,10,12,2,4,4,6]}},"1-leg2":{"r_leg":{"name":"2-leg2","type":"mesh","hull":10,"width":23,"height":59,"uvs":[0.94852,0.22769,0.926,0.57053,0.91956,0.68256,0.89704,0.99372,0,1,0,0.68898,0,0.55673,0,0.23522,0.00001,0.13294,0.99034,0.12793],"triangles":[4,5,3,3,5,2,5,6,2,2,6,1,0,1,7,1,6,7,7,8,0,0,8,9],"vertices":[1,13,-0.89,9.75,1,2,13,19.33,10.08,0.64853,14,-4.39,9.68,0.35146,2,13,25.94,10.21,0.4209,14,2.16,10.49,0.57909,1,14,20.4,12.63,1,1,14,23.75,-7.72,1,2,13,27.21,-10.89,0.18515,14,5.6,-10.37,0.81484,2,13,19.41,-11.22,0.77529,14,-2.11999,-11.5,0.2247,1,13,0.46,-12.02,1,1,13,-5.56,-12.27,1,1,13,-6.81,10.47,1],"edges":[6,8,16,18,14,16,0,18,12,14,0,2,8,10,10,12,2,4,4,6]}},"1-yuan1":{"yuan":{"name":"2-yuan2","x":0.84,"y":0.61,"width":67,"height":19}},"l_eyec":{"l_eyec":{"name":"2-eyes close2","x":-1.5,"y":16.61,"rotation":-89.78,"width":17,"height":5}},"l_eyeo":{"l_eyeo":{"name":"2-eyes2","x":-0.01,"y":17.11,"rotation":-89.78,"width":16,"height":10}}},"V2":{"1-body":{"body":{"name":"3-body","type":"mesh","hull":17,"width":68,"height":90,"uvs":[0.83028,0.12584,0.93025,0.29407,0.94237,0.45315,0.8939,0.64427,0.99999,0.77298,0.99998,0.91046,0.69917,1,0.22888,1,0.00001,0.93766,0.00001,0.8156,0,0.64365,0,0.64358,0,0.46718,0,0.27678,0.1013,0.10693,0.35577,0,0.70153,0,0.23612,0.64482,0.61416,0.64755,0.23793,0.83205,0.63586,0.83615,0.25409,0.4569,0.66659,0.47792,0.28259,0.28298,0.68609,0.27392,0.32159,0.12371,0.69209,0.12824],"triangles":[12,13,21,21,23,22,24,2,22,21,13,23,22,23,24,2,24,1,25,14,15,26,15,16,26,16,0,25,15,26,24,25,26,23,14,25,23,25,24,13,14,23,24,26,0,1,24,0,3,22,2,12,21,17,18,21,22,17,11,12,18,22,3,17,21,18,9,10,17,19,17,18,9,17,19,20,18,3,19,18,20,4,20,3,5,20,4,8,9,19,7,8,19,6,20,5,7,19,20,6,7,20],"vertices":[1,4,21.08,-19.58,1,2,3,34.34999,-23.53,0.37599,4,5.38,-24.97,0.624,2,3,20.18,-25.72,0.536,4,-8.93999,-24.49,0.46399,2,2,24.36,0.42,0.71999,3,2.74,-24.09,0.28,1,2,31.58,-11.15,1,1,2,31.58,-23.52,1,1,2,11.12,-31.58,1,1,2,-20.85,-31.58,1,1,2,-36.41,-25.97,1,1,2,-36.41,-14.99,1,2,2,-36.41,0.48,0.71999,3,-3.02,36.41,0.28,2,2,-36.41,0.49,0.71999,3,-3.02,36.41,0.28,2,3,12.78,37.93,0.536,4,-4.36,39.43,0.46399,2,3,29.83,39.57,0.37599,4,12.7,37.87,0.624,1,4,27.29,29.62,1,1,4,35.3,11.51,1,1,4,33.15,-11.9,1,2,2,-20.36,0.37,0.71999,3,-1.59,20.42,0.28,2,2,5.34,0.13,0.71999,3,0.62,-5.19,0.28,1,2,-20.23,-16.46999,1,1,2,6.82,-16.84,1,2,3,15.35,20.82,0.536,4,-5.01,22.14,0.46399,2,3,16.16,-7.27,0.536,4,-9.45,-5.61,0.46399,2,3,31.12,20.39,0.37599,4,10.39,18.78,0.624,2,3,34.56,-6.83,0.37599,4,8.7,-8.6,0.624,1,4,24.42,14.84,1,1,4,21.72,-10.21,1],"edges":[22,24,24,26,16,18,18,20,20,22,8,10,8,6,6,4,4,2,2,0,0,32,30,32,30,28,28,26,14,16,10,12,12,14]}},"1-eyes close1":{"r_eyec":{"name":"3-eyes close1","x":-1.38,"y":-16.38,"rotation":-89.78,"width":17,"height":5}},"1-eyes1":{"r_eyeo":{"name":"3-eyes1","x":0.11,"y":-15.88,"rotation":-89.78,"width":16,"height":10}},"1-hands1":{"l_hand":{"name":"3-hands1","type":"mesh","hull":15,"width":47,"height":83,"uvs":[0.7017,0.23025,0.64095,0.32906,0.5861,0.42691,0.69189,0.58429,1,0.59258,1,1,0,1,0,0.60709,0.19968,0.58015,0.22704,0.40309,0.23453,0.28669,0.28591,0.17249,0.50342,0,0.62754,0,0.78338,0,0.5056,0.20104,0.45064,0.30162,0.41354,0.40814],"triangles":[17,9,10,17,16,2,8,9,17,17,2,3,6,3,5,6,8,3,3,8,17,3,4,5,6,7,8,16,15,1,10,11,16,1,15,0,16,11,15,15,13,0,0,13,14,11,12,15,15,12,13,16,17,10,2,16,1],"vertices":[1,7,7.22,9.52,1,2,7,15.9,9.13,0.74399,8,-2.06,10.10999,0.256,2,7,24.41,8.99,0.224,8,6.07,7.59,0.77599,1,8,19.1,12.66,1,1,8,19.68,27.14,1,1,8,53.49,27.39,1,1,8,53.83,-19.6,1,1,8,21.22,-19.84,1,1,8,18.92,-10.47,1,2,7,27.35,-7.74,0.408,8,4.21,-9.29,0.59199,2,7,18,-10.17,0.584,8,-5.44,-9.01,0.41599,1,7,8.22,-10.57,1,1,7,-8.41,-4.88,1,1,7,-10.08,0.7,1,1,7,-12.18,7.72,1,1,7,7.54,0,1,2,7,16.27,-0.08,0.584,8,-4.27,1.15,0.41599,2,7,25.25,0.77,0.408,8,4.57,-0.52,0.59199],"edges":[10,12,24,22,22,20,20,18,18,16,12,14,16,14,28,0,0,2,2,4,4,6,10,8,6,8,24,26,26,28]}},"1-hands2":{"r_hand":{"name":"3-hands2","type":"mesh","hull":14,"width":36,"height":53,"uvs":[0.53476,0.18899,0.64343,0.32511,0.75063,0.46676,0.87767,0.64008,1,0.80697,1,1,0.6533,1,0.47427,0.79524,0.32075,0.61965,0.20137,0.48489,0.11154,0.32451,0,0.12539,0,0,0.38387,0],"triangles":[6,4,5,6,3,4,6,7,3,7,2,3,7,8,2,8,1,2,9,0,1,9,10,0,10,13,0,10,11,13,11,12,13,8,9,1],"vertices":[2,11,7.45,8.43,0.999,12,-11.84,8.45,0.00099,2,11,15.65,8.82,0.77963,12,-3.64,8.83,0.22036,2,11,24.09,9.04,0.14167,12,4.79,9.03,0.85832,1,12,15.05,9.14,1,2,11,44.23,9.3,0.00002,12,24.93,9.25,0.99997,2,11,53.44,4.86,0.00001,12,34.14,4.79,0.99998,2,11,48.02,-6.38,0,12,28.69,-6.43,0.99999,1,12,16.12,-7.5,1,2,11,24.67,-8.41,0.35373,12,5.33,-8.42,0.64626,2,11,16.37,-9.18,0.59249,12,-2.96,-9.17,0.40749,1,11,7.3,-8.39999,1,1,11,-3.94,-7.44,1,1,11,-9.92,-4.55,1,1,11,-3.92,7.89,1],"edges":[22,24,24,26,18,16,10,12,2,4,10,8,18,20,20,22,2,0,0,26,4,6,6,8,12,14,14,16]}},"1-head":{"head":{"name":"3-head","x":45.03,"y":7.7,"rotation":-89.78,"width":116,"height":105}},"1-leg1":{"l_leg":{"name":"3-leg1","type":"mesh","hull":10,"width":22,"height":55,"uvs":[0.97718,0.1681,0.89659,0.49814,0.81386,0.66714,0.70159,0.99999,0,1,0,0.65996,0,0.48241,0.03249,0.16774,0.0709,0.00236,1,0.00001],"triangles":[4,5,3,3,5,2,2,5,6,1,2,6,6,7,1,1,7,0,0,7,8,0,8,9],"vertices":[1,9,-1.16999,9.75,1,2,9,17.06,9.95,0.64639,10,-6.22,9.6,0.35359,2,9,26.5,9.14,0.42012,10,3.24,9.35,0.57987,1,10,21.7,9.97,1,1,10,24.27,-5.23999,1,2,9,28.04,-8.68999,0.1224,10,5.83,-8.35999,0.87759,2,9,18.33,-9.74,0.84959,10,-3.78,-9.99,0.1504,1,9,1.04999,-10.9,1,1,9,-8.08,-11.04,1,1,9,-10.41,9.25,1],"edges":[6,8,16,18,14,16,0,18,12,14,0,2,8,10,10,12,2,4,4,6]}},"1-leg2":{"r_leg":{"name":"3-leg2","type":"mesh","hull":10,"width":20,"height":51,"uvs":[1,0.12547,0.945,0.47302,0.8548,0.62743,0.7976,0.97756,0.10339,0.97929,0.09239,0.63245,0.07699,0.46612,0,0.12798,0,0,1,0],"triangles":[4,5,3,3,5,2,5,6,2,2,6,1,1,6,0,6,7,0,7,8,0,8,9,0],"vertices":[1,13,0.1,8.97999,1,2,13,17.86,8.62,0.55731,14,-5.71,8.07,0.44268,2,13,25.8,7.15,0.44611,14,2.33999,7.43,0.55387,1,14,20.17,8.88,1,1,14,22.26,-4.84,1,2,13,26.69,-8.07,0.29339,14,4.79,-7.61,0.7066,2,13,18.23,-8.72999,0.67172,14,-3.55,-9.14,0.32827,1,13,1.07,-10.99,1,1,13,-5.44,-11.26,1,1,13,-6.28,8.71,1],"edges":[6,8,16,18,14,16,0,18,12,14,0,2,8,10,10,12,2,4,4,6]}},"1-yuan1":{"yuan":{"name":"3-yuan3","x":-1.15,"y":0.61,"width":67,"height":19}},"l_eyec":{"l_eyec":{"name":"3-eyes close2","x":-1.5,"y":16.61,"rotation":-89.78,"width":17,"height":5}},"l_eyeo":{"l_eyeo":{"name":"3-eyes2","x":-0.01,"y":17.11,"rotation":-89.78,"width":16,"height":10}}},"V3":{"1-body":{"body":{"name":"4-body","type":"mesh","hull":12,"width":70,"height":92,"uvs":[0.9122,0.26868,0.9343,0.49892,0.9258,0.65672,1,0.83561,0.86446,1,0.10116,1,0.00001,0.8799,0,0.66117,0,0.49602,0.05996,0.2929,0.20276,0,0.7745,0,0.27229,0.84222,0.69389,0.82281,0.29997,0.6608,0.72157,0.64916,0.3064,0.5058,0.677,0.49028,0.303,0.30919,0.6872,0.31178],"triangles":[17,19,1,9,16,8,16,18,17,17,14,16,14,8,16,15,17,1,4,12,13,4,5,12,12,14,13,13,14,15,17,15,14,4,13,3,2,13,15,13,2,3,5,6,12,6,7,12,12,7,14,7,8,14,2,15,1,16,9,18,19,0,1,17,18,19,0,19,11,9,10,18,19,18,11,18,10,11],"vertices":[2,4,7.16,-24.73,0.688,3,36.05,-22.96,0.312,2,4,-14.07,-24.34,0.29599,3,15.11,-26.53,0.704,2,2,27.38,-2,0.72,3,0.6,-27.33,0.27998,1,2,32.58,-18.45999,1,1,2,23.09,-33.58,1,1,2,-30.33,-33.58,1,1,2,-37.41,-22.53,1,2,2,-37.41,-2.41,0.72,3,-6,37.13,0.27998,2,4,-7.84,40.75999,0.29599,3,9.10999,38.58,0.704,2,4,10.38,34.87,0.688,3,28.11,36.2,0.312,1,4,36.3,22.46,1,1,4,32.65,-17.39,1,1,2,-18.35,-19.07,1,1,2,11.15,-17.28,1,2,2,-16.41,-2.38,0.72,3,-3.96,16.23,0.27998,2,2,13.09,-1.30999,0.72,3,-0.06,-13.04,0.27998,2,4,-10.69,19.48,0.29599,3,10.27,17.15,0.704,2,4,-11.63,-6.47,0.29599,3,14.18,-8.53,0.704,2,4,7.33,18.07,0.688,3,28.25,19.12,0.312,2,4,4.64,-8.68,0.688,3,30.59,-7.67,0.312],"edges":[14,16,12,14,6,4,4,2,2,0,0,22,20,22,20,18,18,16,12,10,8,10,6,8]}},"1-hands1":{"l_hand":{"name":"4-hands1","type":"mesh","hull":17,"width":33,"height":78,"uvs":[1,0.06355,0.90694,0.20457,0.79785,0.32124,0.73118,0.44431,0.79482,0.56611,0.8433,0.69816,1,0.69559,1,1,0,1,0,0.70713,0.16452,0.69559,0.20391,0.57636,0.20694,0.42283,0.2221,0.27027,0.34331,0.11386,0.54331,0,1,0,0.79126,0.0599,0.67891,0.16405,0.53103,0.28837,0.46557,0.43996,0.49709,0.56495,0.4777,0.70034],"triangles":[12,13,20,20,19,3,21,20,3,11,12,20,11,20,21,22,11,21,10,11,22,8,9,10,5,6,7,21,3,4,4,22,21,5,22,4,22,5,7,8,10,22,7,8,22,17,15,16,17,16,0,18,15,17,1,17,0,18,17,1,19,14,15,19,15,18,13,14,19,2,18,1,19,18,2,20,13,19,3,19,2],"vertices":[1,7,-7.48,9.31,1,1,7,3.93,9.52,1,2,7,13.68,8.68,0.93118,8,-4.32,10.3,0.06881,2,7,23.5,9.32,0.1636,8,5.29,8.17,0.83639,1,8,14.77,10.34,1,1,8,25.06,12.01,1,1,8,24.82,17.18,1,1,8,48.57,17.35,1,1,8,48.8,-15.64,1,1,8,25.96,-15.8,1,1,8,25.02,-10.38,1,1,8,15.71,-9.14999,1,2,7,26.85,-7.72,0.49649,8,3.74,-9.13,0.5035,2,7,15.31,-10.65,0.51371,8,-8.16,-8.72,0.48627,1,7,2.47,-10.31,1,1,7,-7.92,-6.53,1,1,7,-12.23,7.89,1,1,7,-5.78,2.63,1,1,7,3.05,1.41,1,1,7,13.74,-0.48,1,1,8,5.01,-0.58999,1,1,8,14.75,0.51,1,1,8,25.32,-0.04,1],"edges":[14,16,30,32,30,28,28,26,26,24,24,22,22,20,16,18,20,18,0,32,0,2,2,4,4,6,6,8,8,10,12,14,10,12]}},"1-hands2":{"r_hand":{"name":"4-hands2","type":"mesh","hull":14,"width":36,"height":53,"uvs":[0.52491,0.17084,0.64331,0.3184,0.73644,0.45169,0.87947,0.64368,1,0.80265,1,1,0.64815,1,0.45117,0.8068,0.29869,0.60719,0.19571,0.47011,0.08832,0.30737,0,0.17352,0,0,0.38782,0],"triangles":[8,1,2,7,8,2,7,2,3,6,7,3,6,3,4,6,4,5,11,12,13,10,11,13,10,13,0,9,10,0,9,0,1,8,9,1],"vertices":[1,11,6.41,8.49,1,2,11,15.3,8.96,0.75199,12,-3.99,8.97,0.248,2,11,23.12,8.93,0.19199,12,3.82,8.92,0.808,1,12,15.23,9.14999,1,1,12,24.7,9.41,1,1,12,34.12,4.87,1,1,12,28.63,-6.53,1,1,12,16.33,-8.47999,1,2,11,23.75,-8.83,0.47199,12,4.42,-8.84,0.528,2,11,15.59,-9.04,0.528,12,-3.73,-9.03,0.47199,1,11,6.15,-8.8,1,1,11,-1.62,-8.6,1,1,11,-9.91,-4.63,1,1,11,-3.88,7.95,1],"edges":[22,24,18,16,24,26,2,4,16,14,10,12,14,12,4,6,10,8,6,8,18,20,20,22,2,0,0,26]}},"1-head":{"head":{"name":"4-head","x":45.03,"y":7.7,"rotation":-89.78,"width":116,"height":105}},"1-leg1":{"l_leg":{"name":"4-leg1","type":"mesh","hull":10,"width":22,"height":55,"uvs":[1,0.16388,0.85746,0.51279,0.77237,0.65178,0.69437,1,0,1,0,0.65708,0,0.49688,0,0.16568,0,0,1,0],"triangles":[0,1,7,1,6,7,7,8,0,8,9,0,2,6,1,2,3,5,3,4,5,5,6,2],"vertices":[1,9,-1.45,10.22999,1,2,10,-5.28,8.88,0.42696,9,17.95,9.18,0.57303,2,10,2.56,8.31,0.63691,9,25.76,8.14999,0.36308,1,10,21.73,9.81,1,1,10,24.27,-5.23999,1,2,10,5.68,-8.38,0.865,9,27.88,-8.71,0.13499,2,10,-3,-9.85,0.16804,9,19.12,-9.66,0.83195,1,9,1.01,-11.62,1,1,9,-8.04,-12.61,1,1,9,-10.41,9.25,1],"edges":[16,18,14,16,0,18,12,14,8,10,10,12,6,8,6,4,4,2,2,0]}},"1-leg2":{"r_leg":{"name":"4-leg2","type":"mesh","hull":10,"width":20,"height":51,"uvs":[1,0.11917,0.89911,0.46121,0.84526,0.65513,0.75726,1,0,1,0,0.64368,0,0.45311,0,0.1177,0,0,1,0],"triangles":[2,5,6,3,4,5,2,3,5,7,8,9,7,9,0,1,6,7,0,1,7,1,2,6],"vertices":[2,13,-0.21,8.96,0.99999,14,-23.72,6.55,0,2,13,17.29,7.68,0.64071,14,-6.17,7.08,0.35928,2,13,27.22,7.02,0.43448,14,3.76,7.44,0.5655,1,14,21.42,8.25,1,1,14,23.61,-6.73,1,2,13,27.34,-9.89,0.1476,14,5.63,-9.35999,0.85239,2,13,17.62999,-10.3,0.84982,14,-3.98,-10.76,0.15017,2,13,0.54,-11.01,1,14,-20.91,-13.24,0,2,13,-5.44,-11.26,1,14,-26.85,-14.1,0,2,13,-6.28,8.71,0.99999,14,-29.74,5.68,0],"edges":[16,18,14,16,0,18,12,14,8,10,10,12,6,8,6,4,4,2,2,0]}},"1-yuan1":{"yuan":{"name":"4-yuan4","x":-0.15,"y":0.61,"width":69,"height":19}}}},"animations":{"move_order":{"slots":{"1-body":{"attachment":[{"time":0,"name":"body"},{"time":0.3666,"name":"body"},{"time":0.4666,"name":"body"},{"time":0.8,"name":"body"}]},"1-eyes1":{"attachment":[{"time":0,"name":"r_eyeo"},{"time":0.3666,"name":"r_eyeo"},{"time":0.4,"name":null},{"time":0.4666,"name":"r_eyeo"},{"time":0.8,"name":"r_eyeo"}]},"1-eyes close1":{"attachment":[{"time":0,"name":null},{"time":0.3666,"name":null},{"time":0.4,"name":"r_eyec"},{"time":0.4666,"name":null},{"time":0.8,"name":null}]},"1-hands1":{"attachment":[{"time":0,"name":"l_hand"},{"time":0.3666,"name":"l_hand"},{"time":0.4666,"name":"l_hand"},{"time":0.8,"name":"l_hand"}]},"1-hands2":{"attachment":[{"time":0,"name":"r_hand"},{"time":0.3666,"name":"r_hand"},{"time":0.4666,"name":"r_hand"},{"time":0.8,"name":"r_hand"}]},"1-head":{"attachment":[{"time":0,"name":"head"},{"time":0.3666,"name":"head"},{"time":0.4666,"name":"head"},{"time":0.8,"name":"head"}]},"1-leg1":{"attachment":[{"time":0,"name":"l_leg"},{"time":0.3666,"name":"l_leg"},{"time":0.4666,"name":"l_leg"},{"time":0.8,"name":"l_leg"}]},"1-leg2":{"attachment":[{"time":0,"name":"r_leg"},{"time":0.3666,"name":"r_leg"},{"time":0.4666,"name":"r_leg"},{"time":0.8,"name":"r_leg"}]},"1-yuan1":{"attachment":[{"time":0,"name":"yuan"},{"time":0.3666,"name":"yuan"},{"time":0.4666,"name":"yuan"},{"time":0.8,"name":"yuan"}]},"l_eyec":{"attachment":[{"time":0,"name":null},{"time":0.3666,"name":null},{"time":0.4,"name":"l_eyec"},{"time":0.4666,"name":null},{"time":0.8,"name":null}]},"l_eyeo":{"attachment":[{"time":0,"name":"l_eyeo"},{"time":0.3666,"name":"l_eyeo"},{"time":0.4,"name":null},{"time":0.4666,"name":"l_eyeo"},{"time":0.8,"name":"l_eyeo"}]}},"bones":{"eyes":{"rotate":[{"time":0,"angle":0,"curve":"stepped"},{"time":0.8,"angle":0}],"translate":[{"time":0,"x":0,"y":0,"curve":"stepped"},{"time":0.8,"x":0,"y":0}],"scale":[{"time":0,"x":1,"y":1,"curve":"stepped"},{"time":0.8,"x":1,"y":1}]},"spine":{"rotate":[{"time":0,"angle":-0.94,"curve":[0.375,0.5,0.75,1]},{"time":0.1,"angle":-2.17,"curve":[0.25,0,0.75,1]},{"time":0.3,"angle":0.29,"curve":[0.25,0,0.75,1]},{"time":0.5,"angle":-2.17,"curve":[0.25,0,0.75,1]},{"time":0.7,"angle":0.29,"curve":[0.25,0,0.625,0.5]},{"time":0.8,"angle":-0.94}],"translate":[{"time":0,"x":0,"y":0,"curve":"stepped"},{"time":0.1,"x":0,"y":0,"curve":"stepped"},{"time":0.8,"x":0,"y":0}],"scale":[{"time":0,"x":1,"y":1,"curve":"stepped"},{"time":0.1,"x":1,"y":1,"curve":"stepped"},{"time":0.8,"x":1,"y":1}]},"root":{"rotate":[{"time":0,"angle":0,"curve":"stepped"},{"time":0.8,"angle":0}],"translate":[{"time":0,"x":0,"y":0,"curve":"stepped"},{"time":0.8,"x":0,"y":0}],"scale":[{"time":0,"x":1,"y":1,"curve":"stepped"},{"time":0.8,"x":1,"y":1}]},"spine1":{"rotate":[{"time":0,"angle":2.76,"curve":[0.375,0.5,0.75,1]},{"time":0.1,"angle":4.62,"curve":[0.25,0,0.75,1]},{"time":0.3,"angle":0.89,"curve":[0.25,0,0.75,1]},{"time":0.5,"angle":4.62,"curve":[0.25,0,0.75,1]},{"time":0.7,"angle":0.89,"curve":[0.25,0,0.625,0.5]},{"time":0.8,"angle":2.76}],"translate":[{"time":0,"x":0.35,"y":0.05,"curve":"stepped"},{"time":0.1,"x":0.35,"y":0.05,"curve":"stepped"},{"time":0.8,"x":0.35,"y":0.05}],"scale":[{"time":0,"x":1,"y":1,"curve":"stepped"},{"time":0.1,"x":1,"y":1,"curve":"stepped"},{"time":0.8,"x":1,"y":1}]},"r_legd":{"rotate":[{"time":0,"angle":0,"curve":"stepped"},{"time":0.2,"angle":0,"curve":"stepped"},{"time":0.4,"angle":0,"curve":[0.335,0.34,0.671,0.68]},{"time":0.5,"angle":-27.82,"curve":[0.343,0.36,0.678,0.7]},{"time":0.6,"angle":-60.54,"curve":[0.379,0.6,0.724,1]},{"time":0.8,"angle":0}],"translate":[{"time":0,"x":0,"y":0,"curve":"stepped"},{"time":0.2,"x":0,"y":0,"curve":"stepped"},{"time":0.4,"x":0,"y":0,"curve":"stepped"},{"time":0.6,"x":0,"y":0,"curve":"stepped"},{"time":0.8,"x":0,"y":0}],"scale":[{"time":0,"x":1,"y":1,"curve":"stepped"},{"time":0.2,"x":1,"y":1,"curve":"stepped"},{"time":0.4,"x":1,"y":1,"curve":"stepped"},{"time":0.6,"x":1,"y":1,"curve":"stepped"},{"time":0.8,"x":1,"y":1}]},"r_hand":{"rotate":[{"time":0,"angle":2.7,"curve":[0.25,0,0.75,1]},{"time":0.4,"angle":35.94,"curve":[0.25,0,0.75,1]},{"time":0.8,"angle":2.7}],"translate":[{"time":0,"x":0,"y":0,"curve":"stepped"},{"time":0.8,"x":0,"y":0}],"scale":[{"time":0,"x":1,"y":1,"curve":"stepped"},{"time":0.8,"x":1,"y":1}]},"l_legu":{"rotate":[{"time":0,"angle":-25.14,"curve":[0.299,0,0.635,0.36]},{"time":0.1,"angle":-3.01,"curve":[0.312,0.24,0.647,0.58]},{"time":0.2,"angle":21.34,"curve":[0.314,0.27,0.657,0.63]},{"time":0.4,"angle":31.33,"curve":[0.342,0.36,0.685,0.72]},{"time":0.6,"angle":5.52,"curve":[0.379,0.6,0.724,1]},{"time":0.8,"angle":-25.14}],"translate":[{"time":0,"x":0,"y":0,"curve":[0.275,0,0.62,0.4]},{"time":0.1,"x":1.17,"y":-0.22,"curve":[0.314,0.27,0.657,0.63]},{"time":0.2,"x":0.75,"y":0,"curve":[0.375,0.5,0.75,1]},{"time":0.4,"x":6.47,"y":0,"curve":[0.25,0,0.625,0.5]},{"time":0.6,"x":2.59,"y":0,"curve":[0.375,0.5,0.75,1]},{"time":0.8,"x":0,"y":0}],"scale":[{"time":0,"x":1,"y":1,"curve":"stepped"},{"time":0.2,"x":1,"y":1,"curve":"stepped"},{"time":0.4,"x":1,"y":1,"curve":"stepped"},{"time":0.6,"x":1,"y":1,"curve":"stepped"},{"time":0.8,"x":1,"y":1}]},"r_arm":{"rotate":[{"time":0,"angle":-53.67,"curve":[0.25,0,0.75,1]},{"time":0.4,"angle":-10.36,"curve":[0.25,0,0.75,1]},{"time":0.8,"angle":-53.67}],"translate":[{"time":0,"x":0,"y":0,"curve":"stepped"},{"time":0.8,"x":0,"y":0}],"scale":[{"time":0,"x":1,"y":1,"curve":"stepped"},{"time":0.8,"x":1,"y":1}]},"r_legu":{"rotate":[{"time":0,"angle":31.48,"curve":[0.275,0,0.62,0.4]},{"time":0.2,"angle":0,"curve":[0.314,0.27,0.657,0.63]},{"time":0.4,"angle":-28.24,"curve":[0.335,0.34,0.671,0.68]},{"time":0.5,"angle":-19.98,"curve":[0.343,0.36,0.678,0.7]},{"time":0.6,"angle":13,"curve":[0.379,0.6,0.724,1]},{"time":0.8,"angle":31.48}],"translate":[{"time":0,"x":0,"y":0,"curve":[0.25,0,0.625,0.5]},{"time":0.2,"x":-3.63,"y":0.25,"curve":[0.375,0.5,0.75,1]},{"time":0.4,"x":-6.6,"y":-1.53,"curve":[0.275,0,0.62,0.4]},{"time":0.5,"x":-6.19,"y":-2.91,"curve":[0.314,0.27,0.657,0.63]},{"time":0.6,"x":-3.63,"y":0.25,"curve":[0.375,0.5,0.75,1]},{"time":0.8,"x":0,"y":0}],"scale":[{"time":0,"x":1,"y":1,"curve":"stepped"},{"time":0.2,"x":1,"y":1,"curve":"stepped"},{"time":0.4,"x":1,"y":1,"curve":"stepped"},{"time":0.6,"x":1,"y":1,"curve":"stepped"},{"time":0.8,"x":1,"y":1}]},"l_legd":{"rotate":[{"time":0,"angle":0,"curve":[0.299,0,0.635,0.36]},{"time":0.1,"angle":-48.83,"curve":[0.312,0.24,0.647,0.58]},{"time":0.2,"angle":-72.49,"curve":[0.314,0.27,0.657,0.63]},{"time":0.4,"angle":0,"curve":"stepped"},{"time":0.6,"angle":0,"curve":"stepped"},{"time":0.8,"angle":0}],"translate":[{"time":0,"x":0,"y":0,"curve":"stepped"},{"time":0.2,"x":0,"y":0,"curve":"stepped"},{"time":0.4,"x":0,"y":0,"curve":"stepped"},{"time":0.6,"x":0,"y":0,"curve":"stepped"},{"time":0.8,"x":0,"y":0}],"scale":[{"time":0,"x":1,"y":1,"curve":"stepped"},{"time":0.2,"x":1,"y":1,"curve":"stepped"},{"time":0.4,"x":1,"y":1,"curve":"stepped"},{"time":0.6,"x":1,"y":1,"curve":"stepped"},{"time":0.8,"x":1,"y":1}]},"l_hand":{"rotate":[{"time":0,"angle":25.18,"curve":[0.25,0,0.75,1]},{"time":0.4,"angle":-3.26,"curve":[0.25,0,0.75,1]},{"time":0.8,"angle":25.18}],"translate":[{"time":0,"x":0,"y":0,"curve":"stepped"},{"time":0.8,"x":0,"y":0}],"scale":[{"time":0,"x":1,"y":1,"curve":"stepped"},{"time":0.8,"x":1,"y":1}]},"bone":{"rotate":[{"time":0,"angle":0,"curve":"stepped"},{"time":0.4,"angle":0,"curve":"stepped"},{"time":0.8,"angle":0}],"translate":[{"time":0,"x":0,"y":-0.12,"curve":[0.25,0,0.75,1]},{"time":0.2,"x":0,"y":3.71,"curve":[0.375,0.5,0.75,1]},{"time":0.4,"x":0,"y":-0.12,"curve":[0.25,0,0.75,1]},{"time":0.6,"x":0,"y":3.71,"curve":[0.375,0.5,0.75,1]},{"time":0.8,"x":0,"y":-0.12}],"scale":[{"time":0,"x":1,"y":1,"curve":"stepped"},{"time":0.4,"x":1,"y":1,"curve":"stepped"},{"time":0.8,"x":1,"y":1}]},"l_arm":{"rotate":[{"time":0,"angle":47.74,"curve":[0.25,0,0.75,1]},{"time":0.4,"angle":-18.94,"curve":[0.25,0,0.75,1]},{"time":0.8,"angle":47.74}],"translate":[{"time":0,"x":-3.02,"y":-3.87,"curve":"stepped"},{"time":0.8,"x":-3.02,"y":-3.87}],"scale":[{"time":0,"x":1,"y":1,"curve":"stepped"},{"time":0.8,"x":1,"y":1}]},"head":{"rotate":[{"time":0,"angle":-4.18,"curve":[0.25,0,0.75,1]},{"time":0.4,"angle":1.59,"curve":[0.25,0,0.75,1]},{"time":0.8,"angle":-4.18}],"translate":[{"time":0,"x":0,"y":0,"curve":"stepped"},{"time":0.8,"x":0,"y":0}],"scale":[{"time":0,"x":1,"y":1,"curve":"stepped"},{"time":0.8,"x":1,"y":1}]}},"deform":{"V1":{"1-body":{"body":[{"time":0,"curve":"stepped"},{"time":0.8}]},"1-hands1":{"l_hand":[{"time":0,"curve":"stepped"},{"time":0.8}]},"1-hands2":{"r_hand":[{"time":0,"curve":"stepped"},{"time":0.8}]},"1-leg1":{"l_leg":[{"time":0,"curve":"stepped"},{"time":0.8}]},"1-leg2":{"r_leg":[{"time":0,"curve":"stepped"},{"time":0.8}]}}}},"stand":{"slots":{"1-body":{"attachment":[{"time":0,"name":"body"},{"time":1.3333,"name":"body"}]},"1-eyes1":{"attachment":[{"time":0,"name":"r_eyeo"},{"time":0.5333,"name":"r_eyeo"},{"time":0.5666,"name":null},{"time":0.6333,"name":"r_eyeo"},{"time":1.3333,"name":"r_eyeo"}]},"1-eyes close1":{"attachment":[{"time":0,"name":null},{"time":0.5333,"name":null},{"time":0.5666,"name":"r_eyec"},{"time":0.6333,"name":null},{"time":1.3333,"name":null}]},"1-hands1":{"attachment":[{"time":0,"name":"l_hand"},{"time":1.3333,"name":"l_hand"}]},"1-hands2":{"attachment":[{"time":0,"name":"r_hand"},{"time":1.3333,"name":"r_hand"}]},"1-head":{"attachment":[{"time":0,"name":"head"},{"time":1.3333,"name":"head"}]},"1-leg1":{"attachment":[{"time":0,"name":"l_leg"},{"time":1.3333,"name":"l_leg"}]},"1-leg2":{"attachment":[{"time":0,"name":"r_leg"},{"time":1.3333,"name":"r_leg"}]},"1-yuan1":{"attachment":[{"time":0,"name":"yuan"},{"time":1.3333,"name":"yuan"}]},"l_eyec":{"attachment":[{"time":0,"name":null},{"time":0.5333,"name":null},{"time":0.5666,"name":"l_eyec"},{"time":0.6333,"name":null},{"time":1.3333,"name":null}]},"l_eyeo":{"attachment":[{"time":0,"name":"l_eyeo"},{"time":0.5333,"name":"l_eyeo"},{"time":0.5666,"name":null},{"time":0.6333,"name":"l_eyeo"},{"time":1.3333,"name":"l_eyeo"}]}},"bones":{"root":{"rotate":[{"time":0,"angle":0,"curve":"stepped"},{"time":1.3333,"angle":0}],"translate":[{"time":0,"x":0,"y":0,"curve":"stepped"},{"time":1.3333,"x":0,"y":0}],"scale":[{"time":0,"x":1,"y":1,"curve":"stepped"},{"time":1.3333,"x":1,"y":1}]},"bone":{"rotate":[{"time":0,"angle":0,"curve":"stepped"},{"time":1.3333,"angle":0}],"translate":[{"time":0,"x":0,"y":-0.12,"curve":[0.25,0,0.75,1]},{"time":0.6666,"x":0,"y":0,"curve":[0.25,0,0.75,1]},{"time":1.3333,"x":0,"y":-0.12}],"scale":[{"time":0,"x":1,"y":1,"curve":"stepped"},{"time":1.3333,"x":1,"y":1}]},"spine":{"rotate":[{"time":0,"angle":-0.76,"curve":[0.381,0.58,0.731,1]},{"time":0.2,"angle":0,"curve":[0.25,0,0.75,1]},{"time":0.8666,"angle":-3.15,"curve":[0.242,0,0.655,0.62]},{"time":1.3333,"angle":-0.76}],"translate":[{"time":0,"x":0,"y":0,"curve":"stepped"},{"time":0.2,"x":0,"y":0,"curve":"stepped"},{"time":1.3333,"x":0,"y":0}],"scale":[{"time":0,"x":1,"y":1,"curve":"stepped"},{"time":0.2,"x":1,"y":1,"curve":"stepped"},{"time":1.3333,"x":1,"y":1}]},"spine1":{"rotate":[{"time":0,"angle":0.81,"curve":[0.381,0.58,0.731,1]},{"time":0.2,"angle":0,"curve":[0.25,0,0.75,1]},{"time":0.8666,"angle":3.34,"curve":[0.242,0,0.655,0.62]},{"time":1.3333,"angle":0.81}],"translate":[{"time":0,"x":0.35,"y":0.05,"curve":[0.381,0.58,0.731,1]},{"time":0.2,"x":0,"y":0,"curve":[0.25,0,0.75,1]},{"time":0.8666,"x":1.45,"y":0.22,"curve":[0.242,0,0.655,0.62]},{"time":1.3333,"x":0.35,"y":0.05}],"scale":[{"time":0,"x":1,"y":1,"curve":"stepped"},{"time":0.2,"x":1,"y":1,"curve":"stepped"},{"time":1.3333,"x":1,"y":1}]},"head":{"rotate":[{"time":0,"angle":-0.6,"curve":[0.378,0.52,0.746,1]},{"time":0.3,"angle":-1.7,"curve":[0.25,0,0.75,1]},{"time":0.9666,"angle":0.82,"curve":[0.247,0,0.63,0.52]},{"time":1.3333,"angle":-0.6}],"translate":[{"time":0,"x":0,"y":0,"curve":"stepped"},{"time":0.3,"x":0,"y":0,"curve":"stepped"},{"time":1.3333,"x":0,"y":0}],"scale":[{"time":0,"x":1,"y":1,"curve":"stepped"},{"time":0.3,"x":1,"y":1,"curve":"stepped"},{"time":1.3333,"x":1,"y":1}]},"l_arm":{"rotate":[{"time":0,"angle":-3.42,"curve":[0.369,0.47,0.752,1]},{"time":0.3666,"angle":0,"curve":[0.25,0,0.75,1]},{"time":1.0333,"angle":-6.04,"curve":[0.253,0,0.621,0.47]},{"time":1.3333,"angle":-3.42}],"translate":[{"time":0,"x":0,"y":0,"curve":"stepped"},{"time":0.3666,"x":0,"y":0,"curve":"stepped"},{"time":1.3333,"x":0,"y":0}],"scale":[{"time":0,"x":1,"y":1,"curve":"stepped"},{"time":0.3666,"x":1,"y":1,"curve":"stepped"},{"time":1.3333,"x":1,"y":1}]},"l_hand":{"rotate":[{"time":0,"angle":5.78,"curve":[0.369,0.47,0.752,1]},{"time":0.3666,"angle":0,"curve":[0.25,0,0.75,1]},{"time":1.0333,"angle":10.22,"curve":[0.253,0,0.621,0.47]},{"time":1.3333,"angle":5.78}],"translate":[{"time":0,"x":0,"y":0,"curve":"stepped"},{"time":0.3666,"x":0,"y":0,"curve":"stepped"},{"time":1.3333,"x":0,"y":0}],"scale":[{"time":0,"x":1,"y":1,"curve":"stepped"},{"time":0.3666,"x":1,"y":1,"curve":"stepped"},{"time":1.3333,"x":1,"y":1}]},"r_arm":{"rotate":[{"time":0,"angle":-3.42,"curve":[0.369,0.47,0.752,1]},{"time":0.3666,"angle":0,"curve":[0.25,0,0.75,1]},{"time":1.0333,"angle":-6.04,"curve":[0.253,0,0.621,0.47]},{"time":1.3333,"angle":-3.42}],"translate":[{"time":0,"x":0,"y":0,"curve":"stepped"},{"time":0.3666,"x":0,"y":0,"curve":"stepped"},{"time":1.3333,"x":0,"y":0}],"scale":[{"time":0,"x":1,"y":1,"curve":"stepped"},{"time":0.3666,"x":1,"y":1,"curve":"stepped"},{"time":1.3333,"x":1,"y":1}]},"r_hand":{"rotate":[{"time":0,"angle":7.78,"curve":[0.369,0.47,0.752,1]},{"time":0.3666,"angle":0,"curve":[0.25,0,0.75,1]},{"time":1.0333,"angle":13.74,"curve":[0.253,0,0.621,0.47]},{"time":1.3333,"angle":7.78}],"translate":[{"time":0,"x":0,"y":0,"curve":"stepped"},{"time":0.3666,"x":0,"y":0,"curve":"stepped"},{"time":1.3333,"x":0,"y":0}],"scale":[{"time":0,"x":1,"y":1,"curve":"stepped"},{"time":0.3666,"x":1,"y":1,"curve":"stepped"},{"time":1.3333,"x":1,"y":1}]},"l_legu":{"rotate":[{"time":0,"angle":0,"curve":"stepped"},{"time":0.6666,"angle":0,"curve":"stepped"},{"time":1.3333,"angle":0}],"translate":[{"time":0,"x":0,"y":0,"curve":"stepped"},{"time":0.6666,"x":0,"y":0,"curve":"stepped"},{"time":1.3333,"x":0,"y":0}],"scale":[{"time":0,"x":1,"y":1,"curve":"stepped"},{"time":0.6666,"x":1,"y":1,"curve":"stepped"},{"time":1.3333,"x":1,"y":1}]},"l_legd":{"rotate":[{"time":0,"angle":0,"curve":"stepped"},{"time":0.6666,"angle":0,"curve":"stepped"},{"time":1.3333,"angle":0}],"translate":[{"time":0,"x":0,"y":0,"curve":"stepped"},{"time":0.6666,"x":0,"y":0,"curve":"stepped"},{"time":1.3333,"x":0,"y":0}],"scale":[{"time":0,"x":1,"y":1,"curve":"stepped"},{"time":0.6666,"x":1,"y":1,"curve":"stepped"},{"time":1.3333,"x":1,"y":1}]},"r_legu":{"rotate":[{"time":0,"angle":0,"curve":"stepped"},{"time":0.6666,"angle":0,"curve":"stepped"},{"time":1.3333,"angle":0}],"translate":[{"time":0,"x":0,"y":0,"curve":"stepped"},{"time":0.6666,"x":0,"y":0,"curve":"stepped"},{"time":1.3333,"x":0,"y":0}],"scale":[{"time":0,"x":1,"y":1,"curve":"stepped"},{"time":0.6666,"x":1,"y":1,"curve":"stepped"},{"time":1.3333,"x":1,"y":1}]},"r_legd":{"rotate":[{"time":0,"angle":0,"curve":"stepped"},{"time":0.6666,"angle":0,"curve":"stepped"},{"time":1.3333,"angle":0}],"translate":[{"time":0,"x":0,"y":0,"curve":"stepped"},{"time":0.6666,"x":0,"y":0,"curve":"stepped"},{"time":1.3333,"x":0,"y":0}],"scale":[{"time":0,"x":1,"y":1,"curve":"stepped"},{"time":0.6666,"x":1,"y":1,"curve":"stepped"},{"time":1.3333,"x":1,"y":1}]},"eyes":{"rotate":[{"time":0,"angle":0,"curve":"stepped"},{"time":1.3333,"angle":0}],"translate":[{"time":0,"x":0,"y":0,"curve":"stepped"},{"time":1.3333,"x":0,"y":0}],"scale":[{"time":0,"x":1,"y":1,"curve":"stepped"},{"time":1.3333,"x":1,"y":1}]}},"deform":{"V1":{"1-body":{"body":[{"time":0,"curve":"stepped"},{"time":1.3333}]},"1-hands1":{"l_hand":[{"time":0,"curve":"stepped"},{"time":1.3333}]},"1-hands2":{"r_hand":[{"time":0,"curve":"stepped"},{"time":1.3333}]},"1-leg1":{"l_leg":[{"time":0,"curve":"stepped"},{"time":1.3333}]},"1-leg2":{"r_leg":[{"time":0,"curve":"stepped"},{"time":1.3333}]}}},"drawOrder":[{"time":0},{"time":1.3333}]}}},[0]]],0,0,[0],[-1],[0]]