[1,["7cmqI0+utG/Z4QQr1dXXcO","3cFZYNOpJGJq6tR0fqabDu","aaMJP7NWxOrp2h4utBP5u6","c6kmNL1lVP2qOso4ZheqBh","0f7JxNH+NMaLtSC2gLRAS2","daaBRk+TZGwp2ExZ7vKM68","d1J/mwYFJKdbL6VTvYdDrX","217gm5I9lDE50cufHyysr4","dfFdv3a4BIyoQh3cI4VfB6"],["value"],[["cc.AnimationClip",["_name","_duration","curveData"],1,11]],[[0,0,1,2,3]],[[0,"jinduyiciqiang",0.5,[{"paths":{"11":{"props":{"opacity":[{"frame":0,"value":50},{"frame":0.08333333333333333,"value":255},{"frame":0.36666666666666664,"value":81.60000000000002},{"frame":0.5,"value":0}]}}},"props":{"opacity":[{"frame":0.3333333333333333,"value":255},{"frame":0.4166666666666667,"value":0}]}},"comps",11,[{},"cc.Sprite",11,[{},"spriteFrame",12,[[[{"frame":0},"value",6,0],[{"frame":0.03333333333333333},"value",6,1],[{"frame":0.06666666666666667},"value",6,2],[{"frame":0.1},"value",6,3],[{"frame":0.13333333333333333},"value",6,4],[{"frame":0.18333333333333332},"value",6,5],[{"frame":0.23333333333333334},"value",6,6],[{"frame":0.2833333333333333},"value",6,7],[{"frame":0.3333333333333333},"value",6,8]],11,11,11,11,11,11,11,11,11]]]]]],0,0,[0,0,0,0,0,0,0,0,0],[0,0,0,0,0,0,0,0,0],[0,1,2,3,4,5,6,7,8]]