[1,["ecpdLyjvZBwrvm+cedCcQy","2aWgPKZd5AC5fhzbRFIoEQ","b0927q6zdLOqfPQPnQX+Cm","b2aHrECZ5APKGS/0d2hvT1","b7pT6Om8lO/YRppNlw58SL","a3Rh0/fFNCJJaX4Alx+iSV"],["node","_spriteFrame","root","data","_defaultClip","_file","_textureSetter"],[["cc.Node",["_name","_components","_prefab","_children","_parent","_contentSize","_trs"],2,9,4,2,1,5,7],"cc.SpriteFrame",["cc.AnimationClip",["_name","_duration","speed","wrapMode","curveData"],-2],["cc.Prefab",["_name"],2],["cc.ParticleSystem",["_dstBlendFactor","_custom","_stopped","totalParticles","emissionRate","life","lifeVar","angle","angleVar","startSize","startSizeVar","endSize","endSizeVar","startSpinVar","_positionType","speed","speedVar","tangentialAccel","node","_materials","_startColor","_startColorVar","_endColor","_endColorVar","posVar","_file","_spriteFrame"],-15,1,3,8,8,8,8,5,6,6],["cc.PrefabInfo",["fileId","root"],2,1],["cc.Sprite",["node","_materials","_spriteFrame"],3,1,3,6],["cc.Animation",["playOnLoad","node","_clips","_defaultClip"],2,1,3,6]],[[5,0,1,2],[2,0,1,2,3,4,6],[3,0,2],[0,0,3,1,2,2],[0,0,4,1,2,5,6,2],[4,0,1,2,3,4,5,6,7,8,9,10,11,12,13,14,15,16,17,18,19,20,21,22,23,24,25,26,19],[6,0,1,2,1],[7,0,1,2,3,2]],[[[[1,"order",0.3333333333333333,0.7,2,{"props":{"angle":[{"frame":0,"value":0},{"frame":0.08333333333333333,"value":90},{"frame":0.16666666666666666,"value":180},{"frame":0.25,"value":270},{"frame":0.3333333333333333,"value":360}]}}]],0,0,[],[],[]],[[[2,"dingdan-trail"],[3,"dingdan-trail",[-3],[[5,1,true,false,10,50,0.5,0.65,0,360,20,15,1,3,35,1,5,5,0,-2,[4],[4,4294953403],[4,100663296],[4,3405769031],[4,0],[0,10,10],5,6]],[0,"97J6nOisBFYrJ3e8ae7tQB",-1]],[4,"order",1,[[6,-4,[0],1],[7,true,-5,[3],2]],[0,"164+p0tItMz5Jlfg9T5R15",1],[5,65,42],[0,0,0,0,0,0,1,0.7,0.7,1]]],0,[0,2,1,0,0,1,0,-1,2,0,0,2,0,0,2,0,3,1,5],[0,0,0,0,0,0,0],[-1,1,4,-1,-1,5,1],[0,2,1,1,0,3,4]],[[{"name":"icon_dingdan","rect":[0,0,65,42],"offset":[0,0],"originalSize":[65,42],"capInsets":[0,0,0,0]}],[1],0,[0],[6],[5]]]]