[1,0,0,[],0,[{"_name":"LaoShi","_uuid":"88453517-aa54-408b-aa50-e9fb67958de9","skeleton":{"width":146.49,"height":164.77,"fps":24,"hash":" ","name":"Armature"},"bones":[{"name":"root"},{"x":-45.5,"y":148.9,"name":"icon_sq01","parent":"root"},{"inheritScale":false,"length":35,"x":-3.9,"y":33.95,"rotation":84.8863,"name":"shenti","parent":"root","transform":"noScale"},{"x":45.5,"y":136.25,"name":"icon_sq02","parent":"root"},{"inheritScale":false,"length":16,"x":1.6794,"y":-6.4259,"rotation":-169.4543,"name":"zuotui_shang","parent":"shenti","transform":"noScale"},{"inheritScale":false,"length":13,"x":0.3289,"y":5.3004,"rotation":-171.9719,"name":"youtui_shang","parent":"shenti","transform":"noScale"},{"inheritScale":false,"length":18,"x":33.3178,"y":-6.0042,"rotation":-156.1503,"name":"zuoshou_shang","parent":"shenti","transform":"noScale"},{"inheritScale":false,"length":60,"x":37.0696,"y":-0.2469,"rotation":-2.8494,"name":"tou","parent":"shenti","transform":"noScale"},{"inheritScale":false,"length":16,"x":31.3911,"y":4.8673,"rotation":150.4075,"name":"youshou_shang","parent":"shenti","transform":"noScale"},{"x":18.2063,"y":16.3802,"rotation":97.9631,"name":"yanjing","parent":"tou"},{"inheritScale":false,"length":13,"x":14.7869,"y":0.3486,"rotation":3.7083,"name":"youtui_xia","parent":"youtui_shang","transform":"noScale"},{"x":7.3279,"y":20.1595,"name":"hair","parent":"tou"},{"inheritScale":false,"length":15,"x":17.2339,"y":0.0689,"rotation":3.4719,"name":"zuotui_xia","parent":"zuotui_shang","transform":"noScale"},{"inheritScale":false,"length":14,"x":18.0913,"y":0.4873,"rotation":25.7441,"name":"youshou_xia","parent":"youshou_shang","transform":"noScale"},{"inheritScale":false,"length":16,"x":19.0529,"y":-0.021,"rotation":-11.7873,"name":"zuoshou_xia","parent":"zuoshou_shang","transform":"noScale"},{"x":30.4233,"y":49.1806,"rotation":83.0513,"name":"cake_m","parent":"zuoshou_xia"},{"length":20,"x":10.8473,"y":0.5465,"rotation":-112.4608,"name":"tea2","parent":"youshou_xia"},{"x":8.6,"y":-1.2,"name":"right_eye","parent":"yanjing"},{"x":-9.8,"y":2.15,"name":"left_eye","parent":"yanjing"},{"length":27,"x":27.311,"y":95.4701,"rotation":-73.633,"name":"saozi","parent":"youshou_xia"}],"slots":[{"name":"shadow","bone":"root","color":"FFFFFF7F","attachment":"shadow"},{"name":"youtui_shang","bone":"youtui_shang","attachment":"youtui_shang"},{"name":"zuotui_shang","bone":"zuotui_shang","attachment":"zuotui_shang"},{"name":"youshou_shang","bone":"youshou_shang","attachment":"youshou_shang"},{"name":"hair","bone":"tou","attachment":"hair"},{"name":"shenti_2","bone":"shenti","attachment":"shenti_2"},{"name":"zuoshou_shang","bone":"zuoshou_shang","attachment":"zuoshou_shang"},{"name":"yiling","bone":"shenti","attachment":"yiling"},{"name":"head_2","bone":"tou","attachment":"head_2"},{"name":"tea2","bone":"tea2","attachment":"tea2"},{"name":"left_eye1","bone":"left_eye","attachment":"left_eye"},{"name":"right_eye2","bone":"right_eye","attachment":"right_eye2"},{"name":"left_eye","bone":"left_eye","attachment":"left_eye"},{"name":"right_eye","bone":"right_eye","attachment":"right_eye"},{"name":"icon_sq01","bone":"icon_sq01","attachment":"icon_sq01"},{"name":"icon_sq02","bone":"icon_sq02","attachment":"icon_sq02"},{"name":"tou_0","bone":"tou","attachment":"tou_0"},{"name":"cake_m","bone":"cake_m","attachment":"角色文件-吃蛋糕/cake_m"},{"name":"saozi","bone":"saozi","attachment":"saozi"}],"skins":{"default":{"zuoshou_shang":{"zuoshou_shang":{"name":"zuoshou_shang","width":21,"height":40,"hull":10,"path":"角色文件0303-2/左手_2","type":"mesh","triangles":[4,9,7,7,9,3,9,2,3,0,8,6,0,6,1,4,7,5,6,8,5,8,4,5],"uvs":[0,0,1,0,0,1,1,1,0,0.5533,1,0.51163,1,0.40468,1,0.61857,0,0.44913,0,0.65746],"edges":[0,2,2,12,4,6,4,18,6,14,8,16,8,18,10,12,10,14,16,0],"vertices":[1,6,-2.04,-3.16,1,1,6,4.06,14.83,1,1,14,15.73,-11.74,1,1,14,18.02,7.12,1,2,6,16.82,-9.56,0.51,14,-0.24,-9.79,0.49,2,6,21.5,8.92,0.482454,14,0.57,9.25,0.517546,2,6,17.86,10.15,0.9,14,-3.25,9.71,0.1,2,6,25.15,7.68,0.11,14,4.39,8.78,0.89,2,6,13.27,-8.35,0.89,14,-3.96,-9.34,0.11,2,6,20.37,-10.76,0.11,14,3.49,-10.25,0.89]}},"right_eye":{"right_eye":{"name":"right_eye","width":6,"height":9,"x":-0.21,"y":0.2,"rotation":171.32,"path":"角色文件-道具(1)/眼睛睁2_1"}},"shadow":{"shadow":{"name":"shadow","width":52,"height":11,"x":-0.6,"y":6.02,"path":"角色文件0303-2/椭圆_1_拷贝_8"}},"tea2":{"tea2":{"name":"tea2","width":23,"height":29,"x":10.89,"y":-0.84,"rotation":-88.74,"path":"奶茶图标及厨师制作完成/奶茶2"}},"icon_sq02":{"icon_sq02":{"name":"icon_sq02","width":23,"height":24,"x":0.42,"y":0.59}},"right_eye2":{"right_eye2":{"name":"right_eye2","width":6,"height":3,"x":-0.28,"y":0.15,"rotation":-180,"path":"角色文件-道具(1)/闭眼2"}},"icon_sq01":{"icon_sq01":{"name":"icon_sq01","width":33,"height":34,"x":-0.05,"y":-0.61}},"youshou_shang":{"youshou_shang":{"name":"youshou_shang","width":11,"height":31,"hull":12,"path":"角色文件0303-2/右手_2","type":"mesh","triangles":[9,2,11,8,4,10,11,2,3,8,10,7,6,8,7,6,7,1,0,6,1,9,11,5,4,9,5,10,4,5],"uvs":[0,0,1,0,0,1,1,1,0,0.45968,1,0.46935,0,0.09677,1,0.11129,0,0.38447,0,0.53931,1,0.38769,1,0.56511],"edges":[0,2,2,14,4,6,4,18,6,22,8,16,8,18,10,20,10,22,12,16,14,20,12,0],"vertices":[1,8,8.7,-10.58,1,1,8,2.44,-1.54,1,1,13,17.36,-1.06,1,1,13,15.64,9.81,1,2,13,0.81,-3.67,0.5,8,20.42,-2.46,0.5,2,13,-0.61,7.24,0.49,8,14.4,6.75,0.51,1,8,11.17,-8.87,1,1,8,5.27,0.43,1,2,8,18.5,-3.79,0.9,13,-1.49,-4.03,0.1,2,8,22.45,-1.06,0.07,13,3.25,-3.28,0.93,2,8,12.32,5.31,0.9,13,-3.1,6.85,0.1,2,8,16.84,8.44,0.07,13,2.33,7.71,0.93]}},"zuotui_shang":{"zuotui_shang":{"name":"zuotui_shang","width":25,"height":40,"hull":5,"path":"角色文件-发怒表情/左腿_0","type":"mesh","triangles":[5,6,3,8,9,1,9,3,1,3,6,1,2,5,3,9,4,3,4,2,3,8,7,9,7,4,9,0,7,8,5,7,6,7,5,2,4,7,2],"uvs":[0.02,0,0.98,1,0.32924,0.56787,0.88124,0.55287,0.28924,0.48662,0.36124,0.64412,0.44724,1,0.02,0.12537,0.79924,0,0.83924,0.26662],"edges":[0,14,2,12,2,16,12,14,16,0],"vertices":[1,2,6.6,4.72,1,1,12,18.56,8.87,1,2,4,16.47,-4.51,0.48,12,-1.04,-4.52,0.52,2,4,17.18,9.29,0.48,12,0.5,9.2,0.52,2,4,13.14,-5.2,0.94,12,-4.41,-5.01,0.06,2,4,19.58,-4,0.07,12,2.09,-4.2,0.93,1,12,16.5,-4.28,1,2,2,1.61,4.27,0.91,4,-1.89,-10.53,0.09,1,2,8.33,-14.69,1,2,2,-2.2,-16.63,0.77,4,5.68,9.32,0.23]}},"saozi":{"saozi":{"name":"saozi","width":30,"height":7,"x":13.75,"y":0.5,"rotation":172.6,"path":"角色文件-吃蛋糕/saozi"}},"left_eye":{"left_eye":{"name":"left_eye","width":6,"height":9,"x":0.03,"y":0.17,"rotation":164.68,"path":"角色文件-道具(1)/眼睛睁1_1"}},"tou_0":{"tou_0":{"name":"tou_0","width":65,"height":66,"hull":20,"path":"角色文件-发怒表情/头部_0","type":"mesh","triangles":[0,23,1,1,23,2,23,24,2,6,5,3,24,6,3,5,4,3,2,24,3,19,21,22,22,23,0,19,22,0,28,7,6,28,6,24,38,28,24,23,38,24,11,10,9,11,9,8,12,8,7,28,12,7,12,11,8,36,38,23,22,36,23,37,27,28,27,32,28,32,12,28,38,37,28,36,37,38,19,18,21,32,30,12,18,17,21,36,27,37,17,20,21,22,33,36,33,26,36,26,27,36,26,29,27,21,33,22,29,30,32,27,29,32,29,13,30,33,34,26,31,29,26,20,33,21,29,31,13,31,14,13,34,31,26,35,34,33,20,35,33,34,25,31,25,14,31,35,25,34,15,14,25,17,16,20,20,16,35,16,15,35,15,25,35,30,12,13],"uvs":[0.50769,0,0.96702,0.0697,0.98462,0.54545,0.99769,0.90909,0.93846,0.99998,0.62692,0.9846,0.59308,0.94858,0.56385,0.93148,0.55385,0.94477,0.56226,0.95937,0.56923,0.98485,0.41159,0.98485,0.41538,0.93939,0.23154,0.99998,0.01538,0.81818,0.03077,0.68182,0,0.5303,0.03077,0.48485,0.01538,0.31818,0.13846,0.13636,0.0793,0.54036,0.26468,0.56988,0.33314,0.58881,0.51237,0.58427,0.59237,0.66367,0.08004,0.71612,0.24608,0.73126,0.33357,0.75169,0.51061,0.78335,0.22671,0.82217,0.32602,0.88127,0.16632,0.78354,0.33243,0.82292,0.21367,0.62065,0.15233,0.68353,0.07732,0.63203,0.36375,0.63805,0.39475,0.69483,0.49195,0.6592],"edges":[0,2,2,4,4,6,6,8,8,10,10,12,12,14,14,16,16,18,18,20,20,22,22,24,24,26,26,28,28,30,30,32,32,34,34,36,36,38,38,0],"vertices":[1,7,62.71,8.72,1,1,7,62.27,-21.38,1,1,7,31.33,-26.87,1,1,7,7.98,-30.99,1,1,7,1.32,-28.04,1,1,7,-0.66,-7.87,1,1,7,1.42,-5.36,1,1,7,2.29,-3.31,1,1,7,0.61,-1.43,1,1,7,-0.01,-3.08,1,1,7,-2.24,-3.39,1,1,7,-3.67,5.95,1,1,7,0.46,6.17,1,1,7,-5.16,17.45,1,1,7,4.64,34.02,1,1,7,13.83,33.29,1,1,7,23.46,36.65,1,1,7,26.71,35.09,1,1,7,37.46,37.6,1,1,7,50.45,31.34,1,2,7,23.52,31.46,0.83,17,5.6,-6.15,0.17,1,7,23.26,19.26,1,1,7,22.63,14.68,1,2,7,24.55,3.18,0.87,18,-4.15,-6.6,0.13,1,7,20.07,-2.7,1,1,7,11.97,30.25,1,1,7,12.52,19.17,1,1,7,11.97,13.29,1,1,7,11.5,1.51,1,1,11,-0.93,-0.58,1,2,7,3.44,12.55,0.88,11,-3.88,-7.61,0.12,2,7,8.36,23.94,0.65,11,1.04,3.78,0.35,2,7,7.31,12.69,0.9,11,-0.01,-7.47,0.1,1,17,-3,-0.85,1,1,17,1.15,3.3,1,2,7,17.5,30.82,0.27,17,5.8,-0.1,0.73,1,18,5.55,-3.05,1,1,18,3.55,0.7,1,2,7,19.46,3.83,0.22,18,-2.8,-1.65,0.78]}},"shenti_2":{"shenti_2":{"name":"shenti_2","width":29,"height":40,"x":18.74,"y":-1.13,"rotation":-84.89,"path":"角色文件0303-2/身体_2"}},"youtui_shang":{"youtui_shang":{"name":"youtui_shang","width":12,"height":34,"hull":9,"path":"角色文件0303-2/右腿_2","type":"mesh","triangles":[7,2,3,0,6,8,0,8,1,7,3,5,4,7,5,8,6,5,6,4,5],"uvs":[0,0,1,0,0,1,1,1,0,0.44706,1,0.45,0,0.36765,0,0.53235,1,0.28529],"edges":[0,2,2,16,4,6,4,14,6,10,8,12,8,14,10,16,12,0],"vertices":[1,2,5.63,10.64,1,3,2,6.56,0.29,0.998521,5,-5.47,5.84,0.001292,10,-19.86,6.79,0.000188,1,10,12.15,-7.1,1,1,10,13.16,2.55,1,2,5,9.07,-5.42,0.5,10,-6.08,-5.38,0.5,2,5,9.91,5.35,0.5,10,-4.54,5.31,0.5,2,5,6.46,-5.39,0.66,10,-8.68,-5.18,0.34,2,5,12.08,-5.27,0.55,10,-3.07,-5.43,0.45,2,2,-3.14,-0.77,0.85,4,3.43,-6.29,0.15]}},"hair":{"hair":{"name":"hair","width":61,"height":17,"x":4.74,"y":3.44,"rotation":-82.04,"path":"角色文件0303-2/头发"}},"head_2":{"head_2":{"name":"head_2","width":65,"height":66,"hull":7,"path":"角色文件-道具(1)/头部_0","type":"mesh","triangles":[28,26,29,31,30,29,0,27,1,27,28,1,28,29,1,12,11,3,11,6,3,29,30,3,30,12,3,1,29,3,26,21,29,21,31,29,30,32,12,32,11,12,31,32,30,8,2,4,27,26,28,10,11,32,31,33,32,23,21,26,27,23,26,21,33,31,33,10,32,25,23,27,10,6,11,7,6,10,20,7,10,20,10,33,21,20,33,7,35,6,23,20,21,25,22,23,23,19,20,35,4,6,20,5,7,5,34,7,7,34,35,34,4,35,16,5,20,19,16,20,34,5,4,5,8,4,16,8,5,0,25,27,25,24,22,9,2,8,17,15,19,17,19,23,22,17,23,9,8,16,15,9,16,19,15,16,24,18,17,24,17,22,18,15,17,14,9,15,18,14,15,14,13,9,0,24,25,13,2,9,13,14,24,0,13,24,14,18,24],"uvs":[0,0,1,0,0,1,1,1,0.43617,1,0.40925,0.94119,0.56386,1,0.53002,0.93134,0.32848,0.97377,0.15156,0.91013,0.62848,0.90256,0.67233,0.97377,0.9531,0.96771,0,0.89649,0.03002,0.7768,0.19463,0.81695,0.3231,0.85104,0.21002,0.73362,0.05156,0.71165,0.33694,0.75331,0.49925,0.79346,0.61386,0.67528,0.25848,0.56316,0.33079,0.58286,0.05233,0.54346,0.16079,0.2374,0.73694,0.31089,0.40617,0.05937,0.87848,0.16468,0.9831,0.49498,0.91079,0.77377,0.70694,0.75104,0.71233,0.85862,0.63848,0.78362,0.44156,0.9624,0.52925,0.96543],"edges":[0,2,2,6,4,8,4,26,6,12,8,12,26,0],"vertices":[57.67,40.13,66.67,-24.25,-7.7,30.98,1.31,-33.39,-3.77,2.91,-0.17,5.18,-2.62,-5.31,1.56,-2.51,-3.03,10.08,-0.46,22.05,4.33,-8.58,0.07,-12.06,2.99,-30.07,-0.93,31.93,7.16,31.09,6.02,20.13,4.95,11.55,11.6,19.9,11.61,30.3,11.46,11.55,10.3,0.73,19.05,-5.56,23.18,18.34,22.55,13.5,22.61,31.79,43.59,27.61,43.98,-10.15,57.44,13.44,54.81,-17.93,34.16,-27.68,15.29,-25.58,14.94,-12.25,7.96,-13.58,12.19,-8.14,-1.27,2.9,-0.67,-2.77]}},"cake_m":{"角色文件-吃蛋糕/cake_m":{"name":"角色文件-吃蛋糕/cake_m","width":40,"height":26,"x":0.79,"y":7.99}},"left_eye1":{"left_eye":{"name":"left_eye","width":7,"height":3,"x":-0.09,"y":0.15,"rotation":167.08,"path":"角色文件-道具(1)/闭眼1"}},"yiling":{"yiling":{"name":"yiling","width":25,"height":24,"x":26.53,"y":1.57,"rotation":-84.89,"path":"角色文件0303-2/衣领"}}}},"animations":{"stand":{"bones":{"shenti":{"translate":[{"time":0,"x":11.23,"y":-8}],"rotate":[{"time":0,"angle":0},{"time":0.625,"angle":-0.68},{"time":1.25,"angle":0},{"time":1.875,"angle":-0.68},{"time":2.5,"angle":0},{"time":2.9167,"angle":0.27},{"time":3.25,"angle":-0.62},{"time":3.5417,"angle":-0.38},{"time":3.75,"angle":-0.92},{"time":4.1667,"angle":0}],"scale":[{"time":0,"x":1,"y":1},{"time":0.625,"x":1.02,"y":1.02},{"time":1.25,"x":1,"y":1},{"time":1.875,"x":1.02,"y":1.02},{"time":2.5,"x":1,"y":1}],"shear":[{"time":0},{"time":0.625},{"time":1.25},{"time":1.875},{"time":2.5},{"time":2.9167},{"time":3.25},{"time":3.5417},{"time":3.75},{"time":4.1667}]},"tou":{"rotate":[{"time":0,"angle":0},{"time":0.3333,"angle":0.29},{"time":0.9166,"angle":-0.35},{"time":1.2499,"angle":0},{"time":1.5832,"angle":0.29},{"time":2.1665,"angle":-0.35},{"time":2.4998,"angle":0},{"time":3.0831,"angle":-8.54},{"time":3.3331,"angle":4.46},{"time":3.6248,"angle":-2.59},{"time":3.8331,"angle":5.05},{"time":4.1664,"angle":0}],"shear":[{"time":0},{"time":0.3333},{"time":0.9166},{"time":1.2499},{"time":1.5832},{"time":2.1665},{"time":2.4998},{"time":3.0831},{"time":3.3331},{"time":3.6248},{"time":3.8331},{"time":4.1664}]},"zuoshou_shang":{"rotate":[{"time":0,"angle":-7.97}],"shear":[{"time":0}]},"youtui_shang":{"rotate":[{"time":0,"angle":-65.34},{"time":0.7083,"angle":-64.33},{"time":1.25,"angle":-65.34},{"time":1.9583,"angle":-64.33},{"time":2.5,"angle":-65.34},{"time":2.9167,"angle":-66.34},{"time":3.25,"angle":-65.93},{"time":4.1667,"angle":-65.34}],"shear":[{"time":0},{"time":0.7083},{"time":1.25},{"time":1.9583},{"time":2.5},{"time":2.9167},{"time":3.25},{"time":4.1667}]},"zuotui_shang":{"rotate":[{"time":0,"angle":-73.57},{"time":0.625,"angle":-72.67},{"time":1.25,"angle":-73.57},{"time":1.875,"angle":-72.67},{"time":2.5,"angle":-73.57},{"time":2.9167,"angle":-74.58},{"time":3.25,"angle":-74.16},{"time":4.1667,"angle":-73.57}],"shear":[{"time":0},{"time":0.625},{"time":1.25},{"time":1.875},{"time":2.5},{"time":2.9167},{"time":3.25},{"time":4.1667}]},"youshou_shang":{"rotate":[{"time":0,"angle":3.22}],"shear":[{"time":0}]},"zuotui_xia":{"rotate":[{"time":0,"angle":58.28},{"time":0.625,"angle":59.19},{"time":1.25,"angle":58.28},{"time":1.875,"angle":59.19},{"time":2.5,"angle":58.28},{"time":2.9167,"angle":57.02},{"time":4.1667,"angle":58.28}],"shear":[{"time":0},{"time":0.625},{"time":1.25},{"time":1.875},{"time":2.5},{"time":2.9167},{"time":4.1667}]},"youshou_xia":{"rotate":[{"time":0,"angle":-17.56}],"shear":[{"time":0}]},"zuoshou_xia":{"rotate":[{"time":0,"angle":-46.34}],"shear":[{"time":0}]},"youtui_xia":{"rotate":[{"time":0,"angle":56.02},{"time":2.5,"angle":56.02},{"time":2.9167,"angle":54.75},{"time":4.1667,"angle":56.02}],"shear":[{"time":0},{"time":2.5},{"time":2.9167},{"time":4.1667}]},"icon_sq01":{"translate":[{"time":0},{"time":4.1667},{"time":4.9167,"x":204.91},{"time":6.1667}]}},"slots":{"shadow":{"color":[{"time":0,"color":"FFFFFF00"}]},"left_eye1":{"color":[{"time":0,"color":"FFFFFF00"},{"time":2.5,"color":"FFFFFF00"},{"time":2.5417,"color":"FFFFFFFF"},{"time":3.875,"color":"FFFFFFFF"},{"time":4.1667,"color":"FFFFFF00"}]},"right_eye2":{"color":[{"time":0,"color":"FFFFFF00"},{"time":2.5,"color":"FFFFFF00"},{"time":2.5417,"color":"FFFFFFFF"},{"time":3.875,"color":"FFFFFFFF"},{"time":4.1667,"color":"FFFFFF00"}]},"left_eye":{"color":[{"time":0,"color":"FFFFFFFF"},{"time":2.5,"color":"FFFFFFFF"},{"time":2.5417,"color":"FFFFFF00"},{"time":3.875,"color":"FFFFFF00"},{"time":4.1667,"color":"FFFFFFFF"}]},"right_eye":{"color":[{"time":0,"color":"FFFFFFFF"},{"time":2.5,"color":"FFFFFFFF"},{"time":2.5417,"color":"FFFFFF00"},{"time":3.875,"color":"FFFFFF00"},{"time":4.1667,"color":"FFFFFFFF"}]},"icon_sq01":{"color":[{"time":0,"color":"FFFFFF00"}]},"icon_sq02":{"color":[{"time":0,"color":"FFFFFF00"}]},"tou_0":{"color":[{"time":0,"color":"FFFFFF00"}]},"tea2":{"color":[{"time":0,"color":"FFFFFF00"}]},"cake_m":{"color":[{"time":0,"color":"FFFFFF00"}]},"saozi":{"color":[{"time":0,"color":"FFFFFF00"}]}}},"move":{"bones":{"shenti":{"translate":[{"time":0,"y":-0.95,"curve":[0.5,0,0.5,1]},{"time":0.2917,"y":-0.45,"curve":[0.5,0,0.5,1]},{"time":0.625,"y":-0.95,"curve":[0.5,0,0.5,1]},{"time":0.9167,"y":-0.45,"curve":[0.5,0,0.5,1]},{"time":1.1667,"y":-0.95}],"rotate":[{"time":0,"angle":6.25,"curve":[0.5,0,0.5,1]},{"time":0.2917,"angle":4.56,"curve":[0.5,0,0.5,1]},{"time":0.625,"angle":6.25,"curve":[0.5,0,0.5,1]},{"time":0.9167,"angle":4.56,"curve":[0.5,0,0.5,1]},{"time":1.1667,"angle":6.25}],"shear":[{"time":0,"curve":[0.5,0,0.5,1]},{"time":0.2917,"curve":[0.5,0,0.5,1]},{"time":0.625,"curve":[0.5,0,0.5,1]},{"time":0.9167,"curve":[0.5,0,0.5,1]},{"time":1.1667}]},"tou":{"rotate":[{"time":0,"angle":2.83,"curve":[0.5,0,0.5,1]},{"time":0.2083,"angle":5.89,"curve":[0.5,0,0.5,1]},{"time":0.625,"angle":2.83,"curve":[0.5,0,0.5,1]},{"time":0.8333,"angle":6.63,"curve":[0.5,0,0.5,1]},{"time":1.1666,"angle":2.83}],"shear":[{"time":0,"curve":[0.5,0,0.5,1]},{"time":0.2083,"curve":[0.5,0,0.5,1]},{"time":0.625,"curve":[0.5,0,0.5,1]},{"time":0.8333,"curve":[0.5,0,0.5,1]},{"time":1.1666}]},"zuoshou_shang":{"rotate":[{"time":0,"angle":-6.29,"curve":[0.5,0,0.5,1]},{"time":0.625,"angle":0,"curve":[0.5,0,0.5,1]},{"time":1.1667,"angle":-6.29}],"shear":[{"time":0,"curve":[0.5,0,0.5,1]},{"time":0.625,"curve":[0.5,0,0.5,1]},{"time":1.1667}]},"youtui_shang":{"rotate":[{"time":0,"angle":-31.39},{"time":0.625,"angle":14.01},{"time":0.875,"angle":-31.17},{"time":1.1667,"angle":-31.39}],"shear":[{"time":0},{"time":0.625},{"time":0.875},{"time":1.1667}]},"zuotui_shang":{"rotate":[{"time":0,"angle":-3.19},{"time":0.2917,"angle":-37.03},{"time":0.625,"angle":-29.64},{"time":1.1667,"angle":-3.19}],"shear":[{"time":0},{"time":0.2917},{"time":0.625},{"time":1.1667}]},"youshou_shang":{"rotate":[{"time":0,"angle":1.86,"curve":[0.5,0,0.5,1]},{"time":0.625,"angle":-7.08,"curve":[0.5,0,0.5,1]},{"time":1.1667,"angle":1.86}],"shear":[{"time":0,"curve":[0.5,0,0.5,1]},{"time":0.625,"curve":[0.5,0,0.5,1]},{"time":1.1667}]},"zuotui_xia":{"rotate":[{"time":0,"angle":10.57},{"time":0.2917,"angle":52.01},{"time":0.625,"angle":-0.06},{"time":1.1667,"angle":10.57}],"shear":[{"time":0},{"time":0.2917},{"time":0.625},{"time":1.1667}]},"youshou_xia":{"rotate":[{"time":0,"angle":0,"curve":[0.5,0,0.5,1]},{"time":0.3333,"angle":-1.36,"curve":[0.5,0,0.5,1]},{"time":0.625,"angle":-3.83,"curve":[0.5,0,0.5,1]},{"time":0.9583,"angle":-7.76,"curve":[0.5,0,0.5,1]},{"time":1.1666,"angle":0}],"shear":[{"time":0,"curve":[0.5,0,0.5,1]},{"time":0.3333,"curve":[0.5,0,0.5,1]},{"time":0.625,"curve":[0.5,0,0.5,1]},{"time":0.9583,"curve":[0.5,0,0.5,1]},{"time":1.1666}]},"zuoshou_xia":{"rotate":[{"time":0,"angle":0,"curve":[0.5,0,0.5,1]},{"time":0.4167,"angle":-3.06,"curve":[0.5,0,0.5,1]},{"time":0.625,"angle":0,"curve":[0.5,0,0.5,1]},{"time":0.9583,"angle":2.01,"curve":[0.5,0,0.5,1]},{"time":1.1666,"angle":0}],"shear":[{"time":0,"curve":[0.5,0,0.5,1]},{"time":0.4167,"curve":[0.5,0,0.5,1]},{"time":0.625,"curve":[0.5,0,0.5,1]},{"time":0.9583,"curve":[0.5,0,0.5,1]},{"time":1.1666}]},"youtui_xia":{"rotate":[{"time":0,"angle":6.67},{"time":0.625,"angle":-1.01},{"time":0.875,"angle":61.08},{"time":1.1667,"angle":6.67}],"shear":[{"time":0},{"time":0.625},{"time":0.875},{"time":1.1667}]}},"slots":{"left_eye1":{"color":[{"time":0,"color":"FFFFFF00"},{"time":0.4583,"color":"FFFFFF00"},{"time":0.5,"color":"FFFFFFFF"},{"time":0.625,"color":"FFFFFF00"}]},"right_eye2":{"color":[{"time":0,"color":"FFFFFF00"},{"time":0.4583,"color":"FFFFFF00"},{"time":0.5,"color":"FFFFFFFF"},{"time":0.625,"color":"FFFFFF00"}]},"left_eye":{"color":[{"time":0,"color":"FFFFFFFF"},{"time":0.4583,"color":"FFFFFFFF"},{"time":0.5,"color":"FFFFFF00"},{"time":0.625,"color":"FFFFFFFF"}]},"right_eye":{"color":[{"time":0,"color":"FFFFFFFF"},{"time":0.4583,"color":"FFFFFFFF"},{"time":0.5,"color":"FFFFFF00"},{"time":0.625,"color":"FFFFFFFF"}]},"icon_sq01":{"color":[{"time":0,"color":"FFFFFF00"}]},"icon_sq02":{"color":[{"time":0,"color":"FFFFFF00"}]},"tou_0":{"color":[{"time":0,"color":"FFFFFF00"}]},"tea2":{"color":[{"time":0,"color":"FFFFFF00"}]},"cake_m":{"color":[{"time":0,"color":"FFFFFF00"}]},"saozi":{"color":[{"time":0,"color":"FFFFFF00"}]}},"deform":{"default":{"youtui_shang":{"youtui_shang":[{"time":0,"offset":14,"vertices":[0.02,0.15]}]}}}},"angry":{"bones":{"icon_sq01":{"translate":[{"time":0,"x":13.18,"y":-39.92},{"time":0.125,"x":-0.02,"y":-23.79},{"time":0.2083,"x":-19.81,"y":-5.1},{"time":0.3333,"x":-29.34,"y":-1.43},{"time":0.5,"x":13.18,"y":-39.92}],"scale":[{"time":0,"x":0.01,"y":0.01},{"time":0.2083,"x":1,"y":1},{"time":0.3333,"x":1.25,"y":1.25},{"time":0.5,"x":0.01,"y":0.01}]},"shenti":{"scale":[{"time":0,"x":1,"y":1},{"time":0.25,"x":1.1,"y":1.1},{"time":0.5,"x":1,"y":1}]},"icon_sq02":{"translate":[{"time":0,"x":-36.66,"y":-14.88},{"time":0.125,"x":-38.88,"y":-20.31},{"time":0.25,"x":-11.06,"y":1.77},{"time":0.4167,"x":-3.11,"y":9.48},{"time":0.5,"x":-36.66,"y":-14.88}],"scale":[{"time":0,"x":0.01,"y":0.01},{"time":0.125,"x":0.01,"y":0.01},{"time":0.25,"x":1,"y":1},{"time":0.4167,"x":1.25,"y":1.25},{"time":0.5,"x":0.01,"y":0.01}]},"youtui_shang":{"translate":[{"time":0},{"time":0.25,"x":0.06,"y":-0.67},{"time":0.5}]},"zuotui_shang":{"translate":[{"time":0},{"time":0.25,"x":-0.05,"y":0.56},{"time":0.5}]},"zuoshou_shang":{"translate":[{"time":0,"x":0.77,"y":-0.12}],"rotate":[{"time":0,"angle":29.6},{"time":0.25,"angle":21.67},{"time":0.5,"angle":29.6}],"shear":[{"time":0},{"time":0.25},{"time":0.5}]},"tou":{"rotate":[{"time":0,"angle":20.2},{"time":0.0833,"angle":25.03},{"time":0.3333,"angle":19.61},{"time":0.5,"angle":20.2}],"shear":[{"time":0},{"time":0.0833},{"time":0.3333},{"time":0.5}]},"youshou_shang":{"rotate":[{"time":0,"angle":2.74},{"time":0.25,"angle":5.2},{"time":0.5,"angle":2.74}],"shear":[{"time":0},{"time":0.25},{"time":0.5}]},"yanjing":{"scale":[{"time":0,"x":1,"y":1},{"time":0.0833,"x":1.15,"y":1},{"time":0.2083,"x":1.06,"y":1},{"time":0.2916,"x":1.15,"y":1},{"time":0.3749,"x":1.06,"y":1},{"time":0.4999,"x":1,"y":1}]},"zuoshou_xia":{"rotate":[{"time":0,"angle":-74.38},{"time":0.25,"angle":-62.48},{"time":0.5,"angle":-74.38}],"shear":[{"time":0},{"time":0.25},{"time":0.5}]},"hair":{"scale":[{"time":0,"x":1,"y":1},{"time":0.0833,"x":1.7,"y":1.7},{"time":0.2083,"x":0.93,"y":0.93},{"time":0.2916,"x":1.56,"y":1.56},{"time":0.3749,"x":0.79,"y":0.79},{"time":0.4999,"x":1,"y":1}]},"youshou_xia":{"rotate":[{"time":0,"angle":-6.96},{"time":0.1667,"angle":-12.07},{"time":0.375,"angle":-1.58},{"time":0.5,"angle":-6.96}],"shear":[{"time":0},{"time":0.1667},{"time":0.375},{"time":0.5}]}},"slots":{"shadow":{"color":[{"time":0,"color":"FFFFFF00"}]},"icon_sq01":{"color":[{"time":0,"color":"FFFFFF00"},{"time":0.2083,"color":"FFFFFFFF"},{"time":0.3333,"color":"FFFFFF00"}]},"icon_sq02":{"color":[{"time":0,"color":"FFFFFF00"},{"time":0.125,"color":"FFFFFF00"},{"time":0.25,"color":"FFFFFFFF"},{"time":0.4167,"color":"FFFFFF00"}]},"tea2":{"color":[{"time":0,"color":"FFFFFF00"}]},"cake_m":{"color":[{"time":0,"color":"FFFFFF00"}]},"saozi":{"color":[{"time":0,"color":"FFFFFF00"}]}},"deform":{"default":{"zuoshou_shang":{"zuoshou_shang":[{"time":0,"offset":8,"vertices":[-2.42,-0.35,1.3,0.21,-0.5,-0.07,-0.24,-1.43,1.29,-0.13]}]}}},"drawOrder":[{"time":0,"offsets":[{"slot":"shadow","offset":16},{"slot":"youtui_shang","offset":13},{"slot":"zuotui_shang","offset":11},{"slot":"youshou_shang","offset":2},{"slot":"shenti_2","offset":3},{"slot":"zuoshou_shang","offset":1},{"slot":"yiling","offset":3},{"slot":"tea2","offset":3},{"slot":"icon_sq01","offset":-13},{"slot":"icon_sq02","offset":-13}]}]},"drink":{"bones":{"shenti":{"translate":[{"time":0,"x":11.23,"y":-8}],"rotate":[{"time":0,"angle":0},{"time":0.5417,"angle":0.33},{"time":2.0834,"angle":-0.41},{"time":2.5001,"angle":0},{"time":2.9168,"angle":0.27},{"time":3.2501,"angle":-0.62},{"time":3.5418,"angle":-0.38},{"time":3.7501,"angle":-0.92},{"time":4.1668,"angle":0}],"shear":[{"time":0},{"time":0.5417},{"time":2.0834},{"time":2.5001},{"time":2.9168},{"time":3.2501},{"time":3.5418},{"time":3.7501},{"time":4.1668}]},"tou":{"rotate":[{"time":0,"angle":0},{"time":0.5417,"angle":30.37},{"time":2.0834,"angle":-6.77},{"time":2.5001,"angle":0},{"time":3.0834,"angle":-8.54},{"time":3.3334,"angle":4.46},{"time":3.6251,"angle":-2.59},{"time":3.8334,"angle":5.05},{"time":4.1667,"angle":0}],"shear":[{"time":0},{"time":0.5417},{"time":2.0834},{"time":2.5001},{"time":3.0834},{"time":3.3334},{"time":3.6251},{"time":3.8334},{"time":4.1667}]},"zuoshou_shang":{"rotate":[{"time":0,"angle":-7.97}],"shear":[{"time":0}]},"youtui_shang":{"rotate":[{"time":0,"angle":-65.34},{"time":0.7083,"angle":-64.33},{"time":1.25,"angle":-65.34},{"time":1.9583,"angle":-64.33},{"time":2.5,"angle":-65.34},{"time":2.9167,"angle":-66.34},{"time":3.25,"angle":-65.93},{"time":4.1667,"angle":-65.34}],"shear":[{"time":0},{"time":0.7083},{"time":1.25},{"time":1.9583},{"time":2.5},{"time":2.9167},{"time":3.25},{"time":4.1667}]},"zuotui_shang":{"rotate":[{"time":0,"angle":-73.57},{"time":0.625,"angle":-72.67},{"time":1.25,"angle":-73.57},{"time":1.875,"angle":-72.67},{"time":2.5,"angle":-73.57},{"time":2.9167,"angle":-74.58},{"time":3.25,"angle":-74.16},{"time":4.1667,"angle":-73.57}],"shear":[{"time":0},{"time":0.625},{"time":1.25},{"time":1.875},{"time":2.5},{"time":2.9167},{"time":3.25},{"time":4.1667}]},"youshou_shang":{"rotate":[{"time":0,"angle":-1.96},{"time":0.5417,"angle":-11.75},{"time":2.0834,"angle":-56.18},{"time":2.6251,"angle":-2.41},{"time":4.1668,"angle":-1.96}],"shear":[{"time":0},{"time":0.5417},{"time":2.0834},{"time":2.6251},{"time":4.1668}]},"zuotui_xia":{"rotate":[{"time":0,"angle":58.28},{"time":0.625,"angle":59.19},{"time":1.25,"angle":58.28},{"time":1.875,"angle":59.19},{"time":2.5,"angle":58.28},{"time":2.9167,"angle":57.02},{"time":4.1667,"angle":58.28}],"shear":[{"time":0},{"time":0.625},{"time":1.25},{"time":1.875},{"time":2.5},{"time":2.9167},{"time":4.1667}]},"youshou_xia":{"rotate":[{"time":0,"angle":-57.83},{"time":0.5417,"angle":-58.93},{"time":1.6667,"angle":-56.78},{"time":2.25,"angle":-59.4},{"time":2.5,"angle":-57.16},{"time":2.7083,"angle":-58.88},{"time":4.1666,"angle":-57.83}],"shear":[{"time":0},{"time":0.5417},{"time":1.6667},{"time":2.25},{"time":2.5},{"time":2.7083},{"time":4.1666}]},"zuoshou_xia":{"rotate":[{"time":0,"angle":-46.34}],"shear":[{"time":0}]},"youtui_xia":{"rotate":[{"time":0,"angle":56.02},{"time":2.5,"angle":56.02},{"time":2.9167,"angle":54.75},{"time":4.1667,"angle":56.02}],"shear":[{"time":0},{"time":2.5},{"time":2.9167},{"time":4.1667}]},"tea2":{"rotate":[{"time":0,"angle":0},{"time":0.625,"angle":0},{"time":2.0833,"angle":3.81},{"time":4.1666,"angle":0}],"scale":[{"time":0,"x":0.9,"y":0.9}],"shear":[{"time":0},{"time":0.625},{"time":2.0833},{"time":4.1666}]}},"slots":{"shadow":{"color":[{"time":0,"color":"FFFFFF00"}]},"left_eye1":{"color":[{"time":0,"color":"FFFFFF00"},{"time":2.5,"color":"FFFFFF00"},{"time":2.5417,"color":"FFFFFFFF"},{"time":3.875,"color":"FFFFFFFF"},{"time":4.1667,"color":"FFFFFF00"}]},"right_eye2":{"color":[{"time":0,"color":"FFFFFF00"},{"time":2.5,"color":"FFFFFF00"},{"time":2.5417,"color":"FFFFFFFF"},{"time":3.875,"color":"FFFFFFFF"},{"time":4.1667,"color":"FFFFFF00"}]},"left_eye":{"color":[{"time":0,"color":"FFFFFFFF"},{"time":2.5,"color":"FFFFFFFF"},{"time":2.5417,"color":"FFFFFF00"},{"time":3.875,"color":"FFFFFF00"},{"time":4.1667,"color":"FFFFFFFF"}]},"right_eye":{"color":[{"time":0,"color":"FFFFFFFF"},{"time":2.5,"color":"FFFFFFFF"},{"time":2.5417,"color":"FFFFFF00"},{"time":3.875,"color":"FFFFFF00"},{"time":4.1667,"color":"FFFFFFFF"}]},"icon_sq01":{"color":[{"time":0,"color":"FFFFFF00"}]},"icon_sq02":{"color":[{"time":0,"color":"FFFFFF00"}]},"tou_0":{"color":[{"time":0,"color":"FFFFFF00"}]},"cake_m":{"color":[{"time":0,"color":"FFFFFF00"}]},"saozi":{"color":[{"time":0,"color":"FFFFFF00"}]}}},"eat":{"bones":{"shenti":{"translate":[{"time":0,"x":11.23,"y":-8}],"rotate":[{"time":0,"angle":0},{"time":0.5417,"angle":0.33},{"time":0.9584,"angle":1.35},{"time":1.3334,"angle":-1.25},{"time":1.7084,"angle":0.01},{"time":2.0834,"angle":-0.41},{"time":2.5001,"angle":0},{"time":2.9168,"angle":0.27},{"time":3.2501,"angle":-0.62},{"time":3.5418,"angle":-0.38},{"time":3.7501,"angle":-0.92},{"time":4.1668,"angle":0}],"shear":[{"time":0},{"time":0.5417},{"time":0.9584},{"time":1.3334},{"time":1.7084},{"time":2.0834},{"time":2.5001},{"time":2.9168},{"time":3.2501},{"time":3.5418},{"time":3.7501},{"time":4.1668}]},"tou":{"translate":[{"time":0},{"time":0.5417,"x":-0.2,"y":3.94},{"time":0.9167,"x":-0.86,"y":2.04},{"time":1.25,"x":-0.2,"y":3.94},{"time":1.5417,"x":-0.86,"y":2.04},{"time":1.8334,"x":-1.08,"y":1.95},{"time":2.0834,"x":0.12,"y":2.83},{"time":2.7501}],"rotate":[{"time":0,"angle":0},{"time":0.5417,"angle":15.73},{"time":1.25,"angle":15.73},{"time":1.5417,"angle":20.06},{"time":1.8334,"angle":20.18},{"time":2.0834,"angle":15.8},{"time":2.7501,"angle":0},{"time":3.0834,"angle":-8.54},{"time":3.3334,"angle":4.46},{"time":3.6251,"angle":-2.59},{"time":3.8334,"angle":5.05},{"time":4.1667,"angle":0}],"shear":[{"time":0},{"time":0.5417},{"time":1.25},{"time":1.5417},{"time":1.8334},{"time":2.0834},{"time":2.7501},{"time":3.0834},{"time":3.3334},{"time":3.6251},{"time":3.8334},{"time":4.1667}]},"zuoshou_shang":{"rotate":[{"time":0,"angle":8.34}],"shear":[{"time":0}]},"youtui_shang":{"rotate":[{"time":0,"angle":-65.34},{"time":0.7083,"angle":-64.33},{"time":1.25,"angle":-65.34},{"time":1.9583,"angle":-64.33},{"time":2.5,"angle":-65.34},{"time":2.9167,"angle":-66.34},{"time":3.25,"angle":-65.93},{"time":4.1667,"angle":-65.34}],"shear":[{"time":0},{"time":0.7083},{"time":1.25},{"time":1.9583},{"time":2.5},{"time":2.9167},{"time":3.25},{"time":4.1667}]},"zuotui_shang":{"rotate":[{"time":0,"angle":-73.57},{"time":0.625,"angle":-72.67},{"time":1.25,"angle":-73.57},{"time":1.875,"angle":-72.67},{"time":2.5,"angle":-73.57},{"time":2.9167,"angle":-74.58},{"time":3.25,"angle":-74.16},{"time":4.1667,"angle":-73.57}],"shear":[{"time":0},{"time":0.625},{"time":1.25},{"time":1.875},{"time":2.5},{"time":2.9167},{"time":3.25},{"time":4.1667}]},"youshou_shang":{"rotate":[{"time":0,"angle":-7.06},{"time":0.5417,"angle":-20.3},{"time":0.625,"angle":-20.46},{"time":1.6667,"angle":-19.54},{"time":2.0834,"angle":-21.69},{"time":3.1667,"angle":-21.69},{"time":3.625,"angle":-34.28},{"time":4.1667,"angle":-7.06}],"shear":[{"time":0},{"time":0.5417},{"time":0.625},{"time":1.6667},{"time":2.0834},{"time":3.1667},{"time":3.625},{"time":4.1667}]},"zuotui_xia":{"rotate":[{"time":0,"angle":58.28},{"time":0.625,"angle":59.19},{"time":1.25,"angle":58.28},{"time":1.875,"angle":59.19},{"time":2.5,"angle":58.28},{"time":2.9167,"angle":57.02},{"time":4.1667,"angle":58.28}],"shear":[{"time":0},{"time":0.625},{"time":1.25},{"time":1.875},{"time":2.5},{"time":2.9167},{"time":4.1667}]},"youshou_xia":{"rotate":[{"time":0,"angle":-120.2},{"time":0.5417,"angle":-79.08},{"time":0.625,"angle":-73.1},{"time":1.6667,"angle":-79.44},{"time":2.0834,"angle":-28.23},{"time":3.1667,"angle":-28.23},{"time":3.625,"angle":-51.51},{"time":4.1667,"angle":-120.2}],"shear":[{"time":0},{"time":0.5417},{"time":0.625},{"time":1.6667},{"time":2.0834},{"time":3.1667},{"time":3.625},{"time":4.1667}]},"zuoshou_xia":{"rotate":[{"time":0,"angle":-89.46}],"shear":[{"time":0}]},"youtui_xia":{"rotate":[{"time":0,"angle":56.02},{"time":2.5,"angle":56.02},{"time":2.9167,"angle":54.75},{"time":4.1667,"angle":56.02}],"shear":[{"time":0},{"time":2.5},{"time":2.9167},{"time":4.1667}]},"tea2":{"rotate":[{"time":0,"angle":0},{"time":0.625,"angle":0},{"time":2.0833,"angle":3.81},{"time":4.1666,"angle":0}],"scale":[{"time":0,"x":0.9,"y":0.9}],"shear":[{"time":0},{"time":0.625},{"time":2.0833},{"time":4.1666}]},"cake_m":{"translate":[{"time":0,"x":-12.18,"y":-48.02}],"rotate":[{"time":0,"angle":82.64}],"shear":[{"time":0}]},"saozi":{"translate":[{"time":0,"x":-15.6,"y":-96.88},{"time":0.625,"x":-17.1,"y":-95.01},{"time":1.6667,"x":-17.1,"y":-95.01},{"time":2.0834,"x":-15.6,"y":-96.88}],"rotate":[{"time":0,"angle":-88.15},{"time":0.625,"angle":-36.86},{"time":1.6667,"angle":-29.57},{"time":2.0834,"angle":-152.92},{"time":3.1667,"angle":-152.92},{"time":3.625,"angle":-139.51},{"time":4.1667,"angle":-88.15}],"scale":[{"time":0,"x":0.7,"y":0.7}],"shear":[{"time":0},{"time":0.625},{"time":1.6667},{"time":2.0834},{"time":3.1667},{"time":3.625},{"time":4.1667}]}},"slots":{"shadow":{"color":[{"time":0,"color":"FFFFFF00"}]},"left_eye1":{"color":[{"time":0,"color":"FFFFFF00"},{"time":2.5,"color":"FFFFFF00"},{"time":2.5417,"color":"FFFFFFFF"},{"time":3.875,"color":"FFFFFFFF"},{"time":4.1667,"color":"FFFFFF00"}]},"right_eye2":{"color":[{"time":0,"color":"FFFFFF00"},{"time":2.5,"color":"FFFFFF00"},{"time":2.5417,"color":"FFFFFFFF"},{"time":3.875,"color":"FFFFFFFF"},{"time":4.1667,"color":"FFFFFF00"}]},"left_eye":{"color":[{"time":0,"color":"FFFFFFFF"},{"time":2.5,"color":"FFFFFFFF"},{"time":2.5417,"color":"FFFFFF00"},{"time":3.875,"color":"FFFFFF00"},{"time":4.1667,"color":"FFFFFFFF"}]},"right_eye":{"color":[{"time":0,"color":"FFFFFFFF"},{"time":2.5,"color":"FFFFFFFF"},{"time":2.5417,"color":"FFFFFF00"},{"time":3.875,"color":"FFFFFF00"},{"time":4.1667,"color":"FFFFFFFF"}]},"icon_sq01":{"color":[{"time":0,"color":"FFFFFF00"}]},"icon_sq02":{"color":[{"time":0,"color":"FFFFFF00"}]},"tou_0":{"color":[{"time":0,"color":"FFFFFF00"}]},"tea2":{"color":[{"time":0,"color":"FFFFFF00"}]}},"deform":{"default":{"youshou_shang":{"youshou_shang":[{"time":0,"offset":23,"vertices":[0]},{"time":0.5,"offset":6,"vertices":[-3.5,-0.2,-1.3,1.31,-0.29,-1.02,0,0,0,0,-2.13,1.15,-1.43,3.18,0,0,-1.3,3.09]},{"time":3.625,"offset":23,"vertices":[0]}]},"head_2":{"head_2":[{"time":0,"offset":8,"vertices":[-0.12,1.55,0,0,-0.12,1.55]},{"time":0.125,"offset":8,"vertices":[-0.39,0.77,0,0,-0.39,0.77]},{"time":0.5417,"offset":8,"vertices":[-1.32,-1.83,0,0,-1.32,-1.83]},{"time":0.9167,"offset":8,"vertices":[-0.45,0.26,0.83,1.39,-0.45,0.26,0.34,-0.05,1.36,-0.01,0.53,-0.14,0.84,1.79,0,0,0,0,0,0,-0.1,-0.59,-0.18,-2.2,0.66,4,-0.64,0.1,-0.69,-0.24,-0.64,0.1,-0.64,0.1,-0.64,0.1,-0.64,0.1,-0.64,0.1,-0.64,0.1,0,0,0,0,0,0,0,0,0,0,0,0,0.08,0.5,0.08,0.5,-0.36,1.52,0.47,0.07,0.47,0.07]},{"time":1.25,"offset":8,"vertices":[-1.32,-1.83,0,0,-1.32,-1.83]},{"time":1.5417,"offset":8,"vertices":[-0.45,0.26,0.83,1.39,-0.45,0.26,0.34,-0.05,1.36,-0.01,0.53,-0.14,0.84,1.79,0,0,0,0,0,0,-0.1,-0.59,-0.18,-2.2,0.66,4,-0.64,0.1,-0.69,-0.24,-0.64,0.1,-0.64,0.1,-0.64,0.1,-0.64,0.1,-0.64,0.1,-0.64,0.1,0,0,0,0,0,0,0,0,0,0,0,0,0.08,0.5,0.08,0.5,-0.36,1.52,0.47,0.07,0.47,0.07]},{"time":1.8334,"offset":8,"vertices":[-0.73,0.37,0,0,-0.73,0.37]},{"time":2.0834,"offset":8,"vertices":[-0.45,0.26,0.83,1.39,-0.45,0.26,0.34,-0.05,1.36,-0.01,0.53,-0.14,0.84,1.79,0,0,0,0,0,0,-0.1,-0.59,-0.18,-2.2,0.66,4,-0.64,0.1,-0.69,-0.24,-0.64,0.1,-0.64,0.1,-0.64,0.1,-0.64,0.1,-0.64,0.1,-0.64,0.1,0,0,0,0,0,0,0,0,0,0,0,0,0.08,0.5,0.08,0.5,-0.36,1.52,0.47,0.07,0.47,0.07]},{"time":2.7501,"offset":8,"vertices":[-1.75,1.6,0,0,-1.75,1.6,0,0,0,0,0,0,0,0,0,0,0,0,0,0,0,0,0,0,0.74,0.1]},{"time":3.1251,"offset":8,"vertices":[-1.31,1.59,0,0,-1.31,1.59,0,0,0,0,0,0,0,0,0,0,0,0,0,0,0,0,0,0,0.54,0.08]},{"time":4.1668,"offset":8,"vertices":[-0.12,1.55,0,0,-0.12,1.55]}]}}}}}}],[-1],0,[],[],[]]