[1,["ecpdLyjvZBwrvm+cedCcQy","64vhhvhjpJ6pTZGleC4K09","b2aHrECZ5APKGS/0d2hvT1","757Lttu6pPZK42quoDU9Mn","47LfXTNedBhJ5sf0G+5l7j","95kkwWr5NMd4e49+9mJxqk","24zy6v2d5JgYEiOc9GmLT4"],["node","_spriteFrame","_file","root","data","_defaultClip","_textureSetter"],[["cc.Node",["_name","_components","_prefab","_parent","_contentSize","_trs","_children"],2,9,4,1,5,7,2],["cc.ParticleSystem",["_dstBlendFactor","_custom","totalParticles","duration","emissionRate","life","lifeVar","startSizeVar","endSize","endSizeVar","speed","tangentialAccel","_stopped","angle","angleVar","startSpin","startSpinVar","endSpin","endSpinVar","radialAccel","rotationIsDir","startSize","speedVar","node","_materials","_startColor","_startColorVar","_endColor","_endColorVar","posVar","_file","_spriteFrame","gravity"],-20,1,3,8,8,8,8,5,6,6,5],"cc.SpriteFrame",["cc.Prefab",["_name"],2],["cc.Animation",["playOnLoad","node","_clips","_defaultClip"],2,1,3,6],["cc.PrefabInfo",["fileId","root"],2,1],["cc.Sprite",["_dstBlendFactor","node","_materials","_spriteFrame"],2,1,3,6],["cc.AnimationClip",["_name","_duration","curveData"],1,11]],[[5,0,1,2],[0,0,3,1,2,5,2],[6,0,1,2,3,2],[3,0,2],[0,0,6,1,2,2],[0,0,3,1,2,4,5,2],[0,0,3,1,2,4,2],[4,0,1,2,3,2],[1,0,1,12,2,3,4,5,6,13,14,7,8,9,15,16,17,18,10,11,19,20,23,24,25,26,27,28,29,32,30,31,22],[1,0,1,2,3,4,5,6,21,7,8,9,10,22,11,23,24,25,26,27,28,29,30,31,15],[7,0,1,2,3]],[[[[3,"lingqu"],[4,"lingqu",[-3,-4,-5,-6],[[7,true,-2,[11],10]],[0,"f6k8RbiVtMvJq8jUBBjqmg",-1]],[5,"10quan_02",1,[[2,1,-7,[0],1]],[0,"a1lDY+ioJLkIMz+CEnZ+Wb",1],[5,120,41],[0,0,0,0,0,0,1,-3.828,3.828,3.828]],[6,"10quan_03",1,[[2,1,-8,[2],3]],[0,"9fWMP2i0NJeoW/gdaTzD52",1],[5,120,41]],[1,"item",1,[[8,1,true,false,50,0.5,100,0.7,2,180,80,50,10,20,300,120,-5,20,20,0,-20,true,-9,[4],[4,4279469311],[4,4294967295],[4,1042776563],[4,380481023],[0,400,50],[0,0,-50],5,6]],[0,"24boVq5axAOpn9aqT6GC0n",1],[19.565,-2.668,0,0,0,0,1,1,1,1]],[1,"xxing",1,[[9,772,true,8,0.8,50,0.7,0.3,52,25,2,5,0,0,0,-10,[7],[4,4294967295],[4,117440511],[4,1042776563],[4,1191182335],[0,400,100],8,9]],[0,"5dEM8b+wtPyb4rgzZquY/W",1],[-9.624,-6.631,0,0,0,0,1,1,1,1]]],0,[0,3,1,0,0,1,0,-1,2,0,-2,3,0,-3,4,0,-4,5,0,0,2,0,0,3,0,0,4,0,0,5,0,4,1,10],[0,0,0,0,0,0,0,0,0,0,0,0],[-1,1,-1,1,-1,2,1,-1,2,1,5,-1],[0,1,0,1,0,2,4,0,2,5,3,3]],[[{"name":"10quan_02","rect":[39,6,120,41],"offset":[15.5,-1.5],"originalSize":[167,50],"capInsets":[0,0,0,0]}],[2],0,[0],[6],[6]],[[[10,"lingqu",0.8333333333333334,[{},"paths",11,[{},"10quan_02",11,[{},"props",11,[{"position":[{"frame":0,"value":[176.498,0,0]},{"frame":0.05,"value":[6.711,0,0]}],"opacity":[{"frame":0.08333333333333333,"value":255},{"frame":0.8333333333333334,"value":0}]},"scale",12,[[[{"frame":0.05},"value",8,[0,-3.43,3.828]],[{"frame":0.5},"value",8,[0,-9.357,3.828]]],11,11]]],"10quan_03",11,[{},"props",11,[{"position":[{"frame":0,"value":[-231.695,0,0]},{"frame":0.05,"value":[-7.021,0,0]}],"opacity":[{"frame":0.08333333333333333,"value":255},{"frame":0.8333333333333334,"value":0}]},"scale",12,[[[{"frame":0.05},"value",8,[0,3.635,3.635]],[{"frame":0.5},"value",8,[0,8.814,3.635]]],11,11]]]]]]],0,0,[],[],[]]]]