[1,0,0,[],0,[{"_name":"XueShengMei","_uuid":"99037cf4-b526-4761-8d89-f9c2a652dc64","skeleton":{"width":182.85,"height":164.6,"fps":24,"hash":" ","name":"Armature"},"bones":[{"name":"root"},{"x":-50.25,"y":145.2,"name":"icon_sq01","parent":"root"},{"length":11,"x":-1.2,"y":35.9,"rotation":-90,"name":"qun_zi","parent":"root"},{"x":61.8,"y":130.45,"name":"icon_sq02","parent":"root"},{"length":28,"x":-3.1,"y":0.25,"rotation":177.572,"name":"shen_ti","parent":"qun_zi"},{"length":10,"x":7.3,"y":-6,"rotation":9.6824,"name":"youtui_shang","parent":"qun_zi"},{"length":12,"x":6.85,"y":7.1,"rotation":4.98,"name":"zuotui_shang","parent":"qun_zi"},{"inheritScale":false,"length":57,"x":32.9607,"y":0.4468,"rotation":-7.2392,"name":"tou","parent":"shen_ti","transform":"noScale"},{"length":12,"x":13.0355,"y":0.4184,"rotation":6.357,"name":"zuotui_xia","parent":"zuotui_shang"},{"inheritScale":false,"length":16,"x":25.8817,"y":5.7016,"rotation":154.4863,"name":"youshou_shang","parent":"shen_ti","transform":"noScale"},{"length":10,"x":11.1072,"y":0.5888,"rotation":3.6295,"name":"youtui_xia","parent":"youtui_shang"},{"inheritScale":false,"length":17,"x":26.3858,"y":-6.1877,"rotation":-157.8291,"name":"zuoshou_shang","parent":"shen_ti","transform":"noScale"},{"x":20.0635,"y":16.5035,"name":"yanjing","parent":"tou"},{"length":17,"x":17.5605,"y":0.2317,"rotation":-12.5973,"name":"zuoshou_xia","parent":"zuoshou_shang"},{"length":14,"x":16.753,"rotation":13.9521,"name":"youshou_xia","parent":"youshou_shang"},{"x":6.541,"y":16.6853,"rotation":9.6672,"name":"tou_1_1_13_12","parent":"tou"},{"x":5.578,"y":10.1305,"name":"tou_1_1_13","parent":"tou"},{"length":25,"x":32.998,"y":-107.7918,"rotation":169.0934,"name":"tea1","parent":"zuoshou_xia"},{"x":-1.2446,"y":-10.5589,"name":"left_eye","parent":"yanjing"},{"x":4.1204,"y":-7.5148,"name":"yanjing_11","parent":"yanjing"},{"x":-1.0217,"y":9.8686,"name":"right_eye","parent":"yanjing"},{"x":3.5355,"y":6.638,"name":"left_eye1_1","parent":"yanjing"},{"length":11,"x":17.3929,"y":-25.9655,"rotation":103.9896,"name":"shu","parent":"youshou_xia"},{"x":4.3843,"y":82.5071,"rotation":103.9896,"name":"cake_m","parent":"youshou_xia"},{"length":27,"x":48.629,"y":55.0788,"rotation":-90.1624,"name":"saozi","parent":"zuoshou_xia"},{"length":10,"x":25.703,"y":0.0361,"rotation":-60.2646,"name":"tea111","parent":"tea1"}],"slots":[{"name":"shadow","bone":"root","attachment":"shadow"},{"name":"youtui_shang","bone":"youtui_shang","attachment":"youtui_shang"},{"name":"zuotui_shang","bone":"zuotui_shang","attachment":"zuotui_shang"},{"name":"youshou_shang_103","bone":"youshou_shang","attachment":"youshou_shang_103"},{"name":"youshou_shang_104","bone":"youshou_shang","attachment":"youshou_shang_104"},{"name":"youshou_shang","bone":"youshou_shang","attachment":"youshou_shang"},{"name":"qun_zi_12","bone":"qun_zi","attachment":"qun_zi_12"},{"name":"qun_zi","bone":"qun_zi","attachment":"qun_zi"},{"name":"shen_ti_107_102","bone":"shen_ti","attachment":"shen_ti_107_102"},{"name":"shen_ti_107_106","bone":"shen_ti","attachment":"shen_ti_107_106"},{"name":"shen_ti_107_102_23","bone":"shen_ti","attachment":"shen_ti_107_102_23"},{"name":"shen_ti_107","bone":"shen_ti","attachment":"shen_ti_107"},{"name":"shen_ti_107_102_101","bone":"shen_ti","attachment":"shen_ti_107_102_101"},{"name":"shen_ti","bone":"shen_ti","attachment":"shen_ti"},{"name":"tea1","bone":"tea1","attachment":"tea1"},{"name":"cake_m","bone":"cake_m","attachment":"角色文件-吃蛋糕/cake_m"},{"name":"saozi","bone":"saozi","attachment":"角色文件-吃蛋糕/saozi"},{"name":"zuoshou_shang_0","bone":"zuoshou_shang","attachment":"zuoshou_shang_0"},{"name":"zuoshou_shang_0108","bone":"zuoshou_shang","attachment":"zuoshou_shang_0108"},{"name":"zuoshou_shang","bone":"zuoshou_shang","attachment":"zuoshou_shang"},{"name":"tou_1","bone":"tou","attachment":"tou_1_1"},{"name":"shu","bone":"shu","attachment":"shu"},{"name":"left_eye1","bone":"left_eye","attachment":"left_eye1"},{"name":"right_eye22","bone":"right_eye","attachment":"right_eye22"},{"name":"right_eye2","bone":"right_eye","attachment":"right_eye2"},{"name":"left_eye","bone":"left_eye","attachment":"left_eye"},{"name":"tou","bone":"tou","attachment":"tou"},{"name":"icon_sq02","bone":"icon_sq02","attachment":"icon_sq02"},{"name":"icon_sq01","bone":"icon_sq01","attachment":"icon_sq01"}],"skins":{"default":{"tou_1":{"tou_1_1":{"name":"tou_1_1","width":79,"height":65,"hull":4,"path":"角色文件-道具(1)/头_0","type":"mesh","triangles":[0,14,1,10,2,3,11,10,3,13,11,3,1,14,3,14,13,3,0,6,7,0,7,14,14,11,13,7,5,11,7,11,14,0,12,6,5,10,11,9,2,10,4,5,7,6,4,7,4,9,5,5,9,10,8,9,4,6,8,4,8,2,9,12,8,6,12,2,8,0,2,12],"uvs":[0,0,1,0,0,1,1,1,0.15535,0.81697,0.25029,0.85313,0.12687,0.72005,0.27624,0.75466,0.04712,0.83236,0.14649,0.93082,0.25155,0.96851,0.40029,0.94466,0.037,0.70313,0.50409,0.89082,0.44839,0.78236],"edges":[0,2,2,6,4,6,4,0],"vertices":[56.81,39.62,70.07,-38.25,-7.27,28.71,5.99,-49.17,6.52,18.61,5.46,10.82,12.35,21.89,12.12,9.88,4.1,26.87,-0.89,18.06,-1.91,9.47,1.59,-1.86,12.25,29.07,6.41,-9.35,12.63,-3.83]}},"youtui_shang":{"youtui_shang":{"name":"youtui_shang","width":11,"height":26,"hull":12,"path":"角色文件-道具(1)/右腿_9","type":"mesh","triangles":[8,4,5,9,2,3,8,5,7,11,10,7,10,8,7,10,11,1,0,10,1,5,4,6,4,9,6,9,3,6],"uvs":[0,0,1,0,0,1,1,1,0,0.54836,1,0.49644,1,0.59259,1,0.39259,0,0.44836,0,0.63875,0,0.13682,1,0.14067],"edges":[0,2,2,22,4,6,4,18,6,12,8,16,8,18,10,12,10,14,14,22,16,20,20,0],"vertices":[1,2,4.59,-10.3,1,1,2,4.59,0.7,1,1,10,10.55,-9.43,1,1,10,13.08,1.27,1,2,5,10.66,-6.18,0.5,10,-0.87,-6.73,0.5,2,10,0.35,4.29,0.51,5,11.18,4.89,0.49,2,10,2.78,3.71,0.92,5,13.65,4.47,0.08,2,5,8.52,5.34,0.93,10,-2.28,4.91,0.07,2,5,8.1,-5.74,0.93,10,-3.4,-6.13,0.07,2,10,1.41,-7.27,0.93,5,12.98,-6.58,0.07,2,2,8.15,-10.3,0.92,5,0.11,-4.38,0.08,2,2,8.25,0.7,0.93,5,2.06,6.44,0.07]}},"icon_sq02":{"icon_sq02":{"name":"icon_sq02","width":23,"height":24,"x":1.82,"y":-0.39}},"right_eye22":{"right_eye22":{"name":"right_eye22","width":6,"height":3,"x":-0.09,"y":-0.28,"rotation":-80.33,"path":"角色文件-道具(1)/闭眼2"}},"shen_ti_107":{"shen_ti_107":{"name":"shen_ti_107","width":33,"height":38,"x":11.06,"y":-7.47,"rotation":-87.57,"path":"角色文件(1)/图层_107"}},"saozi":{"角色文件-吃蛋糕/saozi":{"name":"角色文件-吃蛋糕/saozi","width":30,"height":7,"x":12.89,"y":-0.18,"rotation":173.02}},"youshou_shang_104":{"youshou_shang_104":{"name":"youshou_shang_104","width":11,"height":14,"x":4.6,"y":-1.49,"rotation":117.94,"path":"角色文件(1)/图层_104"}},"tou":{"tou":{"name":"tou","width":79,"height":65,"hull":23,"path":"角色文件-发怒表情/头_1","type":"mesh","triangles":[3,7,6,4,3,6,5,4,6,2,25,3,25,8,7,3,25,7,24,25,1,1,25,2,25,9,8,25,36,10,25,10,9,36,11,10,0,24,1,29,36,25,36,12,11,29,35,36,24,27,25,36,13,12,27,29,25,22,24,0,31,35,29,15,13,36,35,15,36,33,15,35,15,14,13,27,31,29,33,16,15,22,21,24,21,23,24,26,27,24,23,26,24,27,26,31,31,33,35,30,32,31,26,30,31,32,33,31,33,17,16,32,17,33,30,34,32,32,18,17,34,18,32,28,30,26,23,28,26,20,28,23,28,34,30,19,34,28,21,20,23,19,18,34,20,19,28],"uvs":[0.37975,0,0.63291,0.03538,0.67089,0.04615,0.70886,0.06154,0.81013,0.01538,0.95823,0.02538,0.98734,0.46154,0.84177,0.64846,0.73176,0.78154,0.69117,0.81846,0.65,0.87385,0.54684,0.91769,0.5022,0.91769,0.43038,0.95538,0.40506,0.98462,0.34177,0.98462,0.30452,0.99308,0.19747,0.99692,0.01266,0.87538,0,0.72308,0.02532,0.53846,0,0.32308,0.1038,0.06692,0.09967,0.48267,0.3596,0.36805,0.4775,0.56882,0.14272,0.56574,0.32498,0.57113,0.06677,0.58763,0.4015,0.63959,0.11647,0.6811,0.33314,0.70972,0.19068,0.8153,0.27239,0.85899,0.07516,0.73081,0.3439,0.77509,0.44828,0.85193],"edges":[0,2,2,4,4,6,6,8,8,10,10,12,12,14,14,16,16,18,18,20,20,22,22,24,24,26,26,28,28,30,30,32,32,34,34,36,36,38,38,40,40,42,42,44,44,0],"vertices":[1,7,61.84,11.07,1,1,7,62.82,-8.39,1,1,7,62.74,-12.11,1,1,7,62.26,-15.23,1,1,7,67.52,-22.3,1,1,7,67.89,-34.26,1,1,7,40.33,-41.28,1,1,7,26.42,-31.99,1,1,7,16.49,-25.21,1,1,7,13.58,-22.46,1,1,7,9.43,-19.51,1,1,7,5.25,-11.96,1,1,7,4.66,-8.51,1,1,7,1.43,-4.09,1,1,7,-0.92,-1.65,1,1,7,-1.76,3.28,1,1,7,-2.79,6.1,1,1,7,-4.46,14.39,1,1,7,1.09,30.04,1,1,7,10.81,32.81,1,1,7,22.63,32.8,1,1,7,36.1,37.12,1,1,7,53.89,31.83,1,1,7,27.2,27.61,1,1,7,37.96,8.8,1,1,7,26.69,-2.76,1,1,21,-1.15,0.21,1,1,19,0.34,0.11,1,1,20,1.07,2.67,1,1,18,2.33,-3.56,1,1,20,-4.28,-2.25,1,1,18,-3.06,1,1,1,15,0.6,0.1,1,1,16,-0.19,-0.08,1,1,7,11.11,26.8,1,1,7,11.74,5.25,1,1,7,8.18,-3.63,1]}},"shen_ti_107_106":{"shen_ti_107_106":{"name":"shen_ti_107_106","width":15,"height":11,"x":28.25,"y":0.27,"rotation":-87.57,"path":"角色文件(1)/图层_106"}},"shen_ti_107_102":{"shen_ti_107_102":{"name":"shen_ti_107_102","width":16,"height":12,"x":25.78,"y":-0.34,"rotation":-87.57,"path":"角色文件(1)/图层_102"}},"left_eye1":{"left_eye1":{"name":"left_eye1","width":7,"height":3,"x":0.77,"rotation":-80.33,"path":"角色文件-道具(1)/闭眼1"}},"icon_sq01":{"icon_sq01":{"name":"icon_sq01","width":33,"height":34,"x":0.58,"y":-1.22}},"qun_zi":{"qun_zi":{"name":"qun_zi","width":41,"height":24,"x":2.16,"y":3.18,"rotation":90,"path":"角色文件(1)/裙子"}},"shadow":{"shadow":{"name":"shadow","width":53,"height":11,"x":0.98,"y":5.24,"path":"角色文件(1)/椭圆_1"}},"right_eye2":{"right_eye2":{"name":"right_eye2","width":6,"height":10,"x":-0.01,"y":-0.41,"rotation":-80.33,"path":"角色文件-道具(1)/眼睛睁2"}},"shen_ti":{"shen_ti":{"name":"shen_ti","width":38,"height":44,"x":11.96,"y":-4.93,"rotation":-87.57,"path":"角色文件(1)/身子"}},"tea1":{"tea1":{"name":"tea1","width":23,"height":35,"hull":10,"path":"奶茶图标及厨师制作完成/奶茶1","type":"mesh","triangles":[6,0,7,0,9,7,7,9,8,4,3,5,3,6,5,1,0,6,2,6,3,2,1,6],"uvs":[0,0.35286,0.26087,0.16143,0.44565,0.08,0.76304,0,1,0,1,0.12,0.70652,0.18857,1,0.35714,1,1,0,1],"edges":[0,2,2,4,4,6,6,8,8,10,10,12,12,14,14,16,16,18,18,0],"vertices":[1,17,18.85,11.08,1,2,17,25.93,5.53,0.9,25,-4.66,2.93,0.1,2,25,0.41,3.63,0.92,17,29.06,1.48,0.08,1,25,8.2,2.95,1,1,25,13.1,0.56,1,1,25,11.26,-3.22,1,2,17,25.66,-4.76,0.78,25,4.14,-2.42,0.22,1,17,20.21,-11.88,1,1,17,-2.24,-13.36,1,1,17,-3.75,9.59,1]}},"zuotui_shang":{"zuotui_shang":{"name":"zuotui_shang","width":20,"height":73,"hull":7,"path":"角色文件-道具(1)/左腿_8","type":"mesh","triangles":[3,7,4,5,9,6,4,7,6,7,5,6,3,4,1,0,3,1,6,9,2,9,8,2,9,7,8,7,3,8,7,9,5],"uvs":[0,0,1,0,1,1,0,0.62949,1,0.64319,0.44779,0.81853,1,0.80483,0.34529,0.77675,0.51529,1,0.48029,0.86853],"edges":[0,2,2,8,4,12,4,16,6,16,8,12,6,0],"vertices":[1,2,-39.5,-4.41,1,1,2,-39.5,15.59,1,1,8,14.8,4.11,1,2,2,6.45,-4.41,0.8,6,-1.4,-11.43,0.2,2,2,7.45,15.59,0.8,6,1.33,8.41,0.2,2,6,13.13,-3.7,0.49,8,-0.36,-4.11,0.51,2,6,13.09,7.38,0.49,8,0.83,6.91,0.51,2,6,9.91,-5.48,0.92,8,-3.76,-5.52,0.08,1,8,12.89,-5.39,1,2,6,16.82,-3.37,0.11,8,3.34,-4.19,0.89]}},"youshou_shang":{"youshou_shang":{"name":"youshou_shang","width":15,"height":34,"hull":12,"path":"角色文件(1)/右手","type":"mesh","triangles":[2,7,6,3,2,6,5,4,6,4,3,6,2,1,7,1,0,7,0,8,7,0,11,8,10,9,8,11,10,8],"uvs":[0.18,0.37999,0.21667,0.26357,0.31864,0.19136,0.56667,0.06428,0.73333,0.00003,0.99993,0.00003,0.98667,0.18799,0.74667,0.48037,0.6,0.61521,0.26667,0.98382,0.06667,0.98064,0.00007,0.52941],"edges":[0,2,2,4,4,6,6,8,8,10,10,12,12,14,14,16,16,18,18,20,20,22,22,0],"vertices":[2,9,11.62,-5.12,0.95,14,-6.22,-3.73,0.05,1,9,8.25,-5.83,1,1,9,5.37,-5.95,1,2,9,0.59,-4.92,0.921866,14,-16.87,-0.87,0.078134,1,9,-1.69,-3.86,1,1,9,-3.26,0.4,1,1,9,1.49,4.04,1,2,9,10.09,4.48,0.92,14,-5.39,5.95,0.08,2,9,16.5,5.73,0.488545,14,1.13,5.62,0.511455,1,14,14.59,3.51,1,1,14,15.37,-0.53,1,2,9,17.88,-3.5,0.460035,14,0.25,-3.67,0.539965]}},"zuoshou_shang_0108":{"zuoshou_shang_0108":{"name":"zuoshou_shang_0108","width":11,"height":14,"x":6.61,"y":2.54,"rotation":70.26,"path":"角色文件(1)/图层_108"}},"shu":{"shu":{"name":"shu","width":26,"height":18,"x":1.7,"y":2.22,"path":"角色文件-道具(1)/shu"}},"cake_m":{"角色文件-吃蛋糕/cake_m":{"name":"角色文件-吃蛋糕/cake_m","width":40,"height":26,"x":-0.22,"y":6.23}},"qun_zi_12":{"qun_zi_12":{"name":"qun_zi_12","width":40,"height":22,"x":2.16,"y":2.68,"rotation":90,"path":"角色文件(1)/图层_12"}},"shen_ti_107_102_23":{"shen_ti_107_102_23":{"name":"shen_ti_107_102_23","width":29,"height":36,"x":11.81,"y":-1.43,"rotation":-87.57,"path":"角色文件(1)/图层_23"}},"shen_ti_107_102_101":{"shen_ti_107_102_101":{"name":"shen_ti_107_102_101","width":7,"height":15,"x":17.18,"y":1.8,"rotation":-87.57,"path":"角色文件(1)/图层_101"}},"youshou_shang_103":{"youshou_shang_103":{"name":"youshou_shang_103","width":10,"height":23,"hull":6,"path":"角色文件(1)/图层_103","type":"mesh","triangles":[5,2,3,0,5,1,1,5,4,5,3,4],"uvs":[0.24495,0,1,0.08155,0,1,0.505,1,1,0.42417,0,0.35824],"edges":[0,2,2,8,4,6,4,10,6,8,10,0],"vertices":[1,9,10.08,-5.43,1,1,9,8.27,2.04,1,1,14,15.12,-0.48,1,1,14,13.9,4.42,1,2,14,0.1,5.56,0.48,9,15.51,5.42,0.52,2,14,0.4,-3.48,0.47,9,17.98,-3.28,0.53]}},"zuoshou_shang":{"zuoshou_shang":{"name":"zuoshou_shang","width":13,"height":36,"hull":8,"path":"角色文件(1)/左手","type":"mesh","triangles":[7,4,6,7,6,1,0,7,1,2,3,5,4,2,5,6,4,5],"uvs":[0,0,1,0,0.47696,1,1,1,0.29232,0.61635,1,0.62054,1,0.31914,0.06846,0.33898],"edges":[0,2,2,12,4,6,4,8,6,10,8,14,10,12,14,0],"vertices":[1,11,-2.11,-1.02,1,1,11,2.22,11.03,1,1,13,17.2,-3.99,1,1,13,18.39,2.71,1,2,11,20.14,-5.18,0.48,13,3.69,-4.72,0.52,2,11,23.24,3.48,0.48,13,4.84,4.41,0.52,2,11,13.03,7.15,0.94,13,-5.93,5.76,0.06,2,11,9.74,-4.54,0.96,13,-6.59,-6.36,0.04]}},"zuoshou_shang_0":{"zuoshou_shang_0":{"name":"zuoshou_shang_0","width":9,"height":27,"hull":12,"path":"角色文件(1)/左手_0","type":"mesh","triangles":[0,6,8,5,7,9,10,2,3,9,7,11,7,10,11,10,3,11,0,8,1,8,6,4,6,5,4,5,9,4],"uvs":[0,0,1,0,0,1,1,1,1,0.34588,0,0.39032,0,0.21238,0,0.54781,1,0.2014,1,0.56622,0,0.76063,1,0.72363],"edges":[0,2,2,16,4,6,4,20,6,22,8,16,8,18,10,12,10,14,14,20,18,22,12,0],"vertices":[1,11,8.25,-1.76,1,1,11,11.29,6.71,1,1,13,18.14,-7.33,1,1,13,19.26,1.6,1,2,13,1.74,3.79,0.52,11,20.08,3.56,0.48,2,13,1.83,-5.09,0.55,11,18.24,-5.13,0.45,2,11,13.69,-3.6,0.82,13,-2.94,-4.58,0.18,2,13,6.04,-5.67,0.86,11,22.22,-6.62,0.14,2,11,16.41,4.87,0.79,13,-2.13,4.28,0.21,2,13,7.64,3.05,0.85,11,25.68,1.55,0.15,1,13,11.74,-6.45,1,1,13,11.86,2.52,1]}},"left_eye":{"left_eye":{"name":"left_eye","width":6,"height":10,"x":0.34,"y":-0.28,"rotation":-80.33,"path":"角色文件-道具(1)/眼睛睁2"}}}},"animations":{"eat":{"bones":{"qun_zi":{"translate":[{"time":0,"x":5.1,"y":-0.25}],"rotate":[{"time":0,"angle":-19.16}],"shear":[{"time":0}]},"shen_ti":{"rotate":[{"time":0,"angle":25.52},{"time":0.4167,"angle":26.76},{"time":0.8334,"angle":23.9},{"time":1.6667,"angle":23.19},{"time":2.0834,"angle":23.18},{"time":2.7501,"angle":21.59},{"time":3.3334,"angle":25.52}],"shear":[{"time":0},{"time":0.4167},{"time":0.8334},{"time":1.6667},{"time":2.0834},{"time":2.7501},{"time":3.3334}]},"youtui_shang":{"translate":[{"time":0,"x":5.2,"y":0.16}],"rotate":[{"time":0,"angle":-20.64}],"scale":[{"time":0,"x":1,"y":0.84}],"shear":[{"time":0}]},"zuotui_shang":{"translate":[{"time":0,"x":2.04,"y":1.33}],"rotate":[{"time":0,"angle":-54.56}],"shear":[{"time":0}]},"tou":{"translate":[{"time":0,"x":-1.63,"y":-0.68},{"time":0.8333,"x":-1.63,"y":-0.68},{"time":1.0416,"x":-2.26,"y":1.07},{"time":1.2499,"x":-1.84,"y":-1.14},{"time":1.4582,"x":-2.04,"y":0.31},{"time":1.6665,"x":-1.63,"y":-0.68}],"rotate":[{"time":0,"angle":4.75},{"time":1.6667,"angle":4.75},{"time":2.0834,"angle":19.35},{"time":2.7501,"angle":-5.92},{"time":3.3334,"angle":4.75}],"shear":[{"time":0},{"time":1.6667},{"time":2.0834},{"time":2.7501},{"time":3.3334}]},"youshou_shang":{"rotate":[{"time":0,"angle":-11},{"time":0.4167,"angle":-10.27},{"time":0.8334,"angle":-15.67},{"time":1.6667,"angle":-15.67},{"time":2.0834,"angle":-13.99},{"time":2.7501,"angle":-12.15},{"time":3.3334,"angle":-11}],"shear":[{"time":0},{"time":0.4167},{"time":0.8334},{"time":1.6667},{"time":2.0834},{"time":2.7501},{"time":3.3334}]},"youtui_xia":{"rotate":[{"time":0,"angle":22.59}],"scale":[{"time":0,"x":1,"y":0.84}],"shear":[{"time":0}]},"zuoshou_shang":{"translate":[{"time":0,"x":-1.33,"y":-2.92}],"rotate":[{"time":0,"angle":-22.9},{"time":0.4167,"angle":-61.89},{"time":0.8334,"angle":-56.91},{"time":1.6667,"angle":-54.2},{"time":2.0834,"angle":-71.08},{"time":2.7501,"angle":-55.48},{"time":3.3334,"angle":-22.9}],"shear":[{"time":0},{"time":0.4167},{"time":0.8334},{"time":1.6667},{"time":2.0834},{"time":2.7501},{"time":3.3334}]},"zuotui_xia":{"translate":[{"time":0,"x":2.64,"y":3.54}],"rotate":[{"time":0,"angle":79.39}],"shear":[{"time":0}]},"yanjing":{"translate":[{"time":0,"x":-1.38,"y":-0.91}]},"youshou_xia":{"rotate":[{"time":0,"angle":-38.1},{"time":0.4167,"angle":-42.77},{"time":0.8334,"angle":-32.46},{"time":1.6667,"angle":-32.46},{"time":2.0834,"angle":-37.54},{"time":2.7501,"angle":-30.47},{"time":3.3334,"angle":-38.1}],"shear":[{"time":0},{"time":0.4167},{"time":0.8334},{"time":1.6667},{"time":2.0834},{"time":2.7501},{"time":3.3334}]},"zuoshou_xia":{"rotate":[{"time":0,"angle":-53.7},{"time":0.4167,"angle":-27.68},{"time":0.8334,"angle":-85.21},{"time":1.6667,"angle":-86.25},{"time":2.0834,"angle":-75.06},{"time":2.7501,"angle":-73.76},{"time":3.3334,"angle":-53.7}],"shear":[{"time":0},{"time":0.4167},{"time":0.8334},{"time":1.6667},{"time":2.0834},{"time":2.7501},{"time":3.3334}]},"left_eye":{"rotate":[{"time":0,"angle":0},{"time":2,"angle":0},{"time":2.0833,"angle":-15.43},{"time":2.8333,"angle":-15.43},{"time":2.9166,"angle":0}],"shear":[{"time":0},{"time":2},{"time":2.0833},{"time":2.8333},{"time":2.9166}]},"shu":{"translate":[{"time":0,"x":-10.79,"y":27.47}],"rotate":[{"time":0,"angle":57.69}],"shear":[{"time":0}]},"tea1":{"translate":[{"time":0,"x":-8,"y":114.29}],"rotate":[{"time":0,"angle":75.53}],"shear":[{"time":0}]},"tea111":{"rotate":[{"time":0,"angle":62.82}],"shear":[{"time":0}]},"cake_m":{"translate":[{"time":0,"x":17.05,"y":-84.17}],"rotate":[{"time":0,"angle":39.54}],"shear":[{"time":0}]},"saozi":{"translate":[{"time":0,"x":-32.94,"y":-55.31},{"time":1.6667,"x":-32.94,"y":-55.31},{"time":2.0834,"x":-35.14,"y":-52.94},{"time":2.7501,"x":-33.76,"y":-53.12},{"time":3.3334,"x":-32.94,"y":-55.31}],"rotate":[{"time":0,"angle":51.54},{"time":0.4167,"angle":76.85},{"time":0.8334,"angle":52.91},{"time":1.6667,"angle":50.71},{"time":2.0834,"angle":51.93},{"time":2.7501,"angle":34.93},{"time":3.3334,"angle":51.54}],"scale":[{"time":0,"x":0.7,"y":0.7}],"shear":[{"time":0},{"time":0.4167},{"time":0.8334},{"time":1.6667},{"time":2.0834},{"time":2.7501},{"time":3.3334}]}},"slots":{"shadow":{"color":[{"time":0,"color":"FFFFFF00"}]},"shu":{"color":[{"time":0,"color":"FFFFFF00"}]},"left_eye1":{"color":[{"time":0,"color":"FFFFFF00"},{"time":2,"color":"FFFFFF00"},{"time":2.0833,"color":"FFFFFFFF"},{"time":2.8333,"color":"FFFFFFFF"},{"time":2.9166,"color":"FFFFFF00"}]},"right_eye22":{"color":[{"time":0,"color":"FFFFFF00"},{"time":2,"color":"FFFFFF00"},{"time":2.0833,"color":"FFFFFFFF"},{"time":2.8333,"color":"FFFFFFFF"},{"time":2.9166,"color":"FFFFFF00"}]},"right_eye2":{"color":[{"time":0,"color":"FFFFFFFF"},{"time":2,"color":"FFFFFFFF"},{"time":2.0833,"color":"FFFFFF00"},{"time":2.8333,"color":"FFFFFF00"},{"time":2.9166,"color":"FFFFFFFF"}]},"left_eye":{"color":[{"time":0,"color":"FFFFFFFF"},{"time":2,"color":"FFFFFFFF"},{"time":2.0833,"color":"FFFFFF00"},{"time":2.8333,"color":"FFFFFF00"},{"time":2.9166,"color":"FFFFFFFF"}]},"tou":{"color":[{"time":0,"color":"FFFFFF00"}]},"icon_sq01":{"color":[{"time":0,"color":"FFFFFF00"}]},"icon_sq02":{"color":[{"time":0,"color":"FFFFFF00"}]},"tea1":{"color":[{"time":0,"color":"FFFFFF00"}]}},"deform":{"default":{"zuoshou_shang_0":{"zuoshou_shang_0":[{"time":0,"offset":4,"vertices":[2.21,-0.39,0.98,-0.41,1.02,-0.6,-0.07,0,0,0,0.22,-1.05,0,0,0.92,0.99,0.82,-0.48,1.46,-0.33]}]},"tou_1":{"tou_1_1":[{"time":0,"offset":29,"vertices":[0]},{"time":0.8333,"offset":29,"vertices":[0]},{"time":1.0416,"offset":4,"vertices":[0.02,-2.3,0,0,-0.79,-2.05,-0.12,2.55,-0.6,-0.41,-0.91,0.44,-0.3,-1.05,0.7,0.11,0.7,0.11,0.25,0.45,-0.35,-0.45,0.25,0.45,-0.35,0.45]},{"time":1.2499,"offset":29,"vertices":[0]},{"time":1.4582,"offset":4,"vertices":[0.02,-2.3,0,0,-0.79,-2.05,-0.12,2.55,-0.6,-0.41,-0.91,0.44,-0.3,-1.05,0.7,0.11,0.7,0.11,0.25,0.45,-0.35,-0.45,0.25,0.45,-0.35,0.45]},{"time":1.6665,"offset":29,"vertices":[0]},{"time":2.0832,"offset":8,"vertices":[0.88,-0.17,0.88,-0.17,2.65,-0.51,2.65,-0.51]},{"time":2.4165,"offset":4,"vertices":[0.03,-1.34,0,0,2.47,-0.69,2.42,1.56,1.32,-0.52,0.98,-0.65,0,0,-0.49,-0.01,-0.49,-0.01,0,0,0,0,0,0,-0.32,-0.13]},{"time":2.7498,"offset":8,"vertices":[4.03,0.29,4.03,0.29,-0.03,-0.53,-0.69,-0.8,0,0,0,0,0,0,0,0,0,0,0,0,-0.66,-0.25]},{"time":3.3331,"offset":29,"vertices":[0]}]}}},"drawOrder":[{"time":0,"offsets":[{"slot":"youshou_shang_103","offset":3},{"slot":"youshou_shang_104","offset":3},{"slot":"youshou_shang","offset":0},{"slot":"shen_ti_107_102","offset":10},{"slot":"shen_ti_107_106","offset":5},{"slot":"shen_ti","offset":-4},{"slot":"zuoshou_shang_0108","offset":5},{"slot":"tou_1","offset":-5},{"slot":"shu","offset":-10},{"slot":"icon_sq02","offset":-15},{"slot":"icon_sq01","offset":-15}]}]},"move":{"bones":{"qun_zi":{"translate":[{"time":0},{"time":0.2917,"y":1.47},{"time":0.5834},{"time":0.8751,"y":1.47},{"time":1.1668}]},"youtui_shang":{"translate":[{"time":0,"x":2.58,"y":-0.6},{"time":0.5833,"x":2.33,"y":11.92},{"time":1.1666,"x":2.58,"y":-0.6}],"rotate":[{"time":0,"angle":-28},{"time":0.5833,"angle":-3.82},{"time":0.8333,"angle":14.31},{"time":1.1666,"angle":-28}],"shear":[{"time":0},{"time":0.5833},{"time":0.8333},{"time":1.1666}]},"zuotui_shang":{"translate":[{"time":0},{"time":0.5833,"y":-7.88},{"time":1.1666}],"rotate":[{"time":0,"angle":9.99},{"time":0.2917,"angle":14.25},{"time":0.5834,"angle":-26.38},{"time":1.1667,"angle":9.99}],"shear":[{"time":0},{"time":0.2917},{"time":0.5834},{"time":1.1667}]},"youtui_xia":{"rotate":[{"time":0,"angle":0},{"time":0.8333,"angle":28.49},{"time":1.1666,"angle":0}],"shear":[{"time":0},{"time":0.8333},{"time":1.1666}]},"zuotui_xia":{"rotate":[{"time":0,"angle":0},{"time":0.2917,"angle":22.44},{"time":1.1667,"angle":0}],"shear":[{"time":0},{"time":0.2917},{"time":1.1667}]},"youshou_shang":{"rotate":[{"time":0,"angle":29.21},{"time":0.5833,"angle":-9.98},{"time":0.7916,"angle":4.02},{"time":1.1666,"angle":29.21}],"shear":[{"time":0},{"time":0.5833},{"time":0.7916},{"time":1.1666}]},"tou":{"translate":[{"time":0},{"time":0.3333,"x":-0.7,"y":-0.03},{"time":0.625,"x":0.21,"y":0.01},{"time":0.875,"x":-0.6,"y":-0.03},{"time":1.1667}],"rotate":[{"time":0,"angle":0},{"time":0.3333,"angle":2.51},{"time":0.625,"angle":0},{"time":0.875,"angle":1.74},{"time":1.1667,"angle":0}],"shear":[{"time":0},{"time":0.3333},{"time":0.625},{"time":0.875},{"time":1.1667}]},"zuoshou_shang":{"rotate":[{"time":0,"angle":-27.14},{"time":0.5833,"angle":-1},{"time":1.1666,"angle":-27.14}],"shear":[{"time":0},{"time":0.5833},{"time":1.1666}]},"zuoshou_xia":{"rotate":[{"time":0,"angle":-14.8},{"time":0.2083,"angle":-24.13},{"time":0.5833,"angle":1.08},{"time":0.8333,"angle":4.63},{"time":1.1666,"angle":-14.8}],"shear":[{"time":0},{"time":0.2083},{"time":0.5833},{"time":0.8333},{"time":1.1666}]},"youshou_xia":{"rotate":[{"time":0,"angle":-15.94},{"time":0.5833,"angle":-15.94},{"time":0.7916,"angle":-26.76},{"time":1.1666,"angle":-15.94}],"shear":[{"time":0},{"time":0.5833},{"time":0.7916},{"time":1.1666}]}},"slots":{"shu":{"color":[{"time":0,"color":"FFFFFF00"}]},"icon_sq02":{"color":[{"time":0,"color":"FFFFFF00"}]},"icon_sq01":{"color":[{"time":0,"color":"FFFFFF00"}]},"shadow":{"color":[{"time":0,"color":"FFFFFF7F"}]},"tou":{"color":[{"time":0,"color":"FFFFFF00"}]},"tea1":{"color":[{"time":0,"color":"FFFFFF00"}]},"left_eye1":{"color":[{"time":0,"color":"FFFFFFFF"},{"time":0.2917,"color":"FFFFFF00"},{"time":0.375,"color":"FFFFFFFF"},{"time":0.5417,"color":"FFFFFFFF"},{"time":0.625,"color":"FFFFFF00"},{"time":1.1667,"color":"FFFFFFFF"}]},"right_eye22":{"color":[{"time":0,"color":"FFFFFFFF"},{"time":0.2917,"color":"FFFFFF00"},{"time":0.375,"color":"FFFFFFFF"},{"time":0.5417,"color":"FFFFFFFF"},{"time":0.625,"color":"FFFFFF00"},{"time":1.1667,"color":"FFFFFFFF"}]},"right_eye2":{"color":[{"time":0,"color":"FFFFFFFF"},{"time":0.2917,"color":"FFFFFFFF"},{"time":0.375,"color":"FFFFFF00"},{"time":0.5417,"color":"FFFFFF00"},{"time":0.625,"color":"FFFFFFFF"}]},"left_eye":{"color":[{"time":0,"color":"FFFFFFFF"},{"time":0.2917,"color":"FFFFFFFF"},{"time":0.375,"color":"FFFFFF00"},{"time":0.5417,"color":"FFFFFF00"},{"time":0.625,"color":"FFFFFFFF"}]},"cake_m":{"color":[{"time":0,"color":"FFFFFF00"}]},"saozi":{"color":[{"time":0,"color":"FFFFFF00"}]}}},"stand":{"bones":{"qun_zi":{"translate":[{"time":0,"x":4.51,"y":-5.72}],"rotate":[{"time":0,"angle":-19.44}],"shear":[{"time":0}]},"icon_sq02":{"translate":[{"time":0},{"time":2.7083,"x":90.22},{"time":4.7083}]},"shen_ti":{"rotate":[{"time":0,"angle":21.07},{"time":0.4167,"angle":27.76},{"time":0.8334,"angle":18},{"time":1.1251,"angle":19.75},{"time":2.0834,"angle":19.63},{"time":2.7084,"angle":21.07}],"shear":[{"time":0},{"time":0.4167},{"time":0.8334},{"time":1.1251},{"time":2.0834},{"time":2.7084}]},"youtui_shang":{"translate":[{"time":0,"x":-0.26,"y":0.25}],"rotate":[{"time":0,"angle":-20.05}],"shear":[{"time":0}]},"zuotui_shang":{"translate":[{"time":0,"x":-2.84,"y":-6.2}],"rotate":[{"time":0,"angle":-20.05}],"shear":[{"time":0}]},"youtui_xia":{"rotate":[{"time":0,"angle":29.89}],"shear":[{"time":0}]},"zuotui_xia":{"rotate":[{"time":0,"angle":29.89}],"shear":[{"time":0}]},"youshou_shang":{"rotate":[{"time":0,"angle":-17.59},{"time":0.4167,"angle":-21.63},{"time":0.8334,"angle":-19.39},{"time":2.7084,"angle":-17.59}],"shear":[{"time":0},{"time":0.4167},{"time":0.8334},{"time":2.7084}]},"tou":{"rotate":[{"time":0,"angle":19.91},{"time":0.4583,"angle":14.7},{"time":0.8333,"angle":19.78},{"time":1.2083,"angle":25.69},{"time":2.25,"angle":28.31},{"time":2.7083,"angle":19.91}],"shear":[{"time":0},{"time":0.4583},{"time":0.8333},{"time":1.2083},{"time":2.25},{"time":2.7083}]},"zuoshou_shang":{"rotate":[{"time":0,"angle":-56.5},{"time":0.4167,"angle":-79.87},{"time":0.8334,"angle":-54.73},{"time":1.1251,"angle":-54.03},{"time":2.7084,"angle":-56.5}],"shear":[{"time":0},{"time":0.4167},{"time":0.8334},{"time":1.1251},{"time":2.7084}]},"zuoshou_xia":{"rotate":[{"time":0,"angle":-37.24},{"time":0.4167,"angle":-15.07},{"time":0.8334,"angle":-22.07},{"time":1.1251,"angle":-21.81},{"time":2.7084,"angle":-37.24}],"shear":[{"time":0},{"time":0.4167},{"time":0.8334},{"time":1.1251},{"time":2.7084}]},"youshou_xia":{"rotate":[{"time":0,"angle":-41.27},{"time":0.8333,"angle":-43.43},{"time":2.7083,"angle":-41.27}],"shear":[{"time":0},{"time":0.8333},{"time":2.7083}]},"shu":{"translate":[{"time":0,"x":-7.46,"y":29.8}],"rotate":[{"time":0,"angle":46.02}],"shear":[{"time":0}]}},"slots":{"shadow":{"color":[{"time":0,"color":"FFFFFF00"}]},"icon_sq02":{"color":[{"time":0,"color":"FFFFFF00"}]},"icon_sq01":{"color":[{"time":0,"color":"FFFFFF00"}]},"tea1":{"color":[{"time":0,"color":"FFFFFF00"}]},"right_eye2":{"color":[{"time":0,"color":"FFFFFFFF"},{"time":1.5,"color":"FFFFFFFF"},{"time":1.5417,"color":"FFFFFF00"},{"time":1.7084,"color":"FFFFFF00"},{"time":1.7501,"color":"FFFFFFFF"}]},"left_eye":{"color":[{"time":0,"color":"FFFFFFFF"},{"time":1.5,"color":"FFFFFFFF"},{"time":1.5417,"color":"FFFFFF00"},{"time":1.7084,"color":"FFFFFF00"},{"time":1.7501,"color":"FFFFFFFF"}]},"tou":{"color":[{"time":0,"color":"FFFFFF00"}]},"cake_m":{"color":[{"time":0,"color":"FFFFFF00"}]},"saozi":{"color":[{"time":0,"color":"FFFFFF00"}]}}},"drink":{"bones":{"qun_zi":{"translate":[{"time":0,"x":4.51,"y":-5.72}],"rotate":[{"time":0,"angle":-19.44}],"shear":[{"time":0}]},"shen_ti":{"rotate":[{"time":0,"angle":21.07},{"time":0.625,"angle":27.56},{"time":2.0833,"angle":15.96},{"time":2.5,"angle":21.07},{"time":2.75,"angle":16.15},{"time":3,"angle":20.99},{"time":3.2917,"angle":18.89},{"time":3.5,"angle":22.03},{"time":3.75,"angle":21.07}],"shear":[{"time":0},{"time":0.625},{"time":2.0833},{"time":2.5},{"time":2.75},{"time":3},{"time":3.2917},{"time":3.5},{"time":3.75}]},"youtui_shang":{"translate":[{"time":0,"x":-0.26,"y":0.25}],"rotate":[{"time":0,"angle":-20.05}],"shear":[{"time":0}]},"zuotui_shang":{"translate":[{"time":0,"x":-2.84,"y":-6.2}],"rotate":[{"time":0,"angle":-20.05}],"shear":[{"time":0}]},"youtui_xia":{"rotate":[{"time":0,"angle":29.89}],"shear":[{"time":0}]},"zuotui_xia":{"rotate":[{"time":0,"angle":29.89}],"shear":[{"time":0}]},"youshou_shang":{"rotate":[{"time":0,"angle":1.41},{"time":0.625,"angle":1.41},{"time":2.0833,"angle":6.27},{"time":2.5,"angle":1.41},{"time":2.5833,"angle":13.43},{"time":2.8333,"angle":-0.63},{"time":3,"angle":7.71},{"time":3.2917,"angle":-3.72},{"time":3.75,"angle":1.41}],"shear":[{"time":0},{"time":0.625},{"time":2.0833},{"time":2.5},{"time":2.5833},{"time":2.8333},{"time":3},{"time":3.2917},{"time":3.75}]},"tou":{"rotate":[{"time":0,"angle":19.91},{"time":0.625,"angle":34.45},{"time":2.0833,"angle":11.74},{"time":2.5,"angle":19.91},{"time":2.625,"angle":11.84},{"time":2.8333,"angle":22.12},{"time":3,"angle":13.94},{"time":3.2917,"angle":19.45},{"time":3.75,"angle":19.91}],"shear":[{"time":0},{"time":0.625},{"time":2.0833},{"time":2.5},{"time":2.625},{"time":2.8333},{"time":3},{"time":3.2917},{"time":3.75}]},"zuoshou_shang":{"rotate":[{"time":0,"angle":-39.75},{"time":0.625,"angle":-39.75},{"time":2.0833,"angle":-34.89},{"time":2.5,"angle":-39.75},{"time":2.5833,"angle":-27.73},{"time":2.8333,"angle":-41.79},{"time":3,"angle":-33.45},{"time":3.2917,"angle":-44.88},{"time":3.75,"angle":-39.75}],"shear":[{"time":0},{"time":0.625},{"time":2.0833},{"time":2.5},{"time":2.5833},{"time":2.8333},{"time":3},{"time":3.2917},{"time":3.75}]},"zuoshou_xia":{"rotate":[{"time":0,"angle":-37.24},{"time":0.625,"angle":-37.24},{"time":2.0833,"angle":-32.38},{"time":2.5,"angle":-37.24},{"time":2.5833,"angle":-25.22},{"time":2.8333,"angle":-39.28},{"time":3,"angle":-30.94},{"time":3.2917,"angle":-42.37},{"time":3.75,"angle":-37.24}],"shear":[{"time":0},{"time":0.625},{"time":2.0833},{"time":2.5},{"time":2.5833},{"time":2.8333},{"time":3},{"time":3.2917},{"time":3.75}]},"youshou_xia":{"rotate":[{"time":0,"angle":-41.27},{"time":0.625,"angle":-41.27},{"time":2.0833,"angle":-36.41},{"time":2.5,"angle":-41.27},{"time":2.5833,"angle":-29.26},{"time":2.8333,"angle":-43.31},{"time":3,"angle":-34.97},{"time":3.2917,"angle":-46.4},{"time":3.75,"angle":-41.27}],"shear":[{"time":0},{"time":0.625},{"time":2.0833},{"time":2.5},{"time":2.5833},{"time":2.8333},{"time":3},{"time":3.2917},{"time":3.75}]},"tea1":{"translate":[{"time":0,"x":-8.79,"y":113.34}],"rotate":[{"time":0,"angle":76.13},{"time":2.5,"angle":76.13},{"time":2.5833,"angle":86.32},{"time":2.8333,"angle":83.72},{"time":3,"angle":96.92},{"time":3.2917,"angle":86.3},{"time":3.75,"angle":76.13}],"scale":[{"time":0,"x":1,"y":1},{"time":2.5,"x":1,"y":1},{"time":2.5833,"x":0.9,"y":1},{"time":2.8333,"x":1.08,"y":1},{"time":3,"x":0.96,"y":1},{"time":3.25,"x":0.99,"y":1},{"time":3.2917,"x":1,"y":1}],"shear":[{"time":0},{"time":2.5},{"time":2.5833},{"time":2.8333},{"time":3},{"time":3.2917},{"time":3.75}]},"shu":{"translate":[{"time":0,"x":-7.46,"y":29.8}],"rotate":[{"time":0,"angle":46.02}],"shear":[{"time":0}]},"tea111":{"rotate":[{"time":0,"angle":56.88},{"time":0.625,"angle":56.88},{"time":2.0833,"angle":46.97},{"time":2.5,"angle":56.88}],"scale":[{"time":0,"x":1,"y":1},{"time":0.625,"x":1,"y":1},{"time":2.0833,"x":1.9,"y":1},{"time":2.1666,"x":0.82,"y":1},{"time":2.2499,"x":1,"y":1}],"shear":[{"time":0},{"time":0.625},{"time":2.0833},{"time":2.5}]}},"slots":{"shadow":{"color":[{"time":0,"color":"FFFFFF00"}]},"icon_sq02":{"color":[{"time":0,"color":"FFFFFF00"}]},"icon_sq01":{"color":[{"time":0,"color":"FFFFFF00"}]},"right_eye2":{"color":[{"time":0,"color":"FFFFFFFF"},{"time":0.625,"color":"FFFFFFFF"},{"time":0.7917,"color":"FFFFFF00"},{"time":2.0834,"color":"FFFFFF00"},{"time":2.2084,"color":"FFFFFFFF"}]},"left_eye":{"color":[{"time":0,"color":"FFFFFFFF"},{"time":0.625,"color":"FFFFFFFF"},{"time":0.7917,"color":"FFFFFF00"},{"time":2.0834,"color":"FFFFFF00"},{"time":2.2084,"color":"FFFFFFFF"}]},"tou":{"color":[{"time":0,"color":"FFFFFF00"}]},"shu":{"color":[{"time":0,"color":"FFFFFF00"}]},"cake_m":{"color":[{"time":0,"color":"FFFFFF00"}]},"saozi":{"color":[{"time":0,"color":"FFFFFF00"}]}},"drawOrder":[{"time":0,"offsets":[{"slot":"tea1","offset":3},{"slot":"tou_1","offset":-4}]}]},"angry":{"bones":{"icon_sq01":{"translate":[{"time":0,"x":18.17,"y":-29.48},{"time":0.5,"x":-17.71,"y":22.71}],"scale":[{"time":0,"x":0.1,"y":0.1},{"time":0.25,"x":1,"y":1}]},"qun_zi":{"rotate":[{"time":0,"angle":-4.73}],"shear":[{"time":0}]},"icon_sq02":{"translate":[{"time":0,"x":-64.02,"y":-28.63},{"time":0.5}],"scale":[{"time":0,"x":0.01,"y":0.01},{"time":0.375,"x":1,"y":1}]},"shen_ti":{"rotate":[{"time":0,"angle":5.41}],"scale":[{"time":0,"x":1,"y":1},{"time":0.25,"x":1.05,"y":1.05},{"time":0.5,"x":1,"y":1}],"shear":[{"time":0}]},"youtui_shang":{"rotate":[{"time":0,"angle":7.16}],"shear":[{"time":0}]},"zuotui_shang":{"rotate":[{"time":0,"angle":7.16}],"shear":[{"time":0}]},"youshou_shang":{"rotate":[{"time":0,"angle":0},{"time":0.25,"angle":1.51},{"time":0.5,"angle":0}],"shear":[{"time":0},{"time":0.25},{"time":0.5}]},"tou":{"rotate":[{"time":0,"angle":28.65}],"shear":[{"time":0}]},"zuoshou_shang":{"rotate":[{"time":0,"angle":-27.18}],"shear":[{"time":0}]},"yanjing":{"translate":[{"time":0},{"time":0.1667,"x":-0.82,"y":0.68},{"time":0.3334,"x":-0.65,"y":-1.13},{"time":0.5001}]},"zuoshou_xia":{"rotate":[{"time":0,"angle":-9.92}],"shear":[{"time":0}]},"youshou_xia":{"rotate":[{"time":0,"angle":15.77},{"time":0.25,"angle":14.12},{"time":0.5,"angle":15.77}],"shear":[{"time":0},{"time":0.25},{"time":0.5}]},"tou_1_1_13_12":{"translate":[{"time":0},{"time":0.125,"x":-1.22,"y":0.92},{"time":0.3333,"x":0.5,"y":0.62},{"time":0.5}]},"tou_1_1_13":{"translate":[{"time":0},{"time":0.1667,"x":0.21,"y":-0.29},{"time":0.3334,"x":1.21,"y":-0.85},{"time":0.5001}]},"shu":{"translate":[{"time":0,"x":-3.65,"y":32.13}],"rotate":[{"time":0,"angle":-18.98}],"shear":[{"time":0}]}},"slots":{"shadow":{"color":[{"time":0,"color":"FFFFFF00"}]},"icon_sq02":{"color":[{"time":0,"color":"FFFFFF00"},{"time":0.125,"color":"FFFFFF00"},{"time":0.375,"color":"FFFFFFFF"},{"time":0.5,"color":"FFFFFF00"}]},"icon_sq01":{"color":[{"time":0,"color":"FFFFFF00"},{"time":0.25,"color":"FFFFFFFF"},{"time":0.5,"color":"FFFFFF00"}]},"tou_1":{"color":[{"time":0,"color":"FFFFFF00"}]},"tea1":{"color":[{"time":0,"color":"FFFFFF00"}]},"cake_m":{"color":[{"time":0,"color":"FFFFFF00"}]},"saozi":{"color":[{"time":0,"color":"FFFFFF00"}]}},"drawOrder":[{"time":0,"offsets":[{"slot":"youshou_shang_103","offset":9},{"slot":"youshou_shang_104","offset":9},{"slot":"youshou_shang","offset":9},{"slot":"shu","offset":-10}]}]}}}],[-1],0,[],[],[]]