[1,["3aL3HTig1M25/RppyWwIYC"],0,[["sp.SkeletonData",["_name","_atlasText","textureNames","_skeletonJson","textures"],-1,3]],[[0,0,1,2,3,4,5]],[[0,"DongShiZhang","\nDongShiZhang.png\nsize: 128,256\nformat: RGBA8888\nfilter: Linear,Linear\nrepeat: none\n角色文件0303-2/椭圆_1_拷贝_6\n  rotate: false\n  xy: 1, 151\n  size: 53, 11\n  orig: 53, 11\n  offset: 0, 0\n  index: -1\n角色文件0303-2/右手_4\n  rotate: false\n  xy: 56, 151\n  size: 13, 33\n  orig: 13, 33\n  offset: 0, 0\n  index: -1\n角色文件0303-2/右腿_4\n  rotate: false\n  xy: 113, 1\n  size: 13, 35\n  orig: 13, 35\n  offset: 0, 0\n  index: -1\n角色文件0303-2/左腿_4\n  rotate: false\n  xy: 82, 107\n  size: 20, 42\n  orig: 20, 42\n  offset: 0, 0\n  index: -1\n角色文件0303-2/身体_4\n  rotate: false\n  xy: 82, 1\n  size: 29, 40\n  orig: 29, 40\n  offset: 0, 0\n  index: -1\n角色文件-道具(1)/头部_2\n  rotate: false\n  xy: 1, 1\n  size: 79, 73\n  orig: 79, 73\n  offset: 0, 0\n  index: -1\n奶茶图标及厨师制作完成/奶茶2\n  rotate: false\n  xy: 104, 107\n  size: 23, 29\n  orig: 23, 29\n  offset: 0, 0\n  index: -1\nicon_sq02\n  rotate: false\n  xy: 104, 138\n  size: 23, 24\n  orig: 23, 24\n  offset: 0, 0\n  index: -1\n角色文件-发怒表情/头部_2\n  rotate: false\n  xy: 1, 76\n  size: 79, 73\n  orig: 79, 73\n  offset: 0, 0\n  index: -1\n角色文件-道具(1)/xuejia\n  rotate: false\n  xy: 99, 164\n  size: 13, 4\n  orig: 13, 4\n  offset: 0, 0\n  index: -1\n角色文件-吃蛋糕/cake_m\n  rotate: false\n  xy: 82, 79\n  size: 40, 26\n  orig: 40, 26\n  offset: 0, 0\n  index: -1\n角色文件-吃蛋糕/saozi\n  rotate: false\n  xy: 84, 171\n  size: 30, 7\n  orig: 30, 7\n  offset: 0, 0\n  index: -1\n角色文件0303-2/左手_4\n  rotate: false\n  xy: 71, 151\n  size: 11, 34\n  orig: 11, 34\n  offset: 0, 0\n  index: -1\n角色文件-道具(1)/闭眼1\n  rotate: false\n  xy: 114, 164\n  size: 7, 3\n  orig: 7, 3\n  offset: 0, 0\n  index: -1\n角色文件-道具(1)/闭眼2\n  rotate: false\n  xy: 117, 61\n  size: 6, 3\n  orig: 6, 3\n  offset: 0, 0\n  index: -1\n角色文件-道具(1)/眼睛睁2\n  rotate: false\n  xy: 117, 38\n  size: 6, 10\n  orig: 6, 10\n  offset: 0, 0\n  index: -1\n角色文件-道具(1)/眼睛睁1\n  rotate: false\n  xy: 117, 50\n  size: 5, 9\n  orig: 5, 9\n  offset: 0, 0\n  index: -1\n董事长烟圈/yanquan\n  rotate: false\n  xy: 84, 151\n  size: 13, 18\n  orig: 19, 22\n  offset: 2, 2\n  index: -1\nicon_sq01\n  rotate: false\n  xy: 82, 43\n  size: 33, 34\n  orig: 33, 34\n  offset: 0, 0\n  index: -1\n",["DongShiZhang.png"],{"skeleton":{"width":152.63,"height":164.19,"fps":24,"hash":" ","name":"Armature"},"bones":[{"name":"root"},{"length":18,"x":-4.45,"y":30.6,"rotation":86.3086,"name":"yao","parent":"root"},{"length":5,"x":-63.55,"y":58.35,"name":"yanquan1","parent":"root"},{"x":-51,"y":145.15,"name":"icon_sq01","parent":"root"},{"x":57.25,"y":118.45,"rotation":90,"name":"icon_sq02","parent":"root"},{"length":5,"x":-62.9,"y":80.9,"rotation":4.514,"name":"yanquan","parent":"root"},{"inheritScale":false,"length":15,"x":2.5898,"y":-6.7473,"rotation":-165.8036,"name":"zuotui_shang","parent":"yao","transform":"noScale"},{"inheritScale":false,"length":18,"x":19.437,"y":0.0515,"rotation":-4.6837,"name":"shenti","parent":"yao","transform":"noScale"},{"inheritScale":false,"length":11,"x":-0.4314,"y":5.1329,"rotation":-165.168,"name":"youtui_shang","parent":"yao","transform":"noScale"},{"inheritScale":false,"length":17,"x":15.3306,"y":-8.3562,"rotation":-155.795,"name":"zuoshou_shang","parent":"shenti","transform":"noScale"},{"inheritScale":false,"length":14,"x":13.7294,"y":5.6095,"rotation":159.5375,"name":"youshou_shang","parent":"shenti","transform":"noScale"},{"length":15,"x":16.2915,"y":-0.1732,"rotation":0.2707,"name":"zuotui_xia","parent":"zuotui_shang"},{"length":13,"x":11.718,"y":0.0221,"rotation":0.2267,"name":"youtui_xia","parent":"youtui_shang"},{"inheritScale":false,"length":67,"x":19.5208,"y":0.5996,"rotation":-0.3388,"name":"tou","parent":"shenti","transform":"noScale"},{"x":11.1704,"y":9.9572,"name":"bone5","parent":"tou"},{"length":6,"x":23.7777,"y":19.7806,"rotation":63.8594,"name":"bone","parent":"tou"},{"inheritScale":false,"length":14,"x":18.8888,"y":-0.8342,"rotation":-9.8958,"name":"zuoshou_xia","parent":"zuoshou_shang","transform":"noScale"},{"x":5.5151,"y":18.8026,"name":"bone2","parent":"tou"},{"x":10.5219,"y":19.4688,"name":"bone4","parent":"tou"},{"length":6,"x":23.6246,"y":11.2085,"rotation":-54.1557,"name":"bone1","parent":"tou"},{"inheritScale":false,"length":14,"x":15.776,"y":0.5813,"rotation":17.295,"name":"youshou_xia","parent":"youshou_shang","transform":"noScale"},{"x":19.8671,"y":14.9322,"rotation":-0.1091,"name":"yanjing","parent":"tou"},{"x":6.4789,"y":8.8841,"name":"bone3","parent":"tou"},{"x":8.7414,"y":78.6395,"rotation":101.5425,"name":"cake_m","parent":"youshou_xia"},{"x":-1.2116,"y":8.5653,"name":"right_eye","parent":"yanjing"},{"x":-0.8191,"y":-9.8376,"name":"left_eye","parent":"yanjing"},{"length":9,"x":2.5795,"y":-45.3095,"rotation":-95.9342,"name":"yan","parent":"zuoshou_xia"},{"length":21,"x":11.2453,"y":2.909,"rotation":-87.1129,"name":"tea2","parent":"youshou_xia"},{"length":28,"x":44.8154,"y":58.279,"rotation":-90.8229,"name":"saozi","parent":"zuoshou_xia"}],"slots":[{"name":"shadow","bone":"root","attachment":"shadow"},{"name":"lefthand_4","bone":"youshou_shang","attachment":"lefthand_4"},{"name":"rightleg_4","bone":"youtui_shang","attachment":"rightleg_4"},{"name":"leftleg_4","bone":"zuotui_shang","attachment":"leftleg_4"},{"name":"body_4","bone":"yao","attachment":"body_4"},{"name":"head_4","bone":"tou","attachment":"head_4"},{"name":"tea2","bone":"tea2","attachment":"tea2"},{"name":"icon_sq02","bone":"icon_sq02","attachment":"icon_sq02"},{"name":"head_2","bone":"tou","attachment":"head_2"},{"name":"xuejia","bone":"yan","attachment":"xuejia"},{"name":"cake_m","bone":"cake_m","attachment":"角色文件-吃蛋糕/cake_m"},{"name":"saozi","bone":"saozi","attachment":"saozi"},{"name":"lefthand_41","bone":"zuoshou_shang","attachment":"lefthand_41"},{"name":"eye_closed1","bone":"left_eye","attachment":"eye_closed1"},{"name":"eye_closed2","bone":"right_eye","attachment":"eye_closed2"},{"name":"eye2","bone":"left_eye","attachment":"eye2"},{"name":"eye1","bone":"right_eye","attachment":"eye1"},{"name":"yanquan","bone":"yanquan","attachment":"yanquan"},{"name":"yanquan1","bone":"yanquan1","attachment":"yanquan1"},{"name":"icon_sq01","bone":"icon_sq01","attachment":"icon_sq01"}],"skins":{"default":{"icon_sq02":{"icon_sq02":{"name":"icon_sq02","width":23,"height":24,"x":-0.26,"y":0.22,"rotation":-90}},"head_2":{"head_2":{"name":"head_2","width":79,"height":73,"hull":24,"path":"角色文件-发怒表情/头部_2","type":"mesh","triangles":[2,5,4,2,4,3,46,47,1,1,47,2,2,47,5,47,6,5,48,49,47,47,49,6,0,46,1,49,7,6,49,8,7,46,48,47,0,22,46,41,29,49,48,41,49,49,29,8,29,9,8,22,45,46,42,41,48,34,42,48,46,34,48,29,27,9,27,26,9,11,10,9,26,11,9,23,22,0,33,34,46,45,33,46,42,40,41,40,29,41,45,31,33,39,40,42,33,39,42,34,33,42,44,12,11,26,44,11,40,30,29,30,27,29,44,13,12,45,32,31,24,25,27,43,44,26,25,43,26,27,25,26,39,30,40,30,24,27,36,30,39,35,39,33,31,35,33,43,13,44,35,36,39,36,24,30,36,28,24,37,36,35,38,37,35,31,38,35,32,38,31,43,14,13,28,25,24,37,28,36,28,15,25,15,14,25,14,43,25,22,19,45,37,16,28,16,15,28,19,18,45,45,18,32,18,17,32,17,38,32,17,37,38,17,16,37,21,20,19,21,19,22],"uvs":[0.35443,0,0.8481,0,0.91139,0.38356,0.98734,0.40685,0.98734,0.46575,0.93456,0.53865,0.81461,0.80296,0.70316,0.89867,0.63291,0.84932,0.57342,0.93836,0.5443,0.96849,0.46835,0.9589,0.41772,0.97945,0.29114,0.9863,0.22532,0.92123,0.14304,0.84932,0.11392,0.75342,0.13924,0.58904,0.10127,0.46575,0.11392,0.43836,0,0.38356,0.00001,0.29247,0.17722,0.27397,0.23608,0.05548,0.2867,0.79623,0.27637,0.85718,0.40315,0.87362,0.39936,0.80993,0.25252,0.74486,0.41834,0.75787,0.34049,0.75787,0.29493,0.59828,0.23227,0.53595,0.39049,0.61267,0.48227,0.56883,0.31012,0.64075,0.28417,0.70787,0.19366,0.66472,0.22024,0.59349,0.3772,0.65856,0.39746,0.71198,0.49176,0.68869,0.47594,0.63047,0.28468,0.91218,0.38345,0.92954,0.23353,0.46267,0.51367,0.50034,0.76326,0.51171,0.57867,0.62995,0.63359,0.78165],"edges":[0,2,2,4,4,6,6,8,8,10,10,12,12,14,14,16,16,18,18,20,20,22,22,24,24,26,26,28,28,30,30,32,32,34,34,36,36,38,38,40,40,42,42,44,44,46,46,0],"vertices":[1,13,66.98,21.6,1,1,13,72.76,-16.11,1,1,13,45.97,-26.14,1,1,13,44.7,-32.71,1,1,13,40.19,-32.99,1,1,13,34.83,-29.67,1,1,13,14.52,-23.22,1,1,13,6.31,-15.57,1,1,13,9.03,-9.54,1,1,13,1.89,-5.88,1,1,13,-0.63,-3.94,1,1,13,-0.85,2.1,1,1,13,-3.01,6.32,1,1,13,-5.96,15.65,1,1,13,-1.04,21.49,1,1,13,2.28,28.57,1,1,13,9.74,32.05,1,1,13,21.9,31.89,1,1,13,30.34,36.22,1,1,13,32.47,35.53,1,1,13,35.06,45.03,1,1,13,41.64,46.04,1,1,13,45.09,32.41,1,1,13,61.56,30.23,1,1,18,-1.81,-1.39,1,1,17,-1.53,-0.59,1,1,22,-1.96,-0.76,1,1,14,-2.1,-0.83,1,2,13,12.01,21.32,0.79,18,1.49,1.85,0.21,2,13,13.05,8.22,0.84,14,1.88,-1.73,0.16,3,13,12.12,14.3,0.83,14,0.95,4.34,0.09,18,1.6,-5.17,0.08,1,15,-0.44,0.55,1,1,15,6.22,-0.36,1,1,19,-0.89,0.12,1,1,19,7.02,-0.34,1,1,24,1.55,-5.53,1,1,24,-3.61,-4.25,1,1,24,-1.59,3.3,1,1,24,3.87,2.02,1,1,25,0.69,7.44,1,1,25,-2.92,5.26,1,1,25,-0.1,-1.84,1,1,25,3.91,0.05,1,2,13,-0.22,16.96,0.94,17,-5.74,-1.84,0.06,2,13,0.1,9.27,0.96,22,-6.38,0.39,0.04,1,13,32.14,25.92,1,1,13,32.77,3.71,1,1,13,34.82,-15.96,1,1,13,24.16,-2.87,1,1,13,13.9,-8.85,1]}},"lefthand_4":{"lefthand_4":{"name":"lefthand_4","width":13,"height":33,"hull":8,"path":"角色文件0303-2/右手_4","type":"mesh","triangles":[6,4,5,4,7,5,6,5,1,0,6,1,5,7,3,7,2,3],"uvs":[0,0,1,0,0,1,1,1,0,0.49697,1,0.49545,0,0.43485,0,0.55455],"edges":[0,2,2,10,4,6,4,14,6,10,8,12,8,14,12,0],"vertices":[1,10,3.18,-12.56,1,1,10,-3.09,-1.17,1,1,20,16.4,-2.2,1,1,20,13.8,10.53,1,2,10,17.55,-4.65,0.49,20,0.14,-5.52,0.51,2,10,11.24,6.71,0.52,20,-2.51,7.2,0.48,2,10,15.75,-5.64,0.9,20,-1.87,-5.93,0.1,2,10,19.21,-3.74,0.08,20,2,-5.14,0.92]}},"xuejia":{"xuejia":{"name":"xuejia","width":13,"height":4,"x":4.47,"y":-0.15,"rotation":-180,"path":"角色文件-道具(1)/xuejia"}},"cake_m":{"角色文件-吃蛋糕/cake_m":{"name":"角色文件-吃蛋糕/cake_m","width":40,"height":26,"x":-0.18,"y":4.74}},"eye_closed1":{"eye_closed1":{"name":"eye_closed1","width":7,"height":3,"x":0.31,"y":0.26,"rotation":-81.18,"path":"角色文件-道具(1)/闭眼1"}},"leftleg_4":{"leftleg_4":{"name":"leftleg_4","width":20,"height":42,"hull":8,"path":"角色文件0303-2/左腿_4","type":"mesh","triangles":[6,2,7,6,7,5,4,6,5,4,5,1,0,4,1,7,2,3],"uvs":[0,0,1,0,0,1,1,1,0,0.12309,1,0.13619,0,0.5719,1,0.58976],"edges":[0,2,2,10,4,6,4,12,6,14,8,12,10,14,8,0],"vertices":[1,1,10.86,3.6,1,1,1,12.15,-16.36,1,1,11,14.38,-15.55,1,1,11,18.12,4.1,1,2,1,5.7,3.26,0.9,6,-5.47,-8.94,0.1,2,1,6.44,-16.73,0.9,6,-1.28,10.62,0.1,2,6,13.06,-12.38,0.49,11,-3.29,-12.19,0.51,2,6,17.45,7.15,0.5,11,1.19,7.32,0.5]}},"lefthand_41":{"lefthand_41":{"name":"lefthand_41","width":11,"height":34,"hull":8,"path":"角色文件0303-2/左手_4","type":"mesh","triangles":[0,5,6,2,3,7,5,2,7,0,6,1,5,7,4,6,5,4],"uvs":[0,0,1,0,0,1,1,1,1,0.46471,0,0.47941,1,0.40882,1,0.53088],"edges":[0,2,2,12,4,6,4,10,6,14,8,12,8,14,10,0],"vertices":[1,9,-0.44,-2.57,1,1,9,2.56,8.01,1,1,16,15.08,-8.54,1,1,16,16.21,2.4,1,2,16,-1.89,4.28,0.5,9,17.76,3.7,0.5,2,16,-2.53,-6.71,0.5,9,15.24,-7.01,0.5,2,16,-3.78,4.47,0.25,9,15.94,4.22,0.75,2,16,0.35,4.05,0.75,9,19.93,3.09,0.25]}},"yanquan1":{"yanquan1":{"name":"yanquan1","width":13,"height":18,"x":1.64,"y":0.34,"path":"董事长烟圈/yanquan"}},"head_4":{"head_4":{"name":"head_4","width":79,"height":73,"hull":4,"path":"角色文件-道具(1)/头部_2","type":"mesh","triangles":[23,27,1,0,23,1,27,26,1,4,19,3,19,2,3,5,4,3,26,25,3,25,5,3,1,26,3,22,15,23,0,22,23,27,24,26,24,25,26,22,14,15,23,24,27,24,6,25,6,5,25,23,11,24,11,6,24,15,11,23,11,7,6,6,7,5,7,4,5,11,18,7,7,18,4,18,19,4,9,18,11,15,13,11,13,9,11,20,18,9,14,13,15,20,19,18,8,20,9,8,9,13,12,8,13,14,12,13,17,19,20,8,17,20,17,2,19,22,10,14,10,8,12,14,10,12,10,17,8,22,21,10,10,16,17,16,2,17,21,16,10,21,2,16,2,21,22,0,2,22],"uvs":[0,0,1,0,0,1,1,1,0.48593,0.98109,0.56504,0.95507,0.55491,0.91808,0.47707,0.94205,0.2815,0.82699,0.37074,0.84753,0.23276,0.79959,0.41947,0.83657,0.28782,0.78931,0.35998,0.80849,0.28972,0.74411,0.39415,0.76671,0.18339,0.84137,0.24669,0.90096,0.37833,0.93109,0.31124,0.98726,0.33339,0.90096,0.13846,0.76534,0.16377,0.65918,0.6258,0.72972,0.63782,0.79342,0.65301,0.8674,0.80301,0.77767,0.73023,0.71397],"edges":[0,2,2,6,4,6,4,0],"vertices":[62.02,49.3,73.98,-28.79,-10.14,38.24,1.83,-39.84,-2.96,0.51,-0.14,-5.38,2.41,-4.18,-0.25,1.63,5.71,18.17,5.3,10.98,7.11,22.28,6.67,7.29,8.51,18.1,7.99,12.25,11.79,18.45,11.41,10.04,3.5,25.67,-0.04,20.07,-0.64,9.46,-5.5,14.08,1,13.3,8.45,30.02,16.41,29.22,16.85,-7.64,12.4,-9.28,7.24,-11.28,15.51,-22.01,19.24,-15.62]}},"eye1":{"eye1":{"name":"eye1","width":5,"height":9,"x":-0.3,"y":-0.16,"rotation":-81.18,"path":"角色文件-道具(1)/眼睛睁1"}},"shadow":{"shadow":{"name":"shadow","width":53,"height":11,"x":0.16,"y":4.17,"path":"角色文件0303-2/椭圆_1_拷贝_6"}},"eye_closed2":{"eye_closed2":{"name":"eye_closed2","width":6,"height":3,"x":-0.08,"y":-0.2,"rotation":-81.18,"path":"角色文件-道具(1)/闭眼2"}},"rightleg_4":{"rightleg_4":{"name":"rightleg_4","width":13,"height":35,"hull":10,"path":"角色文件0303-2/右腿_4","type":"mesh","triangles":[9,2,3,8,6,7,9,3,7,6,9,7,8,7,5,4,8,5,1,0,5,0,4,5],"uvs":[0,0,1,0,0,1,1,1,0,0.19286,1,0.19286,0,0.63571,1,0.61143,0,0.56143,0,0.7],"edges":[0,2,2,10,4,6,4,18,6,14,8,16,10,14,12,16,12,18,8,0],"vertices":[1,1,9.41,10.52,1,1,1,10.25,-2.46,1,3,1,-25.52,8.26,0.083181,12,11.72,-9.44,0.67112,8,23.48,-9.38,0.245699,3,1,-24.68,-4.71,0.018468,12,14.24,3.31,0.931916,8,25.95,3.39,0.049617,2,1,2.68,10.08,0.96,8,-4.26,-4,0.04,2,1,3.51,-2.89,0.94,8,-1.79,8.76,0.06,2,8,10.96,-6.95,0.51,12,-0.79,-6.97,0.49,2,12,0.9,5.95,0.5,8,12.6,5.97,0.5,2,8,8.41,-6.46,0.75,12,-3.34,-6.47,0.25,2,12,1.42,-7.41,0.75,8,13.17,-7.38,0.25]}},"saozi":{"saozi":{"name":"saozi","width":30,"height":7,"x":13.99,"y":0.03,"rotation":174.89,"path":"角色文件-吃蛋糕/saozi"}},"icon_sq01":{"icon_sq01":{"name":"icon_sq01","width":33,"height":34,"x":-0.22,"y":0.71}},"body_4":{"body_4":{"name":"body_4","width":29,"height":40,"hull":6,"path":"角色文件0303-2/身体_4","type":"mesh","triangles":[4,2,5,4,5,1,0,4,1,5,2,3],"uvs":[0,0,1,0,0,1,1,1,0,0.5575,1,0.5625],"edges":[0,2,2,10,4,6,4,8,6,10,8,0],"vertices":[1,7,19.94,15.55,1,1,7,24.16,-13.14,1,1,1,0.66,11.35,1,1,1,2.53,-17.59,1,2,7,-2.12,12.3,0.5,1,18.32,12.49,0.5,2,7,1.9,-16.42,0.5,1,19.99,-16.47,0.5]}},"eye2":{"eye2":{"name":"eye2","width":6,"height":10,"x":-0.38,"y":-0.35,"rotation":-81.18,"path":"角色文件-道具(1)/眼睛睁2"}},"yanquan":{"yanquan":{"name":"yanquan","width":13,"height":18,"x":1.01,"y":-0.16,"rotation":-4.51,"path":"董事长烟圈/yanquan"}},"tea2":{"tea2":{"name":"tea2","width":23,"height":29,"x":10.13,"y":0.02,"rotation":-90.08,"path":"奶茶图标及厨师制作完成/奶茶2"}}}},"animations":{"drink":{"bones":{"yao":{"translate":[{"time":0,"x":12.21,"y":-8.1}],"rotate":[{"time":0,"angle":-19.97}],"shear":[{"time":0}]},"zuotui_shang":{"translate":[{"time":0,"x":3.16,"y":4.74}],"rotate":[{"time":0,"angle":-37.31}],"shear":[{"time":0}]},"shenti":{"rotate":[{"time":0,"angle":23.22,"curve":[0.5,0,0.5,1]},{"time":0.625,"angle":31.1},{"time":1.0417,"angle":22.22},{"time":1.6667,"angle":21.72},{"time":2.5417,"angle":23.22,"curve":[0.5,0,0.5,1]},{"time":3.0834,"angle":22.41},{"time":3.5834,"angle":23.22,"curve":[0.5,0,0.5,1]},{"time":4.0834,"angle":22.41},{"time":4.5834,"angle":23.22}],"scale":[{"time":0,"x":1,"y":1,"curve":[0.5,0,0.5,1]},{"time":2.5417,"x":1,"y":1,"curve":[0.5,0,0.5,1]},{"time":3.0834,"x":1.05,"y":1.05},{"time":3.5834,"x":1,"y":1,"curve":[0.5,0,0.5,1]},{"time":4.0834,"x":1.05,"y":1.05},{"time":4.5834,"x":1,"y":1}],"shear":[{"time":0,"curve":[0.5,0,0.5,1]},{"time":0.625},{"time":1.0417},{"time":1.6667},{"time":2.5417,"curve":[0.5,0,0.5,1]},{"time":3.0834},{"time":3.5834,"curve":[0.5,0,0.5,1]},{"time":4.0834},{"time":4.5834}]},"youtui_shang":{"translate":[{"time":0,"x":2.64,"y":6.3}],"rotate":[{"time":0,"angle":-34.86}],"shear":[{"time":0}]},"zuotui_xia":{"rotate":[{"time":0,"angle":33.48}],"shear":[{"time":0}]},"zuoshou_shang":{"rotate":[{"time":0,"angle":21.57,"curve":[0.5,0,0.5,1]},{"time":2.5417,"angle":21.57,"curve":[0.5,0,0.5,1]},{"time":3.0834,"angle":19.63},{"time":3.5834,"angle":21.57,"curve":[0.5,0,0.5,1]},{"time":4.0834,"angle":19.63},{"time":4.5834,"angle":21.57}],"shear":[{"time":0,"curve":[0.5,0,0.5,1]},{"time":2.5417,"curve":[0.5,0,0.5,1]},{"time":3.0834},{"time":3.5834,"curve":[0.5,0,0.5,1]},{"time":4.0834},{"time":4.5834}]},"tou":{"rotate":[{"time":0,"angle":-8.55,"curve":[0.5,0,0.5,1]},{"time":0.625,"angle":12.55},{"time":1.0417,"angle":-15.37},{"time":1.6667,"angle":-21.18},{"time":2.5417,"angle":-8.55,"curve":[0.5,0,0.5,1]},{"time":2.875,"angle":-3.1},{"time":3.2917,"angle":-10.61},{"time":3.5834,"angle":-8.55,"curve":[0.5,0,0.5,1]},{"time":3.8751,"angle":-3.1},{"time":4.2918,"angle":-10.61},{"time":4.5835,"angle":-8.55}],"shear":[{"time":0,"curve":[0.5,0,0.5,1]},{"time":0.625},{"time":1.0417},{"time":1.6667},{"time":2.5417,"curve":[0.5,0,0.5,1]},{"time":2.875},{"time":3.2917},{"time":3.5834,"curve":[0.5,0,0.5,1]},{"time":3.8751},{"time":4.2918},{"time":4.5835}]},"youshou_shang":{"translate":[{"time":0,"x":-0.45,"y":1.77}],"rotate":[{"time":0,"angle":-12.52,"curve":[0.5,0,0.5,1]},{"time":0.625,"angle":-22.4},{"time":1.0417,"angle":-66.07},{"time":1.6667,"angle":-71.37},{"time":2.5417,"angle":-12.52,"curve":[0.5,0,0.5,1]},{"time":3.0834,"angle":-13.9},{"time":3.5834,"angle":-12.52,"curve":[0.5,0,0.5,1]},{"time":4.0834,"angle":-13.9},{"time":4.5834,"angle":-12.52}],"shear":[{"time":0,"curve":[0.5,0,0.5,1]},{"time":0.625},{"time":1.0417},{"time":1.6667},{"time":2.5417,"curve":[0.5,0,0.5,1]},{"time":3.0834},{"time":3.5834,"curve":[0.5,0,0.5,1]},{"time":4.0834},{"time":4.5834}]},"youtui_xia":{"translate":[{"time":0,"x":1.16,"y":2.5}],"rotate":[{"time":0,"angle":20.47}],"shear":[{"time":0}]},"youshou_xia":{"rotate":[{"time":0,"angle":-67.32,"curve":[0.5,0,0.5,1]},{"time":0.625,"angle":-79.59},{"time":1.0417,"angle":-70.9},{"time":1.6667,"angle":-70.91},{"time":2.5417,"angle":-67.32,"curve":[0.5,0,0.5,1]},{"time":3.0834,"angle":-67.72},{"time":3.5834,"angle":-67.32,"curve":[0.5,0,0.5,1]},{"time":4.0834,"angle":-67.72},{"time":4.5834,"angle":-67.32}],"shear":[{"time":0,"curve":[0.5,0,0.5,1]},{"time":0.625},{"time":1.0417},{"time":1.6667},{"time":2.5417,"curve":[0.5,0,0.5,1]},{"time":3.0834},{"time":3.5834,"curve":[0.5,0,0.5,1]},{"time":4.0834},{"time":4.5834}]},"zuoshou_xia":{"translate":[{"time":0,"x":-2.82,"y":1.9}],"rotate":[{"time":0,"angle":104.98,"curve":[0.5,0,0.5,1]},{"time":0.625,"angle":89.47},{"time":1.0417,"angle":116.85},{"time":1.6667,"angle":103.04},{"time":2.5417,"angle":104.98,"curve":[0.5,0,0.5,1]},{"time":3.0834,"angle":105.68},{"time":3.5834,"angle":104.98,"curve":[0.5,0,0.5,1]},{"time":4.0834,"angle":105.68},{"time":4.5834,"angle":104.98}],"shear":[{"time":0,"curve":[0.5,0,0.5,1]},{"time":0.625},{"time":1.0417},{"time":1.6667},{"time":2.5417,"curve":[0.5,0,0.5,1]},{"time":3.0834},{"time":3.5834,"curve":[0.5,0,0.5,1]},{"time":4.0834},{"time":4.5834}]},"yan":{"translate":[{"time":0,"x":10.03,"y":45.29}],"rotate":[{"time":0,"angle":46.99},{"time":0.625,"angle":56.42},{"time":1.0417,"angle":39.26},{"time":1.25,"angle":35.7},{"time":1.6667,"angle":42.52},{"time":2.5417,"angle":46.99},{"time":3.0834,"angle":38.91},{"time":3.5834,"angle":46.99},{"time":4.0834,"angle":38.91},{"time":4.5834,"angle":46.99}],"shear":[{"time":0},{"time":0.625},{"time":1.0417},{"time":1.25},{"time":1.6667},{"time":2.5417},{"time":3.0834},{"time":3.5834},{"time":4.0834},{"time":4.5834}]},"yanquan":{"translate":[{"time":0,"x":57.39,"y":-10.37}],"scale":[{"time":0,"x":0.28,"y":0.28}]},"yanquan1":{"translate":[{"time":0,"x":57.72,"y":9.16}]},"tea2":{"scale":[{"time":0,"x":0.9,"y":0.9}]}},"slots":{"shadow":{"color":[{"time":0,"color":"FFFFFF00"}]},"eye_closed1":{"color":[{"time":0,"color":"FFFFFF00"},{"time":0.625,"color":"FFFFFF00"},{"time":0.8333,"color":"FFFFFFFF"},{"time":1.9583,"color":"FFFFFFFF"},{"time":2.5416,"color":"FFFFFF00"},{"time":3.5833,"color":"FFFFFF00"},{"time":3.6666,"color":"FFFFFFFF"},{"time":3.7916,"color":"FFFFFF00"}]},"eye_closed2":{"color":[{"time":0,"color":"FFFFFF00"},{"time":0.625,"color":"FFFFFF00"},{"time":0.8333,"color":"FFFFFFFF"},{"time":1.9583,"color":"FFFFFFFF"},{"time":2.5416,"color":"FFFFFF00"},{"time":3.5833,"color":"FFFFFF00"},{"time":3.6666,"color":"FFFFFFFF"},{"time":3.7916,"color":"FFFFFF00"}]},"eye2":{"color":[{"time":0,"color":"FFFFFFFF"},{"time":0.625,"color":"FFFFFFFF"},{"time":0.8333,"color":"FFFFFF00"},{"time":1.875,"color":"FFFFFF00"},{"time":1.9583,"color":"FFFFFFFF"},{"time":3.5833,"color":"FFFFFFFF"},{"time":3.6666,"color":"FFFFFF00"},{"time":3.7916,"color":"FFFFFFFF"}]},"eye1":{"color":[{"time":0,"color":"FFFFFFFF"},{"time":0.625,"color":"FFFFFFFF"},{"time":0.8333,"color":"FFFFFF00"},{"time":1.875,"color":"FFFFFF00"},{"time":1.9583,"color":"FFFFFFFF"},{"time":3.5833,"color":"FFFFFFFF"},{"time":3.6666,"color":"FFFFFF00"},{"time":3.7916,"color":"FFFFFFFF"}]},"yanquan":{"color":[{"time":0,"color":"FFFFFF00"}]},"yanquan1":{"color":[{"time":0,"color":"FFFFFF00"}]},"head_2":{"color":[{"time":0,"color":"FFFFFF00"}]},"icon_sq01":{"color":[{"time":0,"color":"FFFFFF00"}]},"icon_sq02":{"color":[{"time":0,"color":"FFFFFF00"}]},"cake_m":{"color":[{"time":0,"color":"FFFFFF00"}]},"saozi":{"color":[{"time":0,"color":"FFFFFF00"}]}},"deform":{"default":{"rightleg_4":{"rightleg_4":[{"time":0,"vertices":[-0.33,-0.54,-2.11,-4.16,0,0,0,0,-3.04,3.7,-2.94,0.41]}]}}}},"eat":{"bones":{"yao":{"translate":[{"time":0,"x":12.21,"y":-8.1}],"rotate":[{"time":0,"angle":-19.97,"curve":[0.5,0,0.5,1]},{"time":0.875,"angle":-18.29},{"time":1.9167,"angle":-19.97}],"shear":[{"time":0,"curve":[0.5,0,0.5,1]},{"time":0.875},{"time":1.9167}]},"zuotui_shang":{"translate":[{"time":0,"x":3.16,"y":4.74}],"rotate":[{"time":0,"angle":-37.31}],"shear":[{"time":0}]},"shenti":{"rotate":[{"time":0,"angle":23.22,"curve":[0.5,0,0.5,1]},{"time":0.8333,"angle":32.18},{"time":1.3333,"angle":29.06},{"time":2.5,"angle":23.22}],"scale":[{"time":0,"x":1,"y":1,"curve":[0.5,0,0.5,1]},{"time":1.3333,"x":1,"y":1.03},{"time":1.7083,"x":1.04,"y":1.02},{"time":2.0833,"x":1,"y":1}],"shear":[{"time":0,"curve":[0.5,0,0.5,1]},{"time":0.8333},{"time":1.3333},{"time":2.5}]},"youtui_shang":{"translate":[{"time":0,"x":2.64,"y":6.3}],"rotate":[{"time":0,"angle":-34.86}],"shear":[{"time":0}]},"zuotui_xia":{"rotate":[{"time":0,"angle":33.48}],"shear":[{"time":0}]},"zuoshou_shang":{"rotate":[{"time":0,"angle":13.04,"curve":[0.5,0,0.5,1]},{"time":0.5833,"angle":-64.15},{"time":1.0416,"angle":-68.33},{"time":1.4999,"angle":-68.33},{"time":1.9166,"angle":-21.52},{"time":2.4999,"angle":13.04}],"shear":[{"time":0,"curve":[0.5,0,0.5,1]},{"time":0.5833},{"time":1.0416},{"time":1.4999},{"time":1.9166},{"time":2.4999}]},"tou":{"translate":[{"time":0,"curve":[0.5,0,0.5,1]},{"time":1.6667,"x":-0.48,"y":0.17},{"time":1.8334,"x":0.08,"y":1.24},{"time":2.5001}],"rotate":[{"time":0,"angle":-8.55,"curve":[0.5,0,0.5,1]},{"time":1.5417,"angle":9.29},{"time":1.9584,"angle":2.76},{"time":2.2917,"angle":-15.11},{"time":2.5,"angle":-8.55}],"shear":[{"time":0,"curve":[0.5,0,0.5,1]},{"time":1.5417},{"time":1.9584},{"time":2.2917},{"time":2.5}]},"youshou_shang":{"translate":[{"time":0,"x":-0.45,"y":1.77}],"rotate":[{"time":0,"angle":-0.07}],"shear":[{"time":0}]},"youtui_xia":{"translate":[{"time":0,"x":1.16,"y":2.5}],"rotate":[{"time":0,"angle":20.47}],"shear":[{"time":0}]},"youshou_xia":{"rotate":[{"time":0,"angle":-57.06,"curve":[0.5,0,0.5,1]},{"time":0.6667,"angle":-62.6},{"time":1.2917,"angle":-62.6},{"time":2,"angle":-57.06}],"shear":[{"time":0,"curve":[0.5,0,0.5,1]},{"time":0.6667},{"time":1.2917},{"time":2}]},"zuoshou_xia":{"translate":[{"time":0,"x":-2.82,"y":1.9}],"rotate":[{"time":0,"angle":-77.68,"curve":[0.5,0,0.5,1]},{"time":0.5833,"angle":-19.64},{"time":1.0416,"angle":-75.05},{"time":1.4999,"angle":-75.05},{"time":1.9166,"angle":-87.04},{"time":2.4999,"angle":-77.68}],"shear":[{"time":0,"curve":[0.5,0,0.5,1]},{"time":0.5833},{"time":1.0416},{"time":1.4999},{"time":1.9166},{"time":2.4999}]},"yan":{"translate":[{"time":0,"x":10.03,"y":45.29}],"rotate":[{"time":0,"angle":48.31},{"time":0.5833,"angle":55.1},{"time":0.9583,"angle":43.24},{"time":1.5416,"angle":49.35},{"time":2.0416,"angle":41.54},{"time":2.4999,"angle":48.31}],"shear":[{"time":0},{"time":0.5833},{"time":0.9583},{"time":1.5416},{"time":2.0416},{"time":2.4999}]},"left_eye":{"rotate":[{"time":0,"angle":0},{"time":1.9167,"angle":0},{"time":2,"angle":-11.44},{"time":2.125,"angle":0}],"shear":[{"time":0},{"time":1.9167},{"time":2},{"time":2.125}]},"right_eye":{"rotate":[{"time":0,"angle":0},{"time":1.9167,"angle":-2.51},{"time":2,"angle":-2.63},{"time":2.125,"angle":-2.51},{"time":2.5,"angle":0}],"shear":[{"time":0},{"time":1.9167},{"time":2},{"time":2.125},{"time":2.5}]},"yanquan":{"translate":[{"time":0,"x":57.39,"y":-10.37}],"scale":[{"time":0,"x":0.28,"y":0.28}]},"yanquan1":{"translate":[{"time":0,"x":57.72,"y":9.16}]},"cake_m":{"translate":[{"time":0,"x":8.55,"y":-76.63}],"rotate":[{"time":0,"angle":56.12},{"time":0.6667,"angle":50.33},{"time":1.2917,"angle":50.33},{"time":2,"angle":54.61},{"time":2.5,"angle":56.12}],"shear":[{"time":0},{"time":0.6667},{"time":1.2917},{"time":2},{"time":2.5}]},"saozi":{"translate":[{"time":0,"x":-33.17,"y":-56.75}],"rotate":[{"time":0,"angle":62.21}],"scale":[{"time":0,"x":0.7,"y":0.7}],"shear":[{"time":0}]}},"slots":{"shadow":{"color":[{"time":0,"color":"FFFFFF00"}]},"xuejia":{"color":[{"time":0,"color":"FFFFFF00"}]},"eye_closed1":{"color":[{"time":0,"color":"FFFFFF00"},{"time":1.9167,"color":"FFFFFF00"},{"time":2,"color":"FFFFFFFF"},{"time":2.125,"color":"FFFFFF00"}]},"eye_closed2":{"color":[{"time":0,"color":"FFFFFF00"},{"time":1.9167,"color":"FFFFFF00"},{"time":2,"color":"FFFFFFFF"},{"time":2.125,"color":"FFFFFF00"}]},"eye2":{"color":[{"time":0,"color":"FFFFFFFF"},{"time":1.9167,"color":"FFFFFFFF"},{"time":2,"color":"FFFFFF00"},{"time":2.125,"color":"FFFFFFFF"}]},"eye1":{"color":[{"time":0,"color":"FFFFFFFF"},{"time":1.9167,"color":"FFFFFFFF"},{"time":2,"color":"FFFFFF00"},{"time":2.125,"color":"FFFFFFFF"}]},"yanquan":{"color":[{"time":0,"color":"FFFFFF00"}]},"yanquan1":{"color":[{"time":0,"color":"FFFFFF00"}]},"head_2":{"color":[{"time":0,"color":"FFFFFF00"}]},"icon_sq01":{"color":[{"time":0,"color":"FFFFFF00"}]},"icon_sq02":{"color":[{"time":0,"color":"FFFFFF00"}]},"tea2":{"color":[{"time":0,"color":"FFFFFF00"}]}},"deform":{"default":{"rightleg_4":{"rightleg_4":[{"time":0,"vertices":[-0.33,-0.54,-2.11,-4.16,0,0,0,0,-3.04,3.7,-2.94,0.41]}]},"head_4":{"head_4":[{"time":0,"offset":55,"vertices":[0]},{"time":1.125,"offset":55,"vertices":[0]},{"time":1.3333,"offset":12,"vertices":[0.48,0.56,0.51,0.2,-0.39,-2.73,-0.41,3.01,-1.43,-0.7,-0.68,1.07,-2.03,-1.35,-1.48,0.02,-1.09,1.36,-1.7,1.85,0.63,-0.39,0.68,-0.15,1.07,0.22,0,0,0.68,-0.15,-0.4,-0.63,-0.03,-0.15,-0.29,0.07,-0.05,0.93]},{"time":1.5416,"offset":55,"vertices":[0]},{"time":1.7499,"offset":12,"vertices":[0.48,0.56,0.51,0.2,-0.39,-2.73,-0.41,3.01,-1.43,-0.7,-0.68,1.07,-2.03,-1.35,-1.48,0.02,-1.09,1.36,-1.7,1.85,0.63,-0.39,0.68,-0.15,1.07,0.22,0,0,0.68,-0.15,-0.4,-0.63,-0.03,-0.15,-0.29,0.07,-0.05,0.93]},{"time":1.9582,"offset":55,"vertices":[0]}]}}}},"move":{"bones":{"yao":{"translate":[{"time":0,"curve":[0.5,0,0.5,1]},{"time":0.3333,"y":1.25,"curve":[0.5,0,0.5,1]},{"time":0.6666,"curve":[0.5,0,0.5,1]},{"time":0.9999,"y":1.46,"curve":[0.5,0,0.5,1]},{"time":1.3332}],"rotate":[{"time":0,"angle":-1.35,"curve":[0.5,0,0.5,1]},{"time":0.6667,"angle":2.91,"curve":[0.5,0,0.5,1]},{"time":1.3334,"angle":-1.35}],"shear":[{"time":0,"curve":[0.5,0,0.5,1]},{"time":0.6667,"curve":[0.5,0,0.5,1]},{"time":1.3334}]},"zuotui_shang":{"translate":[{"time":0},{"time":0.6667,"x":-0.72,"y":3.2},{"time":1.3334}],"rotate":[{"time":0,"angle":10.29},{"time":0.6667,"angle":-38.07},{"time":0.9584,"angle":-19.66},{"time":1.3334,"angle":10.29}],"shear":[{"time":0},{"time":0.6667},{"time":0.9584},{"time":1.3334}]},"shenti":{"translate":[{"time":0,"curve":[0.5,0,0.5,1]},{"time":1,"y":0.36,"curve":[0.5,0,0.5,1]},{"time":1.3333}],"rotate":[{"time":0,"angle":7.36,"curve":[0.5,0,0.5,1]},{"time":0.6667,"angle":-0.78,"curve":[0.5,0,0.5,1]},{"time":1.3334,"angle":7.36}],"shear":[{"time":0,"curve":[0.5,0,0.5,1]},{"time":0.6667,"curve":[0.5,0,0.5,1]},{"time":1.3334}]},"youtui_shang":{"translate":[{"time":0,"x":-4.38,"y":-0.75},{"time":0.6667,"x":-3.03,"y":-7.54},{"time":1.3334,"x":-4.38,"y":-0.75}],"rotate":[{"time":0,"angle":-36.14},{"time":0.6667,"angle":-5.61},{"time":1.3334,"angle":-36.14}],"shear":[{"time":0},{"time":0.6667},{"time":1.3334}]},"zuotui_xia":{"rotate":[{"time":0,"angle":8.72},{"time":0.3333,"angle":51.09},{"time":0.6666,"angle":26.7},{"time":0.9583,"angle":14.75},{"time":1.3333,"angle":8.72}],"shear":[{"time":0},{"time":0.3333},{"time":0.6666},{"time":0.9583},{"time":1.3333}]},"zuoshou_shang":{"rotate":[{"time":0,"angle":-20.96,"curve":[0.5,0,0.5,1]},{"time":0.6667,"angle":7.99,"curve":[0.5,0,0.5,1]},{"time":1.3334,"angle":-20.96}],"shear":[{"time":0,"curve":[0.5,0,0.5,1]},{"time":0.6667,"curve":[0.5,0,0.5,1]},{"time":1.3334}]},"tou":{"rotate":[{"time":0,"angle":0,"curve":[0.5,0,0.5,1]},{"time":0.375,"angle":3.52},{"time":1,"angle":0.76},{"time":1.3333,"angle":0}],"shear":[{"time":0,"curve":[0.5,0,0.5,1]},{"time":0.375},{"time":1},{"time":1.3333}]},"youshou_shang":{"rotate":[{"time":0,"angle":17.52,"curve":[0.5,0,0.5,1]},{"time":0.6667,"angle":-1.9,"curve":[0.5,0,0.5,1]},{"time":1.3334,"angle":17.52}],"shear":[{"time":0,"curve":[0.5,0,0.5,1]},{"time":0.6667,"curve":[0.5,0,0.5,1]},{"time":1.3334}]},"youtui_xia":{"rotate":[{"time":0,"angle":16.7},{"time":0.6667,"angle":17.44},{"time":0.9584,"angle":51.14},{"time":1.3334,"angle":16.7}],"shear":[{"time":0},{"time":0.6667},{"time":0.9584},{"time":1.3334}]},"youshou_xia":{"rotate":[{"time":0,"angle":-20.85,"curve":[0.5,0,0.5,1]},{"time":0.3333,"angle":-25.86},{"time":0.6666,"angle":-31.44,"curve":[0.5,0,0.5,1]},{"time":0.9999,"angle":-38.57},{"time":1.3332,"angle":-20.85}],"shear":[{"time":0,"curve":[0.5,0,0.5,1]},{"time":0.3333},{"time":0.6666,"curve":[0.5,0,0.5,1]},{"time":0.9999},{"time":1.3332}]},"zuoshou_xia":{"rotate":[{"time":0,"angle":-18.38,"curve":[0.5,0,0.5,1]},{"time":0.3333,"angle":-27.6},{"time":0.6666,"angle":-7.9},{"time":0.9999,"angle":-2.86},{"time":1.3332,"angle":-18.38}],"shear":[{"time":0,"curve":[0.5,0,0.5,1]},{"time":0.3333},{"time":0.6666},{"time":0.9999},{"time":1.3332}]}},"slots":{"shadow":{"color":[{"time":0,"color":"FFFFFF7F"}]},"xuejia":{"color":[{"time":0,"color":"FFFFFF00"}]},"eye_closed1":{"color":[{"time":0,"color":"FFFFFF00"},{"time":0.4167,"color":"FFFFFF00"},{"time":0.4584,"color":"FFFFFFFF"},{"time":0.5417,"color":"FFFFFF00"}]},"eye_closed2":{"color":[{"time":0,"color":"FFFFFF00"},{"time":0.4167,"color":"FFFFFF00"},{"time":0.4584,"color":"FFFFFFFF"},{"time":0.5417,"color":"FFFFFF00"}]},"eye2":{"color":[{"time":0,"color":"FFFFFFFF"},{"time":0.4167,"color":"FFFFFFFF"},{"time":0.4584,"color":"FFFFFF00"},{"time":0.5417,"color":"FFFFFFFF"}]},"eye1":{"color":[{"time":0,"color":"FFFFFFFF"},{"time":0.4167,"color":"FFFFFFFF"},{"time":0.4584,"color":"FFFFFF00"},{"time":0.5417,"color":"FFFFFFFF"}]},"yanquan":{"color":[{"time":0,"color":"FFFFFF00"}]},"yanquan1":{"color":[{"time":0,"color":"FFFFFF00"}]},"head_2":{"color":[{"time":0,"color":"FFFFFF00"}]},"icon_sq01":{"color":[{"time":0,"color":"FFFFFF00"}]},"icon_sq02":{"color":[{"time":0,"color":"FFFFFF00"}]},"tea2":{"color":[{"time":0,"color":"FFFFFF00"}]},"cake_m":{"color":[{"time":0,"color":"FFFFFF00"}]},"saozi":{"color":[{"time":0,"color":"FFFFFF00"}]}}},"stand":{"bones":{"yao":{"translate":[{"time":0,"x":12.21,"y":-8.1}],"rotate":[{"time":0,"angle":-19.97,"curve":[0.5,0,0.5,1]},{"time":0.625,"angle":-20.32},{"time":1.5417,"angle":-19.91},{"time":2.2917,"angle":-19.91},{"time":2.4167,"angle":-19.45},{"time":3.7917,"angle":-14.39},{"time":4.5834,"angle":-19.97}],"shear":[{"time":0,"curve":[0.5,0,0.5,1]},{"time":0.625},{"time":1.5417},{"time":2.2917},{"time":2.4167},{"time":3.7917},{"time":4.5834}]},"zuotui_shang":{"translate":[{"time":0,"x":3.16,"y":4.74}],"rotate":[{"time":0,"angle":-37.31,"curve":[0.5,0,0.5,1]},{"time":2.2917,"angle":-37.31},{"time":2.4167,"angle":-37.4},{"time":3.7917,"angle":-38.34},{"time":4.5834,"angle":-37.31}],"shear":[{"time":0,"curve":[0.5,0,0.5,1]},{"time":2.2917},{"time":2.4167},{"time":3.7917},{"time":4.5834}]},"shenti":{"rotate":[{"time":0,"angle":23.22,"curve":[0.5,0,0.5,1]},{"time":0.625,"angle":23.88},{"time":1.5417,"angle":2.61},{"time":2.2917,"angle":7.44},{"time":2.4167,"angle":7.38},{"time":3.7917,"angle":6.78},{"time":4.5834,"angle":23.22}],"shear":[{"time":0,"curve":[0.5,0,0.5,1]},{"time":0.625},{"time":1.5417},{"time":2.2917},{"time":2.4167},{"time":3.7917},{"time":4.5834}]},"youtui_shang":{"translate":[{"time":0,"x":2.64,"y":6.3}],"rotate":[{"time":0,"angle":-34.86,"curve":[0.5,0,0.5,1]},{"time":2.2917,"angle":-34.86},{"time":2.4167,"angle":-34.83},{"time":3.7917,"angle":-34.48},{"time":4.5834,"angle":-34.86}],"shear":[{"time":0,"curve":[0.5,0,0.5,1]},{"time":2.2917},{"time":2.4167},{"time":3.7917},{"time":4.5834}]},"zuotui_xia":{"rotate":[{"time":0,"angle":33.48,"curve":[0.5,0,0.5,1]},{"time":2.2917,"angle":33.48},{"time":2.4167,"angle":32.6},{"time":3.7917,"angle":22.92},{"time":4.5834,"angle":33.48}],"shear":[{"time":0,"curve":[0.5,0,0.5,1]},{"time":2.2917},{"time":2.4167},{"time":3.7917},{"time":4.5834}]},"zuoshou_shang":{"rotate":[{"time":0,"angle":-121.5,"curve":[0.5,0,0.5,1]},{"time":0.625,"angle":-117.82},{"time":1.5417,"angle":-100.52},{"time":1.9167,"angle":-11.12},{"time":2.125,"angle":31.89},{"time":2.2917,"angle":33.58},{"time":3.7917,"angle":33.58},{"time":4.1667,"angle":-11.12},{"time":4.5834,"angle":-121.5}],"shear":[{"time":0,"curve":[0.5,0,0.5,1]},{"time":0.625},{"time":1.5417},{"time":1.9167},{"time":2.125},{"time":2.2917},{"time":3.7917},{"time":4.1667},{"time":4.5834}]},"tou":{"rotate":[{"time":0,"angle":-8.55,"curve":[0.5,0,0.5,1]},{"time":0.625,"angle":-2.19},{"time":1.5,"angle":18.42},{"time":1.9583,"angle":12.9},{"time":2.4166,"angle":5.17},{"time":2.4999,"angle":3.77},{"time":3.0416,"angle":-16.53},{"time":3.7916,"angle":-16.92},{"time":4.5833,"angle":-8.55}],"shear":[{"time":0,"curve":[0.5,0,0.5,1]},{"time":0.625},{"time":1.5},{"time":1.9583},{"time":2.4166},{"time":2.4999},{"time":3.0416},{"time":3.7916},{"time":4.5833}]},"youshou_shang":{"translate":[{"time":0,"x":-0.45,"y":1.77}],"rotate":[{"time":0,"angle":1.65,"curve":[0.5,0,0.5,1]},{"time":2.5,"angle":1.65},{"time":2.9167,"angle":-2.57},{"time":3.75,"angle":-3.21},{"time":4.5833,"angle":1.65}],"shear":[{"time":0,"curve":[0.5,0,0.5,1]},{"time":2.5},{"time":2.9167},{"time":3.75},{"time":4.5833}]},"youtui_xia":{"translate":[{"time":0,"x":1.16,"y":2.5}],"rotate":[{"time":0,"angle":20.47,"curve":[0.5,0,0.5,1]},{"time":2.2917,"angle":20.47},{"time":2.4167,"angle":19.26},{"time":3.7917,"angle":5.98},{"time":4.5834,"angle":20.47}],"shear":[{"time":0,"curve":[0.5,0,0.5,1]},{"time":2.2917},{"time":2.4167},{"time":3.7917},{"time":4.5834}]},"youshou_xia":{"rotate":[{"time":0,"angle":-33.18,"curve":[0.5,0,0.5,1]},{"time":0.625,"angle":-22.97},{"time":1.5417,"angle":-15.78},{"time":2.2917,"angle":-19.22},{"time":2.4167,"angle":-18.25},{"time":3.0417,"angle":-13.4},{"time":3.4167,"angle":-14.94},{"time":3.7917,"angle":-13.71},{"time":4.5834,"angle":-33.18}],"shear":[{"time":0,"curve":[0.5,0,0.5,1]},{"time":0.625},{"time":1.5417},{"time":2.2917},{"time":2.4167},{"time":3.0417},{"time":3.4167},{"time":3.7917},{"time":4.5834}]},"zuoshou_xia":{"translate":[{"time":0,"x":-2.82,"y":1.9}],"rotate":[{"time":0,"angle":-43.33,"curve":[0.5,0,0.5,1]},{"time":0.625,"angle":-36.31},{"time":1.5417,"angle":-45.67},{"time":1.9167,"angle":-143.72},{"time":2.125,"angle":144.75},{"time":2.2083,"angle":94.8},{"time":2.2916,"angle":109.32},{"time":2.3749,"angle":103.76},{"time":2.4166,"angle":103.86},{"time":3.7916,"angle":107.14},{"time":4.1666,"angle":-143.72},{"time":4.5833,"angle":-43.33}],"shear":[{"time":0,"curve":[0.5,0,0.5,1]},{"time":0.625},{"time":1.5417},{"time":1.9167},{"time":2.125},{"time":2.2083},{"time":2.2916},{"time":2.3749},{"time":2.4166},{"time":3.7916},{"time":4.1666},{"time":4.5833}]},"yan":{"translate":[{"time":0,"x":10.03,"y":45.29}],"rotate":[{"time":0,"angle":176.18},{"time":1.5417,"angle":176.18},{"time":2.1667,"angle":177.59},{"time":2.375,"angle":41},{"time":3.7917,"angle":41},{"time":4.5834,"angle":176.18}],"shear":[{"time":0},{"time":1.5417},{"time":2.1667},{"time":2.375},{"time":3.7917},{"time":4.5834}]},"yanquan":{"translate":[{"time":0,"x":57.39,"y":-10.37},{"time":2.5,"x":68.98,"y":-9.56,"curve":[0.5,0,1,1]},{"time":3.3333,"x":45.77,"y":15.02,"curve":[0,0,0.5,1]},{"time":4,"x":24.72,"y":38.89,"curve":[0,0,0.5,1]},{"time":4.0417,"x":57.39,"y":-10.37}],"rotate":[{"time":0,"angle":0},{"time":2.5,"angle":0,"curve":[0.5,0,1,1]},{"time":3.3333,"angle":-48.47,"curve":[0,0,0.5,1]},{"time":4,"angle":-66.58,"curve":[0,0,0.5,1]},{"time":4.0417,"angle":0}],"scale":[{"time":0,"x":0.28,"y":0.28},{"time":2.5,"x":0.28,"y":0.28,"curve":[0.5,0,1,1]},{"time":4,"x":1.74,"y":1.74,"curve":[0,0,0.5,1]},{"time":4.0417,"x":0.28,"y":0.28}],"shear":[{"time":0},{"time":2.5,"curve":[0.5,0,1,1]},{"time":3.3333,"curve":[0,0,0.5,1]},{"time":4,"curve":[0,0,0.5,1]},{"time":4.0417}]},"yanquan1":{"translate":[{"time":0,"x":57.72,"y":9.16},{"time":3.0417,"x":57.72,"y":9.16},{"time":3.0834,"x":69.07,"y":15.1},{"time":3.5001,"x":42,"y":42.16},{"time":4.0834,"x":12.32,"y":78.3},{"time":4.5834,"x":9.08,"y":91.59},{"time":6.3334,"x":57.72,"y":9.16}],"rotate":[{"time":0,"angle":0},{"time":3.0833,"angle":0},{"time":3.5,"angle":-49.92},{"time":4.0833,"angle":-52.87},{"time":4.5833,"angle":-59.12},{"time":6.3333,"angle":0}],"scale":[{"time":0,"x":1,"y":1},{"time":3.0417,"x":1,"y":1},{"time":3.0834,"x":0.21,"y":0.21},{"time":3.5001,"x":0.34,"y":0.34},{"time":4.0834,"x":1.31,"y":1.31},{"time":4.5834,"x":1.7,"y":1.7},{"time":6.3334,"x":1,"y":1}],"shear":[{"time":0},{"time":3.0833},{"time":3.5},{"time":4.0833},{"time":4.5833},{"time":6.3333}]}},"slots":{"shadow":{"color":[{"time":0,"color":"FFFFFF00"}]},"eye_closed1":{"color":[{"time":0,"color":"FFFFFF00"},{"time":0.875,"color":"FFFFFF00"},{"time":1,"color":"FFFFFFFF"},{"time":2.1667,"color":"FFFFFFFF"},{"time":2.2917,"color":"FFFFFF00"}]},"eye_closed2":{"color":[{"time":0,"color":"FFFFFF00"},{"time":0.875,"color":"FFFFFF00"},{"time":1,"color":"FFFFFFFF"},{"time":2.1667,"color":"FFFFFFFF"},{"time":2.2917,"color":"FFFFFF00"}]},"eye2":{"color":[{"time":0,"color":"FFFFFFFF"},{"time":0.875,"color":"FFFFFFFF"},{"time":1,"color":"FFFFFF00"},{"time":2.1667,"color":"FFFFFF00"},{"time":2.2917,"color":"FFFFFFFF"}]},"eye1":{"color":[{"time":0,"color":"FFFFFFFF"},{"time":0.875,"color":"FFFFFFFF"},{"time":1,"color":"FFFFFF00"},{"time":2.1667,"color":"FFFFFF00"},{"time":2.2917,"color":"FFFFFFFF"}]},"yanquan":{"color":[{"time":0,"color":"FFFFFF00"},{"time":2.5,"color":"FFFFFF00","curve":[0.5,0,1,1]},{"time":2.5417,"color":"FFFFFFFF","curve":[0.5,0,1,1]},{"time":3.3334,"color":"FFFFFFFF","curve":[0,0,0.5,1]},{"time":4.0001,"color":"FFFFFF00"}]},"yanquan1":{"color":[{"time":0,"color":"FFFFFF00"},{"time":3.0417,"color":"FFFFFF00"},{"time":3.0834,"color":"FFFFFFFF"},{"time":4.0834,"color":"FFFFFFC4"},{"time":4.5834,"color":"FFFFFF00"}]},"head_2":{"color":[{"time":0,"color":"FFFFFF00"}]},"icon_sq01":{"color":[{"time":0,"color":"FFFFFF00"}]},"icon_sq02":{"color":[{"time":0,"color":"FFFFFF00"}]},"tea2":{"color":[{"time":0,"color":"FFFFFF00"}]},"cake_m":{"color":[{"time":0,"color":"FFFFFF00"}]},"saozi":{"color":[{"time":0,"color":"FFFFFF00"}]}},"deform":{"default":{"rightleg_4":{"rightleg_4":[{"time":0,"vertices":[-0.33,-0.54,-2.11,-4.16,0,0,0,0,-3.04,3.7,-2.94,0.41]}]}}}},"angry":{"bones":{"yao":{"scale":[{"time":0,"x":1,"y":1},{"time":0.25,"x":1.05,"y":1},{"time":0.5,"x":1,"y":1}]},"icon_sq01":{"translate":[{"time":0,"x":48.49,"y":-34.9},{"time":0.25}],"scale":[{"time":0,"x":0.01,"y":0.01},{"time":0.25,"x":0.75,"y":0.75},{"time":0.4167,"x":1,"y":1}]},"icon_sq02":{"translate":[{"time":0,"x":-36.94,"y":-15.18},{"time":0.125,"x":-36.94,"y":-15.18},{"time":0.4167}],"scale":[{"time":0,"x":1,"y":1},{"time":0.125,"x":0.01,"y":0.01},{"time":0.4167,"x":0.85,"y":0.85},{"time":0.5,"x":1,"y":1}]},"shenti":{"scale":[{"time":0,"x":1,"y":1},{"time":0.25,"x":1,"y":1.2},{"time":0.5,"x":1,"y":1}]},"zuoshou_shang":{"rotate":[{"time":0,"angle":-29.98},{"time":0.25,"angle":-32.45},{"time":0.5,"angle":-29.98}],"shear":[{"time":0},{"time":0.25},{"time":0.5}]},"youshou_shang":{"rotate":[{"time":0,"angle":2.9},{"time":0.25,"angle":5.77},{"time":0.5,"angle":2.9}],"shear":[{"time":0},{"time":0.25},{"time":0.5}]},"tou":{"rotate":[{"time":0,"angle":-7.2},{"time":0.1667,"angle":-2.82},{"time":0.375,"angle":-8.52},{"time":0.5,"angle":-7.2}],"shear":[{"time":0},{"time":0.1667},{"time":0.375},{"time":0.5}]},"bone":{"rotate":[{"time":0,"angle":0},{"time":0.2083,"angle":16.45},{"time":0.5,"angle":0}],"shear":[{"time":0},{"time":0.2083},{"time":0.5}]},"zuoshou_xia":{"rotate":[{"time":0,"angle":-100.49},{"time":0.25,"angle":-93.5},{"time":0.5,"angle":-100.49}],"shear":[{"time":0},{"time":0.25},{"time":0.5}]},"bone2":{"translate":[{"time":0},{"time":0.125,"x":1.59,"y":0.27},{"time":0.2083,"x":-0.83,"y":-0.19},{"time":0.3333,"x":1.53,"y":0.1},{"time":0.4166,"x":-1.32,"y":-0.32},{"time":0.4999}]},"bone1":{"rotate":[{"time":0,"angle":0},{"time":0.2083,"angle":-19.9},{"time":0.5,"angle":0}],"shear":[{"time":0},{"time":0.2083},{"time":0.5}]},"youshou_xia":{"rotate":[{"time":0,"angle":104.81},{"time":0.25,"angle":99.12},{"time":0.5,"angle":104.81}],"shear":[{"time":0},{"time":0.25},{"time":0.5}]}},"slots":{"icon_sq02":{"color":[{"time":0,"color":"FFFFFF00"},{"time":0.125,"color":"FFFFFF00"},{"time":0.4167,"color":"FFFFFFFF"},{"time":0.5,"color":"FFFFFF00"}]},"xuejia":{"color":[{"time":0,"color":"FFFFFF00"}]},"yanquan":{"color":[{"time":0,"color":"FFFFFF00"}]},"yanquan1":{"color":[{"time":0,"color":"FFFFFF00"}]},"icon_sq01":{"color":[{"time":0,"color":"FFFFFF00"},{"time":0.25,"color":"FFFFFFFF"},{"time":0.4167,"color":"FFFFFF00"}]},"shadow":{"color":[{"time":0,"color":"FFFFFF00"}]},"eye_closed2":{"color":[{"time":0,"color":"FFFFFF00"}]},"tea2":{"color":[{"time":0,"color":"FFFFFF00"}]},"eye2":{"color":[{"time":0,"color":"FFFFFF00"}]},"eye1":{"color":[{"time":0,"color":"FFFFFF00"}]},"eye_closed1":{"color":[{"time":0,"color":"FFFFFF00"}]},"cake_m":{"color":[{"time":0,"color":"FFFFFF00"}]},"saozi":{"color":[{"time":0,"color":"FFFFFF00"}]}},"drawOrder":[{"time":0,"offsets":[{"slot":"lefthand_4","offset":3}]}]}}},[0]]],0,0,[0],[-1],[0]]