[1,["81a/8o18hI9qEEJMSiOk/r"],0,[["sp.SkeletonData",["_name","_atlasText","textureNames","_skeletonJson","textures"],-1,3]],[[0,0,1,2,3,4,5]],[[0,"dog","\ndog.png\nsize: 256,64\nformat: RGBA8888\nfilter: Linear,Linear\nrepeat: none\nbody\n  rotate: false\n  xy: 2, 11\n  size: 69, 47\n  orig: 69, 47\n  offset: 0, 0\n  index: -1\neyes1\n  rotate: false\n  xy: 2, 2\n  size: 10, 7\n  orig: 10, 7\n  offset: 0, 0\n  index: -1\neyes2\n  rotate: false\n  xy: 115, 17\n  size: 8, 6\n  orig: 8, 6\n  offset: 0, 0\n  index: -1\nhead\n  rotate: false\n  xy: 159, 10\n  size: 49, 48\n  orig: 49, 48\n  offset: 0, 0\n  index: -1\nleg1\n  rotate: true\n  xy: 73, 16\n  size: 26, 40\n  orig: 26, 40\n  offset: 0, 0\n  index: -1\nleg2\n  rotate: true\n  xy: 115, 25\n  size: 17, 35\n  orig: 17, 35\n  offset: 0, 0\n  index: -1\nleg3\n  rotate: false\n  xy: 210, 28\n  size: 24, 30\n  orig: 24, 30\n  offset: 0, 0\n  index: -1\nleg4\n  rotate: false\n  xy: 236, 31\n  size: 17, 27\n  orig: 17, 27\n  offset: 0, 0\n  index: -1\ntail\n  rotate: false\n  xy: 210, 7\n  size: 26, 19\n  orig: 26, 19\n  offset: 0, 0\n  index: -1\nyuan7\n  rotate: false\n  xy: 73, 44\n  size: 84, 14\n  orig: 84, 14\n  offset: 0, 0\n  index: -1\n",["dog.png"],{"skeleton":{"hash":"RSbN89Dp4HuOj/CPpdiaMA2AqfY","spine":"3.3.07","width":106.27,"height":97.97,"images":"./images/"},"bones":[{"name":"root"},{"name":"body","parent":"root","x":17.5,"y":34.95},{"name":"bone","parent":"body","length":20.98,"rotation":-176.56,"x":-3.77},{"name":"bone2","parent":"bone","length":16.57,"rotation":-24.15,"x":20.98},{"name":"bone3","parent":"bone2","length":18.39,"rotation":-39.2,"x":16.57},{"name":"leg1","parent":"body","length":15.92,"rotation":-83.92,"x":3.38,"y":-4.3},{"name":"bone4","parent":"leg1","length":13.46,"rotation":25.62,"x":15.92},{"name":"bone5","parent":"bone4","length":8.14,"rotation":-56.14,"x":13.35,"y":0.46},{"name":"bone6","parent":"body","length":10.78,"rotation":-75.52,"x":-33,"y":-8.01},{"name":"bone7","parent":"bone6","length":12.29,"rotation":-5,"x":10.78},{"name":"bone8","parent":"bone7","length":12.21,"rotation":-48.86,"x":12.29},{"name":"leg4","parent":"body","length":17.57,"rotation":-85.6,"x":-40.08,"y":-10.03},{"name":"bone9","parent":"leg4","length":10.01,"rotation":-52.12,"x":17.57},{"name":"leg3","parent":"body","length":20.4,"rotation":-67.67,"x":-12.44,"y":-9.02},{"name":"bone10","parent":"leg3","length":8.11,"rotation":-63.96,"x":20.4},{"name":"tail","parent":"body","length":9.49,"rotation":16.5,"x":2.71,"y":4.12},{"name":"bone11","parent":"tail","length":8.63,"rotation":4.05,"x":8.52,"y":0.28},{"name":"bone12","parent":"bone11","length":10.58,"rotation":32.2,"x":8.63},{"name":"bone13","parent":"body","length":10.63,"rotation":2.54,"x":2.39,"y":-0.06},{"name":"head","parent":"bone3","length":39.76,"rotation":1.06,"x":15.07,"y":-4.6},{"name":"bone14","parent":"head","rotation":-29.2,"x":10.83,"y":-0.04},{"name":"eyes2","parent":"head","rotation":-29.02,"x":18.57,"y":11.83},{"name":"yuan7","parent":"root","x":-0.38,"y":-8.29}],"slots":[{"name":"yuan7","bone":"yuan7","attachment":"yuan7"},{"name":"tail","bone":"tail","attachment":"tail"},{"name":"leg4","bone":"leg4","attachment":"leg4"},{"name":"leg3","bone":"leg3","attachment":"leg3"},{"name":"body","bone":"body","attachment":"body"},{"name":"leg2","bone":"root","attachment":"leg2"},{"name":"leg1","bone":"leg1","attachment":"leg1"},{"name":"head","bone":"head","attachment":"head"},{"name":"eyes1","bone":"bone14","attachment":"eyes1"},{"name":"eyes2","bone":"eyes2","attachment":"eyes2"}],"skins":{"default":{"body":{"body":{"type":"mesh","hull":14,"width":69,"height":47,"uvs":[0.33332,0.04879,0.45054,0.23522,0.6459,0.27107,0.86569,0.2639,1,0.50052,1,0.84469,0.73382,0.91639,0.51892,1,0.14773,1,0.0354,0.73713,0.04516,0.51486,0,0.34277,0,0.03445,0.13796,0],"triangles":[4,6,2,4,2,3,5,6,4,1,11,0,0,11,13,11,1,10,11,12,13,10,6,9,10,1,6,6,7,9,8,9,7,2,6,1],"vertices":[3,2,27.89,-24.7,0.01187,3,16.41,-19.70999,0.1843,4,12.33,-15.37,0.80382,3,2,20.34,-15.47,0.31709,3,5.74,-14.38,0.49556,4,0.7,-17.98,0.18733,2,2,6.99,-12.98,0.47,1,-11.52,12.54,0.52999,2,1,3.63,12.88,0.52,18,1.81,12.87,0.48,2,1,14.08,1.76,0.52,18,11.75,1.29999,0.48,2,1,15.76,-14.41,0.52,18,12.72,-14.93,0.48,2,2,2.75,17.65,0.47,1,-5.46,-17.78,0.52999,2,2,17.95,23.49,0.58985,3,-12.37,20.19,0.41014,3,2,43.56,22.62,0.06953,3,11.33,29.88,0.85875,4,-22.95,19.84,0.07171,3,2,50.35,6.35,0.00275,3,24.19,17.81,0.68604,4,-5.35,18.62,0.31119,2,3,27.25,7.8,0.25598,4,3.34,12.8,0.74401,1,4,13.88,14.87,1,2,3,41.55,-10.92,0,4,26.26,7.32,1,1,4,25.21,-7.25,1],"edges":[0,2,2,4,4,6,6,8,8,10,10,12,12,14,14,16,16,18,18,20,20,22,22,24,24,26,0,26]}},"eyes1":{"eyes1":{"x":-0.51,"y":-1.23,"rotation":-91.92,"width":10,"height":7}},"eyes2":{"eyes2":{"x":0.52,"y":-0.44,"rotation":-92.1,"width":8,"height":6}},"head":{"head":{"type":"mesh","hull":4,"width":49,"height":48,"uvs":[1,1,0,1,0,0,1,0],"triangles":[1,2,3,1,3,0],"vertices":[1,19,-19.99,-8.59,1,1,19,5.33,33.34,1,1,19,46.42,8.53,1,1,19,21.09,-33.4,1],"edges":[0,2,2,4,4,6,0,6]}},"leg1":{"leg1":{"type":"mesh","hull":12,"width":26,"height":40,"uvs":[0.92632,0.00001,0.92392,0.31696,0.93688,0.51073,1,0.78876,1,1,0.28881,1,0.32769,0.80561,0.52238,0.75638,0.28869,0.66415,0,0.53395,0,0.20303,0.19688,0],"triangles":[1,8,11,11,8,10,8,9,10,1,11,0,4,5,7,5,6,7,7,3,4,7,2,3,2,7,1,1,7,8],"vertices":[1,5,-3.33,12.01,1,2,6,-1.48,12.75,0.2187,5,9.07,10.85,0.78129,3,6,5.28,8.96,0.8093,7,-11.55,-1.96,0.0013,5,16.81,10.37,0.18938,2,6,17.93,8.28,0.44602,7,-3.94,8.14999,0.55396,3,6,26.79,0.82,0.00715,7,7.18,11.36,0.99284,5,39.72,12.33,0,2,7,15.04,-8.38,0.99999,5,36.47,-8.66,0,2,6,6.99,-10.7,0.20058,7,5.73,-11.5,0.79941,3,6,7.97,-5.36,0.68089,7,1.84,-7.71,0.30936,5,25.44,-1.38,0.00973,3,6,1.64,-8.59,0.57138,7,1,-14.77,0.00145,5,21.13,-7.03,0.42714,2,6,-7.11,-12.87,0.11474,5,15.08,-14.68,0.88525,2,6,-19.4,-7.58,0.00002,5,1.71,-15.22,0.99997,1,5,-5.87,-6.56,1],"edges":[0,2,2,4,4,6,6,8,8,10,10,12,12,14,14,16,16,18,18,20,20,22,0,22]}},"leg2":{"leg2":{"type":"mesh","hull":11,"width":17,"height":35,"uvs":[0.8737,0,1,0.26898,1,0.49838,1,0.74018,1,1,0,1,0,0.70918,0.29929,0.70298,0.24823,0.48598,0,0.23798,0,0.00858],"triangles":[8,0,1,0,8,10,8,9,10,5,7,4,7,3,4,5,6,7,7,2,3,7,8,2,8,1,2],"vertices":[2,9,-12.72,7.25,0.00055,8,-1.25,8.34,0.99944,2,9,-2.02,9.43,0.45683,8,9.59,9.57,0.54316,3,9,6.32,10.68,0.90643,10,-11.97,2.52,0.04619,8,18.02,10.08,0.04737,2,9,15.06,11.64,0.55428,10,-6.95,9.74,0.44571,2,9,25.26,9.5,0.17062,10,1.37,16.02,0.82937,1,10,18.02,-2.87,1,2,9,9.85,-13,0.01144,10,8.18,-10.39,0.98855,2,9,10.71,-6.54,0.31722,10,3.88,-5.5,0.68276,3,9,3.07,-6.15,0.49,10,-1.42,-10.99,0.01515,8,13.31,-6.4,0.49484,2,9,-6.3,-9.64999,0.01875,8,3.66,-9.06,0.98124,1,8,-3.99,-6.63,1],"edges":[0,2,2,4,4,6,6,8,8,10,10,12,12,14,14,16,16,18,18,20,0,20]}},"leg3":{"leg3":{"type":"mesh","hull":10,"width":24,"height":30,"uvs":[0.91062,0,1,0.66384,1,1,0.33195,1,0.32291,0.73617,0.55799,0.69277,0.25962,0.52641,0,0.39621,0,0.05624,0.22345,0],"triangles":[3,4,5,5,1,2,3,5,2,7,8,9,6,9,0,7,9,6,5,6,0,1,5,0],"vertices":[1,13,0.81,10.69,1,2,13,21.98,7.4,0.70944,14,-5.95,4.67,0.29055,1,14,5.16,10.78,1,1,14,15.01,-1.94,1,2,13,16.73,-11.08,0.00594,14,8.35,-8.14999,0.99405,2,13,17.67,-5.37,0.44056,14,3.63,-4.8,0.55943,2,13,10.33,-10.1,0.9992,14,4.65,-13.47,0.00079,1,13,3.92,-15.44,1,1,13,-5.75,-12.16,1,1,13,-5.44,-4.55,1],"edges":[0,2,2,4,4,6,6,8,8,10,10,12,12,14,14,16,16,18,0,18]}},"leg4":{"leg4":{"type":"mesh","hull":8,"width":17,"height":27,"uvs":[0.96411,0,1,0.64256,1,1,0,1,0,0.67471,0.31311,0.64256,0.18546,0.20856,0.18546,0],"triangles":[6,7,0,5,6,0,5,0,1,3,4,5,5,1,2,3,5,2],"vertices":[1,11,-0.82,6.45,1,2,12,-6.33,4.05,0.20609,11,16.87999,7.49,0.7939,2,12,0.19,11.89,0.84747,11,27.08,7.14,0.15252,1,12,17.04,-3.12,1,1,12,9.81,-9.46,1,2,12,3.61,-4.98999,0.67832,11,15.85,-5.92,0.32167,1,11,4,-7.18,1,1,11,-2.05,-6.72,1],"edges":[0,2,2,4,4,6,6,8,8,10,10,12,12,14,0,14]}},"tail":{"tail":{"type":"mesh","hull":10,"width":26,"height":19,"uvs":[0.03761,1,0.40484,1,0.8138,0.70096,1,0.35833,1,0,0.72199,0,0.56342,0.17559,0.27965,0.38117,0,0.5068,0.01559,0.91727],"triangles":[2,6,3,6,5,3,5,4,3,7,2,1,7,6,2,1,0,9,1,9,7,9,8,7],"vertices":[1,15,-2.17,-4.39,1,2,15,7.53,-5.23,0.52999,16,-1.37,-5.44,0.47,3,15,19.64,-1.8,0.00124,16,10.94,-2.87,0.51,17,0.41,-3.66,0.48875,1,17,11.11,-6.98,1,1,17,16.59,-0.91,1,2,16,14.19,12.59,0.03969,17,11.41,7.68,0.9603,2,16,8.35,8.75,0.45615,17,4.42,7.55,0.54384,3,15,8.05,7.96,0.51,16,0.07,7.68,0.47679,17,-3.14,11.06,0.0132,1,15,-0.73,8.07,1,1,15,-6.15,-0.29,1],"edges":[0,2,2,4,4,6,6,8,8,10,10,12,12,14,14,16,16,18,0,18]}},"yuan7":{"yuan7":{"x":-0.2,"y":8.53,"width":84,"height":14}}}},"animations":{"move_order":{"bones":{"root":{"rotate":[{"time":0,"angle":0,"curve":"stepped"},{"time":1.0666,"angle":0}],"translate":[{"time":0,"x":0,"y":0,"curve":"stepped"},{"time":1.0666,"x":0,"y":0}],"scale":[{"time":0,"x":1,"y":1,"curve":"stepped"},{"time":1.0666,"x":1,"y":1}],"shear":[{"time":0,"x":0,"y":0}]},"head":{"rotate":[{"time":0,"angle":-1.19,"curve":[0.362,0.44,0.754,1]},{"time":0.0666,"angle":0,"curve":[0.25,0,0.75,1]},{"time":0.2,"angle":1.91,"curve":[0.25,0,0.75,1]},{"time":0.3333,"angle":0,"curve":[0.25,0,0.75,1]},{"time":0.4666,"angle":-1.89,"curve":[0.25,0,0.75,1]},{"time":0.6333,"angle":0,"curve":[0.25,0,0.75,1]},{"time":0.7666,"angle":1.91,"curve":[0.25,0,0.75,1]},{"time":0.9,"angle":0,"curve":[0.25,0,0.75,1]},{"time":1.0333,"angle":-1.89,"curve":[0.257,0,0.618,0.45]},{"time":1.0666,"angle":-1.19}],"translate":[{"time":0,"x":0,"y":0,"curve":"stepped"},{"time":0.5333,"x":0,"y":0,"curve":"stepped"},{"time":1.0666,"x":0,"y":0}],"scale":[{"time":0,"x":1,"y":1,"curve":"stepped"},{"time":0.5333,"x":1,"y":1,"curve":"stepped"},{"time":1.0666,"x":1,"y":1}],"shear":[{"time":0,"x":0,"y":0,"curve":"stepped"},{"time":0.5333,"x":0,"y":0}]},"body":{"rotate":[{"time":0,"angle":0,"curve":"stepped"},{"time":0.5333,"angle":0,"curve":"stepped"},{"time":1.0666,"angle":0}],"translate":[{"time":0,"x":0,"y":-1.29,"curve":[0.131,0.16,0.75,1]},{"time":0.2666,"x":0,"y":0.7,"curve":[0.25,0,0.75,1]},{"time":0.5333,"x":0,"y":-1.29,"curve":[0.25,0,0.75,1]},{"time":0.8,"x":0,"y":0.7,"curve":[0.25,0,0.836,0.78]},{"time":1.0666,"x":0,"y":-1.29}],"scale":[{"time":0,"x":1,"y":1,"curve":"stepped"},{"time":0.5333,"x":1,"y":1,"curve":"stepped"},{"time":1.0666,"x":1,"y":1}],"shear":[{"time":0,"x":0,"y":0,"curve":"stepped"},{"time":0.5333,"x":0,"y":0,"curve":"stepped"},{"time":1.0666,"x":0,"y":0}]},"bone":{"rotate":[{"time":0,"angle":0,"curve":[0.15,0.21,0.75,1]},{"time":0.2666,"angle":-1.16,"curve":[0.25,0,0.75,1]},{"time":0.5333,"angle":0,"curve":[0.25,0,0.75,1]},{"time":0.8,"angle":-1.5,"curve":[0.25,0,0.882,0.83]},{"time":1.0666,"angle":0}],"translate":[{"time":0,"x":0,"y":0,"curve":"stepped"},{"time":0.2666,"x":0,"y":0,"curve":"stepped"},{"time":0.5333,"x":0,"y":0,"curve":"stepped"},{"time":0.8,"x":0,"y":0,"curve":"stepped"},{"time":1.0666,"x":0,"y":0}],"scale":[{"time":0,"x":1,"y":1,"curve":"stepped"},{"time":0.2666,"x":1,"y":1,"curve":"stepped"},{"time":0.5333,"x":1,"y":1,"curve":"stepped"},{"time":0.8,"x":1,"y":1,"curve":"stepped"},{"time":1.0666,"x":1,"y":1}],"shear":[{"time":0,"x":0,"y":0}]},"bone2":{"rotate":[{"time":0,"angle":0,"curve":[0.136,0.18,0.75,1]},{"time":0.1333,"angle":0.35,"curve":[0.25,0,0.75,1]},{"time":0.2666,"angle":0,"curve":[0.25,0,0.75,1]},{"time":0.4,"angle":-0.62,"curve":[0.25,0,0.75,1]},{"time":0.5333,"angle":0,"curve":[0.25,0,0.75,1]},{"time":0.6666,"angle":0.73,"curve":[0.25,0,0.75,1]},{"time":0.8,"angle":0,"curve":[0.25,0,0.75,1]},{"time":0.9333,"angle":-0.32,"curve":[0.25,0,0.792,0.69]},{"time":1.0666,"angle":0}],"translate":[{"time":0,"x":0,"y":0,"curve":"stepped"},{"time":0.2666,"x":0,"y":0,"curve":"stepped"},{"time":0.5333,"x":0,"y":0,"curve":"stepped"},{"time":0.8,"x":0,"y":0,"curve":"stepped"},{"time":1.0666,"x":0,"y":0}],"scale":[{"time":0,"x":1,"y":1,"curve":"stepped"},{"time":0.2666,"x":1,"y":1,"curve":"stepped"},{"time":0.5333,"x":1,"y":1,"curve":"stepped"},{"time":0.8,"x":1,"y":1,"curve":"stepped"},{"time":1.0666,"x":1,"y":1}],"shear":[{"time":0,"x":0,"y":0}]},"bone3":{"rotate":[{"time":0,"angle":0,"curve":[0.178,0.24,0.75,1]},{"time":0.1333,"angle":0.35,"curve":[0.25,0,0.75,1]},{"time":0.2666,"angle":0,"curve":[0.25,0,0.75,1]},{"time":0.4,"angle":-0.62,"curve":[0.25,0,0.75,1]},{"time":0.5333,"angle":-1.39,"curve":[0.25,0,0.75,1]},{"time":0.6666,"angle":-0.02,"curve":[0.25,0,0.75,1]},{"time":0.8,"angle":0,"curve":[0.25,0,0.75,1]},{"time":0.9333,"angle":-0.32,"curve":[0.25,0,0.859,0.81]},{"time":1.0666,"angle":0}],"translate":[{"time":0,"x":0,"y":0,"curve":"stepped"},{"time":0.2666,"x":0,"y":0,"curve":"stepped"},{"time":0.5333,"x":0,"y":0,"curve":"stepped"},{"time":0.8,"x":0,"y":0,"curve":"stepped"},{"time":1.0666,"x":0,"y":0}],"scale":[{"time":0,"x":1,"y":1,"curve":"stepped"},{"time":0.2666,"x":1,"y":1,"curve":"stepped"},{"time":0.5333,"x":1,"y":1,"curve":"stepped"},{"time":0.8,"x":1,"y":1,"curve":"stepped"},{"time":1.0666,"x":1,"y":1}],"shear":[{"time":0,"x":0,"y":0}]},"leg1":{"rotate":[{"time":0,"angle":-36.36,"curve":[0.132,0.17,0.75,1]},{"time":0.5333,"angle":3.65,"curve":[0.25,0,0.75,1]},{"time":0.8,"angle":-33.84,"curve":[0.25,0,0.75,1]},{"time":0.9666,"angle":-44.35,"curve":[0.25,0,0.816,0.76]},{"time":1.0666,"angle":-36.36}],"translate":[{"time":0,"x":0,"y":0,"curve":"stepped"},{"time":0.5333,"x":0,"y":0,"curve":"stepped"},{"time":1.0666,"x":0,"y":0}],"scale":[{"time":0,"x":1,"y":1,"curve":"stepped"},{"time":0.5333,"x":1,"y":1,"curve":"stepped"},{"time":1.0666,"x":1,"y":1}],"shear":[{"time":0,"x":0,"y":0,"curve":"stepped"},{"time":0.5333,"x":0,"y":0,"curve":"stepped"},{"time":1.0666,"x":0,"y":0}]},"bone4":{"rotate":[{"time":0,"angle":3.74,"curve":[0.132,0.15,0.75,1]},{"time":0.5333,"angle":4.37,"curve":[0.267,0,0.617,0.42]},{"time":0.6666,"angle":21.75,"curve":[0.347,0.38,0.757,1]},{"time":0.9666,"angle":-1.14,"curve":[0.25,0,0.816,0.75]},{"time":1.0666,"angle":3.74}],"translate":[{"time":0,"x":0,"y":0,"curve":"stepped"},{"time":0.5333,"x":0,"y":0,"curve":[0.25,0,0.625,0.5]},{"time":0.8,"x":-0.72,"y":-0.38,"curve":[0.375,0.5,0.75,1]},{"time":1.0666,"x":0,"y":0}],"scale":[{"time":0,"x":1,"y":1,"curve":"stepped"},{"time":0.5333,"x":1,"y":1,"curve":"stepped"},{"time":1.0666,"x":1,"y":1}],"shear":[{"time":0,"x":0,"y":0,"curve":"stepped"},{"time":0.5333,"x":0,"y":0,"curve":"stepped"},{"time":1.0666,"x":0,"y":0}]},"bone5":{"rotate":[{"time":0,"angle":45.91,"curve":[0.141,0.13,0.75,1]},{"time":0.5333,"angle":0,"curve":[0.25,0,0.75,1]},{"time":0.6666,"angle":30.81,"curve":[0.25,0,0.75,1]},{"time":0.8,"angle":35.86,"curve":[0.25,0,0.75,1]},{"time":0.9666,"angle":46.05,"curve":[0.25,0,0.83,0.8]},{"time":1.0666,"angle":45.91}],"translate":[{"time":0,"x":0,"y":0,"curve":"stepped"},{"time":0.5333,"x":0,"y":0,"curve":"stepped"},{"time":1.0666,"x":0,"y":0}],"scale":[{"time":0,"x":1,"y":1,"curve":"stepped"},{"time":0.5333,"x":1,"y":1,"curve":"stepped"},{"time":1.0666,"x":1,"y":1}],"shear":[{"time":0,"x":0,"y":0,"curve":"stepped"},{"time":0.5333,"x":0,"y":0,"curve":"stepped"},{"time":1.0666,"x":0,"y":0}]},"bone6":{"rotate":[{"time":0,"angle":36.11,"curve":[0.155,0.19,0.75,1]},{"time":0.2666,"angle":23.15,"curve":[0.25,0,0.75,1]},{"time":0.5333,"angle":-23.06,"curve":[0.25,0,0.867,0.83]},{"time":1.0666,"angle":36.11}],"translate":[{"time":0,"x":0,"y":-1.21,"curve":[0.165,0.15,0.75,1]},{"time":0.1,"x":1.69,"y":-1.21,"curve":[0.25,0,0.75,1]},{"time":0.2666,"x":0.08,"y":0.44,"curve":[0.25,0,0.75,1]},{"time":0.4,"x":-0.98,"y":0.43,"curve":[0.231,0,0.648,0.51]},{"time":0.8,"x":-0.48,"y":-1.21,"curve":[0.432,0.42,0.812,0.83]},{"time":1.0666,"x":0,"y":-1.21}],"scale":[{"time":0,"x":1,"y":1,"curve":"stepped"},{"time":1.0666,"x":1,"y":1}],"shear":[{"time":0,"x":0,"y":0,"curve":"stepped"},{"time":1.0666,"x":0,"y":0}]},"bone7":{"rotate":[{"time":0,"angle":-42.32,"curve":[0.108,0.15,0.75,1]},{"time":0.1,"angle":-25.8,"curve":[0.25,0,0.75,1]},{"time":0.4,"angle":-64.32,"curve":[0.25,0,0.75,1]},{"time":0.5333,"angle":-29.88,"curve":[0.25,0,0.882,0.84]},{"time":1.0666,"angle":-42.32}],"translate":[{"time":0,"x":0,"y":0,"curve":"stepped"},{"time":0.2666,"x":0,"y":0},{"time":0.8,"x":-0.96,"y":0.72},{"time":1.0666,"x":0,"y":0}],"scale":[{"time":0,"x":1,"y":1,"curve":"stepped"},{"time":1.0666,"x":1,"y":1}],"shear":[{"time":0,"x":0,"y":0,"curve":"stepped"},{"time":1.0666,"x":0,"y":0}]},"bone8":{"rotate":[{"time":0,"angle":4.4,"curve":[0.146,0.17,0.75,1]},{"time":0.1,"angle":3.42,"curve":[0.25,0,0.75,1]},{"time":0.2666,"angle":44.8,"curve":[0.25,0,0.75,1]},{"time":0.4,"angle":69.18,"curve":[0.25,0,0.75,1]},{"time":0.5333,"angle":49.34,"curve":[0.262,0,0.611,0.39]},{"time":0.6666,"angle":44.37,"curve":[0.364,0.27,0.837,0.83]},{"time":1.0666,"angle":4.4}],"translate":[{"time":0,"x":0,"y":0,"curve":"stepped"},{"time":0.2666,"x":0,"y":0,"curve":"stepped"},{"time":1.0666,"x":0,"y":0}],"scale":[{"time":0,"x":1,"y":1,"curve":"stepped"},{"time":1.0666,"x":1,"y":1}],"shear":[{"time":0,"x":0,"y":0,"curve":"stepped"},{"time":1.0666,"x":0,"y":0}]},"leg4":{"rotate":[{"time":0,"angle":-23.8,"curve":[0.136,0.17,0.75,1]},{"time":0.2666,"angle":-10.73,"curve":[0.25,0,0.75,1]},{"time":0.5333,"angle":-1.95,"curve":[0.25,0,0.75,1]},{"time":0.6666,"angle":-9.23,"curve":[0.25,0,0.75,1]},{"time":0.8,"angle":-28.89,"curve":[0.25,0,0.75,1]},{"time":0.9333,"angle":-23.8,"curve":"stepped"},{"time":1.0666,"angle":-23.8}],"translate":[{"time":0,"x":0,"y":0,"curve":[0.132,0.15,0.75,1]},{"time":0.2666,"x":4.84,"y":-0.93,"curve":[0.25,0,0.75,1]},{"time":0.5333,"x":10.33,"y":0.89,"curve":[0.25,0,0.75,1]},{"time":0.6666,"x":8.78,"y":1.69,"curve":[0.25,0,0.75,1]},{"time":0.8,"x":8.24,"y":2.49,"curve":[0.25,0,0.75,1]},{"time":0.9333,"x":2.58,"y":1.42,"curve":[0.25,0,0.825,0.81]},{"time":1.0666,"x":0,"y":0}],"scale":[{"time":0,"x":1,"y":1,"curve":"stepped"},{"time":0.9333,"x":1,"y":1,"curve":"stepped"},{"time":1.0666,"x":1,"y":1}],"shear":[{"time":0,"x":0,"y":0,"curve":"stepped"},{"time":0.9333,"x":0,"y":0,"curve":"stepped"},{"time":1.0666,"x":0,"y":0}]},"bone9":{"rotate":[{"time":0,"angle":24.84,"curve":[0.113,0.13,0.75,1]},{"time":0.2666,"angle":11.33,"curve":[0.25,0,0.75,1]},{"time":0.5333,"angle":0.51,"curve":[0.25,0,0.75,1]},{"time":0.6666,"angle":22.28,"curve":[0.25,0,0.75,1]},{"time":0.8,"angle":77.52,"curve":[0.25,0,0.75,1]},{"time":0.9333,"angle":40.86,"curve":[0.25,0,0.811,0.77]},{"time":1.0666,"angle":24.84}],"translate":[{"time":0,"x":0,"y":0,"curve":"stepped"},{"time":0.6666,"x":0,"y":0,"curve":"stepped"},{"time":0.9333,"x":0,"y":0,"curve":"stepped"},{"time":1.0666,"x":0,"y":0}],"scale":[{"time":0,"x":1,"y":1,"curve":"stepped"},{"time":0.9333,"x":1,"y":1,"curve":"stepped"},{"time":1.0666,"x":1,"y":1}],"shear":[{"time":0,"x":0,"y":0,"curve":"stepped"},{"time":0.9333,"x":0,"y":0,"curve":"stepped"},{"time":1.0666,"x":0,"y":0}]},"leg3":{"rotate":[{"time":0,"angle":1.84,"curve":[0.146,0.15,0.75,1]},{"time":0.1333,"angle":9.36,"curve":[0.25,0,0.75,1]},{"time":0.4,"angle":-31.41,"curve":[0.25,0,0.75,1]},{"time":0.5333,"angle":-16.86,"curve":[0.25,0,0.75,1]},{"time":0.8,"angle":-7.83,"curve":[0.25,0,0.853,0.83]},{"time":1.0666,"angle":1.84}],"translate":[{"time":0,"x":11.68,"y":-1.61,"curve":[0.132,0.14,0.75,1]},{"time":0.1333,"x":8.7,"y":-1.18,"curve":[0.25,0,0.75,1]},{"time":0.2666,"x":5.8,"y":0.63,"curve":[0.25,0,0.75,1]},{"time":0.5333,"x":0,"y":0,"curve":[0.25,0,0.625,0.5]},{"time":0.8,"x":5.84,"y":-2.4,"curve":[0.375,0.5,0.75,1]},{"time":1.0666,"x":11.68,"y":-1.61}],"scale":[{"time":0,"x":1,"y":1,"curve":"stepped"},{"time":0.5333,"x":1,"y":1,"curve":"stepped"},{"time":0.8,"x":1,"y":1,"curve":"stepped"},{"time":1.0666,"x":1,"y":1}],"shear":[{"time":0,"x":0,"y":0,"curve":"stepped"},{"time":0.5333,"x":0,"y":0,"curve":"stepped"},{"time":1.0666,"x":0,"y":0}]},"bone10":{"rotate":[{"time":0,"angle":-0.39,"curve":[0.113,0.16,0.75,1]},{"time":0.1,"angle":12.31,"curve":[0.25,0,0.75,1]},{"time":0.2666,"angle":51.43,"curve":[0.25,0,0.75,1]},{"time":0.4333,"angle":26.74,"curve":[0.25,0,0.75,1]},{"time":0.5333,"angle":21.28,"curve":[0.25,0,0.75,1]},{"time":0.8,"angle":14.76,"curve":[0.25,0,0.867,0.83]},{"time":1.0666,"angle":-0.39}],"translate":[{"time":0,"x":0,"y":0,"curve":"stepped"},{"time":0.5333,"x":0,"y":0,"curve":"stepped"},{"time":0.8,"x":0,"y":0,"curve":"stepped"},{"time":1.0666,"x":0,"y":0}],"scale":[{"time":0,"x":1,"y":1,"curve":"stepped"},{"time":0.5333,"x":1,"y":1,"curve":"stepped"},{"time":0.8,"x":1,"y":1,"curve":"stepped"},{"time":1.0666,"x":1,"y":1}],"shear":[{"time":0,"x":0,"y":0,"curve":"stepped"},{"time":0.5333,"x":0,"y":0,"curve":"stepped"},{"time":1.0666,"x":0,"y":0}]},"tail":{"rotate":[{"time":0,"angle":0},{"time":0.5333,"angle":-15.48},{"time":1.0666,"angle":0}],"translate":[{"time":0,"x":0,"y":0,"curve":"stepped"},{"time":1.0666,"x":0,"y":0}],"scale":[{"time":0,"x":1,"y":1,"curve":"stepped"},{"time":1.0666,"x":1,"y":1}],"shear":[{"time":0,"x":0,"y":0}]},"bone11":{"rotate":[{"time":0,"angle":-5.41,"curve":[0.221,0.25,0.75,1]},{"time":0.2,"angle":2.86,"curve":[0.25,0,0.75,1]},{"time":0.7333,"angle":-15.48,"curve":[0.25,0,0.849,0.83]},{"time":1.0666,"angle":-5.41}],"translate":[{"time":0,"x":0,"y":0,"curve":"stepped"},{"time":1.0666,"x":0,"y":0}],"scale":[{"time":0,"x":1,"y":1,"curve":"stepped"},{"time":1.0666,"x":1,"y":1}],"shear":[{"time":0,"x":0,"y":0}]},"bone12":{"rotate":[{"time":0,"angle":-17.18},{"time":0.3666,"angle":6.67,"curve":[0.25,0,0.75,1]},{"time":0.9,"angle":-21.11,"curve":[0.25,0,0.802,0.75]},{"time":1.0666,"angle":-17.18}],"translate":[{"time":0,"x":0,"y":0,"curve":"stepped"},{"time":1.0666,"x":0,"y":0}],"scale":[{"time":0,"x":1,"y":1,"curve":"stepped"},{"time":1.0666,"x":1,"y":1}],"shear":[{"time":0,"x":0,"y":0}]},"bone13":{"rotate":[{"time":0,"angle":0,"curve":"stepped"},{"time":1.0666,"angle":0}],"translate":[{"time":0,"x":0,"y":0,"curve":"stepped"},{"time":1.0666,"x":0,"y":0}],"scale":[{"time":0,"x":1,"y":1,"curve":"stepped"},{"time":1.0666,"x":1,"y":1}],"shear":[{"time":0,"x":0,"y":0}]},"eyes2":{"rotate":[{"time":0,"angle":0,"curve":"stepped"},{"time":0.5333,"angle":0,"curve":"stepped"},{"time":0.6333,"angle":0,"curve":"stepped"},{"time":0.7,"angle":0,"curve":"stepped"},{"time":1.0666,"angle":0}],"translate":[{"time":0,"x":0,"y":0,"curve":"stepped"},{"time":0.5333,"x":0,"y":0},{"time":0.6333,"x":-0.42,"y":0.25},{"time":0.7,"x":0,"y":0,"curve":"stepped"},{"time":1.0666,"x":0,"y":0}],"scale":[{"time":0,"x":1,"y":1,"curve":"stepped"},{"time":0.5333,"x":1,"y":1},{"time":0.6333,"x":0.084,"y":1},{"time":0.7,"x":1,"y":1,"curve":"stepped"},{"time":1.0666,"x":1,"y":1}]},"bone14":{"rotate":[{"time":0,"angle":0,"curve":"stepped"},{"time":0.5333,"angle":0,"curve":"stepped"},{"time":0.6333,"angle":0,"curve":"stepped"},{"time":0.7,"angle":0,"curve":"stepped"},{"time":1.0666,"angle":0}],"translate":[{"time":0,"x":0,"y":0,"curve":"stepped"},{"time":0.5333,"x":0,"y":0},{"time":0.6333,"x":-1.27,"y":0.75},{"time":0.7,"x":0,"y":0,"curve":"stepped"},{"time":1.0666,"x":0,"y":0}],"scale":[{"time":0,"x":1,"y":1,"curve":"stepped"},{"time":0.5333,"x":1,"y":1},{"time":0.6333,"x":0.054,"y":1},{"time":0.7,"x":1,"y":1,"curve":"stepped"},{"time":1.0666,"x":1,"y":1}]},"yuan7":{"rotate":[{"time":0,"angle":0,"curve":"stepped"},{"time":0.2666,"angle":0,"curve":"stepped"},{"time":0.5333,"angle":0,"curve":"stepped"},{"time":0.8,"angle":0,"curve":"stepped"},{"time":1.0666,"angle":0}],"translate":[{"time":0,"x":0,"y":0,"curve":"stepped"},{"time":0.2666,"x":0,"y":0,"curve":"stepped"},{"time":0.5333,"x":0,"y":0,"curve":"stepped"},{"time":0.8,"x":0,"y":0,"curve":"stepped"},{"time":1.0666,"x":0,"y":0}],"scale":[{"time":0,"x":1,"y":1},{"time":0.2666,"x":0.904,"y":1},{"time":0.5333,"x":1,"y":1},{"time":0.8,"x":0.904,"y":1},{"time":1.0666,"x":1,"y":1}]}}},"stand":{"bones":{"root":{"rotate":[{"time":0,"angle":0,"curve":"stepped"},{"time":1.3333,"angle":0}],"translate":[{"time":0,"x":0,"y":0,"curve":"stepped"},{"time":1.3333,"x":0,"y":0}],"scale":[{"time":0,"x":1,"y":1}],"shear":[{"time":0,"x":0,"y":0}]},"leg1":{"rotate":[{"time":0,"angle":0,"curve":"stepped"},{"time":1.3333,"angle":0}],"translate":[{"time":0,"x":0,"y":0},{"time":0.6666,"x":0,"y":-1.3},{"time":1.3333,"x":0,"y":0}],"scale":[{"time":0,"x":1,"y":1}],"shear":[{"time":0,"x":0,"y":0}]},"body":{"rotate":[{"time":0,"angle":0,"curve":"stepped"},{"time":1.3333,"angle":0}],"translate":[{"time":0,"x":0,"y":0},{"time":0.6666,"x":0,"y":-0.35},{"time":1.3333,"x":0,"y":0}],"scale":[{"time":0,"x":1,"y":1}],"shear":[{"time":0,"x":0,"y":0}]},"bone":{"rotate":[{"time":0,"angle":0,"curve":[0.25,0,0.75,1]},{"time":0.6666,"angle":1.88,"curve":[0.25,0,0.75,1]},{"time":1.3333,"angle":0}],"translate":[{"time":0,"x":0,"y":0,"curve":"stepped"},{"time":1.3333,"x":0,"y":0}],"scale":[{"time":0,"x":1,"y":1}],"shear":[{"time":0,"x":0,"y":0}]},"bone2":{"rotate":[{"time":0,"angle":0,"curve":[0.25,0,0.75,1]},{"time":0.6666,"angle":2,"curve":[0.25,0,0.75,1]},{"time":1.3333,"angle":0}],"translate":[{"time":0,"x":0,"y":0,"curve":[0.25,0,0.75,1]},{"time":0.6666,"x":-1.39,"y":0.08,"curve":[0.25,0,0.75,1]},{"time":1.3333,"x":0,"y":0}],"scale":[{"time":0,"x":1,"y":1}],"shear":[{"time":0,"x":0,"y":0}]},"bone3":{"rotate":[{"time":0,"angle":0,"curve":"stepped"},{"time":1.3333,"angle":0}],"translate":[{"time":0,"x":0,"y":0,"curve":"stepped"},{"time":1.3333,"x":0,"y":0}],"scale":[{"time":0,"x":1,"y":1}],"shear":[{"time":0,"x":0,"y":0}]},"bone4":{"rotate":[{"time":0,"angle":0,"curve":"stepped"},{"time":1.3333,"angle":0}],"translate":[{"time":0,"x":0,"y":0},{"time":0.6666,"x":-1.63,"y":0.17},{"time":1.3333,"x":0,"y":0}],"scale":[{"time":0,"x":1,"y":1}],"shear":[{"time":0,"x":0,"y":0}]},"bone5":{"rotate":[{"time":0,"angle":0,"curve":"stepped"},{"time":1.3333,"angle":0}],"translate":[{"time":0,"x":0,"y":0,"curve":"stepped"},{"time":1.3333,"x":0,"y":0}],"scale":[{"time":0,"x":1,"y":1}],"shear":[{"time":0,"x":0,"y":0}]},"bone6":{"rotate":[{"time":0,"angle":0,"curve":"stepped"},{"time":1.3333,"angle":0}],"translate":[{"time":0,"x":0,"y":0},{"time":0.6666,"x":0,"y":-1.26},{"time":1.3333,"x":0,"y":0}],"scale":[{"time":0,"x":1,"y":1}],"shear":[{"time":0,"x":0,"y":0}]},"bone7":{"rotate":[{"time":0,"angle":0,"curve":"stepped"},{"time":1.3333,"angle":0}],"translate":[{"time":0,"x":0,"y":0},{"time":0.6666,"x":-0.62,"y":0.16},{"time":1.3333,"x":0,"y":0}],"scale":[{"time":0,"x":1,"y":1}],"shear":[{"time":0,"x":0,"y":0}]},"bone8":{"rotate":[{"time":0,"angle":0,"curve":"stepped"},{"time":1.3333,"angle":0}],"translate":[{"time":0,"x":0,"y":0},{"time":0.6666,"x":-1.11,"y":0.18},{"time":1.3333,"x":0,"y":0}],"scale":[{"time":0,"x":1,"y":1}],"shear":[{"time":0,"x":0,"y":0}]},"leg4":{"rotate":[{"time":0,"angle":0,"curve":"stepped"},{"time":1.3333,"angle":0}],"translate":[{"time":0,"x":0,"y":0},{"time":0.6666,"x":0,"y":-1.13},{"time":1.3333,"x":0,"y":0}],"scale":[{"time":0,"x":1,"y":1}],"shear":[{"time":0,"x":0,"y":0}]},"bone9":{"rotate":[{"time":0,"angle":0,"curve":"stepped"},{"time":1.3333,"angle":0}],"translate":[{"time":0,"x":0,"y":0},{"time":0.6666,"x":-1.5,"y":0.11},{"time":1.3333,"x":0,"y":0}],"scale":[{"time":0,"x":1,"y":1}],"shear":[{"time":0,"x":0,"y":0}]},"leg3":{"rotate":[{"time":0,"angle":0,"curve":"stepped"},{"time":1.3333,"angle":0}],"translate":[{"time":0,"x":0,"y":0},{"time":0.6666,"x":0,"y":-1.13},{"time":1.3333,"x":0,"y":0}],"scale":[{"time":0,"x":1,"y":1}],"shear":[{"time":0,"x":0,"y":0}]},"bone10":{"rotate":[{"time":0,"angle":0,"curve":"stepped"},{"time":1.3333,"angle":0}],"translate":[{"time":0,"x":0,"y":0},{"time":0.6666,"x":-1.31,"y":0.53},{"time":1.3333,"x":0,"y":0}],"scale":[{"time":0,"x":1,"y":1}],"shear":[{"time":0,"x":0,"y":0}]},"head":{"rotate":[{"time":0,"angle":0,"curve":[0.174,0.21,0.75,1]},{"time":0.3333,"angle":-3.23,"curve":[0.25,0,0.75,1]},{"time":1,"angle":1.78,"curve":[0.25,0,0.885,0.84]},{"time":1.3333,"angle":0}],"translate":[{"time":0,"x":0,"y":0,"curve":"stepped"},{"time":1.3333,"x":0,"y":0}],"scale":[{"time":0,"x":1,"y":1}],"shear":[{"time":0,"x":0,"y":0}]},"tail":{"rotate":[{"time":0,"angle":0,"curve":[0.25,0,0.75,1]},{"time":0.6666,"angle":-8.83,"curve":[0.25,0,0.75,1]},{"time":1.3333,"angle":0}],"translate":[{"time":0,"x":0,"y":0,"curve":"stepped"},{"time":1.3333,"x":0,"y":0}],"scale":[{"time":0,"x":1,"y":1}],"shear":[{"time":0,"x":0,"y":0}]},"bone11":{"rotate":[{"time":0,"angle":-2.13,"curve":[0.19,0.19,0.75,1]},{"time":0.2,"angle":0,"curve":[0.25,0,0.75,1]},{"time":0.8666,"angle":-8.83,"curve":[0.242,0,0.655,0.62]},{"time":1.3333,"angle":-2.13}],"translate":[{"time":0,"x":0,"y":0,"curve":"stepped"},{"time":1.3333,"x":0,"y":0}],"scale":[{"time":0,"x":1,"y":1}],"shear":[{"time":0,"x":0,"y":0}]},"bone12":{"rotate":[{"time":0,"angle":-6.14,"curve":[0.138,0.15,0.75,1]},{"time":0.4333,"angle":0,"curve":[0.25,0,0.75,1]},{"time":1.1,"angle":-8.83,"curve":[0.25,0,0.853,0.81]},{"time":1.3333,"angle":-6.14}],"translate":[{"time":0,"x":0,"y":0,"curve":"stepped"},{"time":1.3333,"x":0,"y":0}],"scale":[{"time":0,"x":1,"y":1}],"shear":[{"time":0,"x":0,"y":0}]},"bone13":{"translate":[{"time":0,"x":0,"y":0},{"time":0.6666,"x":0,"y":-1.41},{"time":1.3333,"x":0,"y":0}]},"eyes2":{"rotate":[{"time":0,"angle":0,"curve":"stepped"},{"time":0.6666,"angle":0},{"time":0.7666,"angle":-1.03},{"time":0.8666,"angle":0,"curve":"stepped"},{"time":1.3333,"angle":0}],"translate":[{"time":0,"x":0,"y":0,"curve":"stepped"},{"time":0.6666,"x":0,"y":0},{"time":0.7666,"x":-0.06,"y":0.04},{"time":0.8666,"x":0,"y":0,"curve":"stepped"},{"time":1.3333,"x":0,"y":0}],"scale":[{"time":0,"x":1,"y":1,"curve":"stepped"},{"time":0.6666,"x":1,"y":1},{"time":0.7666,"x":0.034,"y":1},{"time":0.8666,"x":1,"y":1,"curve":"stepped"},{"time":1.3333,"x":1,"y":1}]},"bone14":{"rotate":[{"time":0,"angle":0,"curve":"stepped"},{"time":0.6666,"angle":0},{"time":0.7666,"angle":-1.5},{"time":0.8666,"angle":0,"curve":"stepped"},{"time":1.3333,"angle":0}],"translate":[{"time":0,"x":0,"y":0,"curve":"stepped"},{"time":0.6666,"x":0,"y":0},{"time":0.7666,"x":-1.16,"y":0.81},{"time":0.8666,"x":0,"y":0,"curve":"stepped"},{"time":1.3333,"x":0,"y":0}],"scale":[{"time":0,"x":1,"y":1,"curve":"stepped"},{"time":0.6666,"x":1,"y":1},{"time":0.7666,"x":0.034,"y":1},{"time":0.8666,"x":1,"y":1,"curve":"stepped"},{"time":1.3333,"x":1,"y":1}]}}}}},[0]]],0,0,[0],[-1],[0]]