[1,["d1Skq8qjhMGZKB8NGEffvu"],0,[["sp.SkeletonData",["_name","_atlasText","textureNames","_skeletonJson","textures"],-1,3]],[[0,0,1,2,3,4,5]],[[0,"KaFeiShi_boy","\nKaFeiShi_boy.png\nsize: 512,512\nformat: RGBA8888\nfilter: Linear,Linear\nrepeat: none\nV1/body_boy_V1\n  rotate: false\n  xy: 2, 32\n  size: 46, 68\n  orig: 46, 68\n  offset: 0, 0\n  index: -1\nV1/head_boy_V1\n  rotate: true\n  xy: 93, 433\n  size: 77, 90\n  orig: 77, 90\n  offset: 0, 0\n  index: -1\nV1/head_boy_happy_V1\n  rotate: false\n  xy: 2, 242\n  size: 77, 90\n  orig: 77, 90\n  offset: 0, 0\n  index: -1\nV1/youjiao_boy_V1\n  rotate: false\n  xy: 24, 2\n  size: 17, 28\n  orig: 17, 28\n  offset: 0, 0\n  index: -1\nV1/youshou_boy_V1\n  rotate: false\n  xy: 50, 58\n  size: 16, 42\n  orig: 16, 42\n  offset: 0, 0\n  index: -1\nV1/zuojiao_boy_V1\n  rotate: false\n  xy: 43, 2\n  size: 17, 28\n  orig: 17, 28\n  offset: 0, 0\n  index: -1\nV1/zuoshou_boy_V1\n  rotate: true\n  xy: 296, 428\n  size: 16, 44\n  orig: 16, 44\n  offset: 0, 0\n  index: -1\nbody_boy\n  rotate: true\n  xy: 296, 466\n  size: 44, 65\n  orig: 44, 65\n  offset: 0, 0\n  index: -1\nhanshui\n  rotate: false\n  xy: 185, 476\n  size: 109, 34\n  orig: 109, 34\n  offset: 0, 0\n  index: -1\nhead_boy\n  rotate: false\n  xy: 2, 334\n  size: 87, 86\n  orig: 87, 86\n  offset: 0, 0\n  index: -1\nhead_boy_happy\n  rotate: false\n  xy: 2, 422\n  size: 89, 88\n  orig: 89, 88\n  offset: 0, 0\n  index: -1\nkafei-JiQi\n  rotate: false\n  xy: 2, 169\n  size: 68, 71\n  orig: 68, 71\n  offset: 0, 0\n  index: -1\nline1\n  rotate: false\n  xy: 296, 446\n  size: 53, 18\n  orig: 53, 18\n  offset: 0, 0\n  index: -1\nline2\n  rotate: true\n  xy: 133, 373\n  size: 44, 40\n  orig: 44, 40\n  offset: 0, 0\n  index: -1\nline3\n  rotate: false\n  xy: 435, 500\n  size: 50, 10\n  orig: 50, 10\n  offset: 0, 0\n  index: -1\nline4\n  rotate: false\n  xy: 185, 429\n  size: 66, 45\n  orig: 66, 45\n  offset: 0, 0\n  index: -1\nline5\n  rotate: false\n  xy: 2, 2\n  size: 20, 28\n  orig: 20, 28\n  offset: 0, 0\n  index: -1\nline6\n  rotate: true\n  xy: 363, 490\n  size: 20, 70\n  orig: 20, 70\n  offset: 0, 0\n  index: -1\nline7\n  rotate: true\n  xy: 93, 419\n  size: 12, 78\n  orig: 12, 78\n  offset: 0, 0\n  index: -1\npeper1\n  rotate: true\n  xy: 81, 264\n  size: 17, 11\n  orig: 17, 11\n  offset: 0, 0\n  index: -1\npeper2\n  rotate: false\n  xy: 2, 102\n  size: 57, 65\n  orig: 57, 65\n  offset: 0, 0\n  index: -1\npeper3\n  rotate: true\n  xy: 173, 420\n  size: 11, 9\n  orig: 11, 9\n  offset: 0, 0\n  index: -1\npeper4\n  rotate: true\n  xy: 50, 32\n  size: 24, 27\n  orig: 24, 27\n  offset: 0, 0\n  index: -1\npeper5\n  rotate: false\n  xy: 435, 490\n  size: 9, 8\n  orig: 9, 8\n  offset: 0, 0\n  index: -1\npeper6\n  rotate: false\n  xy: 91, 372\n  size: 40, 45\n  orig: 40, 45\n  offset: 0, 0\n  index: -1\nstar\n  rotate: false\n  xy: 91, 340\n  size: 31, 30\n  orig: 31, 30\n  offset: 0, 0\n  index: -1\nstar2\n  rotate: false\n  xy: 253, 433\n  size: 41, 41\n  orig: 41, 41\n  offset: 0, 0\n  index: -1\nstar3\n  rotate: false\n  xy: 408, 466\n  size: 22, 22\n  orig: 22, 22\n  offset: 0, 0\n  index: -1\nstar4\n  rotate: false\n  xy: 61, 104\n  size: 18, 18\n  orig: 18, 18\n  offset: 0, 0\n  index: -1\nyoujiao\n  rotate: false\n  xy: 62, 2\n  size: 15, 28\n  orig: 15, 28\n  offset: 0, 0\n  index: -1\nyoushou\n  rotate: false\n  xy: 61, 124\n  size: 16, 43\n  orig: 16, 43\n  offset: 0, 0\n  index: -1\nyouyan_boy\n  rotate: true\n  xy: 487, 500\n  size: 10, 13\n  orig: 10, 13\n  offset: 0, 0\n  index: -1\nyouyan_boy_closed\n  rotate: false\n  xy: 91, 334\n  size: 12, 4\n  orig: 12, 4\n  offset: 0, 0\n  index: -1\nyouyan_happy\n  rotate: true\n  xy: 81, 249\n  size: 13, 12\n  orig: 13, 12\n  offset: 0, 0\n  index: -1\nyouyan_jingya\n  rotate: false\n  xy: 68, 90\n  size: 12, 12\n  orig: 12, 12\n  offset: 0, 0\n  index: -1\nzui_boy_happy\n  rotate: true\n  xy: 81, 283\n  size: 19, 13\n  orig: 19, 13\n  offset: 0, 0\n  index: -1\nzui_jingya\n  rotate: true\n  xy: 502, 499\n  size: 11, 8\n  orig: 11, 8\n  offset: 0, 0\n  index: -1\nzuojiao\n  rotate: false\n  xy: 81, 304\n  size: 14, 28\n  orig: 14, 28\n  offset: 0, 0\n  index: -1\nzuoshou\n  rotate: true\n  xy: 363, 470\n  size: 18, 43\n  orig: 18, 43\n  offset: 0, 0\n  index: -1\nzuoyan_boy_closed\n  rotate: true\n  xy: 124, 358\n  size: 12, 4\n  orig: 12, 4\n  offset: 0, 0\n  index: -1\nzuoyan_happy\n  rotate: true\n  xy: 351, 451\n  size: 13, 12\n  orig: 13, 12\n  offset: 0, 0\n  index: -1\nzuoyan_jingya\n  rotate: false\n  xy: 68, 76\n  size: 12, 12\n  orig: 12, 12\n  offset: 0, 0\n  index: -1\n",["KaFeiShi_boy.png"],{"skeleton":{"hash":"JWFqcp4bGpT0UssF4vQQEhr9wd8","spine":"3.3.07","width":269.35,"height":221.18,"images":"./images/"},"bones":[{"name":"root"},{"name":"body_boy","parent":"root","length":23,"rotation":90,"x":-3.1,"y":34.15},{"name":"body_girlA1","parent":"body_boy","length":26,"x":23,"inheritScale":false},{"name":"head_girlA","parent":"body_girlA1","length":70,"x":31.45,"y":-0.2},{"name":"hair_girlA_happy","parent":"head_girlA","length":23,"rotation":-145.6,"x":67.55,"y":-11.2},{"name":"hair_girlA_happy1","parent":"hair_girlA_happy","length":30,"rotation":-26.96,"x":24.1,"y":-1.17},{"name":"hair_girlA_happy2","parent":"hair_girlA_happy1","length":39,"rotation":-1.11,"x":31.25,"y":-0.09},{"name":"hanshui","parent":"root","x":105.55,"y":16.6},{"name":"line1","parent":"root","x":59.6,"y":105.45},{"name":"line2","parent":"root","x":47.9,"y":130.05},{"name":"line3","parent":"root","x":-55.05,"y":89.95},{"name":"line4","parent":"root","x":-59,"y":122.2},{"name":"line5","parent":"root","x":-24.25,"y":153.55},{"name":"line6","parent":"root","x":-12.35,"y":171.45},{"name":"line7","parent":"root","x":5.05,"y":182.9},{"name":"peper1","parent":"root","x":82.55,"y":121.95},{"name":"peper2","parent":"root","x":-79.94,"y":153.2},{"name":"peper3","parent":"root","x":92.15,"y":152.2},{"name":"peper4","parent":"root","x":-50.4,"y":171},{"name":"peper5","parent":"root","x":-55.05,"y":138.95},{"name":"peper6","parent":"root","x":45.4,"y":162.25},{"name":"star","parent":"root","x":-47.2,"y":93.85},{"name":"star2","parent":"root","x":57.35,"y":136.35},{"name":"star3","parent":"root","x":41.9,"y":85.65},{"name":"star4","parent":"root","x":-32.4,"y":148.64},{"name":"youjiao","parent":"body_boy","length":17,"rotation":-179.2,"x":-6.8,"y":5.45,"inheritScale":false},{"name":"youshou","parent":"body_girlA1","length":17,"rotation":159.42,"x":21.85,"y":12.75,"inheritScale":false},{"name":"youshou1","parent":"youshou","length":18,"rotation":18.18,"x":18.59,"y":0.83},{"name":"zuojiao","parent":"body_boy","length":18,"rotation":-180,"x":-6.8,"y":-8.64,"inheritScale":false},{"name":"zuoshou","parent":"body_girlA1","length":17,"rotation":-157.51,"x":19.65,"y":-13.6,"inheritScale":false},{"name":"zuoshou1","parent":"zuoshou","length":16,"rotation":-17.47,"x":18.12,"y":-0.52}],"slots":[{"name":"youjiao","bone":"youjiao","attachment":"youjiao"},{"name":"zuojiao","bone":"zuojiao","attachment":"zuojiao"},{"name":"body_boy","bone":"body_boy","attachment":"body_boy"},{"name":"head_boy_happy","bone":"head_girlA","attachment":"head_boy_happy"},{"name":"head_boy","bone":"head_girlA","attachment":"head_boy"},{"name":"youshou","bone":"youshou","attachment":"youshou"},{"name":"zuoshou","bone":"zuoshou","attachment":"zuoshou"},{"name":"zuoyan_happy","bone":"head_girlA","attachment":"KaFeiShi/zuoyan_happy"},{"name":"zui_girl_happy","bone":"head_girlA","attachment":"KaFeiShi/zui_girl_happy"},{"name":"youyan_happy","bone":"head_girlA","attachment":"KaFeiShi/youyan_happy"},{"name":"star","bone":"star","attachment":"KaFeiShi/star"},{"name":"star2","bone":"star2","attachment":"KaFeiShi/star2"},{"name":"star3","bone":"star3","attachment":"KaFeiShi/star3"},{"name":"star4","bone":"star4","attachment":"KaFeiShi/star4"},{"name":"peper6","bone":"peper6","attachment":"KaFeiShi/peper6"},{"name":"peper5","bone":"peper5","attachment":"KaFeiShi/peper5"},{"name":"peper4","bone":"peper4","attachment":"KaFeiShi/peper4"},{"name":"peper3","bone":"peper3","attachment":"KaFeiShi/peper3"},{"name":"peper2","bone":"peper2","attachment":"KaFeiShi/peper2"},{"name":"peper1","bone":"peper1","attachment":"KaFeiShi/peper1"},{"name":"line1","bone":"line1","attachment":"KaFeiShi/line1"},{"name":"line2","bone":"line2","attachment":"KaFeiShi/line2"},{"name":"line3","bone":"line3","attachment":"KaFeiShi/line3"},{"name":"line4","bone":"line4","attachment":"KaFeiShi/line4"},{"name":"line5","bone":"line5","attachment":"KaFeiShi/line5"},{"name":"line6","bone":"line6","attachment":"KaFeiShi/line6"},{"name":"line7","bone":"line7","attachment":"KaFeiShi/line7"},{"name":"kafei-JiQi","bone":"root","attachment":"KaFeiShi/kafei-JiQi"},{"name":"hanshui","bone":"hanshui","attachment":"KaFeiShi_V1/hanshui"},{"name":"youyan_girlA","bone":"head_girlA","attachment":"KaFeiShi_V1/youyan_girlA"},{"name":"zuoyan_girlA","bone":"head_girlA","attachment":"KaFeiShi_V1/zuoyan_girlA"},{"name":"youyan_girl_closed","bone":"head_girlA","attachment":"KaFeiShi_V1/youyan_girl_closed"},{"name":"zuoyan_girl_closed","bone":"head_girlA","attachment":"KaFeiShi_V1/zuoyan_girl_closed"},{"name":"youyan_jingya","bone":"head_girlA","attachment":"KaFeiShi_V1/youyan_jingya"},{"name":"zuoyan_jingya","bone":"head_girlA","attachment":"KaFeiShi_V1/zuoyan_jingya"},{"name":"zui_jingya","bone":"head_girlA","attachment":"KaFeiShi_V1/zui_jingya"}],"skins":{"default":{"hanshui":{"KaFeiShi_V1/hanshui":{"path":"hanshui","x":-1.71,"y":-0.01,"width":109,"height":34}},"kafei-JiQi":{"KaFeiShi/kafei-JiQi":{"path":"kafei-JiQi","x":-3.86,"y":34.93,"rotation":-0.27,"width":68,"height":71}},"line1":{"KaFeiShi/line1":{"path":"line1","x":-2.96,"y":-0.02,"rotation":-0.27,"width":53,"height":18}},"line2":{"KaFeiShi/line2":{"path":"line2","x":0.24,"y":-1.62,"rotation":-0.27,"width":44,"height":40}},"line3":{"KaFeiShi/line3":{"path":"line3","x":3.19,"y":-0.52,"rotation":-0.27,"width":50,"height":10}},"line4":{"KaFeiShi/line4":{"path":"line4","x":0.14,"y":-1.27,"rotation":-0.27,"width":66,"height":45}},"line5":{"KaFeiShi/line5":{"path":"line5","x":0.39,"y":-0.12,"rotation":-0.27,"width":20,"height":28}},"line6":{"KaFeiShi/line6":{"path":"line6","x":1.49,"y":-6.02,"rotation":-0.27,"width":20,"height":70}},"line7":{"KaFeiShi/line7":{"path":"line7","x":1.09,"y":-1.47,"rotation":-0.27,"width":12,"height":78}},"peper1":{"KaFeiShi/peper1":{"path":"peper1","x":-0.91,"y":-0.02,"rotation":-0.27,"width":17,"height":11}},"peper2":{"KaFeiShi/peper2":{"path":"peper2","x":-2.41,"y":-8.27,"rotation":-0.27,"width":57,"height":65}},"peper3":{"KaFeiShi/peper3":{"path":"peper3","x":-1.51,"y":1.73,"rotation":-0.27,"width":11,"height":9}},"peper4":{"KaFeiShi/peper4":{"path":"peper4","x":-0.46,"y":3.93,"rotation":-0.27,"width":24,"height":27}},"peper5":{"KaFeiShi/peper5":{"path":"peper5","x":-0.31,"y":-1.52,"rotation":-0.27,"width":9,"height":8}},"peper6":{"KaFeiShi/peper6":{"path":"peper6","x":4.73,"y":2.68,"rotation":-0.27,"width":40,"height":45}},"star":{"KaFeiShi/star":{"path":"star","x":0.84,"y":-0.42,"rotation":-0.27,"width":31,"height":30}},"star2":{"KaFeiShi/star2":{"path":"star2","x":0.29,"y":-1.42,"rotation":-0.27,"width":41,"height":41}},"star3":{"KaFeiShi/star3":{"path":"star3","x":0.24,"y":-0.22,"rotation":-0.27,"width":22,"height":22}},"star4":{"KaFeiShi/star4":{"path":"star4","x":1.54,"y":-1.22,"rotation":-0.27,"width":18,"height":18}},"youyan_girlA":{"KaFeiShi_V1/youyan_girlA":{"path":"youyan_boy","x":24.7,"y":14.31,"rotation":-90,"width":10,"height":13}},"youyan_girl_closed":{"KaFeiShi_V1/youyan_girl_closed":{"path":"youyan_boy_closed","x":24.47,"y":15.63,"rotation":-90,"width":12,"height":4}},"youyan_happy":{"KaFeiShi/youyan_happy":{"path":"youyan_happy","x":24.83,"y":15,"rotation":-90.27,"width":13,"height":12}},"youyan_jingya":{"KaFeiShi_V1/youyan_jingya":{"path":"youyan_jingya","x":24.7,"y":15.23,"rotation":-90,"width":12,"height":12}},"zui_girl_happy":{"KaFeiShi/zui_girl_happy":{"path":"zui_boy_happy","x":10.83,"y":-0.04,"rotation":-90.27,"width":19,"height":13}},"zui_jingya":{"KaFeiShi_V1/zui_jingya":{"path":"zui_jingya","x":11.01,"y":-0.06,"rotation":-89.89,"width":11,"height":8}},"zuoyan_girlA":{"KaFeiShi_V1/zuoyan_girlA":{"path":"youyan_boy","x":24.88,"y":-10.75,"rotation":-90,"width":10,"height":13}},"zuoyan_girl_closed":{"KaFeiShi_V1/zuoyan_girl_closed":{"path":"zuoyan_boy_closed","x":25,"y":-12.47,"rotation":-90,"width":12,"height":4}},"zuoyan_happy":{"KaFeiShi/zuoyan_happy":{"path":"zuoyan_happy","x":24.83,"y":-11.54,"rotation":-90.27,"width":13,"height":12}},"zuoyan_jingya":{"KaFeiShi_V1/zuoyan_jingya":{"path":"zuoyan_jingya","x":24.93,"y":-11.21,"rotation":-90,"width":12,"height":12}}},"V0":{"body_boy":{"body_boy":{"name":"KaFeiShi/body_girlA","type":"mesh","path":"body_boy","hull":10,"width":44,"height":65,"uvs":[0.03408,0.01538,0.96591,0.01538,0.03408,0.98461,0.96591,0.98461,0.03408,0.53153,0.96591,0.53153,0.03408,0.45385,0.96591,0.45615,0.03408,0.60691,0.96591,0.61077],"triangles":[4,8,5,8,9,5,8,2,9,2,3,9,7,4,5,0,6,1,6,7,1,6,4,7],"vertices":[1,2,33.37,18.61,1,1,2,33.18,-22.38,1,1,1,-7.62,18.91,1,1,1,-7.81,-22.09,1,2,2,-0.67,18.77,0.49967,1,22.33,18.77,0.50032,2,2,-0.86,-22.23,0.49962,1,22.14,-22.23,0.50037,2,2,4.38,18.75,0.51325,1,27.38,18.75,0.48674,2,2,4.04,-22.25,0.50809,1,27.04,-22.25,0.49191,2,2,-5.57,18.79,0.47893,1,17.43,18.79,0.52106,2,2,-6.01,-22.2,0.4823,1,16.99,-22.2,0.51769],"edges":[0,2,2,14,4,6,4,16,6,18,8,12,8,16,10,14,10,18,12,0]}},"head_boy":{"head_boy":{"name":"KaFeiShi_head/head_girlA","path":"head_boy","x":38.9,"y":5.78,"rotation":-90,"width":87,"height":86}},"head_boy_happy":{"head_boy_happy":{"name":"KaFeiShi/head_girlA","path":"head_boy_happy","x":38.91,"y":5.79,"rotation":-90,"width":89,"height":88}},"youjiao":{"youjiao":{"name":"KaFeiShi/youjiao","path":"youjiao","x":5.92,"y":0.1,"rotation":88.94,"width":15,"height":28}},"youshou":{"youshou":{"name":"KaFeiShi/youshou","type":"mesh","path":"youshou","hull":10,"width":16,"height":43,"uvs":[0.0625,0.02325,0.9375,0.02325,0.0625,0.97674,0.9375,0.97674,0.0625,0.48488,0.9375,0.55349,0.0625,0.41976,0.9375,0.46395,0.0625,0.54651,0.9375,0.61046],"triangles":[8,9,5,4,8,5,8,2,9,2,3,9,7,4,5,0,6,1,6,7,1,6,4,7],"vertices":[1,26,-0.69,-10.85,1,1,26,-5.55,2.27,1,1,27,19.01,-3.57,1,1,27,18.48,10.42,1,2,26,17.93,-3.96,0.5865,27,-2.13,-4.35,0.41349,2,26,15.83,10.18,0.47779,27,0.29,9.75,0.5222,2,26,15.3,-4.94,0.92,27,-4.92,-4.46,0.08,2,26,12.22,8.85,0.85,27,-3.55,9.6,0.15,2,26,20.41,-3.04,0.08,27,0.52,-4.25,0.92,2,26,18.12,11.03,0.06,27,2.74,9.83,0.94],"edges":[0,2,2,14,4,6,4,16,6,18,8,12,8,16,10,14,10,18,12,0]}},"zuojiao":{"zuojiao":{"name":"KaFeiShi/zuojiao","path":"zuojiao","x":5.92,"y":-0.4,"rotation":89.73,"width":14,"height":28}},"zuoshou":{"zuoshou":{"name":"KaFeiShi/zuoshou","type":"mesh","path":"zuoshou","hull":10,"width":18,"height":43,"uvs":[0.05555,0.02325,0.94444,0.02325,0.05555,0.97674,0.94444,0.97674,0.94444,0.48372,0.05555,0.57209,0.94444,0.4186,0.05555,0.51278,0.05555,0.62442,0.94444,0.53953],"triangles":[8,3,9,5,8,9,8,2,3,6,7,4,7,9,4,0,6,1,7,5,9,0,7,6],"vertices":[1,29,-7.8,-1.39,1,1,29,-1.6,13.36,1,1,30,16.36,-12.39,1,1,30,17.84,3.55,1,2,29,16.66,5.7,0.5572,30,-3.27,5.5,0.44279,2,29,13.97,-10.52,0.51437,30,-0.97,-10.79,0.48561,2,29,14.07,6.78,0.92,30,-6.06,5.75,0.08,2,29,11.62,-9.54,0.89,30,-3.5,-10.55,0.11,2,29,16.04,-11.39,0.06,30,1.28,-10.99,0.94,2,29,18.87,4.78,0.11,30,-0.88,5.28,0.89],"edges":[0,2,2,12,4,6,4,16,6,18,8,12,8,18,10,14,10,16,14,0]}}},"V1":{"body_boy":{"body_boy":{"name":"V1/body_boy_V1","type":"mesh","hull":10,"width":46,"height":68,"uvs":[1,0.30846,1,0.5459,1,0.75696,1,1,0,1,0,0.74681,0,0.54184,0,0.32267,0,0,1,0],"triangles":[8,9,0,7,8,0,1,6,7,1,7,0,5,6,1,5,1,2,4,5,2,4,2,3],"vertices":[2,1,39.47,-24.73,0.15417,2,16.46999,-24.73,0.84582,2,1,23.32,-24.73,0.48382,2,0.32,-24.73,0.51617,2,1,8.97,-24.73,0.82482,2,-14.02,-24.73,0.17517,2,1,-7.55,-24.73,0.96538,2,-30.55,-24.73,0.03461,2,1,-7.55,21.26,0.97223,2,-30.55,21.26,0.02776,2,1,9.66,21.26,0.82417,2,-13.33,21.26,0.17582,2,1,23.6,21.26,0.48709,2,0.6,21.26,0.5129,2,1,38.5,21.26,0.15352,2,15.5,21.26,0.84647,2,1,60.44,21.26,0.02046,2,37.43999,21.26,0.97953,2,1,60.44,-24.73,0.02295,2,37.43999,-24.73,0.97704],"edges":[6,8,16,18,12,2,12,14,14,16,2,0,0,18,14,0,8,10,10,12,2,4,4,6,10,4]}},"head_boy":{"head_boy":{"name":"V1/head_boy_V1","x":41.97,"y":2.89,"rotation":-90,"width":77,"height":90}},"head_boy_happy":{"head_boy_happy":{"name":"V1/head_boy_happy_V1","x":42,"y":2.89,"rotation":-90,"width":77,"height":90}},"youjiao":{"youjiao":{"name":"V1/youjiao_boy_V1","x":5.92,"y":0.1,"rotation":88.94,"width":17,"height":28}},"youshou":{"youshou":{"name":"V1/youshou_boy_V1","type":"mesh","hull":12,"width":16,"height":42,"uvs":[1,0.11571,1,0.32371,1,0.54771,1,0.76942,1,1,0,1,0,0.76713,0,0.53628,0,0.32828,0,0.12028,0,0,1,0],"triangles":[6,7,2,6,2,3,5,6,3,5,3,4,10,11,0,9,10,0,9,0,1,8,9,1,7,8,1,7,1,2],"vertices":[2,26,-2.04,4.55,0.97836,27,-18.43,9.97,0.02163,2,26,6.13,7.62,0.78819,27,-9.71,10.33,0.2118,2,26,14.94,10.93,0.42576,27,-0.31,10.73,0.57423,2,26,23.66,14.2,0.05982,27,8.99,11.11,0.94017,1,27,18.66,11.52,1,1,27,19.33,-4.46,1,2,26,29.19,-0.8,0.13756,27,9.56,-4.87,0.86242,2,26,20.12,-4.21,0.4474,27,-0.12,-5.27,0.55259,2,26,11.94,-7.28,0.86593,27,-8.85,-5.63,0.13406,2,26,3.76,-10.35,0.99998,27,-17.58,-6,0.00001,2,26,-0.96,-12.12,0.99998,27,-22.62,-6.21,0.00001,2,26,-6.59,2.85,0.99999,27,-23.29,9.77,0],"edges":[8,10,20,22,14,4,14,16,4,2,16,2,16,18,18,20,2,0,0,22,18,0,10,12,12,14,4,6,6,8,12,6]}},"zuojiao":{"zuojiao":{"name":"V1/zuojiao_boy_V1","x":5.92,"y":-0.4,"rotation":89.73,"width":17,"height":28}},"zuoshou":{"zuoshou":{"name":"V1/zuoshou_boy_V1","type":"mesh","hull":12,"width":16,"height":44,"uvs":[1,0.19213,1,0.35795,1,0.56958,1,0.77904,1,1,0,1,0,0.78122,0,0.57176,0,0.34704,0,0.19213,0,0,1,0],"triangles":[7,2,3,6,7,3,4,5,6,4,6,3,10,11,0,9,10,0,8,9,0,8,0,1,7,8,1,2,7,1],"vertices":[2,29,4.52,10.71,0.96366,30,-16.34,6.63,0.03633,2,29,11.26,7.92,0.7683,30,-9.08,6,0.23169,2,29,19.87,4.36,0.4589,30,0.19,5.17999,0.54109,2,29,28.38,0.84,0.14993,30,9.37,4.38,0.85006,2,29,37.37,-2.87,0.04373,30,19.06,3.53,0.95626,2,29,31.25,-17.65,0.01455,30,17.66,-12.4,0.98544,2,29,22.35,-13.97,0.14661,30,8.07,-11.56,0.85338,2,29,13.84,-10.45,0.41513,30,-1.1,-10.75,0.58486,2,29,4.69999,-6.67,0.76167,30,-10.95,-9.89,0.23832,2,29,-1.59,-4.06,0.94178,30,-17.74,-9.3,0.05821,2,29,-9.39999,-0.83,0.99558,30,-26.16,-8.56,0.00441,1,29,-3.28,13.95,1],"edges":[8,10,20,22,14,4,10,12,12,14,4,6,6,8,12,6,14,16,4,2,16,2,16,18,18,20,2,0,0,22,18,0]}}}},"animations":{"cooking":{"slots":{"hanshui":{"color":[{"time":0,"color":"ffffff00"}]},"line1":{"color":[{"time":0,"color":"ffffff00"}]},"line2":{"color":[{"time":0,"color":"ffffff00"}]},"line3":{"color":[{"time":0,"color":"ffffff00"}]},"line4":{"color":[{"time":0,"color":"ffffff00"}]},"line5":{"color":[{"time":0,"color":"ffffff00"}]},"line6":{"color":[{"time":0,"color":"ffffff00"}]},"line7":{"color":[{"time":0,"color":"ffffff00"}]},"peper1":{"color":[{"time":0,"color":"ffffff00"}]},"peper2":{"color":[{"time":0,"color":"ffffff00"}]},"peper3":{"color":[{"time":0,"color":"ffffff00"}]},"peper4":{"color":[{"time":0,"color":"ffffff00"}]},"peper5":{"color":[{"time":0,"color":"ffffff00"}]},"peper6":{"color":[{"time":0,"color":"ffffff00"}]},"star":{"color":[{"time":0,"color":"ffffff00"}]},"star2":{"color":[{"time":0,"color":"ffffff00"}]},"star3":{"color":[{"time":0,"color":"ffffff00"}]},"star4":{"color":[{"time":0,"color":"ffffff00"}]},"youyan_girlA":{"color":[{"time":0,"color":"ffffffff","curve":"stepped"},{"time":0.8333,"color":"ffffffff"},{"time":0.8666,"color":"ffffff00","curve":"stepped"},{"time":0.9666,"color":"ffffff00"},{"time":1.0333,"color":"ffffffff"}]},"youyan_girl_closed":{"color":[{"time":0,"color":"ffffff00","curve":"stepped"},{"time":0.8333,"color":"ffffff00"},{"time":0.8666,"color":"ffffffff","curve":"stepped"},{"time":0.9666,"color":"ffffffff"},{"time":1.0333,"color":"ffffff00"}]},"youyan_happy":{"color":[{"time":0,"color":"ffffff00"}]},"youyan_jingya":{"color":[{"time":0,"color":"ffffff00"}]},"zui_girl_happy":{"color":[{"time":0,"color":"ffffff00"}]},"zui_jingya":{"color":[{"time":0,"color":"ffffff00"}]},"zuoyan_girlA":{"color":[{"time":0,"color":"ffffffff","curve":"stepped"},{"time":0.8333,"color":"ffffffff"},{"time":0.8666,"color":"ffffff00","curve":"stepped"},{"time":0.9666,"color":"ffffff00"},{"time":1.0333,"color":"ffffffff"}]},"zuoyan_girl_closed":{"color":[{"time":0,"color":"ffffff00","curve":"stepped"},{"time":0.8333,"color":"ffffff00"},{"time":0.8666,"color":"ffffffff","curve":"stepped"},{"time":0.9666,"color":"ffffffff"},{"time":1.0333,"color":"ffffff00"}]},"zuoyan_happy":{"color":[{"time":0,"color":"ffffff00"}]},"zuoyan_jingya":{"color":[{"time":0,"color":"ffffff00"}]}},"bones":{"head_girlA":{"rotate":[{"time":0,"angle":0},{"time":0.3,"angle":3.3},{"time":0.8333,"angle":-7.08},{"time":1.2666,"angle":0}],"translate":[{"time":0,"x":0,"y":0,"curve":"stepped"},{"time":0.3,"x":0,"y":0,"curve":"stepped"},{"time":0.8333,"x":0,"y":0,"curve":"stepped"},{"time":1.2666,"x":0,"y":0}]},"body_girlA1":{"rotate":[{"time":0,"angle":0},{"time":0.4333,"angle":-4.55},{"time":0.8333,"angle":5.82},{"time":1.2666,"angle":0}],"translate":[{"time":0,"x":0,"y":0,"curve":"stepped"},{"time":0.4333,"x":0,"y":0,"curve":"stepped"},{"time":0.8333,"x":0,"y":0,"curve":"stepped"},{"time":1.2666,"x":0,"y":0}]},"hair_girlA_happy1":{"rotate":[{"time":0,"angle":0},{"time":0.3,"angle":0.4},{"time":0.5,"angle":-2.08},{"time":0.8333,"angle":-4.86},{"time":1.2666,"angle":0}],"translate":[{"time":0,"x":0,"y":0,"curve":"stepped"},{"time":0.3,"x":0,"y":0,"curve":"stepped"},{"time":0.5,"x":0,"y":0,"curve":"stepped"},{"time":0.8333,"x":0,"y":0,"curve":"stepped"},{"time":1.2666,"x":0,"y":0}]},"zuoshou":{"rotate":[{"time":0,"angle":-10.61},{"time":0.2,"angle":-13.73},{"time":0.4,"angle":11.51},{"time":0.5666,"angle":25.84},{"time":0.7666,"angle":-18.46},{"time":0.9666,"angle":324.76},{"time":1.2666,"angle":-10.61}],"translate":[{"time":0,"x":0,"y":0,"curve":"stepped"},{"time":0.2,"x":0,"y":0,"curve":"stepped"},{"time":0.4,"x":0,"y":0},{"time":0.5666,"x":2.18,"y":-0.42},{"time":0.7666,"x":-0.52,"y":-0.49},{"time":0.9666,"x":0,"y":0,"curve":"stepped"},{"time":1.2666,"x":0,"y":0}]},"youshou":{"rotate":[{"time":0,"angle":0},{"time":0.3,"angle":-37.82},{"time":0.5333,"angle":-10.04},{"time":0.8333,"angle":-4.64},{"time":1.2666,"angle":0}],"translate":[{"time":0,"x":0,"y":0,"curve":"stepped"},{"time":0.3,"x":0,"y":0,"curve":"stepped"},{"time":0.5333,"x":0,"y":0,"curve":"stepped"},{"time":0.8333,"x":0,"y":0,"curve":"stepped"},{"time":1.2666,"x":0,"y":0}]},"hair_girlA_happy2":{"rotate":[{"time":0,"angle":0},{"time":0.3,"angle":-10.54},{"time":0.5,"angle":-15.21},{"time":0.8333,"angle":7.77},{"time":1.2666,"angle":0}],"translate":[{"time":0,"x":0,"y":0,"curve":"stepped"},{"time":0.3,"x":0,"y":0,"curve":"stepped"},{"time":0.5,"x":0,"y":0,"curve":"stepped"},{"time":0.8333,"x":0,"y":0,"curve":"stepped"},{"time":1.2666,"x":0,"y":0}]},"zuoshou1":{"rotate":[{"time":0,"angle":-57.69},{"time":0.2,"angle":-51.38},{"time":0.4,"angle":-60.92},{"time":0.5666,"angle":-103.63},{"time":0.7666,"angle":-43.43},{"time":0.9666,"angle":-13.06},{"time":1.2666,"angle":-57.69}],"translate":[{"time":0,"x":0,"y":0,"curve":"stepped"},{"time":0.2,"x":0,"y":0,"curve":"stepped"},{"time":0.4,"x":0,"y":0,"curve":"stepped"},{"time":0.5666,"x":0,"y":0,"curve":"stepped"},{"time":0.7666,"x":0,"y":0,"curve":"stepped"},{"time":0.9666,"x":0,"y":0,"curve":"stepped"},{"time":1.2666,"x":0,"y":0}]},"youshou1":{"rotate":[{"time":0,"angle":0},{"time":0.3,"angle":76.51},{"time":0.5333,"angle":60.77},{"time":0.8333,"angle":36.07},{"time":1.2666,"angle":0}],"translate":[{"time":0,"x":0,"y":0,"curve":"stepped"},{"time":0.3,"x":0,"y":0,"curve":"stepped"},{"time":0.5333,"x":0,"y":0,"curve":"stepped"},{"time":0.8333,"x":0,"y":0,"curve":"stepped"},{"time":1.2666,"x":0,"y":0}]}}},"cooking_fast":{"slots":{"hanshui":{"color":[{"time":0,"color":"ffffff00"},{"time":0.0666,"color":"ffffffff"},{"time":0.1666,"color":"ffffff00"},{"time":0.2333,"color":"ffffffff"},{"time":0.3,"color":"ffffff00"},{"time":0.3666,"color":"ffffffff"},{"time":0.4,"color":"ffffff00"}]},"head_boy":{"color":[{"time":0,"color":"ffffff00"}]},"head_boy_happy":{"color":[{"time":0,"color":"ffffffff"}]},"line1":{"color":[{"time":0,"color":"ffffff00"}]},"line2":{"color":[{"time":0,"color":"ffffff00"}]},"line3":{"color":[{"time":0,"color":"ffffff00"}]},"line4":{"color":[{"time":0,"color":"ffffff00"}]},"line5":{"color":[{"time":0,"color":"ffffff00"}]},"line6":{"color":[{"time":0,"color":"ffffff00"}]},"line7":{"color":[{"time":0,"color":"ffffff00"}]},"peper1":{"color":[{"time":0,"color":"ffffff00"}]},"peper2":{"color":[{"time":0,"color":"ffffff00"}]},"peper3":{"color":[{"time":0,"color":"ffffff00"}]},"peper4":{"color":[{"time":0,"color":"ffffff00"}]},"peper5":{"color":[{"time":0,"color":"ffffff00"}]},"peper6":{"color":[{"time":0,"color":"ffffff00"}]},"star":{"color":[{"time":0,"color":"ffffff00"}]},"star2":{"color":[{"time":0,"color":"ffffff00"}]},"star3":{"color":[{"time":0,"color":"ffffff00"}]},"star4":{"color":[{"time":0,"color":"ffffff00"}]},"youyan_girlA":{"color":[{"time":0,"color":"ffffff00"}]},"youyan_girl_closed":{"color":[{"time":0,"color":"ffffff00"}]},"youyan_happy":{"color":[{"time":0,"color":"ffffff00"}]},"youyan_jingya":{"color":[{"time":0,"color":"ffffffff"}]},"zui_girl_happy":{"color":[{"time":0,"color":"ffffff00"}]},"zui_jingya":{"color":[{"time":0,"color":"ffffffff"}]},"zuoyan_girlA":{"color":[{"time":0,"color":"ffffff00"}]},"zuoyan_girl_closed":{"color":[{"time":0,"color":"ffffff00"}]},"zuoyan_happy":{"color":[{"time":0,"color":"ffffff00"}]},"zuoyan_jingya":{"color":[{"time":0,"color":"ffffffff"}]}},"bones":{"head_girlA":{"rotate":[{"time":0,"angle":0},{"time":0.0666,"angle":3.3},{"time":0.3,"angle":-7.08},{"time":0.4,"angle":0,"curve":"stepped"},{"time":0.4333,"angle":0}],"translate":[{"time":0,"x":0,"y":0,"curve":"stepped"},{"time":0.0666,"x":0,"y":0,"curve":"stepped"},{"time":0.3,"x":0,"y":0,"curve":"stepped"},{"time":0.4,"x":0,"y":0,"curve":"stepped"},{"time":0.4333,"x":0,"y":0}],"scale":[{"time":0,"x":1,"y":1,"curve":"stepped"},{"time":0.4333,"x":1,"y":1}]},"star":{"rotate":[{"time":0,"angle":0,"curve":"stepped"},{"time":0.4333,"angle":0}],"translate":[{"time":0,"x":0,"y":0,"curve":"stepped"},{"time":0.4333,"x":0,"y":0}],"scale":[{"time":0,"x":1,"y":1,"curve":"stepped"},{"time":0.4333,"x":1,"y":1}]},"star2":{"rotate":[{"time":0,"angle":0,"curve":"stepped"},{"time":0.4333,"angle":0}],"translate":[{"time":0,"x":0,"y":0,"curve":"stepped"},{"time":0.4333,"x":0,"y":0}],"scale":[{"time":0,"x":1,"y":1,"curve":"stepped"},{"time":0.4333,"x":1,"y":1}]},"star3":{"rotate":[{"time":0,"angle":0,"curve":"stepped"},{"time":0.4333,"angle":0}],"translate":[{"time":0,"x":0,"y":0,"curve":"stepped"},{"time":0.4333,"x":0,"y":0}],"scale":[{"time":0,"x":1,"y":1,"curve":"stepped"},{"time":0.4333,"x":1,"y":1}]},"star4":{"rotate":[{"time":0,"angle":0,"curve":"stepped"},{"time":0.4333,"angle":0}],"translate":[{"time":0,"x":0,"y":0,"curve":"stepped"},{"time":0.4333,"x":0,"y":0}],"scale":[{"time":0,"x":1,"y":1,"curve":"stepped"},{"time":0.4333,"x":1,"y":1}]},"peper6":{"rotate":[{"time":0,"angle":0,"curve":"stepped"},{"time":0.4333,"angle":0}],"translate":[{"time":0,"x":0,"y":0,"curve":"stepped"},{"time":0.4333,"x":0,"y":0}],"scale":[{"time":0,"x":1,"y":1,"curve":"stepped"},{"time":0.4333,"x":1,"y":1}]},"peper5":{"rotate":[{"time":0,"angle":0,"curve":"stepped"},{"time":0.4333,"angle":0}],"translate":[{"time":0,"x":0,"y":0,"curve":"stepped"},{"time":0.4333,"x":0,"y":0}],"scale":[{"time":0,"x":1,"y":1,"curve":"stepped"},{"time":0.4333,"x":1,"y":1}]},"peper4":{"rotate":[{"time":0,"angle":0,"curve":"stepped"},{"time":0.4333,"angle":0}],"translate":[{"time":0,"x":0,"y":0,"curve":"stepped"},{"time":0.4333,"x":0,"y":0}],"scale":[{"time":0,"x":1,"y":1,"curve":"stepped"},{"time":0.4333,"x":1,"y":1}]},"peper3":{"rotate":[{"time":0,"angle":0,"curve":"stepped"},{"time":0.4333,"angle":0}],"translate":[{"time":0,"x":0,"y":0,"curve":"stepped"},{"time":0.4333,"x":0,"y":0}],"scale":[{"time":0,"x":1,"y":1,"curve":"stepped"},{"time":0.4333,"x":1,"y":1}]},"peper2":{"rotate":[{"time":0,"angle":0,"curve":"stepped"},{"time":0.4333,"angle":0}],"translate":[{"time":0,"x":0,"y":0,"curve":"stepped"},{"time":0.4333,"x":0,"y":0}],"scale":[{"time":0,"x":1,"y":1,"curve":"stepped"},{"time":0.4333,"x":1,"y":1}]},"peper1":{"rotate":[{"time":0,"angle":0,"curve":"stepped"},{"time":0.4333,"angle":0}],"translate":[{"time":0,"x":0,"y":0,"curve":"stepped"},{"time":0.4333,"x":0,"y":0}],"scale":[{"time":0,"x":1,"y":1,"curve":"stepped"},{"time":0.4333,"x":1,"y":1}]},"line1":{"rotate":[{"time":0,"angle":0,"curve":"stepped"},{"time":0.4333,"angle":0}],"translate":[{"time":0,"x":0,"y":0,"curve":"stepped"},{"time":0.4333,"x":0,"y":0}],"scale":[{"time":0,"x":1,"y":1,"curve":"stepped"},{"time":0.4333,"x":1,"y":1}]},"line2":{"rotate":[{"time":0,"angle":0,"curve":"stepped"},{"time":0.4333,"angle":0}],"translate":[{"time":0,"x":0,"y":0,"curve":"stepped"},{"time":0.4333,"x":0,"y":0}],"scale":[{"time":0,"x":1,"y":1,"curve":"stepped"},{"time":0.4333,"x":1,"y":1}]},"line3":{"rotate":[{"time":0,"angle":0,"curve":"stepped"},{"time":0.4333,"angle":0}],"translate":[{"time":0,"x":0,"y":0,"curve":"stepped"},{"time":0.4333,"x":0,"y":0}],"scale":[{"time":0,"x":1,"y":1,"curve":"stepped"},{"time":0.4333,"x":1,"y":1}]},"line4":{"rotate":[{"time":0,"angle":0,"curve":"stepped"},{"time":0.4333,"angle":0}],"translate":[{"time":0,"x":0,"y":0,"curve":"stepped"},{"time":0.4333,"x":0,"y":0}],"scale":[{"time":0,"x":1,"y":1,"curve":"stepped"},{"time":0.4333,"x":1,"y":1}]},"line5":{"rotate":[{"time":0,"angle":0,"curve":"stepped"},{"time":0.4333,"angle":0}],"translate":[{"time":0,"x":0,"y":0,"curve":"stepped"},{"time":0.4333,"x":0,"y":0}],"scale":[{"time":0,"x":1,"y":1,"curve":"stepped"},{"time":0.4333,"x":1,"y":1}]},"line6":{"rotate":[{"time":0,"angle":0,"curve":"stepped"},{"time":0.4333,"angle":0}],"translate":[{"time":0,"x":0,"y":0,"curve":"stepped"},{"time":0.4333,"x":0,"y":0}],"scale":[{"time":0,"x":1,"y":1,"curve":"stepped"},{"time":0.4333,"x":1,"y":1}]},"line7":{"rotate":[{"time":0,"angle":0,"curve":"stepped"},{"time":0.4333,"angle":0}],"translate":[{"time":0,"x":0,"y":0,"curve":"stepped"},{"time":0.4333,"x":0,"y":0}],"scale":[{"time":0,"x":1,"y":1,"curve":"stepped"},{"time":0.4333,"x":1,"y":1}]},"hanshui":{"rotate":[{"time":0,"angle":0,"curve":"stepped"},{"time":0.4333,"angle":0}],"translate":[{"time":0,"x":-105.55,"y":116.94},{"time":0.4333,"x":-105.55,"y":60.1}],"scale":[{"time":0,"x":1,"y":1},{"time":0.4333,"x":1.4,"y":1.4}]},"body_girlA1":{"rotate":[{"time":0,"angle":0},{"time":0.1333,"angle":-10.29},{"time":0.3,"angle":5.82},{"time":0.4333,"angle":0}],"translate":[{"time":0,"x":0,"y":0,"curve":"stepped"},{"time":0.1333,"x":0,"y":0,"curve":"stepped"},{"time":0.3,"x":0,"y":0,"curve":"stepped"},{"time":0.4333,"x":0,"y":0}],"scale":[{"time":0,"x":1,"y":1,"curve":"stepped"},{"time":0.4333,"x":1,"y":1}]},"hair_girlA_happy":{"rotate":[{"time":0,"angle":0},{"time":0.1666,"angle":-0.13},{"time":0.4333,"angle":0}],"translate":[{"time":0,"x":0,"y":0,"curve":"stepped"},{"time":0.1666,"x":0,"y":0,"curve":"stepped"},{"time":0.4333,"x":0,"y":0}],"scale":[{"time":0,"x":1,"y":1,"curve":"stepped"},{"time":0.4333,"x":1,"y":1}]},"hair_girlA_happy1":{"rotate":[{"time":0,"angle":0},{"time":0.0666,"angle":0.4},{"time":0.1666,"angle":-2.08},{"time":0.3,"angle":-4.86},{"time":0.4,"angle":0,"curve":"stepped"},{"time":0.4333,"angle":0}],"translate":[{"time":0,"x":0,"y":0,"curve":"stepped"},{"time":0.0666,"x":0,"y":0,"curve":"stepped"},{"time":0.1666,"x":0,"y":0,"curve":"stepped"},{"time":0.3,"x":0,"y":0,"curve":"stepped"},{"time":0.4,"x":0,"y":0,"curve":"stepped"},{"time":0.4333,"x":0,"y":0}],"scale":[{"time":0,"x":1,"y":1,"curve":"stepped"},{"time":0.4333,"x":1,"y":1}]},"zuoshou":{"rotate":[{"time":0,"angle":-4.22},{"time":0.0666,"angle":-30.74},{"time":0.1666,"angle":85.28},{"time":0.2,"angle":-30.74},{"time":0.3,"angle":-4.23},{"time":0.3333,"angle":97.48},{"time":0.3666,"angle":63.94},{"time":0.4,"angle":-4.23,"curve":"stepped"},{"time":0.4333,"angle":-4.22}],"translate":[{"time":0,"x":0,"y":0,"curve":"stepped"},{"time":0.0666,"x":0,"y":0},{"time":0.1666,"x":7.39,"y":-3.91},{"time":0.2,"x":-2.47,"y":0.09},{"time":0.3,"x":0,"y":0},{"time":0.3333,"x":5.86,"y":-4.22},{"time":0.4,"x":0.69,"y":0.32},{"time":0.4333,"x":0,"y":0}],"scale":[{"time":0,"x":1,"y":1,"curve":"stepped"},{"time":0.4333,"x":1,"y":1}]},"youshou":{"rotate":[{"time":0,"angle":0},{"time":0.0666,"angle":-91.63},{"time":0.1,"angle":-63.91},{"time":0.1666,"angle":14.49},{"time":0.2,"angle":-61.48},{"time":0.2333,"angle":-84.06},{"time":0.3333,"angle":45.39},{"time":0.4,"angle":0,"curve":"stepped"},{"time":0.4333,"angle":0}],"translate":[{"time":0,"x":0,"y":0,"curve":"stepped"},{"time":0.0666,"x":0,"y":0,"curve":"stepped"},{"time":0.1666,"x":0,"y":0,"curve":"stepped"},{"time":0.2333,"x":0,"y":0,"curve":"stepped"},{"time":0.3333,"x":0,"y":0,"curve":"stepped"},{"time":0.4,"x":0,"y":0,"curve":"stepped"},{"time":0.4333,"x":0,"y":0}],"scale":[{"time":0,"x":1,"y":1,"curve":"stepped"},{"time":0.4333,"x":1,"y":1}]},"hair_girlA_happy2":{"rotate":[{"time":0,"angle":0},{"time":0.0666,"angle":-10.54},{"time":0.1666,"angle":-15.21},{"time":0.3,"angle":7.77},{"time":0.4,"angle":0,"curve":"stepped"},{"time":0.4333,"angle":0}],"translate":[{"time":0,"x":0,"y":0,"curve":"stepped"},{"time":0.0666,"x":0,"y":0,"curve":"stepped"},{"time":0.1666,"x":0,"y":0,"curve":"stepped"},{"time":0.3,"x":0,"y":0,"curve":"stepped"},{"time":0.4,"x":0,"y":0,"curve":"stepped"},{"time":0.4333,"x":0,"y":0}],"scale":[{"time":0,"x":1,"y":1,"curve":"stepped"},{"time":0.4333,"x":1,"y":1}]},"zuoshou1":{"rotate":[{"time":0,"angle":-13.19},{"time":0.0666,"angle":-49.8},{"time":0.1333,"angle":-115.81},{"time":0.1666,"angle":15.83},{"time":0.3,"angle":-10.11},{"time":0.3333,"angle":-102.94},{"time":0.3666,"angle":4.09},{"time":0.4,"angle":-13.19,"curve":"stepped"},{"time":0.4333,"angle":-13.19}],"translate":[{"time":0,"x":0,"y":0,"curve":"stepped"},{"time":0.0666,"x":0,"y":0,"curve":"stepped"},{"time":0.1666,"x":0,"y":0,"curve":"stepped"},{"time":0.4,"x":0,"y":0,"curve":"stepped"},{"time":0.4333,"x":0,"y":0}],"scale":[{"time":0,"x":1,"y":1,"curve":"stepped"},{"time":0.4333,"x":1,"y":1}]},"youshou1":{"rotate":[{"time":0,"angle":0},{"time":0.0333,"angle":95.38},{"time":0.0666,"angle":89.64},{"time":0.1,"angle":-10.76},{"time":0.1666,"angle":0},{"time":0.2,"angle":115.27},{"time":0.2333,"angle":0,"curve":"stepped"},{"time":0.4333,"angle":0}],"translate":[{"time":0,"x":0,"y":0,"curve":"stepped"},{"time":0.1666,"x":0,"y":0,"curve":"stepped"},{"time":0.2333,"x":0,"y":0,"curve":"stepped"},{"time":0.4333,"x":0,"y":0}],"scale":[{"time":0,"x":1,"y":1,"curve":"stepped"},{"time":0.1666,"x":1,"y":1,"curve":"stepped"},{"time":0.2333,"x":1,"y":1,"curve":"stepped"},{"time":0.4333,"x":1,"y":1}]},"root":{"rotate":[{"time":0,"angle":0,"curve":"stepped"},{"time":0.4333,"angle":0}],"translate":[{"time":0,"x":0,"y":0,"curve":"stepped"},{"time":0.4333,"x":0,"y":0}],"scale":[{"time":0,"x":1,"y":1,"curve":"stepped"},{"time":0.4333,"x":1,"y":1}]},"body_boy":{"rotate":[{"time":0,"angle":0,"curve":"stepped"},{"time":0.4333,"angle":0}],"translate":[{"time":0,"x":0,"y":0,"curve":"stepped"},{"time":0.4333,"x":0,"y":0}],"scale":[{"time":0,"x":1,"y":1,"curve":"stepped"},{"time":0.4333,"x":1,"y":1}]},"youjiao":{"rotate":[{"time":0,"angle":0,"curve":"stepped"},{"time":0.4333,"angle":0}],"translate":[{"time":0,"x":0,"y":0,"curve":"stepped"},{"time":0.4333,"x":0,"y":0}],"scale":[{"time":0,"x":1,"y":1,"curve":"stepped"},{"time":0.4333,"x":1,"y":1}]},"zuojiao":{"rotate":[{"time":0,"angle":0,"curve":"stepped"},{"time":0.4333,"angle":0}],"translate":[{"time":0,"x":0,"y":0,"curve":"stepped"},{"time":0.4333,"x":0,"y":0}],"scale":[{"time":0,"x":1,"y":1,"curve":"stepped"},{"time":0.4333,"x":1,"y":1}]}}},"cooking_off":{"slots":{"hanshui":{"color":[{"time":0,"color":"ffffff00"}]},"head_boy":{"color":[{"time":0,"color":"ffffff00"}]},"line1":{"color":[{"time":0,"color":"ffffff00"},{"time":0.0666,"color":"ffffffff"},{"time":0.2,"color":"ffffff00"}]},"line2":{"color":[{"time":0,"color":"ffffff00"},{"time":0.0666,"color":"ffffffff"},{"time":0.2,"color":"ffffff00"}]},"line3":{"color":[{"time":0,"color":"ffffff00"},{"time":0.0666,"color":"ffffffff"},{"time":0.2,"color":"ffffff00"}]},"line4":{"color":[{"time":0,"color":"ffffff00"},{"time":0.0666,"color":"ffffffff"},{"time":0.2,"color":"ffffff00"}]},"line5":{"color":[{"time":0,"color":"ffffff00"},{"time":0.0666,"color":"ffffffff"},{"time":0.2,"color":"ffffff00"}]},"line6":{"color":[{"time":0,"color":"ffffff00"},{"time":0.0666,"color":"ffffffff"},{"time":0.2,"color":"ffffff00"}]},"line7":{"color":[{"time":0,"color":"ffffff00"},{"time":0.0666,"color":"ffffffff"},{"time":0.2,"color":"ffffff00"}]},"peper1":{"color":[{"time":0,"color":"ffffff00","curve":"stepped"},{"time":0.0333,"color":"ffffff00"},{"time":0.1666,"color":"ffffffff","curve":"stepped"},{"time":0.3333,"color":"ffffffff"},{"time":0.5,"color":"ffffff00"}]},"peper2":{"color":[{"time":0,"color":"ffffff00","curve":"stepped"},{"time":0.0333,"color":"ffffff00"},{"time":0.1666,"color":"ffffffff","curve":"stepped"},{"time":0.3333,"color":"ffffffff"},{"time":0.5333,"color":"ffffff00"}]},"peper3":{"color":[{"time":0,"color":"ffffff00","curve":"stepped"},{"time":0.0333,"color":"ffffff00"},{"time":0.1666,"color":"ffffffff","curve":"stepped"},{"time":0.3333,"color":"ffffffff"},{"time":0.4666,"color":"ffffff00"}]},"peper4":{"color":[{"time":0,"color":"ffffff00","curve":"stepped"},{"time":0.0333,"color":"ffffff00"},{"time":0.1666,"color":"ffffffff","curve":"stepped"},{"time":0.3333,"color":"ffffffff"},{"time":0.4666,"color":"ffffff00"}]},"peper5":{"color":[{"time":0,"color":"ffffff00","curve":"stepped"},{"time":0.0333,"color":"ffffff00"},{"time":0.1666,"color":"ffffffff"},{"time":0.4,"color":"ffffff00"}]},"peper6":{"color":[{"time":0,"color":"ffffff00","curve":"stepped"},{"time":0.0333,"color":"ffffff00"},{"time":0.1666,"color":"ffffffff","curve":"stepped"},{"time":0.3333,"color":"ffffffff"},{"time":0.6333,"color":"ffffff00"}]},"star":{"color":[{"time":0,"color":"ffffff00","curve":"stepped"},{"time":0.0666,"color":"ffffff00"},{"time":0.2,"color":"ffffffff"},{"time":0.3666,"color":"ffffff00"}]},"star2":{"color":[{"time":0,"color":"ffffff00","curve":"stepped"},{"time":0.0666,"color":"ffffff00"},{"time":0.2,"color":"ffffffff"},{"time":0.3666,"color":"ffffff00"}]},"star3":{"color":[{"time":0,"color":"ffffff00","curve":"stepped"},{"time":0.0666,"color":"ffffff00"},{"time":0.2,"color":"ffffffff"},{"time":0.3666,"color":"ffffff00"}]},"star4":{"color":[{"time":0,"color":"ffffff00","curve":"stepped"},{"time":0.0666,"color":"ffffff00"},{"time":0.2,"color":"ffffffff"},{"time":0.3666,"color":"ffffff00"}]},"youyan_girlA":{"color":[{"time":0,"color":"ffffff00"}]},"youyan_girl_closed":{"color":[{"time":0,"color":"ffffff00"}]},"youyan_happy":{"color":[{"time":0,"color":"ffffffff"}]},"youyan_jingya":{"color":[{"time":0,"color":"ffffff00"}]},"zui_girl_happy":{"color":[{"time":0,"color":"ffffffff"}]},"zui_jingya":{"color":[{"time":0,"color":"ffffff00"}]},"zuoyan_girlA":{"color":[{"time":0,"color":"ffffff00"}]},"zuoyan_girl_closed":{"color":[{"time":0,"color":"ffffff00"}]},"zuoyan_jingya":{"color":[{"time":0,"color":"ffffff00"}]}},"bones":{"head_girlA":{"rotate":[{"time":0,"angle":0,"curve":"stepped"},{"time":0.0333,"angle":0},{"time":0.1,"angle":9.52},{"time":0.6,"angle":-9.95},{"time":0.6666,"angle":1.19},{"time":0.7333,"angle":0,"curve":"stepped"},{"time":0.9333,"angle":0}],"translate":[{"time":0,"x":0,"y":0,"curve":"stepped"},{"time":0.0333,"x":0,"y":0,"curve":"stepped"},{"time":0.1,"x":0,"y":0,"curve":"stepped"},{"time":0.6,"x":0,"y":0,"curve":"stepped"},{"time":0.6666,"x":0,"y":0,"curve":"stepped"},{"time":0.7333,"x":0,"y":0,"curve":"stepped"},{"time":0.9333,"x":0,"y":0}],"scale":[{"time":0,"x":1.09,"y":1},{"time":0.0333,"x":1.1,"y":1},{"time":0.1,"x":0.9,"y":1},{"time":0.6,"x":1,"y":1,"curve":"stepped"},{"time":0.6666,"x":1,"y":1},{"time":0.7333,"x":1.1,"y":1},{"time":0.9333,"x":1,"y":1}]},"star":{"rotate":[{"time":0,"angle":0,"curve":"stepped"},{"time":0.9333,"angle":0}],"translate":[{"time":0,"x":47.2,"y":-3.84,"curve":"stepped"},{"time":0.0666,"x":47.2,"y":-3.85},{"time":0.2,"x":0,"y":0},{"time":0.3666,"x":-35.09,"y":4.55,"curve":"stepped"},{"time":0.9333,"x":-35.1,"y":4.55}],"scale":[{"time":0,"x":1,"y":1,"curve":"stepped"},{"time":0.0666,"x":1,"y":1},{"time":0.3666,"x":1.45,"y":1.45,"curve":"stepped"},{"time":0.9333,"x":1.45,"y":1.45}]},"star2":{"rotate":[{"time":0,"angle":0,"curve":"stepped"},{"time":0.9333,"angle":0}],"translate":[{"time":0,"x":-57.35,"y":-46.35,"curve":"stepped"},{"time":0.0666,"x":-57.35,"y":-46.35},{"time":0.2,"x":18.2,"y":24.7},{"time":0.3666,"x":42.25,"y":42.9,"curve":"stepped"},{"time":0.9333,"x":42.25,"y":42.89}],"scale":[{"time":0,"x":1,"y":1,"curve":"stepped"},{"time":0.0666,"x":1,"y":1},{"time":0.2,"x":0.7,"y":0.7},{"time":0.3666,"x":1.55,"y":1.55,"curve":"stepped"},{"time":0.9333,"x":1.55,"y":1.55}]},"star3":{"rotate":[{"time":0,"angle":0,"curve":"stepped"},{"time":0.9333,"angle":0}],"translate":[{"time":0,"x":-41.9,"y":4.34,"curve":"stepped"},{"time":0.0666,"x":-41.9,"y":4.35},{"time":0.3666,"x":13.25,"y":-14.03,"curve":"stepped"},{"time":0.9333,"x":13.25,"y":-14.02}],"scale":[{"time":0,"x":0.427,"y":0.427},{"time":0.0666,"x":0.3,"y":0.3},{"time":0.2,"x":1,"y":1,"curve":"stepped"},{"time":0.9333,"x":1,"y":1}]},"star4":{"rotate":[{"time":0,"angle":0,"curve":"stepped"},{"time":0.9333,"angle":0}],"translate":[{"time":0,"x":32.4,"y":-58.65,"curve":"stepped"},{"time":0.0666,"x":32.4,"y":-58.65},{"time":0.3666,"x":-17.93,"y":13.25,"curve":"stepped"},{"time":0.9333,"x":-17.93,"y":13.25}],"scale":[{"time":0,"x":0.386,"y":0.386},{"time":0.0666,"x":0.25,"y":0.25},{"time":0.2,"x":1,"y":1,"curve":"stepped"},{"time":0.9333,"x":1,"y":1}]},"peper6":{"rotate":[{"time":0,"angle":0,"curve":"stepped"},{"time":0.0333,"angle":0},{"time":0.1666,"angle":-103.15},{"time":0.6,"angle":42.37,"curve":"stepped"},{"time":0.9333,"angle":42.37}],"translate":[{"time":0,"x":-4.54,"y":-7.22},{"time":0.0333,"x":0,"y":0,"curve":"stepped"},{"time":0.1666,"x":0,"y":0},{"time":0.6,"x":27.61,"y":38.98,"curve":"stepped"},{"time":0.9333,"x":27.61,"y":38.97}],"scale":[{"time":0,"x":1,"y":1,"curve":"stepped"},{"time":0.9333,"x":1,"y":1}]},"peper5":{"rotate":[{"time":0,"angle":0,"curve":"stepped"},{"time":0.0333,"angle":0},{"time":0.4,"angle":163.5,"curve":"stepped"},{"time":0.9333,"angle":163.5}],"translate":[{"time":0,"x":49.54,"y":-44.05},{"time":0.0333,"x":55.05,"y":-48.95},{"time":0.4,"x":-34.91,"y":59.28,"curve":"stepped"},{"time":0.9333,"x":-34.92,"y":59.28}],"scale":[{"time":0,"x":1,"y":1,"curve":"stepped"},{"time":0.9333,"x":1,"y":1}]},"peper4":{"rotate":[{"time":0,"angle":0,"curve":"stepped"},{"time":0.0333,"angle":0},{"time":0.1666,"angle":-118.86},{"time":0.4666,"angle":51.9,"curve":"stepped"},{"time":0.9333,"angle":51.9}],"translate":[{"time":0,"x":5.04,"y":-8.1},{"time":0.0333,"x":0,"y":0,"curve":"stepped"},{"time":0.1666,"x":0,"y":0},{"time":0.4666,"x":-20.29,"y":37.34,"curve":"stepped"},{"time":0.9333,"x":-20.29,"y":37.35}],"scale":[{"time":0,"x":1,"y":1,"curve":"stepped"},{"time":0.9333,"x":1,"y":1}]},"peper3":{"rotate":[{"time":0,"angle":0,"curve":"stepped"},{"time":0.9333,"angle":0}],"translate":[{"time":0,"x":-92.15,"y":-62.19,"curve":"stepped"},{"time":0.0333,"x":-92.15,"y":-62.2},{"time":0.1666,"x":-33.91,"y":-27.45},{"time":0.4666,"x":20.29,"y":17.04,"curve":"stepped"},{"time":0.9333,"x":20.29,"y":17.05}],"scale":[{"time":0,"x":1,"y":1,"curve":"stepped"},{"time":0.0333,"x":1,"y":1},{"time":0.1666,"x":-0.95,"y":1},{"time":0.4666,"x":1,"y":1,"curve":"stepped"},{"time":0.9333,"x":1,"y":1}]},"peper2":{"rotate":[{"time":0,"angle":0,"curve":"stepped"},{"time":0.0333,"angle":0},{"time":0.1666,"angle":153.67},{"time":0.3333,"angle":-111.85},{"time":0.5333,"angle":0,"curve":"stepped"},{"time":0.9333,"angle":0}],"translate":[{"time":0,"x":0,"y":0,"curve":"stepped"},{"time":0.0333,"x":0,"y":0,"curve":"stepped"},{"time":0.1666,"x":0,"y":0,"curve":"stepped"},{"time":0.3333,"x":0,"y":0,"curve":"stepped"},{"time":0.5333,"x":0,"y":0,"curve":"stepped"},{"time":0.9333,"x":0,"y":0}],"scale":[{"time":0,"x":1,"y":1,"curve":"stepped"},{"time":0.9333,"x":1,"y":1}]},"peper1":{"rotate":[{"time":0,"angle":0,"curve":"stepped"},{"time":0.0333,"angle":0},{"time":0.1666,"angle":129.07},{"time":0.5,"angle":0,"curve":"stepped"},{"time":0.9333,"angle":0}],"translate":[{"time":0,"x":-74.29,"y":-28.75},{"time":0.0333,"x":-82.55,"y":-31.95},{"time":0.1666,"x":-40.59,"y":-24.36},{"time":0.5,"x":0,"y":0,"curve":"stepped"},{"time":0.9333,"x":0,"y":0}],"scale":[{"time":0,"x":1,"y":1,"curve":"stepped"},{"time":0.0333,"x":1,"y":1},{"time":0.1666,"x":1,"y":-1.3},{"time":0.5,"x":1,"y":1,"curve":"stepped"},{"time":0.9333,"x":1,"y":1}]},"line1":{"rotate":[{"time":0,"angle":0,"curve":"stepped"},{"time":0.9333,"angle":0}],"translate":[{"time":0,"x":-59.6,"y":-15.44},{"time":0.0666,"x":0,"y":0},{"time":0.2,"x":18.77,"y":9.79,"curve":"stepped"},{"time":0.9333,"x":18.76,"y":9.79}],"scale":[{"time":0,"x":1,"y":1,"curve":"stepped"},{"time":0.9333,"x":1,"y":1}]},"line2":{"rotate":[{"time":0,"angle":0,"curve":"stepped"},{"time":0.9333,"angle":0}],"translate":[{"time":0,"x":-47.9,"y":-40.05},{"time":0.0666,"x":21.22,"y":17.95},{"time":0.2,"x":34.82,"y":26.12,"curve":"stepped"},{"time":0.9333,"x":34.82,"y":26.11}],"scale":[{"time":0,"x":1,"y":1,"curve":"stepped"},{"time":0.9333,"x":1,"y":1}]},"line3":{"rotate":[{"time":0,"angle":0,"curve":"stepped"},{"time":0.9333,"angle":0}],"translate":[{"time":0,"x":55.05,"y":0.05},{"time":0.0666,"x":0,"y":0},{"time":0.2,"x":-23.4,"y":1.09,"curve":"stepped"},{"time":0.9333,"x":-23.39,"y":1.08}],"scale":[{"time":0,"x":1,"y":1,"curve":"stepped"},{"time":0.9333,"x":1,"y":1}]},"line4":{"rotate":[{"time":0,"angle":0,"curve":"stepped"},{"time":0.9333,"angle":0}],"translate":[{"time":0,"x":59,"y":-32.19},{"time":0.0666,"x":0,"y":0},{"time":0.2,"x":-20.67,"y":13.06,"curve":"stepped"},{"time":0.9333,"x":-20.66,"y":13.05}],"scale":[{"time":0,"x":1,"y":1,"curve":"stepped"},{"time":0.9333,"x":1,"y":1}]},"line5":{"rotate":[{"time":0,"angle":0,"curve":"stepped"},{"time":0.9333,"angle":0}],"translate":[{"time":0,"x":24.25,"y":-63.55},{"time":0.0666,"x":0,"y":0},{"time":0.2,"x":-10.88,"y":20.12,"curve":"stepped"},{"time":0.9333,"x":-10.88,"y":20.13}],"scale":[{"time":0,"x":1,"y":1,"curve":"stepped"},{"time":0.9333,"x":1,"y":1}]},"line6":{"rotate":[{"time":0,"angle":0,"curve":"stepped"},{"time":0.9333,"angle":0}],"translate":[{"time":0,"x":12.35,"y":-81.44},{"time":0.0666,"x":0,"y":0},{"time":0.2,"x":-7.07,"y":26.12,"curve":"stepped"},{"time":0.9333,"x":-7.07,"y":26.11}],"scale":[{"time":0,"x":1,"y":1,"curve":"stepped"},{"time":0.9333,"x":1,"y":1}]},"line7":{"rotate":[{"time":0,"angle":0,"curve":"stepped"},{"time":0.9333,"angle":0}],"translate":[{"time":0,"x":-5.05,"y":-92.9},{"time":0.0666,"x":0,"y":0},{"time":0.2,"x":0,"y":20.12,"curve":"stepped"},{"time":0.9333,"x":0,"y":20.13}],"scale":[{"time":0,"x":1,"y":1,"curve":"stepped"},{"time":0.9333,"x":1,"y":1}]},"hanshui":{"rotate":[{"time":0,"angle":0,"curve":"stepped"},{"time":0.9333,"angle":0}],"translate":[{"time":0,"x":0,"y":0,"curve":"stepped"},{"time":0.9333,"x":0,"y":0}],"scale":[{"time":0,"x":1,"y":1,"curve":"stepped"},{"time":0.9333,"x":1,"y":1}]},"body_boy":{"rotate":[{"time":0,"angle":0,"curve":"stepped"},{"time":0.9333,"angle":0}],"translate":[{"time":0,"x":0,"y":0,"curve":"stepped"},{"time":0.0333,"x":0,"y":0},{"time":0.1,"x":0,"y":77.75},{"time":0.6,"x":0,"y":93.76},{"time":0.6666,"x":0,"y":14.53},{"time":0.7333,"x":0,"y":0,"curve":"stepped"},{"time":0.9333,"x":0,"y":0}],"scale":[{"time":0,"x":1,"y":1,"curve":"stepped"},{"time":0.9333,"x":1,"y":1}]},"body_girlA1":{"rotate":[{"time":0,"angle":0,"curve":"stepped"},{"time":0.9333,"angle":0}],"translate":[{"time":0,"x":0,"y":0,"curve":"stepped"},{"time":0.6333,"x":0,"y":0},{"time":0.6666,"x":2,"y":0},{"time":0.7333,"x":0,"y":0,"curve":"stepped"},{"time":0.9333,"x":0,"y":0}],"scale":[{"time":0,"x":0.909,"y":1},{"time":0.0333,"x":0.9,"y":1},{"time":0.1,"x":1.1,"y":1},{"time":0.6,"x":1,"y":1,"curve":"stepped"},{"time":0.6666,"x":1,"y":1},{"time":0.7333,"x":0.9,"y":1},{"time":0.9333,"x":1,"y":1}]},"youjiao":{"rotate":[{"time":0,"angle":0,"curve":"stepped"},{"time":0.1333,"angle":0},{"time":0.6333,"angle":-32.18},{"time":0.6666,"angle":1.46},{"time":0.7333,"angle":0,"curve":"stepped"},{"time":0.9333,"angle":0}],"translate":[{"time":0,"x":0,"y":0,"curve":"stepped"},{"time":0.1333,"x":0,"y":0,"curve":"stepped"},{"time":0.6333,"x":0,"y":0,"curve":"stepped"},{"time":0.6666,"x":0,"y":0,"curve":"stepped"},{"time":0.7333,"x":0,"y":0,"curve":"stepped"},{"time":0.9333,"x":0,"y":0}],"scale":[{"time":0,"x":1,"y":1,"curve":"stepped"},{"time":0.0333,"x":1,"y":1},{"time":0.1,"x":1.1,"y":0.9},{"time":0.6,"x":1,"y":1,"curve":"stepped"},{"time":0.9333,"x":1,"y":1}]},"zuojiao":{"rotate":[{"time":0,"angle":0,"curve":"stepped"},{"time":0.1333,"angle":0},{"time":0.6333,"angle":29.24},{"time":0.6666,"angle":-2.21},{"time":0.7333,"angle":0,"curve":"stepped"},{"time":0.9333,"angle":0}],"translate":[{"time":0,"x":0,"y":0,"curve":"stepped"},{"time":0.1333,"x":0,"y":0,"curve":"stepped"},{"time":0.6333,"x":0,"y":0,"curve":"stepped"},{"time":0.6666,"x":0,"y":0,"curve":"stepped"},{"time":0.7333,"x":0,"y":0,"curve":"stepped"},{"time":0.9333,"x":0,"y":0}],"scale":[{"time":0,"x":1,"y":1,"curve":"stepped"},{"time":0.0333,"x":1,"y":1},{"time":0.1,"x":1.1,"y":0.9},{"time":0.6,"x":1,"y":1,"curve":"stepped"},{"time":0.9333,"x":1,"y":1}]},"youshou":{"rotate":[{"time":0,"angle":-4.8},{"time":0.0333,"angle":-5.34},{"time":0.1,"angle":-95.07},{"time":0.6,"angle":-117.18},{"time":0.6666,"angle":-130.22},{"time":0.7333,"angle":-5.34},{"time":0.9333,"angle":0}],"translate":[{"time":0,"x":0,"y":0,"curve":"stepped"},{"time":0.0333,"x":0,"y":0,"curve":"stepped"},{"time":0.1,"x":0,"y":0,"curve":"stepped"},{"time":0.6,"x":0,"y":0,"curve":"stepped"},{"time":0.6666,"x":0,"y":0,"curve":"stepped"},{"time":0.7333,"x":0,"y":0,"curve":"stepped"},{"time":0.9333,"x":0,"y":0}],"scale":[{"time":0,"x":1,"y":1,"curve":"stepped"},{"time":0.9333,"x":1,"y":1}]},"zuoshou":{"rotate":[{"time":0,"angle":6.37},{"time":0.0333,"angle":7.08},{"time":0.1,"angle":88.1},{"time":0.6,"angle":121.31},{"time":0.6666,"angle":129.75},{"time":0.7333,"angle":7.08},{"time":0.9333,"angle":0}],"translate":[{"time":0,"x":0,"y":0,"curve":"stepped"},{"time":0.0333,"x":0,"y":0,"curve":"stepped"},{"time":0.1,"x":0,"y":0,"curve":"stepped"},{"time":0.6,"x":0,"y":0,"curve":"stepped"},{"time":0.6666,"x":0,"y":0,"curve":"stepped"},{"time":0.7333,"x":0,"y":0,"curve":"stepped"},{"time":0.9333,"x":0,"y":0}],"scale":[{"time":0,"x":1,"y":1,"curve":"stepped"},{"time":0.9333,"x":1,"y":1}]},"hair_girlA_happy":{"rotate":[{"time":0,"angle":-4.13},{"time":0.0333,"angle":-4.59,"curve":"stepped"},{"time":0.6666,"angle":-4.59},{"time":0.7333,"angle":5.88},{"time":0.9333,"angle":0}],"translate":[{"time":0,"x":0,"y":0,"curve":"stepped"},{"time":0.0333,"x":0,"y":0,"curve":"stepped"},{"time":0.6666,"x":0,"y":0,"curve":"stepped"},{"time":0.7333,"x":0,"y":0,"curve":"stepped"},{"time":0.9333,"x":0,"y":0}],"scale":[{"time":0,"x":1,"y":1,"curve":"stepped"},{"time":0.9333,"x":1,"y":1}]},"zuoshou1":{"rotate":[{"time":0,"angle":-28.59},{"time":0.0333,"angle":-31.77},{"time":0.1,"angle":62.68},{"time":0.6,"angle":15.83,"curve":"stepped"},{"time":0.6666,"angle":15.83},{"time":0.7333,"angle":-31.77},{"time":0.9333,"angle":0}],"translate":[{"time":0,"x":0,"y":0,"curve":"stepped"},{"time":0.0333,"x":0,"y":0,"curve":"stepped"},{"time":0.1,"x":0,"y":0,"curve":"stepped"},{"time":0.6,"x":0,"y":0,"curve":"stepped"},{"time":0.6666,"x":0,"y":0,"curve":"stepped"},{"time":0.7333,"x":0,"y":0,"curve":"stepped"},{"time":0.9333,"x":0,"y":0}],"scale":[{"time":0,"x":1,"y":1,"curve":"stepped"},{"time":0.9333,"x":1,"y":1}]},"youshou1":{"rotate":[{"time":0,"angle":16.98},{"time":0.0333,"angle":18.87},{"time":0.1,"angle":-56.77},{"time":0.6,"angle":-15.61,"curve":"stepped"},{"time":0.6666,"angle":-15.61},{"time":0.7333,"angle":18.87},{"time":0.9333,"angle":0}],"translate":[{"time":0,"x":0,"y":0,"curve":"stepped"},{"time":0.0333,"x":0,"y":0,"curve":"stepped"},{"time":0.1,"x":0,"y":0,"curve":"stepped"},{"time":0.6,"x":0,"y":0,"curve":"stepped"},{"time":0.6666,"x":0,"y":0,"curve":"stepped"},{"time":0.7333,"x":0,"y":0,"curve":"stepped"},{"time":0.9333,"x":0,"y":0}],"scale":[{"time":0,"x":1,"y":1,"curve":"stepped"},{"time":0.9333,"x":1,"y":1}]},"hair_girlA_happy1":{"rotate":[{"time":0,"angle":2.09},{"time":0.0333,"angle":2.33,"curve":"stepped"},{"time":0.1,"angle":2.33},{"time":0.2333,"angle":24.35},{"time":0.6,"angle":2.33},{"time":0.6666,"angle":11.27},{"time":0.7333,"angle":0.99},{"time":0.9333,"angle":0}],"translate":[{"time":0,"x":0,"y":0,"curve":"stepped"},{"time":0.0333,"x":0,"y":0,"curve":"stepped"},{"time":0.1,"x":0,"y":0,"curve":"stepped"},{"time":0.2333,"x":0,"y":0,"curve":"stepped"},{"time":0.6,"x":0,"y":0,"curve":"stepped"},{"time":0.6666,"x":0,"y":0,"curve":"stepped"},{"time":0.7333,"x":0,"y":0,"curve":"stepped"},{"time":0.9333,"x":0,"y":0}],"scale":[{"time":0,"x":1,"y":1,"curve":"stepped"},{"time":0.9333,"x":1,"y":1}]},"hair_girlA_happy2":{"rotate":[{"time":0,"angle":-7.07},{"time":0.0333,"angle":-7.86,"curve":"stepped"},{"time":0.1,"angle":-7.86},{"time":0.2333,"angle":0.95},{"time":0.6,"angle":-7.86},{"time":0.6666,"angle":48.99},{"time":0.7333,"angle":-54.19},{"time":0.9333,"angle":0}],"translate":[{"time":0,"x":0,"y":0,"curve":"stepped"},{"time":0.0333,"x":0,"y":0,"curve":"stepped"},{"time":0.1,"x":0,"y":0,"curve":"stepped"},{"time":0.2333,"x":0,"y":0,"curve":"stepped"},{"time":0.6,"x":0,"y":0,"curve":"stepped"},{"time":0.6666,"x":0,"y":0,"curve":"stepped"},{"time":0.7333,"x":0,"y":0,"curve":"stepped"},{"time":0.9333,"x":0,"y":0}],"scale":[{"time":0,"x":1,"y":1,"curve":"stepped"},{"time":0.9333,"x":1,"y":1}]},"root":{"rotate":[{"time":0,"angle":0,"curve":"stepped"},{"time":0.9333,"angle":0}],"translate":[{"time":0,"x":0,"y":0,"curve":"stepped"},{"time":0.9333,"x":0,"y":0}],"scale":[{"time":0,"x":1,"y":1,"curve":"stepped"},{"time":0.9333,"x":1,"y":1}]}}},"stand":{"slots":{"hanshui":{"color":[{"time":0,"color":"ffffff00"}]},"head_boy_happy":{"color":[{"time":0,"color":"ffffff00"}]},"line1":{"color":[{"time":0,"color":"ffffff00"}]},"line2":{"color":[{"time":0,"color":"ffffff00"}]},"line3":{"color":[{"time":0,"color":"ffffff00"}]},"line4":{"color":[{"time":0,"color":"ffffff00"}]},"line5":{"color":[{"time":0,"color":"ffffff00"}]},"line6":{"color":[{"time":0,"color":"ffffff00"}]},"line7":{"color":[{"time":0,"color":"ffffff00"}]},"peper1":{"color":[{"time":0,"color":"ffffff00"}]},"peper2":{"color":[{"time":0,"color":"ffffff00"}]},"peper3":{"color":[{"time":0,"color":"ffffff00"}]},"peper4":{"color":[{"time":0,"color":"ffffff00"}]},"peper5":{"color":[{"time":0,"color":"ffffff00"}]},"peper6":{"color":[{"time":0,"color":"ffffff00"}]},"star":{"color":[{"time":0,"color":"ffffff00"}]},"star2":{"color":[{"time":0,"color":"ffffff00"}]},"star3":{"color":[{"time":0,"color":"ffffff00"}]},"star4":{"color":[{"time":0,"color":"ffffff00"}]},"youyan_girlA":{"color":[{"time":0,"color":"ffffffff","curve":"stepped"},{"time":2,"color":"ffffffff"},{"time":2.0333,"color":"ffffff00"},{"time":2.1333,"color":"ffffffff"}]},"youyan_girl_closed":{"color":[{"time":0,"color":"ffffff00","curve":"stepped"},{"time":2,"color":"ffffff00"},{"time":2.0333,"color":"ffffffff"},{"time":2.1333,"color":"ffffff00"}]},"youyan_happy":{"color":[{"time":0,"color":"ffffff00"}]},"youyan_jingya":{"color":[{"time":0,"color":"ffffff00"}]},"zui_girl_happy":{"color":[{"time":0,"color":"ffffff00"}]},"zui_jingya":{"color":[{"time":0,"color":"ffffff00"}]},"zuoyan_girlA":{"color":[{"time":0,"color":"ffffffff","curve":"stepped"},{"time":2,"color":"ffffffff"},{"time":2.0333,"color":"ffffff00"},{"time":2.1333,"color":"ffffffff"}]},"zuoyan_girl_closed":{"color":[{"time":0,"color":"ffffff00","curve":"stepped"},{"time":2,"color":"ffffff00"},{"time":2.0333,"color":"ffffffff"},{"time":2.1333,"color":"ffffff00"}]},"zuoyan_happy":{"color":[{"time":0,"color":"ffffff00"}]},"zuoyan_jingya":{"color":[{"time":0,"color":"ffffff00"}]}},"bones":{"head_girlA":{"scale":[{"time":0,"x":1,"y":1},{"time":0.7666,"x":1,"y":0.9},{"time":1.2666,"x":1,"y":1},{"time":2,"x":1,"y":0.9},{"time":2.5,"x":1,"y":1}]},"body_girlA1":{"translate":[{"time":0,"x":0,"y":0},{"time":0.6333,"x":1,"y":0},{"time":1.2666,"x":0,"y":0},{"time":1.8666,"x":1,"y":0},{"time":2.5,"x":0,"y":0}],"scale":[{"time":0,"x":1,"y":1},{"time":0.7666,"x":1,"y":1.1},{"time":1.2666,"x":1,"y":1},{"time":2,"x":1,"y":1.1},{"time":2.5,"x":1,"y":1}]},"hair_girlA_happy1":{"rotate":[{"time":0,"angle":0},{"time":0.2666,"angle":5.64},{"time":0.7666,"angle":12.28},{"time":1.2666,"angle":0},{"time":1.5,"angle":5.64},{"time":2,"angle":12.28},{"time":2.5,"angle":0}],"translate":[{"time":0,"x":0,"y":0,"curve":"stepped"},{"time":0.2666,"x":0,"y":0,"curve":"stepped"},{"time":0.7666,"x":0,"y":0,"curve":"stepped"},{"time":1.2666,"x":0,"y":0,"curve":"stepped"},{"time":1.5,"x":0,"y":0,"curve":"stepped"},{"time":2,"x":0,"y":0,"curve":"stepped"},{"time":2.5,"x":0,"y":0}]},"zuoshou":{"rotate":[{"time":0,"angle":-10.61}],"translate":[{"time":0,"x":0,"y":0}]},"hair_girlA_happy2":{"rotate":[{"time":0,"angle":0},{"time":0.2666,"angle":-15.26},{"time":0.7666,"angle":5.08},{"time":1.2666,"angle":0},{"time":1.5,"angle":-15.26},{"time":2,"angle":5.08},{"time":2.5,"angle":0}],"translate":[{"time":0,"x":0,"y":0,"curve":"stepped"},{"time":0.2666,"x":0,"y":0,"curve":"stepped"},{"time":0.7666,"x":0,"y":0,"curve":"stepped"},{"time":1.2666,"x":0,"y":0,"curve":"stepped"},{"time":1.5,"x":0,"y":0,"curve":"stepped"},{"time":2,"x":0,"y":0,"curve":"stepped"},{"time":2.5,"x":0,"y":0}]},"zuoshou1":{"rotate":[{"time":0,"angle":-57.69}],"translate":[{"time":0,"x":0,"y":0}]}}}}},[0]]],0,0,[0],[-1],[0]]