[1,["b9H/tXhX9BmLDdczxWcEEa"],0,[["sp.SkeletonData",["_name","_atlasText","textureNames","_skeletonJson","textures"],-1,3]],[[0,0,1,2,3,4,5]],[[0,"jiasujiqiren","\njiasujiqiren.png\nsize: 256,128\nformat: RGBA8888\nfilter: Linear,Linear\nrepeat: none\nshenti\n  rotate: false\n  xy: 102, 69\n  size: 48, 55\n  orig: 50, 55\n  offset: 1, 0\n  index: -1\nshenti_jiayou\n  rotate: false\n  xy: 152, 69\n  size: 48, 55\n  orig: 50, 55\n  offset: 1, 0\n  index: -1\ntou\n  rotate: false\n  xy: 2, 44\n  size: 98, 80\n  orig: 100, 80\n  offset: 1, 0\n  index: -1\nwenzi\n  rotate: false\n  xy: 102, 44\n  size: 57, 23\n  orig: 59, 23\n  offset: 1, 0\n  index: -1\nyoushou\n  rotate: true\n  xy: 161, 47\n  size: 20, 35\n  orig: 22, 35\n  offset: 1, 0\n  index: -1\nyoushou_jiayou\n  rotate: false\n  xy: 2, 2\n  size: 46, 40\n  orig: 48, 40\n  offset: 1, 0\n  index: -1\nyouyan\n  rotate: false\n  xy: 75, 16\n  size: 17, 26\n  orig: 19, 26\n  offset: 1, 0\n  index: -1\nyouyan_jiayou\n  rotate: false\n  xy: 113, 19\n  size: 19, 23\n  orig: 21, 23\n  offset: 1, 0\n  index: -1\nzuoshou\n  rotate: false\n  xy: 50, 5\n  size: 23, 37\n  orig: 25, 37\n  offset: 1, 0\n  index: -1\nzuoshou_jiayou\n  rotate: false\n  xy: 202, 84\n  size: 46, 40\n  orig: 48, 40\n  offset: 1, 0\n  index: -1\nzuoyan\n  rotate: false\n  xy: 94, 16\n  size: 17, 26\n  orig: 19, 26\n  offset: 1, 0\n  index: -1\nzuoyan_jiayou\n  rotate: false\n  xy: 134, 19\n  size: 19, 23\n  orig: 21, 23\n  offset: 1, 0\n  index: -1\n",["jiasujiqiren.png"],{"skeleton":{"hash":"Vk4hSvtSQKhOTuoLktKUv/XbN88","spine":"3.3.07","width":114.99,"height":130.45,"images":"./images/"},"bones":[{"name":"root"},{"name":"bip","parent":"root","length":22.55},{"name":"bone","parent":"bip","length":17.43,"rotation":94.02,"x":-0.96,"y":8.05},{"name":"bone2","parent":"bone","length":17.88,"rotation":-4.02,"x":17.43},{"name":"bone3","parent":"bone2","length":64.52,"rotation":-3.04,"x":17.88},{"name":"bone4","parent":"bone3","x":33.51,"y":-8.43},{"name":"bone5","parent":"bone3","x":33.21,"y":17.8},{"name":"bone6","parent":"bone2","length":12.79,"rotation":-131.51,"x":12.12,"y":-18.52},{"name":"bone7","parent":"bone6","length":9.17,"rotation":-41.6,"x":12.79},{"name":"bone8","parent":"bone7","length":9.26,"rotation":-7.85,"x":9.17},{"name":"bone9","parent":"bone2","length":11.03,"rotation":140.19,"x":14,"y":13.03},{"name":"bone10","parent":"bone9","length":8.31,"rotation":28.92,"x":11.03},{"name":"bone11","parent":"bone10","length":8.97,"rotation":6.87,"x":8.31},{"name":"bone12","parent":"bone2","length":9.74,"rotation":-75.06,"x":9.13,"y":-17.11},{"name":"bone13","parent":"bone12","length":5.71,"rotation":22.25,"x":9.74},{"name":"bone14","parent":"bone13","length":21.64,"rotation":-3.72,"x":5.71},{"name":"bone15","parent":"bone2","length":8.6,"rotation":68.58,"x":11.02,"y":12.08},{"name":"bone16","parent":"bone15","length":6.75,"rotation":-9.32,"x":8.6},{"name":"bone17","parent":"bone16","length":17.81,"rotation":-2.39,"x":6.75},{"name":"bone18","parent":"bip","x":-29.96,"y":119.9}],"slots":[{"name":"youshou_jiayou","bone":"bone15","attachment":"youshou_jiayou"},{"name":"youshou","bone":"bone9","attachment":"youshou"},{"name":"shenti","bone":"bone","attachment":"shenti"},{"name":"shenti_jiayou","bone":"bone","attachment":"shenti_jiayou"},{"name":"tou","bone":"bone3","attachment":"tou"},{"name":"zuoyan","bone":"bone4","attachment":"zuoyan"},{"name":"youyan","bone":"bone5","attachment":"youyan"},{"name":"zuoshou_jiayou","bone":"bone5","attachment":"zuoshou_jiayou"},{"name":"zuoshou","bone":"bone6","attachment":"zuoshou"},{"name":"zuoyan_jiayou","bone":"bone4","attachment":"zuoyan_jiayou"},{"name":"youyan_jiayou","bone":"bone5","attachment":"youyan_jiayou"},{"name":"wenzi","bone":"bone18","attachment":"wenzi"}],"skins":{"default":{"shenti":{"shenti":{"type":"mesh","hull":18,"width":50,"height":55,"uvs":[0.81196,0.10235,0.9625,0.24826,1,0.39689,1,0.55235,1,0.73508,0.88846,0.89189,0.73696,0.98909,0.52546,1,0.31396,0.99181,0.11746,0.89735,0,0.75008,0,0.55644,0,0.4078,0.01349,0.25235,0.16396,0.0928,0.33796,0.00409,0.50447,0.0049,0.61996,0.00546,0.44898,0.097,0.4099,0.25064,0.39774,0.40346,0.38595,0.55486,0.38556,0.74429,0.45033,0.89353],"triangles":[18,15,16,14,15,18,18,16,17,0,18,17,19,14,18,19,18,0,19,0,1,13,14,19,20,13,19,20,19,1,20,1,2,12,13,20,20,2,3,21,12,20,21,20,3,11,12,21,21,3,4,22,11,21,22,21,4,10,11,22,5,22,4,23,22,5,9,10,22,9,22,23,6,23,5,8,9,23,7,23,6,8,23,7],"vertices":[2,2,41.5,-20.54999,0.03413,3,25.45,-18.81,0.96586,2,2,32.97,-27.49,0.09926,3,17.42,-26.33,0.90073,2,2,24.68,-28.79,0.22528,3,9.25,-28.21,0.77471,2,2,16.15,-28.19,0.48506,3,0.7,-28.21,0.51493,2,2,6.13,-27.48,0.79323,3,-9.34,-28.21,0.20676,2,2,-2.08,-21.31,0.91656,3,-17.96999,-22.63,0.08343,2,2,-6.88,-13.38,0.96934,3,-23.31,-15.06,0.03065,2,2,-6.73,-2.79,0.99731,3,-23.91,-4.48,0.00268,2,2,-5.54,7.72,0.98014,3,-23.46,6.08,0.01985,2,2,0.32,17.15,0.93219,3,-18.27,15.91,0.0678,2,2,8.81,22.44,0.80024,3,-10.17,21.78,0.19975,2,2,19.44,21.69,0.47389,3,0.47,21.78,0.52609,2,2,27.59,21.12,0.19358,3,8.64999,21.78,0.80641,2,2,36.07,19.85,0.06894,3,17.2,21.11,0.93104,2,2,44.3,11.72,0.01658,3,25.97,13.58,0.9834,2,2,48.56,2.7,0.00043,3,30.85,4.88,0.99956,2,2,47.93,-5.59,0,3,30.81,-3.43,0.99999,2,2,47.49,-11.35,0.00649,3,30.78,-9.21,0.9935,2,2,43.07,-2.47,0.00415,3,25.74,-0.66,0.99584,2,2,34.78,0.07,0.04116,3,17.29,1.29,0.95883,2,2,26.43,1.26,0.18306,3,8.88,1.89,0.81693,2,2,18.17,2.44,0.48348,3,0.56,2.48,0.51651,2,2,7.78,3.19,0.79286,3,-9.85,2.5,0.20713,2,2,-0.63,0.52999,0.97105,3,-18.06,-0.73,0.02894],"edges":[22,24,24,26,2,4,4,6,20,22,6,8,20,18,18,16,12,10,10,8,26,28,28,30,34,0,0,2,30,32,32,34,0,36,36,28,32,36,2,38,38,26,36,38,4,40,40,24,38,40,6,42,42,22,40,42,8,44,44,20,42,44,10,46,46,18,44,46,12,14,14,16,46,14]}},"shenti_jiayou":{"shenti_jiayou":{"type":"mesh","hull":16,"width":50,"height":55,"uvs":[0.88664,0.14343,1,0.3811,1,0.55797,1,0.74037,0.89228,0.88391,0.75136,1,0.49904,1,0.25736,1,0.13144,0.87296,0,0.74037,0,0.55244,0,0.38386,0.08712,0.15724,0.344,0,0.534,0,0.69816,0,0.48223,0.15041,0.42,0.38123,0.41252,0.5632,0.4048,0.7376,0.46397,0.87775],"triangles":[16,13,14,16,14,15,16,15,0,12,13,16,17,12,16,17,16,0,17,0,1,11,12,17,18,10,11,17,1,2,17,18,11,18,17,2,19,10,18,9,10,19,18,2,3,19,18,3,8,9,19,4,20,19,8,19,20,3,4,19,7,8,20,5,6,20,7,20,6,4,5,20],"vertices":[2,2,39.02,-23.89,0.07541,3,23.21,-22.32,0.92458,2,2,25.58,-28.63,0.19875,3,10.13,-27.98,0.80124,2,2,15.88,-27.94,0.49421,3,0.41,-27.98,0.50578,2,2,5.87,-27.24,0.77443,3,-9.62,-27.98,0.22556,2,2,-1.62,-21.31,0.89738,3,-17.51,-22.6,0.10261,2,2,-7.49,-13.83,0.95336,3,-23.9,-15.55,0.04663,2,2,-6.6,-1.25,0.99397,3,-23.9,-2.94,0.00602,2,2,-5.76,10.79,0.98125,3,-23.9,9.14,0.01874,2,2,1.65,16.58,0.92966,3,-16.91,15.43,0.07034,2,2,9.38,22.63,0.79644,3,-9.62,22.01,0.20355,2,2,19.69,21.9,0.48703,3,0.71,22.01,0.51296,2,2,28.94,21.25,0.17301,3,9.97999,22.01,0.82698,2,2,41.07,16.03,0.05367,3,22.45,17.65,0.94632,2,2,48.79,2.60999,0.00626,3,31.09,4.81,0.99373,2,2,48.13,-6.86,0.00022,3,31.09,-4.67999,0.99977,2,2,47.55,-15.05,0.01617,3,31.09,-12.89,0.98382,2,2,40.06,-3.69,0.01328,3,22.82,-2.09999,0.98671,2,2,27.61,0.29,0.1898,3,10.13,1.01,0.81019,2,2,17.65,1.37,0.49228,3,0.12,1.38,0.5077,2,2,8.10999,2.43,0.79882,3,-9.46,1.77,0.20117,2,2,0.22,0.02,0.96354,3,-17.17,-1.17999,0.03644],"edges":[18,20,4,6,26,24,20,22,24,22,4,2,2,0,0,30,6,8,8,10,14,16,16,18,26,28,28,30,0,32,32,24,28,32,2,34,34,22,32,34,4,36,36,20,34,36,6,38,38,18,36,38,8,40,40,16,38,40,10,12,12,14,40,12]}},"tou":{"tou":{"type":"mesh","hull":12,"width":100,"height":80,"uvs":[0.78896,0.13575,1,0.41763,1,0.69538,0.85386,0.89338,0.66466,1,0.34456,1,0.09816,0.79025,0,0.628,0,0.36125,0.19056,0.1385,0.39076,0,0.62616,0,0.34418,0.22015,0.58616,0.22696,0.79762,0.3891,0.74639,0.56214,0.80198,0.72019,0.7235,0.80193,0.6036,0.81147,0.47607,0.69566,0.35944,0.70247,0.25371,0.78558,0.14689,0.64797,0.10874,0.48584,0.19703,0.30871,0.35638,0.12246,0.21814,0.19941,0.10475,0.35331,0.02699,0.45321,0.03563,0.59901,0.10907,0.67866,0.21814,0.85416,0.38662,0.94866,0.5389,0.95811,0.7063,0.91086,0.85534,0.75966,0.94714,0.68811,0.97738,0.55311,0.91258,0.38031,0.78514,0.19806,0.6415,0.11301,0.56374,0.03201,0.42334,0.03201,0.3607,0.52294,0.34795,0.405,0.27825,0.36038,0.2162,0.40288,0.2094,0.507,0.2298,0.61219,0.3267,0.609,0.49245,0.44325,0.5375,0.37631,0.60635,0.37525,0.64885,0.44644,0.61825,0.61644,0.5307,0.62494,0.4831,0.52719,0.65124,0.5295,0.57179,0.49668,0.28644,0.49018],"triangles":[20,48,49,22,47,48,47,23,46,46,24,45,44,45,12,56,49,43,48,59,49,48,47,59,49,59,43,59,44,43,43,44,50,47,46,59,46,45,59,59,45,44,55,58,54,55,56,58,54,58,57,58,53,57,56,50,58,50,51,58,58,52,53,58,51,52,18,55,54,15,54,57,19,56,55,15,57,53,56,43,50,53,52,14,50,44,51,51,13,52,4,34,3,4,5,33,5,32,33,4,33,34,6,31,5,5,31,32,33,18,34,33,32,18,31,21,32,21,20,32,32,19,18,32,20,19,3,34,35,34,18,17,3,35,2,35,36,2,35,34,17,35,17,16,21,31,30,19,55,18,18,54,17,16,17,54,16,54,15,6,7,30,31,6,30,30,7,29,30,22,21,22,48,21,20,21,48,35,16,36,16,15,37,36,16,37,14,37,15,20,49,19,19,49,56,36,37,2,37,1,2,38,37,14,30,29,22,29,23,22,22,23,47,7,28,29,7,8,28,29,28,23,14,15,53,37,38,1,28,27,23,46,23,24,28,8,27,51,44,12,23,27,24,38,14,39,39,14,13,39,0,38,1,38,0,51,12,13,14,52,13,27,8,9,45,24,12,24,27,26,24,26,12,26,27,9,12,25,13,25,42,13,42,41,13,13,40,39,13,41,40,12,26,25,26,9,25,39,40,0,25,9,10,25,10,42,41,11,40,0,40,11,11,41,10,41,42,10],"vertices":[1,4,64.43,-29.23,1,1,4,43.03,-51.5,1,1,4,20.84,-52.68,1,1,4,4.25,-38.93,1,1,4,-5.26,-20.49,1,1,4,-6.96,11.46,1,1,4,8.47,36.96,1,1,4,20.91,47.45,1,1,4,42.22,48.59,1,1,4,61.03,30.51,1,1,4,73.16,11.1,1,1,4,74.41,-12.39,1,1,4,55.32,14.82,1,1,4,56.06,-9.35999,1,1,4,44.24,-31.17,1,1,4,30.14,-26.79,1,1,4,17.81,-33.00999,1,1,4,10.86,-25.52,1,1,4,9.46,-13.59,1,1,4,18.04,-0.36,1,1,4,16.87,11.24,1,1,4,9.67,21.45,1,1,4,20.1,32.7,1,1,4,32.84999,37.2,1,1,4,47.47,29.14,1,1,4,63.19,14.01,1,1,4,56.31,27.49,1,1,4,43.41,38.16,1,1,4,35.02,45.5,1,1,4,23.42,44.02,1,1,4,17.44,36.34999,1,1,4,4,24.71,1,1,4,-2.64,7.48,1,1,4,-2.58999,-7.75,1,1,4,2.07,-24.27,1,1,4,14.94,-38.50999,1,1,4,21.14,-47.37,1,1,4,32.09,-49.82,1,1,4,45.55,-42.61,1,1,4,59.43,-29.11,1,1,4,65.46,-14.41,1,1,4,71.51999,-6.3,1,1,4,70.76999,7.71,1,1,6,-1.98,-5.91,1,1,6,7.36,-4.14,1,1,6,10.55,3,1,1,6,6.83,9.02,1,1,6,-1.52,9.25,1,1,6,-9.81,6.77,1,1,6,-9.04,-2.88,1,1,5,4.78,7.5,1,1,5,10.35999,3.29,1,1,5,10.81,-3.58,1,1,5,5.35,-8.12,1,1,5,-8.38,-5.79,1,1,5,-9.53,2.91,1,1,5,-1.97,8.08,1,1,5,-1.26,-8.71,1,1,5,0.93,-0.64,1,1,6,0.23,1.63,1],"edges":[20,18,18,16,14,16,14,12,12,10,8,10,8,6,6,4,20,22,22,0,4,2,0,2,24,26,26,28,28,30,30,32,32,34,34,36,36,38,38,40,40,42,42,44,44,46,46,48,48,24,50,52,52,54,54,56,56,58,58,60,60,62,62,64,64,66,66,68,68,70,70,72,72,74,74,76,76,78,78,80,80,82,82,84,84,50,86,88,88,90,90,92,92,94,94,96,96,98,98,86,100,102,102,104,104,106,108,110,110,112,112,100,106,114,114,108]}},"wenzi":{"wenzi":{"type":"mesh","hull":4,"width":59,"height":23,"uvs":[1,1,0,1,0,0,1,0],"triangles":[1,2,3,1,3,0],"vertices":[34.5,-10.92,-24.49,-10.92,-24.49,12.07,34.5,12.07],"edges":[0,2,2,4,4,6,0,6]}},"youshou":{"youshou":{"type":"mesh","hull":21,"width":22,"height":35,"uvs":[1,0.18835,0.99998,0.36149,0.90054,0.4832,0.64418,0.52949,0.55265,0.56262,0.55418,0.63234,0.7069,0.76434,0.65781,0.90491,0.47236,1,0.33327,1,0.18327,1,0.00001,0.87063,0,0.75406,0.07092,0.62377,0.1511,0.49217,0.21327,0.3512,0.25622,0.26564,0.31418,0.17635,0.38896,0.07036,0.54054,0,0.89363,0.00001,0.70481,0.13135,0.63039,0.26171,0.51245,0.35216,0.42222,0.43765,0.34701,0.52654,0.32255,0.62823,0.32611,0.7588,0.33209,0.88793],"triangles":[7,8,28,10,28,9,8,9,28,10,11,28,6,7,27,11,27,28,7,28,27,11,12,27,27,5,6,12,13,27,13,26,27,27,26,5,26,25,5,25,4,5,13,14,26,26,14,25,25,24,4,4,24,3,14,15,25,25,15,24,24,23,3,3,23,2,23,22,2,2,22,1,15,16,24,24,16,23,22,21,1,1,21,0,16,17,23,23,17,22,17,18,22,22,18,21,21,20,0,18,19,21,21,19,20],"vertices":[2,10,-3.63,4.44999,0.9995,11,-10.68,10.99,0.00049,2,10,1.02,8.33,0.98619,11,-4.73,12.14,0.0138,3,10,5.69,9.38,0.86919,11,-0.13,10.79,0.13026,12,-7.09,11.72,0.00053,3,10,10.55,6.08,0.52495,11,2.52,5.56,0.46244,12,-5.08,6.21,0.0126,3,10,12.73,5.28,0.165,11,4.03,3.8,0.72962,12,-3.78,4.28,0.10537,3,10,14.58,6.87,0.032,11,6.42,4.29,0.57103,12,-1.35,4.48999,0.39696,3,10,15.98,12.41,0.00173,11,10.33,8.47,0.17693,12,3.01,8.16,0.82132,2,11,15.36,8.34,0.02144,12,8,7.43,0.97855,2,11,19.4,4.96,0.00075,12,11.6,3.59,0.99924,1,12,11.82,0.54,1,2,11,20.6,-1.28,0.00282,12,12.05,-2.74,0.99717,2,11,16.92,-6.09,0.0299,12,7.81,-7.08,0.97009,2,11,12.91,-6.86,0.1721,12,3.74,-7.36,0.82789,3,10,21.16,-1.48,0.01395,11,8.14,-6.19,0.58749,12,-0.91,-6.13,0.39853,3,10,16.49,-3.08,0.16356,11,3.28,-5.33,0.72313,12,-5.62,-4.69,0.11329,3,10,11.82,-5.17999,0.51206,11,-1.81,-4.92,0.48242,12,-10.64,-3.67,0.0055,2,10,8.92,-6.37,0.87104,11,-4.92999,-4.56,0.12895,2,10,5.7,-7.4,0.97143,11,-8.24,-3.89,0.02856,2,10,1.8,-8.51,0.99793,11,-12.19,-2.98,0.00206,1,10,-2.22,-7.52,1,1,10,-7.19,-1.55,1,1,10,-1,-1.8,1,2,10,3.54,-0.14,0.99795,11,-6.62,3.49,0.00204,2,10,7.63,-0.11,0.86815,11,-3.02,1.54,0.13184,3,10,11.2,0.28,0.52608,11,0.28,0.16,0.47348,12,-7.95,1.12,0.00043,3,10,14.65,1,0.13537,11,3.65,-0.87,0.80015,12,-4.73,-0.31,0.06446,3,10,17.73,2.86,0.00139,11,7.25,-0.73,0.58774,12,-1.14,-0.58999,0.41086,2,11,11.72,0.2,0.18852,12,3.41,-0.2,0.81147,2,11,16.12999,1.19,0.00214,12,7.9,0.24,0.99785],"edges":[38,40,6,4,4,2,26,28,28,30,6,8,8,10,10,12,12,14,14,16,22,20,30,32,32,34,34,36,36,38,2,0,0,40,22,24,24,26,0,42,42,36,40,42,2,44,44,34,42,44,4,46,46,32,44,46,6,48,48,30,46,48,8,50,50,28,48,50,10,52,52,26,50,52,12,54,54,24,52,54,14,56,56,22,54,56,16,18,18,20,56,18]}},"youshou_jiayou":{"youshou_jiayou":{"type":"mesh","hull":20,"width":48,"height":40,"uvs":[0.6534,0.15495,0.69174,0.51895,0.71384,0.58481,0.80174,0.53095,0.8962,0.54117,0.96647,0.60991,0.99999,0.67095,0.99478,0.83776,0.99165,0.93799,0.8734,0.99998,0.73173,0.99999,0.65674,0.85095,0.62672,0.7828,0.5534,0.75895,0.3684,0.86895,0.1184,0.76295,0,0.48695,0.00001,0.20895,0.17507,0,0.46007,0,0.31674,0.39884,0.27507,0.20484,0.16507,0.28284,0.15674,0.46684,0.23007,0.63484,0.42174,0.62484,0.50674,0.47684,0.4834,0.31684,0.37674,0.20884,0.61889,0.64533,0.66905,0.6866,0.72367,0.70324,0.81524,0.76702,0.9158,0.82228],"triangles":[15,24,14,14,25,13,14,24,25,24,16,23,24,15,16,13,25,29,25,26,29,29,26,1,24,20,25,24,23,20,25,20,26,1,27,0,23,16,22,20,27,26,1,26,27,23,22,20,22,16,17,22,21,20,20,28,27,20,21,28,27,28,0,21,22,18,22,17,18,28,19,0,28,21,19,21,18,19,31,2,3,31,12,30,31,11,12,12,13,30,13,29,30,30,2,31,30,29,2,29,1,2,9,10,32,10,11,32,9,33,8,9,32,33,8,33,7,11,31,32,7,33,6,6,33,5,31,3,32,33,32,5,32,4,5,32,3,4],"vertices":[3,16,20.25,-19.24,0.00753,17,14.61,-17.1,0.13367,18,8.56,-16.76,0.85878,3,16,13.22,-6.36,0.05836,17,5.59,-5.53,0.38453,18,-0.93,-5.57,0.5571,3,16,11.27,-4.29,0.23857,17,3.33,-3.8,0.57919,18,-3.26,-3.94,0.18223,3,16,8.13,-7.84,0.58358,17,0.8,-7.81,0.37827,18,-5.61,-8.05,0.03814,3,16,3.76,-9.12,0.90161,17,-3.29,-9.78,0.09826,18,-9.63,-10.18999,0.00012,2,16,-0.38,-7.79,0.97127,17,-7.6,-9.14,0.02872,2,16,-2.77,-6.1,0.99414,17,-10.22999,-7.86,0.00585,2,16,-4.96999,0.19,0.99987,17,-13.42,-2,0.00012,2,16,-6.29,3.98,0.99955,17,-15.34,1.51,0.00044,2,16,-1.91,8.35999,0.98211,17,-11.73,6.55,0.01788,3,16,4.41,10.84,0.87719,17,-5.89,10.02,0.12279,18,-13.05,9.47999,0,3,16,9.93,6.61,0.55526,17,0.25,6.74,0.41609,18,-6.78,6.46,0.02864,3,16,12.27,4.6,0.19895,17,2.88,5.13,0.63032,18,-4.08,4.96,0.17071,3,16,15.9,4.98999,0.05387,17,6.39,6.11,0.41183,18,-0.61,6.09,0.53428,3,16,22.56,12.33,0.00152,17,11.77,14.43,0.15761,18,4.41,14.63,0.84086,2,17,24.25,16.92,0.01522,18,16.77,17.62999,0.98477,2,17,34.78,10.33,0,18,27.57,11.49,0.99999,2,17,40.46,0.77,0,18,33.64,2.18,0.99999,1,18,31.18,-9.39999,1,1,18,19.71999,-16.87999,1,1,18,16.76,0.23,1,1,18,22.68,-5.16,1,2,17,32.14,-0.72,0,18,25.39,0.33,1,2,17,28.73,5.8,0.00015,18,21.71,6.71,0.99984,2,17,22.27,9.77,0.01651,18,15.09,10.41,0.98348,2,17,14.56,4.73,0.01651,18,7.6,5.05,0.98348,2,17,14.08,-2.44,0.01634,18,7.42,-2.13,0.98364,1,18,11.85,-6.88,1,1,18,18.5,-7.69,1,3,16,14.63,-0.38,0.00679,17,6.01,0.6,0.58204,18,-0.76,0.56,0.41116,3,16,11.78,0.27,0.18435,17,3.1,0.78,0.66232,18,-3.68,0.63,0.15332,3,16,9.1,-0.06,0.56023,17,0.5,0.02,0.43966,18,-6.24,-0.23,0.0001,2,16,4.08,0.7,0.86649,17,-4.57,-0.03,0.13349,2,16,-1.21,1,0.99631,17,-9.85,-0.58999,0.00368],"edges":[36,34,32,34,32,30,30,28,28,26,2,0,36,38,0,38,22,20,2,4,4,6,26,24,24,22,8,6,8,10,10,12,16,18,18,20,42,44,44,46,46,48,48,50,50,52,52,54,54,56,2,58,58,26,4,60,60,24,58,60,6,62,62,22,60,62,8,64,64,20,62,64,10,66,66,18,64,66,12,14,14,16,66,14]}},"youyan":{"youyan":{"x":0.49,"y":0.79,"rotation":-86.95,"width":19,"height":26}},"youyan_jiayou":{"youyan_jiayou":{"y":0.76,"rotation":-86.95,"width":21,"height":23}},"zuoshou":{"zuoshou":{"type":"mesh","hull":18,"width":25,"height":37,"uvs":[0.69851,0.21228,0.81399,0.41362,0.88512,0.58847,0.9504,0.7087,0.96099,0.84609,0.90135,0.99999,0.693,0.99999,0.49215,1,0.42578,0.84847,0.42272,0.72378,0.45834,0.61072,0.42272,0.53276,0.29945,0.53764,0.13816,0.49243,0,0.40541,0.00001,0.1373,0.2144,0.00001,0.48968,0.03686,0.11122,0.19511,0.3021,0.24182,0.50312,0.35765,0.50312,0.35765,0.65509,0.45996,0.6811,0.59995,0.69563,0.71598,0.69593,0.84727],"triangles":[6,7,25,6,25,5,25,7,8,5,25,4,8,9,25,9,24,25,25,3,4,25,24,3,24,10,23,24,9,10,24,2,3,24,23,2,23,10,22,10,11,22,23,1,2,23,22,1,21,11,12,12,13,19,11,21,22,21,12,19,14,18,13,13,18,19,1,22,0,22,20,0,14,15,18,19,17,20,20,17,0,18,16,19,19,16,17,18,15,16],"vertices":[2,7,7.6,7.48,0.86959,8,-8.84,2.15,0.1304,3,7,14.7,3.81,0.49459,8,-1.09,4.12,0.48479,9,-10.73,2.68,0.0206,3,7,20.32,0.15,0.11959,8,5.53,5.11,0.71251,9,-4.3,4.57,0.16788,2,8,10.14,6.2,0.46688,9,0.11,6.28,0.53311,2,8,15.22,5.85,0.11248,9,5.19,6.63,0.88751,2,8,20.7,3.69,0.01302,9,10.91,5.23,0.98697,1,9,11,0.02,1,2,8,19.46999,-6.45,0.0183,9,11.08,-4.98999,0.98169,3,7,18.1,-14.66,0.00061,8,13.71,-7.43,0.10623,9,5.51,-6.74,0.89314,3,7,14.99,-11.25,0.03444,8,9.12,-6.95,0.41435,9,0.9,-6.89,0.55118,3,7,12.88,-7.53,0.19262,8,5.07,-5.57,0.61606,9,-3.29,-6.07,0.19129,3,7,10.3,-5.96,0.54424,8,2.09999,-6.11,0.42132,9,-6.16,-7.01,0.03441,3,7,8.10999,-8.14,0.88384,8,1.91,-9.18999,0.11476,9,-5.93,-10.09,0.00138,2,7,3.99,-9.56,0.97567,8,-0.22,-12.99,0.02432,2,7,-0.72,-9.43999,0.99843,8,-3.83,-16.03,0.00156,1,7,-7.3,-2.01,1,1,7,-6.65,5.34,1,1,7,-0.6,8.88,1,1,7,-3.8,-1.77,1,2,7,0.91,0.09,0.99875,8,-8.93999,-7.81,0.00124,1,7,7.51,0.21,1,2,7,7.51,0.21,0.85224,8,-4.08,-3.33,0.14775,3,7,12.87,-0.1,0.52221,8,0.12,-0.02,0.47667,9,-8.95,-1.25,0.0011,3,7,16.79,-3.54,0.12706,8,5.34,0,0.73001,9,-3.78,-0.51,0.14291,3,7,19.9,-6.52,0.00049,8,9.64999,-0.14,0.45618,9,0.49,-0.08,0.54332,2,8,14.47,-0.72,0.11879,9,5.35,0,0.8812],"edges":[28,26,22,20,20,18,6,4,4,2,14,16,16,18,32,34,28,30,32,30,6,8,8,10,28,36,36,32,30,36,26,38,38,34,36,38,22,24,24,26,2,0,0,34,0,40,38,40,24,42,42,40,2,44,44,22,42,44,4,46,46,20,44,46,6,48,48,18,46,48,8,50,50,16,48,50,10,12,12,14,50,12]}},"zuoshou_jiayou":{"zuoshou_jiayou":{"type":"mesh","hull":22,"width":48,"height":40,"uvs":[0.90681,0.06545,1,0.2615,1,0.69137,0.71946,0.86044,0.50662,0.84245,0.45116,0.74173,0.39602,0.78647,0.34474,0.82806,0.28179,0.96296,0.12741,0.9964,0,0.88742,0,0.77115,0,0.68957,0.04947,0.50431,0.19785,0.46834,0.28029,0.54568,0.30783,0.53585,0.33575,0.5259,0.28929,0.31006,0.37622,0.1212,0.54859,0,0.72845,0,0.64901,0.17696,0.49313,0.23452,0.44367,0.42697,0.5291,0.62302,0.68948,0.68058,0.83487,0.56547,0.85285,0.36941,0.7899,0.22193,0.67899,0.39819,0.09043,0.76293,0.23996,0.71644,0.31355,0.69142,0.34894,0.65266,0.38528,0.61853],"triangles":[4,26,3,2,26,27,2,3,26,4,25,26,4,5,25,5,35,25,27,28,2,28,1,2,27,26,30,35,24,25,26,25,30,25,24,30,35,17,24,27,30,28,24,17,18,24,23,30,24,18,23,23,22,30,30,29,28,30,22,29,28,29,1,18,19,23,29,0,1,22,23,20,22,21,29,29,21,0,23,19,20,22,20,21,7,33,6,33,34,6,6,34,5,34,35,5,33,15,34,15,16,34,34,16,35,35,16,17,9,10,31,10,11,31,9,31,8,31,32,8,8,32,7,32,33,7,11,12,31,32,31,13,31,12,13,15,32,14,32,15,33,14,32,13],"vertices":[1,15,32.18,4.87,1,2,14,36.97,-6.17,0.00102,15,31.59,-4.13,0.99897,2,14,26.57,-19.87,0.03221,15,22.11,-18.46999,0.96778,2,14,11.76,-17.12,0.1328,15,7.14,-16.69,0.86719,3,13,17.43,-8.06,0.00851,14,4.05,-10.37,0.30522,15,-0.97,-10.46,0.68624,3,13,15.9,-3.48,0.07684,14,4.37,-5.55,0.49039,15,-0.97,-5.63,0.43274,3,13,12.88,-4.53,0.24778,14,1.17999,-5.38,0.61887,15,-4.17,-5.66,0.13333,3,13,10.07,-5.5,0.61027,14,-1.78,-5.21999,0.36989,15,-7.14,-5.69,0.01981,3,13,5.76,-9.93999,0.91482,14,-7.45,-7.69,0.08502,15,-12.64,-8.53,0.00015,2,13,-1.73,-9.32,0.99389,14,-14.16,-4.28,0.0061,1,13,-6.52,-3.53,1,1,13,-5.32,0.95,1,2,13,-4.48,4.1,0.98758,14,-11.61,9.18999,0.01241,2,13,-0.28,10.65,0.94249,14,-5.23999,13.66,0.0575,3,13,6.97,10.21,0.80395,14,1.29,10.5,0.17176,15,-5.09,10.18999,0.02427,3,13,9.99,6.2,0.49614,14,2.57,5.64,0.41663,15,-3.49,5.43,0.08722,3,13,11.37,6.24,0.18294,14,3.86,5.16,0.60267,15,-2.17,5.02,0.21438,3,13,12.77,6.28,0.07148,14,5.17,4.66,0.37201,15,-0.84,4.62,0.5565,3,13,12.84,15.19,0.01812,14,8.60999,12.89,0.15722,15,2.05,13.05,0.82464,2,14,16.5,16.39,0.01156,15,9.7,17.04999,0.98843,2,14,26.02,15.25,0.00009,15,19.28,16.53,0.9999,1,15,26.48,11.77,1,2,14,25.59,6.69,0.00029,15,19.39,7.97,0.9997,2,14,18.23,9.38,0.00455,15,11.88,10.18,0.99544,2,14,11.69,4.67999,0.04458,15,5.66,5.06,0.95541,2,14,10.22,-4.03,0.07219,15,4.76,-3.73,0.9278,2,14,14.96,-10.52,0.06936,15,9.91,-9.89999,0.93063,2,14,23.3,-11.07,0.02933,15,18.27,-9.89999,0.97066,2,14,28.73,-5.34,0.00142,15,23.31,-3.84,0.99857,1,15,24.05,2.74,1,1,15,15.72,-0.19,1,2,13,-1.04,0.15,0.99255,14,-9.93,4.23,0.00744,2,13,6.36,0.1,0.85655,14,-3.09,1.37,0.14343,3,13,10.03,0.15,0.5259,14,0.32,0.03,0.45454,15,-5.37,-0.31,0.01954,3,13,12.07,1.21,0.20267,14,2.60999,0.24,0.63123,15,-3.1,0.04,0.16608,3,13,14.11,2.08,0.01999,14,4.83,0.27,0.61431,15,-0.89,0.22,0.36568],"edges":[24,26,26,28,28,30,14,16,16,18,18,20,34,36,36,38,38,40,10,8,8,6,6,4,4,2,2,0,40,42,0,42,30,32,32,34,10,12,12,14,44,46,46,48,48,50,50,52,52,54,54,56,56,58,58,44,20,22,22,24,18,62,62,26,22,62,16,64,64,28,62,64,14,66,66,30,64,66,12,68,68,32,66,68,10,70,70,34,68,70]}},"zuoyan":{"zuoyan":{"x":1.63,"y":0.07,"rotation":-86.95,"width":19,"height":26}},"zuoyan_jiayou":{"zuoyan_jiayou":{"x":1.13,"y":0.04,"rotation":-86.95,"width":21,"height":23}}}},"animations":{"fighting":{"slots":{"wenzi":{"color":[{"time":0,"color":"fbfffaff","curve":"stepped"},{"time":1,"color":"fbfffaff"}]},"youshou":{"color":[{"time":0,"color":"ffffff00","curve":"stepped"},{"time":1,"color":"ffffff00"}]},"youyan":{"color":[{"time":0,"color":"ffffff00","curve":"stepped"},{"time":1,"color":"ffffff00"}]},"youyan_jiayou":{"color":[{"time":0,"color":"ffffffff","curve":"stepped"},{"time":1,"color":"ffffffff"}]},"zuoshou":{"color":[{"time":0,"color":"ffffff00","curve":"stepped"},{"time":1,"color":"ffffff00"}]},"zuoyan":{"color":[{"time":0,"color":"ffffff00","curve":"stepped"},{"time":1,"color":"ffffff00"}]},"zuoyan_jiayou":{"color":[{"time":0,"color":"ffffffff","curve":"stepped"},{"time":1,"color":"ffffffff"}]}},"bones":{"bone5":{"rotate":[{"time":0,"angle":0,"curve":"stepped"},{"time":1,"angle":0}],"translate":[{"time":0,"x":0,"y":0,"curve":"stepped"},{"time":1,"x":0,"y":0}],"scale":[{"time":0,"x":1,"y":1,"curve":"stepped"},{"time":1,"x":1,"y":1}]},"bone4":{"rotate":[{"time":0,"angle":0,"curve":"stepped"},{"time":1,"angle":0}],"translate":[{"time":0,"x":0,"y":0,"curve":"stepped"},{"time":1,"x":0,"y":0}],"scale":[{"time":0,"x":1,"y":1,"curve":"stepped"},{"time":1,"x":1,"y":1}]},"bone9":{"rotate":[{"time":0,"angle":0,"curve":"stepped"},{"time":1,"angle":0}],"translate":[{"time":0,"x":0,"y":0,"curve":"stepped"},{"time":1,"x":0,"y":0}],"scale":[{"time":0,"x":1,"y":1,"curve":"stepped"},{"time":1,"x":1,"y":1}]},"bone6":{"rotate":[{"time":0,"angle":0,"curve":"stepped"},{"time":1,"angle":0}],"translate":[{"time":0,"x":0,"y":0,"curve":"stepped"},{"time":1,"x":0,"y":0}],"scale":[{"time":0,"x":1,"y":1,"curve":"stepped"},{"time":1,"x":1,"y":1}]},"bone":{"rotate":[{"time":0,"angle":0,"curve":[0.25,0,0.75,1]},{"time":0.5,"angle":-5.39,"curve":[0.25,0,0.75,1]},{"time":1,"angle":0}],"translate":[{"time":0,"x":0,"y":0,"curve":"stepped"},{"time":1,"x":0,"y":0}],"scale":[{"time":0,"x":1,"y":1,"curve":"stepped"},{"time":1,"x":1,"y":1}]},"bone2":{"rotate":[{"time":0,"angle":-0.99,"curve":[0.379,0.6,0.724,1]},{"time":0.1333,"angle":0,"curve":[0.25,0,0.75,1]},{"time":0.6333,"angle":-5.39,"curve":[0.242,0,0.666,0.66]},{"time":1,"angle":-0.99}],"translate":[{"time":0,"x":0,"y":0,"curve":"stepped"},{"time":1,"x":0,"y":0}],"scale":[{"time":0,"x":1,"y":1,"curve":"stepped"},{"time":1,"x":1,"y":1}]},"bone3":{"rotate":[{"time":0,"angle":-3.75,"curve":[0.354,0.41,0.756,1]},{"time":0.3333,"angle":0},{"time":0.8,"angle":-5.39,"curve":[0.262,0,0.617,0.43]},{"time":1,"angle":-3.75}],"translate":[{"time":0,"x":0,"y":0,"curve":"stepped"},{"time":1,"x":0,"y":0}],"scale":[{"time":0,"x":1,"y":1,"curve":"stepped"},{"time":1,"x":1,"y":1}]},"bone7":{"rotate":[{"time":0,"angle":0,"curve":"stepped"},{"time":1,"angle":0}],"translate":[{"time":0,"x":0,"y":0,"curve":"stepped"},{"time":1,"x":0,"y":0}],"scale":[{"time":0,"x":1,"y":1,"curve":"stepped"},{"time":1,"x":1,"y":1}]},"bone8":{"rotate":[{"time":0,"angle":0,"curve":"stepped"},{"time":1,"angle":0}],"translate":[{"time":0,"x":0,"y":0,"curve":"stepped"},{"time":1,"x":0,"y":0}],"scale":[{"time":0,"x":1,"y":1,"curve":"stepped"},{"time":1,"x":1,"y":1}]},"bone10":{"rotate":[{"time":0,"angle":0,"curve":"stepped"},{"time":1,"angle":0}],"translate":[{"time":0,"x":0,"y":0,"curve":"stepped"},{"time":1,"x":0,"y":0}],"scale":[{"time":0,"x":1,"y":1,"curve":"stepped"},{"time":1,"x":1,"y":1}]},"bone11":{"rotate":[{"time":0,"angle":0,"curve":"stepped"},{"time":1,"angle":0}],"translate":[{"time":0,"x":0,"y":0,"curve":"stepped"},{"time":1,"x":0,"y":0}],"scale":[{"time":0,"x":1,"y":1,"curve":"stepped"},{"time":1,"x":1,"y":1}]},"bone12":{"rotate":[{"time":0,"angle":0,"curve":[0.25,0,0.75,1]},{"time":0.2333,"angle":17.32,"curve":[0.25,0,0.75,1]},{"time":0.5,"angle":-3.03,"curve":[0.25,0,0.75,1]},{"time":0.7333,"angle":16.02,"curve":[0.25,0,0.75,1]},{"time":1,"angle":0}],"translate":[{"time":0,"x":0,"y":0,"curve":"stepped"},{"time":1,"x":0,"y":0}],"scale":[{"time":0,"x":1,"y":1,"curve":"stepped"},{"time":1,"x":1,"y":1}]},"bone13":{"rotate":[{"time":0,"angle":0,"curve":[0.25,0,0.75,1]},{"time":0.2333,"angle":17.32,"curve":[0.25,0,0.75,1]},{"time":0.5,"angle":-2.18,"curve":[0.25,0,0.75,1]},{"time":0.7333,"angle":16.04,"curve":[0.25,0,0.75,1]},{"time":1,"angle":0}],"translate":[{"time":0,"x":0,"y":0,"curve":"stepped"},{"time":1,"x":0,"y":0}],"scale":[{"time":0,"x":1,"y":1,"curve":"stepped"},{"time":1,"x":1,"y":1}]},"bone14":{"rotate":[{"time":0,"angle":0,"curve":[0.25,0,0.75,1]},{"time":0.2333,"angle":17.32,"curve":[0.25,0,0.75,1]},{"time":0.5,"angle":-2.18,"curve":[0.25,0,0.75,1]},{"time":0.7333,"angle":16.04,"curve":[0.25,0,0.75,1]},{"time":1,"angle":0}],"translate":[{"time":0,"x":0,"y":0,"curve":"stepped"},{"time":1,"x":0,"y":0}],"scale":[{"time":0,"x":1,"y":1,"curve":"stepped"},{"time":1,"x":1,"y":1}]},"bone15":{"rotate":[{"time":0,"angle":0,"curve":[0.25,0,0.75,1]},{"time":0.2333,"angle":-19.04,"curve":[0.25,0,0.75,1]},{"time":0.5,"angle":8.13,"curve":[0.25,0,0.75,1]},{"time":0.7333,"angle":-22.32,"curve":[0.25,0,0.75,1]},{"time":1,"angle":0}],"translate":[{"time":0,"x":0,"y":0,"curve":"stepped"},{"time":1,"x":0,"y":0}],"scale":[{"time":0,"x":1,"y":1,"curve":"stepped"},{"time":1,"x":1,"y":1}]},"bone16":{"rotate":[{"time":0,"angle":0,"curve":[0.25,0,0.75,1]},{"time":0.2333,"angle":-19.04,"curve":[0.25,0,0.75,1]},{"time":0.5,"angle":7.19,"curve":[0.25,0,0.75,1]},{"time":0.7333,"angle":-21.7,"curve":[0.25,0,0.75,1]},{"time":1,"angle":0}],"translate":[{"time":0,"x":0,"y":0,"curve":"stepped"},{"time":1,"x":0,"y":0}],"scale":[{"time":0,"x":1,"y":1,"curve":"stepped"},{"time":1,"x":1,"y":1}]},"bone17":{"rotate":[{"time":0,"angle":0,"curve":[0.25,0,0.75,1]},{"time":0.2333,"angle":-19.04,"curve":[0.25,0,0.75,1]},{"time":0.5,"angle":7.19,"curve":[0.25,0,0.75,1]},{"time":0.7333,"angle":-21.7,"curve":[0.25,0,0.75,1]},{"time":1,"angle":0}],"translate":[{"time":0,"x":0,"y":0,"curve":"stepped"},{"time":1,"x":0,"y":0}],"scale":[{"time":0,"x":1,"y":1,"curve":"stepped"},{"time":1,"x":1,"y":1}]},"bone18":{"rotate":[{"time":0,"angle":0,"curve":"stepped"},{"time":1,"angle":0}],"translate":[{"time":0,"x":0,"y":0,"curve":[0.25,0,0.75,1]},{"time":0.5,"x":0,"y":7.51,"curve":[0.25,0,0.75,1]},{"time":1,"x":0,"y":0}],"scale":[{"time":0,"x":1,"y":1,"curve":"stepped"},{"time":1,"x":1,"y":1}]}},"deform":{"default":{"shenti_jiayou":{"shenti_jiayou":[{"time":0,"curve":[0.25,0,0.75,1]},{"time":0.4333,"offset":68,"vertices":[1.0821,1.35974,0.98389,1.4324,1.55384,0.44585,1.51861,0.55391,1.02016,0.12174,1.00909,0.19311,0.95174,0.79043,0.89385,0.85534],"curve":[0.25,0,0.75,1]},{"time":1}]}}}},"stand":{"slots":{"shenti_jiayou":{"color":[{"time":0,"color":"ffffff00","curve":"stepped"},{"time":1,"color":"ffffff00","curve":"stepped"},{"time":2,"color":"ffffff00","curve":"stepped"},{"time":3,"color":"ffffff00"}]},"wenzi":{"color":[{"time":0,"color":"ffffff00","curve":"stepped"},{"time":1,"color":"ffffff00","curve":"stepped"},{"time":2,"color":"ffffff00","curve":"stepped"},{"time":3,"color":"ffffff00"}]},"youshou_jiayou":{"color":[{"time":0,"color":"ffffff00","curve":"stepped"},{"time":1,"color":"ffffff00","curve":"stepped"},{"time":2,"color":"ffffff00","curve":"stepped"},{"time":3,"color":"ffffff00"}]},"youyan_jiayou":{"color":[{"time":0,"color":"ffffff00","curve":"stepped"},{"time":1,"color":"ffffff00","curve":"stepped"},{"time":2,"color":"ffffff00","curve":"stepped"},{"time":3,"color":"ffffff00"}]},"zuoshou_jiayou":{"color":[{"time":0,"color":"ffffff00","curve":"stepped"},{"time":1,"color":"ffffff00","curve":"stepped"},{"time":2,"color":"ffffff00","curve":"stepped"},{"time":3,"color":"ffffff00"}]},"zuoyan_jiayou":{"color":[{"time":0,"color":"ffffff00","curve":"stepped"},{"time":1,"color":"ffffff00","curve":"stepped"},{"time":2,"color":"ffffff00","curve":"stepped"},{"time":3,"color":"ffffff00"}]}},"bones":{"bone":{"rotate":[{"time":0,"angle":-2.43,"curve":[0.377,0.51,0.747,1]},{"time":0.2333,"angle":-1.95,"curve":[0.25,0,0.75,1]},{"time":0.7333,"angle":-3.25,"curve":[0.248,0,0.628,0.51]},{"time":1,"angle":-2.43,"curve":[0.377,0.51,0.747,1]},{"time":1.2333,"angle":-1.95,"curve":[0.25,0,0.75,1]},{"time":1.7333,"angle":-3.25,"curve":[0.248,0,0.628,0.51]},{"time":2,"angle":-2.43,"curve":[0.377,0.51,0.747,1]},{"time":2.2333,"angle":-1.95,"curve":[0.25,0,0.75,1]},{"time":2.7333,"angle":-3.25,"curve":[0.248,0,0.628,0.51]},{"time":3,"angle":-2.43}],"translate":[{"time":0,"x":0,"y":0,"curve":"stepped"},{"time":1,"x":0,"y":0,"curve":"stepped"},{"time":2,"x":0,"y":0,"curve":"stepped"},{"time":3,"x":0,"y":0}],"scale":[{"time":0,"x":1,"y":1,"curve":"stepped"},{"time":1,"x":1,"y":1,"curve":"stepped"},{"time":2,"x":1,"y":1,"curve":"stepped"},{"time":3,"x":1,"y":1}]},"bone15":{"rotate":[{"time":0,"angle":0,"curve":"stepped"},{"time":1,"angle":0,"curve":"stepped"},{"time":2,"angle":0,"curve":"stepped"},{"time":3,"angle":0}],"translate":[{"time":0,"x":0,"y":0,"curve":"stepped"},{"time":1,"x":0,"y":0,"curve":"stepped"},{"time":2,"x":0,"y":0,"curve":"stepped"},{"time":3,"x":0,"y":0}],"scale":[{"time":0,"x":1,"y":1,"curve":"stepped"},{"time":1,"x":1,"y":1,"curve":"stepped"},{"time":2,"x":1,"y":1,"curve":"stepped"},{"time":3,"x":1,"y":1}]},"bone5":{"rotate":[{"time":0,"angle":0,"curve":"stepped"},{"time":1,"angle":0,"curve":"stepped"},{"time":2,"angle":0,"curve":"stepped"},{"time":3,"angle":0}],"translate":[{"time":0,"x":0,"y":0,"curve":"stepped"},{"time":1,"x":0,"y":0,"curve":"stepped"},{"time":1.6,"x":0,"y":0,"curve":[0.25,0,0.75,1]},{"time":1.7,"x":1.74,"y":0.07,"curve":"stepped"},{"time":1.7333,"x":1.74,"y":0.07,"curve":[0.25,0,0.75,1]},{"time":1.8,"x":0,"y":0,"curve":"stepped"},{"time":2,"x":0,"y":0,"curve":"stepped"},{"time":3,"x":0,"y":0}],"scale":[{"time":0,"x":1,"y":1,"curve":"stepped"},{"time":1,"x":1,"y":1,"curve":"stepped"},{"time":1.6,"x":1,"y":1,"curve":[0.25,0,0.75,1]},{"time":1.7,"x":0.094,"y":1,"curve":"stepped"},{"time":1.7333,"x":0.094,"y":1,"curve":[0.25,0,0.75,1]},{"time":1.8,"x":1,"y":1,"curve":"stepped"},{"time":2,"x":1,"y":1,"curve":"stepped"},{"time":3,"x":1,"y":1}]},"bone4":{"rotate":[{"time":0,"angle":0,"curve":"stepped"},{"time":1,"angle":0,"curve":"stepped"},{"time":2,"angle":0,"curve":"stepped"},{"time":3,"angle":0}],"translate":[{"time":0,"x":0,"y":0,"curve":"stepped"},{"time":1,"x":0,"y":0,"curve":"stepped"},{"time":1.6,"x":0,"y":0,"curve":[0.25,0,0.75,1]},{"time":1.7,"x":1.75,"y":0.07,"curve":"stepped"},{"time":1.7333,"x":1.75,"y":0.07,"curve":[0.25,0,0.75,1]},{"time":1.8,"x":0,"y":0,"curve":"stepped"},{"time":2,"x":0,"y":0,"curve":"stepped"},{"time":3,"x":0,"y":0}],"scale":[{"time":0,"x":1,"y":1,"curve":"stepped"},{"time":1,"x":1,"y":1,"curve":"stepped"},{"time":1.6,"x":1,"y":1,"curve":[0.25,0,0.75,1]},{"time":1.7,"x":0.054,"y":1,"curve":"stepped"},{"time":1.7333,"x":0.054,"y":1,"curve":[0.25,0,0.75,1]},{"time":1.8,"x":1,"y":1,"curve":"stepped"},{"time":2,"x":1,"y":1,"curve":"stepped"},{"time":3,"x":1,"y":1}]},"bone18":{"rotate":[{"time":0,"angle":0,"curve":"stepped"},{"time":1,"angle":0,"curve":"stepped"},{"time":2,"angle":0,"curve":"stepped"},{"time":3,"angle":0}],"translate":[{"time":0,"x":0,"y":0,"curve":"stepped"},{"time":1,"x":0,"y":0,"curve":"stepped"},{"time":2,"x":0,"y":0,"curve":"stepped"},{"time":3,"x":0,"y":0}],"scale":[{"time":0,"x":1,"y":1,"curve":"stepped"},{"time":1,"x":1,"y":1,"curve":"stepped"},{"time":2,"x":1,"y":1,"curve":"stepped"},{"time":3,"x":1,"y":1}]},"bone2":{"rotate":[{"time":0,"angle":0,"curve":[0.25,0,0.75,1]},{"time":0.5,"angle":-1.24,"curve":[0.25,0,0.75,1]},{"time":1,"angle":0,"curve":[0.25,0,0.75,1]},{"time":1.5,"angle":-1.24,"curve":[0.25,0,0.75,1]},{"time":2,"angle":0,"curve":[0.25,0,0.75,1]},{"time":2.5,"angle":-1.24,"curve":[0.25,0,0.75,1]},{"time":3,"angle":0}],"translate":[{"time":0,"x":0,"y":0,"curve":"stepped"},{"time":1,"x":0,"y":0,"curve":"stepped"},{"time":2,"x":0,"y":0,"curve":"stepped"},{"time":3,"x":0,"y":0}],"scale":[{"time":0,"x":1,"y":1,"curve":"stepped"},{"time":1,"x":1,"y":1,"curve":"stepped"},{"time":2,"x":1,"y":1,"curve":"stepped"},{"time":3,"x":1,"y":1}]},"bone6":{"rotate":[{"time":0,"angle":2.93,"curve":[0.25,0,0.75,1]},{"time":0.5,"angle":0.37,"curve":[0.25,0,0.75,1]},{"time":1,"angle":2.93,"curve":[0.25,0,0.75,1]},{"time":1.5,"angle":0.37,"curve":[0.25,0,0.75,1]},{"time":2,"angle":2.93,"curve":[0.25,0,0.75,1]},{"time":2.5,"angle":0.37,"curve":[0.25,0,0.75,1]},{"time":3,"angle":2.93}],"translate":[{"time":0,"x":0.68,"y":-0.03,"curve":[0.246,0,0.722,0.88]},{"time":0.4666,"x":3.13,"y":0.83,"curve":[0.352,0.65,0.686,1]},{"time":0.5,"x":2.89,"y":0.83,"curve":[0.25,0,0.75,1]},{"time":1,"x":0.68,"y":-0.03,"curve":[0.246,0,0.722,0.88]},{"time":1.4666,"x":3.13,"y":0.83,"curve":[0.352,0.65,0.686,1]},{"time":1.5,"x":2.89,"y":0.83,"curve":[0.25,0,0.75,1]},{"time":2,"x":0.68,"y":-0.03,"curve":[0.246,0,0.722,0.88]},{"time":2.4666,"x":3.13,"y":0.83,"curve":[0.352,0.65,0.686,1]},{"time":2.5,"x":2.89,"y":0.83,"curve":[0.25,0,0.75,1]},{"time":3,"x":0.68,"y":-0.03}],"scale":[{"time":0,"x":1,"y":1,"curve":"stepped"},{"time":1,"x":1,"y":1,"curve":"stepped"},{"time":2,"x":1,"y":1,"curve":"stepped"},{"time":3,"x":1,"y":1}]},"bone7":{"rotate":[{"time":0,"angle":1.6,"curve":[0.25,0,0.75,1]},{"time":0.5,"angle":-0.95,"curve":[0.25,0,0.75,1]},{"time":1,"angle":1.6,"curve":[0.25,0,0.75,1]},{"time":1.5,"angle":-0.95,"curve":[0.25,0,0.75,1]},{"time":2,"angle":1.6,"curve":[0.25,0,0.75,1]},{"time":2.5,"angle":-0.95,"curve":[0.25,0,0.75,1]},{"time":3,"angle":1.6}],"translate":[{"time":0,"x":0,"y":0,"curve":"stepped"},{"time":1,"x":0,"y":0,"curve":"stepped"},{"time":2,"x":0,"y":0,"curve":"stepped"},{"time":3,"x":0,"y":0}],"scale":[{"time":0,"x":1,"y":1,"curve":"stepped"},{"time":1,"x":1,"y":1,"curve":"stepped"},{"time":2,"x":1,"y":1,"curve":"stepped"},{"time":3,"x":1,"y":1}]},"bone8":{"rotate":[{"time":0,"angle":4.87,"curve":[0.25,0,0.75,1]},{"time":0.5,"angle":2.31,"curve":[0.25,0,0.75,1]},{"time":1,"angle":4.87,"curve":[0.25,0,0.75,1]},{"time":1.5,"angle":2.31,"curve":[0.25,0,0.75,1]},{"time":2,"angle":4.87,"curve":[0.25,0,0.75,1]},{"time":2.5,"angle":2.31,"curve":[0.25,0,0.75,1]},{"time":3,"angle":4.87}],"translate":[{"time":0,"x":0,"y":0,"curve":"stepped"},{"time":1,"x":0,"y":0,"curve":"stepped"},{"time":2,"x":0,"y":0,"curve":"stepped"},{"time":3,"x":0,"y":0}],"scale":[{"time":0,"x":1,"y":1,"curve":"stepped"},{"time":1,"x":1,"y":1,"curve":"stepped"},{"time":2,"x":1,"y":1,"curve":"stepped"},{"time":3,"x":1,"y":1}]},"bone9":{"rotate":[{"time":0,"angle":-3.15,"curve":"stepped"},{"time":1,"angle":-3.15,"curve":"stepped"},{"time":2,"angle":-3.15,"curve":"stepped"},{"time":3,"angle":-3.15}],"translate":[{"time":0,"x":0.68,"y":-0.03,"curve":[0.25,0,0.75,1]},{"time":0.5,"x":0.77,"y":-0.14,"curve":[0.25,0,0.75,1]},{"time":1,"x":0.68,"y":-0.03,"curve":[0.25,0,0.75,1]},{"time":1.5,"x":0.77,"y":-0.14,"curve":[0.25,0,0.75,1]},{"time":2,"x":0.68,"y":-0.03,"curve":[0.25,0,0.75,1]},{"time":2.5,"x":0.77,"y":-0.14,"curve":[0.25,0,0.75,1]},{"time":3,"x":0.68,"y":-0.03}],"scale":[{"time":0,"x":1,"y":1,"curve":"stepped"},{"time":1,"x":1,"y":1,"curve":"stepped"},{"time":2,"x":1,"y":1,"curve":"stepped"},{"time":3,"x":1,"y":1}]},"bone10":{"rotate":[{"time":0,"angle":-2.15,"curve":"stepped"},{"time":1,"angle":-2.15,"curve":"stepped"},{"time":2,"angle":-2.15,"curve":"stepped"},{"time":3,"angle":-2.15}],"translate":[{"time":0,"x":0,"y":0,"curve":"stepped"},{"time":1,"x":0,"y":0,"curve":"stepped"},{"time":2,"x":0,"y":0,"curve":"stepped"},{"time":3,"x":0,"y":0}],"scale":[{"time":0,"x":1,"y":1,"curve":"stepped"},{"time":1,"x":1,"y":1,"curve":"stepped"},{"time":2,"x":1,"y":1,"curve":"stepped"},{"time":3,"x":1,"y":1}]},"bone11":{"rotate":[{"time":0,"angle":-5.75,"curve":"stepped"},{"time":1,"angle":-5.75,"curve":"stepped"},{"time":2,"angle":-5.75,"curve":"stepped"},{"time":3,"angle":-5.75}],"translate":[{"time":0,"x":0,"y":0,"curve":"stepped"},{"time":1,"x":0,"y":0,"curve":"stepped"},{"time":2,"x":0,"y":0,"curve":"stepped"},{"time":3,"x":0,"y":0}],"scale":[{"time":0,"x":1,"y":1,"curve":"stepped"},{"time":1,"x":1,"y":1,"curve":"stepped"},{"time":2,"x":1,"y":1,"curve":"stepped"},{"time":3,"x":1,"y":1}]},"bone12":{"rotate":[{"time":0,"angle":0,"curve":"stepped"},{"time":1,"angle":0,"curve":"stepped"},{"time":2,"angle":0,"curve":"stepped"},{"time":3,"angle":0}],"translate":[{"time":0,"x":0,"y":0,"curve":"stepped"},{"time":1,"x":0,"y":0,"curve":"stepped"},{"time":2,"x":0,"y":0,"curve":"stepped"},{"time":3,"x":0,"y":0}],"scale":[{"time":0,"x":1,"y":1,"curve":"stepped"},{"time":1,"x":1,"y":1,"curve":"stepped"},{"time":2,"x":1,"y":1,"curve":"stepped"},{"time":3,"x":1,"y":1}]},"bone13":{"rotate":[{"time":0,"angle":0,"curve":"stepped"},{"time":1,"angle":0,"curve":"stepped"},{"time":2,"angle":0,"curve":"stepped"},{"time":3,"angle":0}],"translate":[{"time":0,"x":0,"y":0,"curve":"stepped"},{"time":1,"x":0,"y":0,"curve":"stepped"},{"time":2,"x":0,"y":0,"curve":"stepped"},{"time":3,"x":0,"y":0}],"scale":[{"time":0,"x":1,"y":1,"curve":"stepped"},{"time":1,"x":1,"y":1,"curve":"stepped"},{"time":2,"x":1,"y":1,"curve":"stepped"},{"time":3,"x":1,"y":1}]},"bone14":{"rotate":[{"time":0,"angle":0,"curve":"stepped"},{"time":1,"angle":0,"curve":"stepped"},{"time":2,"angle":0,"curve":"stepped"},{"time":3,"angle":0}],"translate":[{"time":0,"x":0,"y":0,"curve":"stepped"},{"time":1,"x":0,"y":0,"curve":"stepped"},{"time":2,"x":0,"y":0,"curve":"stepped"},{"time":3,"x":0,"y":0}],"scale":[{"time":0,"x":1,"y":1,"curve":"stepped"},{"time":1,"x":1,"y":1,"curve":"stepped"},{"time":2,"x":1,"y":1,"curve":"stepped"},{"time":3,"x":1,"y":1}]},"bone16":{"rotate":[{"time":0,"angle":0,"curve":"stepped"},{"time":1,"angle":0,"curve":"stepped"},{"time":2,"angle":0,"curve":"stepped"},{"time":3,"angle":0}],"translate":[{"time":0,"x":0,"y":0,"curve":"stepped"},{"time":1,"x":0,"y":0,"curve":"stepped"},{"time":2,"x":0,"y":0,"curve":"stepped"},{"time":3,"x":0,"y":0}],"scale":[{"time":0,"x":1,"y":1,"curve":"stepped"},{"time":1,"x":1,"y":1,"curve":"stepped"},{"time":2,"x":1,"y":1,"curve":"stepped"},{"time":3,"x":1,"y":1}]},"bone17":{"rotate":[{"time":0,"angle":0,"curve":"stepped"},{"time":1,"angle":0,"curve":"stepped"},{"time":2,"angle":0,"curve":"stepped"},{"time":3,"angle":0}],"translate":[{"time":0,"x":0,"y":0,"curve":"stepped"},{"time":1,"x":0,"y":0,"curve":"stepped"},{"time":2,"x":0,"y":0,"curve":"stepped"},{"time":3,"x":0,"y":0}],"scale":[{"time":0,"x":1,"y":1,"curve":"stepped"},{"time":1,"x":1,"y":1,"curve":"stepped"},{"time":2,"x":1,"y":1,"curve":"stepped"},{"time":3,"x":1,"y":1}]},"bone3":{"rotate":[{"time":0,"angle":2.16,"curve":[0.21,0.2,0.75,1]},{"time":0.5,"angle":5.97,"curve":[0.25,0,0.767,0.77]},{"time":1,"angle":2.16,"curve":[0.21,0.2,0.75,1]},{"time":1.5,"angle":5.97,"curve":[0.25,0,0.767,0.77]},{"time":2,"angle":2.16,"curve":[0.21,0.2,0.75,1]},{"time":2.5,"angle":5.97,"curve":[0.25,0,0.767,0.77]},{"time":3,"angle":2.16}],"translate":[{"time":0,"x":0.24,"y":-0.01,"curve":"stepped"},{"time":1,"x":0.24,"y":-0.01,"curve":"stepped"},{"time":2,"x":0.24,"y":-0.01,"curve":"stepped"},{"time":3,"x":0.24,"y":-0.01}],"scale":[{"time":0,"x":0.976,"y":1.001,"curve":[0.25,0,0.75,1]},{"time":0.5,"x":0.95,"y":1.001,"curve":[0.25,0,0.75,1]},{"time":1,"x":0.976,"y":1.001,"curve":[0.25,0,0.75,1]},{"time":1.5,"x":0.95,"y":1.001,"curve":[0.25,0,0.75,1]},{"time":2,"x":0.976,"y":1.001,"curve":[0.25,0,0.75,1]},{"time":2.5,"x":0.95,"y":1.001,"curve":[0.25,0,0.75,1]},{"time":3,"x":0.976,"y":1.001}]}},"deform":{"default":{"shenti":{"shenti":[{"time":0,"curve":[0.25,0,0.75,1]},{"time":0.5,"offset":72,"vertices":[0.12991,0.99958,0.04629,1.00692,0.11367,0.87464,0.0405,0.88107,0.46102,1.59185,0.32696,1.6247,-0.16373,1.67305,-0.30236,1.65362,0.52101,1.07582,0.42968,1.11544],"curve":[0.25,0,0.75,1]},{"time":1,"curve":[0.25,0,0.75,1]},{"time":1.5,"offset":72,"vertices":[0.12991,0.99958,0.04629,1.00692,0.11367,0.87464,0.0405,0.88107,0.46102,1.59185,0.32696,1.6247,-0.16373,1.67305,-0.30236,1.65362,0.52101,1.07582,0.42968,1.11544],"curve":[0.25,0,0.75,1]},{"time":2,"curve":[0.25,0,0.75,1]},{"time":2.5,"offset":72,"vertices":[0.12991,0.99958,0.04629,1.00692,0.11367,0.87464,0.0405,0.88107,0.46102,1.59185,0.32696,1.6247,-0.16373,1.67305,-0.30236,1.65362,0.52101,1.07582,0.42968,1.11544],"curve":[0.25,0,0.75,1]},{"time":3}]}}}}}},[0]]],0,0,[0],[-1],[0]]