[1,0,0,[],0,[{"_name":"FuWuYuan","_uuid":"f7035a8d-14d2-4942-ada2-56a6ca22f506","skeleton":{"hash":"CpfYsIOnOa9FM03kSQGIR5DRCCc","spine":"3.3.07","width":95.16,"height":157.09,"images":"./images/"},"bones":[{"name":"root"},{"name":"bone","parent":"root","x":0.25,"y":146.1},{"name":"bone1_F_body","parent":"root","length":37,"rotation":90.46,"x":-0.6,"y":29.05},{"name":"bone2_F_head","parent":"bone1_F_body","length":64,"rotation":-1.52,"x":39.2,"y":0.28,"inheritScale":false},{"name":"bone10_F_hair_l","parent":"bone2_F_head","length":15,"rotation":-153.88,"x":9.98,"y":-20.46,"inheritScale":false},{"name":"bone11_F_eye_r","parent":"bone2_F_head","x":27,"y":8,"inheritScale":false},{"name":"bone12_F_eye_l","parent":"bone2_F_head","x":27.23,"y":-9.94,"inheritScale":false},{"name":"bone3_F_leg_r","parent":"bone1_F_body","length":25,"rotation":179.08,"x":-2.78,"y":7.52,"inheritScale":false},{"name":"bone4_F_leg_l","parent":"bone1_F_body","length":25,"rotation":-178.36,"x":-2.07,"y":-8.93,"inheritScale":false},{"name":"bone5_F_hand_r1","parent":"bone1_F_body","length":17,"rotation":151.7,"x":31.79,"y":11.49,"inheritScale":false},{"name":"bone6_F_hand_r2","parent":"bone5_F_hand_r1","length":14,"rotation":83.29,"x":16.39},{"name":"bone7_F_hand_l1","parent":"bone1_F_body","length":21,"rotation":-141.34,"x":32.78,"y":-8.21,"inheritScale":false},{"name":"bone8_F_hand_l2","parent":"bone7_F_hand_l1","length":13,"rotation":-98.96,"x":20.98,"y":-0.5},{"name":"bone9_F_hair_r","parent":"bone2_F_head","length":13,"rotation":154.68,"x":7.25,"y":18.68,"inheritScale":false},{"name":"shenti","parent":"root","length":34,"rotation":83.65,"x":-3.35,"y":33.8},{"name":"youshou_shang","parent":"shenti","length":14,"rotation":157.29,"x":31.72,"y":6.54,"inheritScale":false},{"name":"youshou_xia","parent":"youshou_shang","length":9,"rotation":-25.85,"x":15.32,"y":-0.4},{"name":"caidan2","parent":"youshou_xia","rotation":144.91,"x":-18.26,"y":64.28},{"name":"cake_s","parent":"youshou_xia","rotation":144.91,"x":-33.4,"y":44.34},{"name":"tou","parent":"shenti","length":61,"rotation":-2.77,"x":36.76,"y":1.42,"inheritScale":false},{"name":"youtui_shang","parent":"shenti","length":9,"rotation":-170.78,"x":-6.12,"y":2.63,"inheritScale":false},{"name":"youtui_xia","parent":"youtui_shang","length":12,"rotation":4.03,"x":9.81,"y":0.01},{"name":"zuoshou2","parent":"bone7_F_hand_l1","length":18,"rotation":125.03,"x":21.06,"y":-0.24},{"name":"zuoshou23","parent":"bone5_F_hand_r1","length":17,"rotation":-136.86,"x":16.43,"y":-0.7},{"name":"zuoshou_shang","parent":"shenti","length":17,"rotation":179.43,"x":32.13,"y":-9.4},{"name":"zuoshou_xia","parent":"zuoshou_shang","length":15,"rotation":-58.25,"x":17.65,"y":-1.03},{"name":"zuotui_shang","parent":"shenti","length":13,"rotation":-167.08,"x":-2.88,"y":-8.87,"inheritScale":false},{"name":"zuotui_xia","parent":"zuotui_shang","length":14,"rotation":5.06,"x":16.33,"y":-0.03}],"slots":[{"name":"shadow","bone":"root","attachment":"shadow"},{"name":"mabu","bone":"zuoshou2","attachment":"mabu"},{"name":"zuotui_0","bone":"youtui_shang","attachment":"zuotui_0"},{"name":"zuotui_shang","bone":"zuotui_shang","attachment":"zuotui_shang"},{"name":"youshou_shang","bone":"youshou_shang","attachment":"youshou_shang"},{"name":"shenti","bone":"shenti","attachment":"shenti"},{"name":"tou_0","bone":"tou","attachment":"tou_0"},{"name":"yanjing1_0","bone":"tou","attachment":"yanjing1_0"},{"name":"yanjing2_0","bone":"tou","attachment":"yanjing2_0"},{"name":"yanjing3","bone":"tou","attachment":"yanjing3"},{"name":"caidan","bone":"youshou_xia","attachment":"caidan"},{"name":"panzi","bone":"youshou_xia","attachment":"panzi"},{"name":"move_order","bone":"youshou_xia","attachment":"move_order"},{"name":"caidan2","bone":"caidan2","attachment":"caidan2"},{"name":"zuoshou_shang","bone":"zuoshou_shang","attachment":"zuoshou_shang"},{"name":"yinliao","bone":"youshou_xia","attachment":"yinliao"},{"name":"youjiao","bone":"bone3_F_leg_r","attachment":"youjiao"},{"name":"zuojiao","bone":"bone4_F_leg_l","attachment":"zuojiao"},{"name":"zuoshou23","bone":"zuoshou23","attachment":"zuoshou23"},{"name":"zuoshou2","bone":"zuoshou2","attachment":"zuoshou2"},{"name":"zuoshou1","bone":"bone5_F_hand_r1","attachment":"zuoshou1"},{"name":"youshou","bone":"bone7_F_hand_l1","attachment":"youshou"},{"name":"bone1_F_body","bone":"bone1_F_body","attachment":"bone1_F_body"},{"name":"bone2_B_head","bone":"bone2_F_head","attachment":"bone2_B_head"},{"name":"bone4_F_leg_l","bone":"bone4_F_leg_l","attachment":"bone4_F_leg_l"},{"name":"bone3_F_leg_r","bone":"bone3_F_leg_r","attachment":"bone3_F_leg_r"},{"name":"shenti_01","bone":"bone1_F_body","attachment":"shenti_01"},{"name":"bone7_F_hand_l1","bone":"bone7_F_hand_l1","attachment":"bone7_F_hand_l1"},{"name":"bone5_F_hand_r1","bone":"bone5_F_hand_r1","attachment":"bone5_F_hand_r1"},{"name":"bone2_F_head","bone":"bone2_F_head","attachment":"bone2_F_head"},{"name":"zuoyan","bone":"bone11_F_eye_r","attachment":"zuoyan"},{"name":"bone12_F_eye_l","bone":"bone12_F_eye_l","attachment":"bone12_F_eye_l"},{"name":"caidan1","bone":"bone1_F_body","attachment":"caidan1"},{"name":"cake_s","bone":"cake_s","attachment":"角色文件-吃蛋糕/cake_s"}],"skins":{"default":{"bone12_F_eye_l":{"bone12_F_eye_l":{"x":0.38,"y":0.26,"rotation":-88.94,"width":9,"height":10}},"bone2_F_head":{"bone2_F_head":{"type":"mesh","hull":16,"width":73,"height":77,"uvs":[0.01369,0.41168,0.01369,0.2474,0.24109,0.01298,0.70958,0.01298,0.9863,0.24999,0.9863,0.41493,0.9863,0.66948,0.88356,0.75714,0.95273,0.88636,0.88766,0.98701,0.7863,0.98701,0.7952,0.90259,0.68218,0.85714,0.50274,0.91493,0.21506,0.84285,0.01369,0.70454],"triangles":[7,11,8,11,9,8,11,10,9,3,0,5,0,12,5,12,7,5,5,7,6,3,5,4,0,14,12,2,0,3,12,11,7,14,13,12,1,0,2,0,15,14],"vertices":[1,3,37.41,35,1,1,3,50.05,35.23,1,1,3,68.41,18.95999,1,1,3,69.04,-15.22,1,1,3,51.17,-35.75,1,1,3,38.47,-35.99,1,1,3,18.87,-36.36,1,2,3,11.99,-28.98,0.96,4,1.94,8.53,0.04,1,4,13.1,8.89,1,1,4,18.11,1.30999,1,1,4,14.97,-5.4,1,2,3,0.67,-22.74,0.13,4,9.35,-2.06,0.87,2,3,4.02,-14.43,0.96,4,2.7,-8.05,0.04,1,3,-0.67,-1.41,1,1,3,4.48,19.69,1,1,3,14.86,34.58,1],"edges":[0,2,2,4,4,6,6,8,8,10,10,12,12,14,14,16,16,18,18,20,20,22,22,24,24,26,26,28,28,30,30,0]}},"bone3_F_leg_r":{"bone3_F_leg_r":{"x":11.2,"y":0.19,"rotation":90.45,"width":14,"height":30}},"bone4_F_leg_l":{"bone4_F_leg_l":{"x":12.03,"y":-0.79,"rotation":87.9,"width":15,"height":30}},"bone5_F_hand_r1":{"bone5_F_hand_r1":{"type":"mesh","hull":13,"width":19,"height":30,"uvs":[0.7342,0.03333,0.73947,0.39667,0.63157,0.505,0.47368,0.63,0.94736,0.77333,0.94736,0.96666,0.51052,0.96666,0.09999,0.80166,0.05263,0.735,0.05263,0.59833,0.20263,0.395,0.13158,0.26333,0.45,0.03333],"triangles":[8,7,3,7,6,3,4,6,5,3,6,4,10,9,3,9,8,3,10,3,2,10,2,1,11,10,1,0,12,1,12,11,1],"vertices":[1,2,35.72,9.7,1,1,2,24.82,9.68,1,2,2,21.59,11.77,0.08,9,9.12,4.6,0.92,2,9,13.83,3.7,0.5,10,3.37,2.97,0.5,1,10,13.22,4.53,1,1,10,16.51,-0.24,1,1,10,9.67,-4.94,1,2,9,21.7,-0.18,0.14,10,0.44,-5.29,0.86,2,9,20.36,-1.91,0.5,10,-1.44,-4.16,0.5,2,9,17.75,-3.28,0.87,10,-3.11,-1.73,0.13,1,9,10,-4.15,1,2,2,28.91,20.95999,0.04,9,7.03,-6.97,0.96,2,2,35.75,15.1,0.85,9,-1.78,-5.06,0.15],"edges":[0,2,2,4,4,6,6,8,8,10,10,12,12,14,14,16,16,18,18,20,20,22,22,24,24,0]}},"bone7_F_hand_l1":{"bone7_F_hand_l1":{"type":"mesh","hull":13,"width":18,"height":30,"uvs":[0.05555,0.96666,0.05555,0.75,0.48611,0.61333,0.34167,0.47499,0.15832,0.345,0.22222,0.03333,0.51389,0.03333,0.79444,0.26,0.77777,0.36,0.94444,0.58166,0.94444,0.71666,0.875,0.79333,0.42777,0.96666],"triangles":[5,4,6,6,4,7,4,8,7,3,2,8,4,3,8,9,2,10,8,2,9,1,0,12,1,12,2,2,12,11,2,11,10],"vertices":[1,12,15.7,0.83,1,1,12,12.44,-4.79,1,2,12,3.68,-4.44,0.5,11,16.03,-3.45,0.5,2,11,11.17,-2.84,0.9,2,22.29,-12.97,0.1,1,2,26.21,-9.7,1,1,2,35.55,-10.93,1,2,11,2.85,7.92,0.15,2,35.5,-16.18,0.85,2,11,11.31,7.55,0.95,2,28.67,-21.17,0.05,1,11,13.45,5.42,1,2,12,-3.93,-1.12,0.09,11,20.5,3.55,0.91,2,12,-1.9,2.39,0.5,11,23.64,1,0.5,2,12,0.34,3.75,0.89,11,24.64,-1.42,0.11,1,12,9.91,4.19,1],"edges":[0,2,2,4,4,6,6,8,8,10,10,12,12,14,14,16,16,18,18,20,20,22,22,24,24,0]}},"caidan":{"caidan":{"x":10.22,"y":3.68,"rotation":144.91,"width":40,"height":19}},"caidan1":{"caidan1":{"x":10.6,"y":-0.69,"rotation":-90.46,"width":26,"height":9}},"caidan2":{"caidan2":{"x":0.4,"y":0.44,"width":25,"height":22}},"cake_s":{"角色文件-吃蛋糕/cake_s":{"path":"cake_s","x":-0.42,"y":0.11,"width":27,"height":18}},"mabu":{"mabu":{"x":17.21,"y":0.63,"rotation":-74.16,"width":26,"height":13}},"move_order":{"move_order":{"x":9.78,"y":-8.35,"rotation":144.91,"width":15,"height":21}},"panzi":{"panzi":{"x":10.22,"y":3.68,"rotation":144.91,"width":46,"height":21}},"shadow":{"shadow":{"x":0.65,"y":4.56,"width":55,"height":14}},"yanjing1_0":{"yanjing1_0":{"x":19.31,"y":6.29,"rotation":-80.87,"width":8,"height":10}},"yanjing2_0":{"yanjing2_0":{"x":18.43,"y":24.38,"rotation":-80.87,"width":8,"height":10}},"yanjing3":{"yanjing3":{"x":19.52,"y":14.43,"rotation":-80.87,"width":28,"height":9}},"yinliao":{"yinliao":{"x":3.68,"y":1.38,"rotation":144.91,"width":14,"height":21}},"youshou":{"youshou":{"x":14.4,"y":2.02,"rotation":50.88,"width":13,"height":15}},"zuoshou1":{"zuoshou1":{"x":10.37,"y":-0.91,"rotation":117.84,"width":12,"height":17}},"zuoshou2":{"zuoshou2":{"x":9.74,"y":0.27,"rotation":-74.16,"width":14,"height":20}},"zuoshou23":{"zuoshou23":{"x":8.43,"y":-0.16,"rotation":-105.3,"width":14,"height":21}},"zuoyan":{"zuoyan":{"x":0.28,"y":0.31,"rotation":-88.94,"width":9,"height":10}}},"V0":{"bone1_F_body":{"bone1_F_body":{"type":"mesh","hull":19,"width":40,"height":61,"uvs":[0.40625,0.01639,0.55874,0.01639,0.5925,0.11065,0.81624,0.18197,0.975,0.31885,0.975,0.36638,0.8425,0.42623,0.975,0.69835,0.975,0.9836,0.025,0.9836,0.025,0.72295,0.15625,0.4377,0.025,0.36966,0.025,0.30082,0.18375,0.16966,0.34625,0.11065,0.30624,0.32868,0.64249,0.3213,0.51124,0.43278,0.09731,0.56578,0.90335,0.5512,0.48499,0.58032,0.50749,0.72295,0.50125,0.9836],"triangles":[14,13,16,13,12,16,12,11,16,14,16,15,11,19,21,16,11,18,11,21,18,19,22,21,19,10,22,10,9,23,22,10,23,0,15,2,1,0,2,16,18,17,2,16,17,15,16,2,2,17,3,18,21,6,17,18,6,21,22,20,6,21,20,20,22,7,22,8,7,22,23,8,4,6,5,3,17,4,17,6,4],"vertices":[1,2,48.47,2.76,1,1,2,48.42,-3.34,1,1,2,42.66,-4.65,1,1,2,38.24,-13.56,1,2,2,29.84,-19.84,0.95,11,9.56,7.24,0.05,2,2,26.94,-19.82,0.5,11,11.81,5.41,0.5,2,2,23.33,-14.49,0.5,11,11.3,-1,0.5,1,2,6.69,-19.65,1,1,2,-10.71,-19.51,1,1,2,-10.39999,18.48,1,1,2,5.5,18.36,1,2,2,22.86,12.97,0.5,9,8.57,2.94,0.5,2,2,27.05,18.18,0.5,9,7.35,-3.64,0.5,2,2,31.25,18.15,0.96,9,3.64,-5.6,0.04,1,2,39.2,11.73,1,1,2,42.74,5.19999,1,1,2,29.46,6.91,1,1,2,29.8,-6.54,1,1,2,23.04,-1.24,1,2,2,15.06,15.39,0.96,9,16.58,4.5,0.04,2,2,15.69,-16.86,0.95,11,18.74,-3.93,0.05,1,2,14.05,-0.11,1,1,2,5.34,-0.94,1,1,2,-10.55,-0.56,1],"edges":[0,2,2,4,4,6,6,8,8,10,10,12,12,40,14,16,14,40,16,46,18,20,18,46,20,38,22,24,22,38,24,26,26,28,28,30,30,0]}},"bone2_B_head":{"bone2_B_head":{"type":"mesh","hull":15,"width":70,"height":77,"uvs":[0.01428,0.48571,0.01428,0.23116,0.25999,0.01298,0.73357,0.01298,0.98571,0.22532,0.98571,0.48312,0.98571,0.6448,0.67071,0.88636,0.34785,0.87792,0.22714,0.89415,0.22428,0.98701,0.10071,0.98701,0.06714,0.85325,0.12142,0.75714,0.01428,0.66948],"triangles":[13,12,9,12,11,9,9,11,10,2,0,3,8,7,5,0,8,5,3,0,5,4,3,5,7,6,5,1,0,2,0,13,8,0,14,13,13,9,8],"vertices":[1,3,31.74,33.39,1,1,3,51.33,33.75,1,1,3,68.44,16.87,1,1,3,69.06,-16.27,1,1,3,53.04,-34.22,1,1,3,33.2,-34.59,1,1,3,20.75,-34.82,1,1,3,1.74,-13.12,1,2,3,1.97,9.49,0.96,13,0.84,10.57,0.04,2,3,0.57,17.91,0.3,13,5.71,3.56,0.7,1,13,12.21,6.56,1,1,13,16.04,-1.19,1,2,3,3.51,29.17,0.23,13,7.87,-7.87,0.77,2,3,10.98,25.51,0.96,13,-0.45,-7.76,0.04,1,3,17.59,33.13,1],"edges":[0,2,2,4,4,6,6,8,8,10,10,12,12,14,14,16,16,18,18,20,20,22,22,24,24,26,26,28,28,0]}},"shenti":{"shenti":{"x":13.11,"y":-2.56,"rotation":-83.65,"width":41,"height":52}},"shenti_01":{"shenti_01":{"type":"mesh","hull":16,"width":36,"height":61,"uvs":[0.375,0.01639,0.56527,0.01721,0.60138,0.11148,0.87361,0.19344,0.89583,0.33114,0.97222,0.72377,0.97222,0.9836,0.02777,0.9836,0.02777,0.71802,0.07916,0.36475,0.06528,0.21229,0.33055,0.10983,0.19479,0.16226,0.75236,0.15693,0.29027,0.36557,0.65694,0.36966,0.05913,0.50249,0.93061,0.50989,0.47777,0.50491],"triangles":[4,15,17,18,8,5,8,7,5,17,18,5,5,7,6,15,18,17,15,4,3,13,15,3,2,15,13,11,14,2,2,14,15,14,18,15,12,14,11,1,0,2,0,11,2,14,16,18,16,8,18,12,10,14,9,16,14,10,9,14],"vertices":[1,2,48.48,3.51,1,1,2,48.37,-3.34,1,1,2,42.61,-4.59,1,2,2,37.54,-14.35,0.85,11,0.12,7.76,0.15,2,2,29.13,-15.09,0.25,11,7.15,3.08,0.75,1,2,5.16,-17.64,1,1,2,-10.69,-17.51,1,1,2,-10.42,16.48,1,1,2,5.78,16.35,1,2,2,25.62,14.34,0.25,9,6.79,0.42,0.75,2,2,35.16,14.77,0.85,9,-1.42,-4.48,0.15,1,2,42.79,5.15,1,2,2,38.89,10.08,0.95,9,-6.92,-2.10999,0.05,2,2,39.8,-10.01,0.95,11,-4.36,5.79,0.05,2,2,25.95,6.74,0.95,9,2.9,6.96,0.05,2,2,26.34,-6.46,0.95,11,3.94,-5.39,0.05,2,2,17.87,15.13,0.85,9,13.97,3.4,0.15,2,2,18.20999,-16.25,0.85,11,16.39,-2.83,0.15,1,2,18.37,0.05,1],"edges":[0,2,2,4,4,26,6,8,6,26,8,34,10,12,10,34,12,14,14,16,16,32,18,20,18,32,20,24,22,24,22,0]}},"tou_0":{"tou_0":{"x":29.74,"y":4.42,"rotation":-80.87,"width":71,"height":66}},"youjiao":{"youjiao":{"x":11.2,"y":0.18,"rotation":90.45,"width":14,"height":30}},"youshou_shang":{"youshou_shang":{"x":12.18,"y":-2.38,"rotation":119.05,"width":23,"height":26}},"zuojiao":{"zuojiao":{"x":12.03,"y":-0.79,"rotation":87.9,"width":15,"height":30}},"zuoshou_shang":{"zuoshou_shang":{"type":"mesh","hull":8,"width":26,"height":29,"uvs":[0.03846,0.03448,0.96153,0.03448,0.03846,0.96551,0.96153,0.96551,0.48846,0.03448,0.49423,0.21379,0.96153,0.20516,0.49038,0.38965,0.96153,0.38793,0.50192,0.53793,0.30192,0.66724,0.03846,0.76206,0.39038,0.90172,0.67115,0.80861,0.82692,0.72931,0.87884,0.57069],"triangles":[0,7,5,10,9,7,7,9,15,9,14,15,15,3,8,5,7,8,6,5,8,7,15,8,5,6,1,15,14,3,11,2,12,10,11,12,0,11,10,10,12,13,9,10,13,9,13,14,14,13,3,13,12,3,12,2,3,0,10,7,0,5,4,4,5,1],"vertices":[1,14,30.96,8.97,1,1,14,33.61,-14.87,1,1,25,17.51,1.53,1,1,14,6.78,-17.86,1,1,14,32.25,-2.65,1,1,24,5.1,-5.98,1,1,24,3.39,6.05,1,1,24,10.17,-5.46,1,1,24,8.64,6.69,1,2,25,1.37,-4.67,0.4984,24,14.4,-4.65,0.50159,1,25,7.66,-3.45,1,1,25,15.03,-3.83,1,1,25,8.43,3.69,1,2,25,0.67,4.31,0.9,24,21.67,0.66,0.1,2,25,-3.97,3.92,0.4251,24,18.9,4.41,0.57489,2,25,-7.13,0.31,0.1,24,14.17,5.19,0.9],"edges":[0,8,2,8,2,12,4,6,4,22,6,16,12,16,22,0]}},"zuotui_0":{"zuotui_0":{"type":"mesh","hull":10,"width":12,"height":29,"uvs":[0.08333,0.03448,0.91666,0.03448,0.08333,0.96551,0.91666,0.96551,0.08333,0.49655,0.91666,0.4931,0.08333,0.44827,0.08333,0.56551,0.08333,0.1293,0.91666,0.1293],"triangles":[7,2,3,7,3,5,4,7,5,8,6,9,8,9,1,0,8,1,9,6,5,6,4,5],"vertices":[1,14,-2.17,8.31,1,2,20,-4.31,5.02,0.83683,21,-13.74,5.99,0.16316,1,21,11.86,-7.18,1,2,20,22.65,3.67,0.04167,21,13.06,2.75,0.95832,2,20,8.57,-5.63,0.51272,21,-1.64,-5.54,0.48727,2,20,8.97,4.36,0.50812,21,-0.54,4.4,0.49187,2,20,7.17,-5.57,0.93,21,-3.03,-5.38,0.07,2,20,10.57,-5.73,0.08,21,0.35,-5.78,0.92,2,20,-2.07,-5.1,0.84647,21,-12.21,-4.27,0.15352,2,20,-1.57,4.88,0.85358,21,-11.01,5.66,0.14642],"edges":[0,2,2,18,4,6,4,14,6,10,8,12,8,14,10,18,12,16,16,0]}},"zuotui_shang":{"zuotui_shang":{"type":"mesh","hull":10,"width":17,"height":34,"uvs":[0.05882,0.02941,0.94117,0.02941,0.05882,0.97058,0.94117,0.97058,0.05882,0.47941,0.94117,0.47793,0.05882,0.42499,0.05882,0.54117,0.05882,0.12794,0.94117,0.13676],"triangles":[8,6,9,8,9,1,9,6,5,6,4,5,7,2,3,7,3,5,4,7,5,0,8,1],"vertices":[1,14,-2.06,-1.74,1,1,14,-0.4,-16.65,1,1,27,12.09,-11.51,1,1,27,15.11,3.18,1,2,27,-4.27,-8.14,0.49424,26,12.8,-8.52,0.50575,2,27,-1.29,6.56,0.5096,26,14.47,6.39,0.49039,2,27,-6.08,-7.77,0.08,26,10.96,-8.31,0.92,2,27,-2.21,-8.57,0.51417,26,14.89,-8.76,0.48582,2,14,-5.39,-2.09999,0.09,26,0.93,-7.15,0.91,2,14,-4.03,-17.04,0.04,26,2.94,7.71,0.96],"edges":[0,2,2,18,4,6,4,14,6,10,8,12,8,14,10,18,12,16,16,0]}}},"V1":{"bone1_F_body":{"bone1_F_body":{"name":"v1_bone1_F_body","type":"mesh","hull":16,"width":55,"height":62,"uvs":[0.79615,0.17216,0.84957,0.27577,0.87771,0.33035,0.86381,0.37878,0.78929,0.4069,0.87703,0.56744,1,0.76081,1,1,0,1,0,0.75717,0.11201,0.58568,0.05156,0.43052,0.02608,0.36511,0,0.29818,0.3447,0,0.64935,0,0.70429,0.25487,0.74952,0.33577],"triangles":[3,17,2,17,1,2,16,0,1,8,10,7,10,5,7,5,6,7,8,9,10,10,4,5,10,11,4,11,17,4,11,12,17,4,17,3,12,16,17,12,13,16,17,16,1,16,14,15,16,13,14,16,15,0],"vertices":[2,2,37.78,-17.16,0.06,11,1.68,10.10999,0.94,1,11,8.51,8.33,1,1,11,12.11,7.4,1,1,11,13.96,4.91,1,1,2,23.23,-16.66,1,1,2,13.24,-21.41,1,1,2,1.2,-28.07,1,1,2,-13.62,-27.95,1,1,2,-13.18,27.03,1,1,2,1.87,26.91,1,1,2,12.45,20.67,1,1,2,22.1,23.91,1,1,2,26.16,25.28,1,1,2,30.33,26.68,1,1,2,48.66,7.58,1,1,2,48.52,-9.17,1,1,2,32.7,-12.06,1,1,2,27.66,-14.51,1],"edges":[14,16,28,26,28,30,0,30,0,32,8,10,12,14,10,12,16,18,18,20,4,6,6,8,0,2,2,4,8,34,34,32,2,34,32,26,20,22,20,10,8,22,22,24,24,26,24,34]}},"bone2_B_head":{"bone2_B_head":{"name":"v1_bone2_B_head","type":"mesh","hull":22,"width":91,"height":86,"uvs":[0.78285,0.08449,0.86,0.4235,1,0.55772,1,0.67672,0.81923,0.74941,0.76539,0.81819,0.56877,0.90593,0.37616,0.89641,0.31208,0.92441,0.27808,1,0.21063,1,0.16775,0.8705,0.21932,0.79958,0.09509,0.74237,0,0.66903,0,0.57644,0.08324,0.45394,0.0597,0.33771,0.12377,0.26991,0.1787,0.08311,0.37093,0,0.56316,0],"triangles":[11,12,8,10,11,8,9,10,8,8,12,7,16,17,18,13,14,15,4,1,2,12,13,16,13,15,16,0,1,21,3,4,2,20,18,19,18,21,16,21,12,16,21,18,20,21,1,12,1,7,12,1,4,7,4,6,7,5,6,4],"vertices":[1,3,72.69,-25.55,1,1,3,43.67,-33.11,1,1,3,32.36,-46.06,1,1,3,22.13,-46.25,1,1,3,15.28,-29.83,1,1,3,7.22,-24.98,1,2,3,0.16,-3.69,0.99391,13,-3.15,23.26,0.00608,1,3,2.87,10.16,1,2,3,-0.32,15.93,0.22,13,5.67,5.72,0.78,2,3,-6.87,18.9,0.1,13,12.87,5.84,0.9,2,3,-7.02,26.75,0.1,13,16.35,-1.19,0.9,2,3,6.04,31.76,0.22,13,6.67,-11.3,0.78,1,3,9.39999,24.08,1,1,3,14.19,35.48,1,1,3,20.32,44.72,1,1,3,32.34,44.94,1,1,3,39.74,37.5,1,1,3,49.69,39.83,1,1,3,55.63,34.11,1,1,3,71.79,29.41,1,1,3,79.26,12.05,1,1,3,79.58,-5.43,1],"edges":[28,26,26,24,24,22,22,20,18,20,18,16,16,14,14,12,12,10,10,8,8,6,40,38,38,36,36,34,34,32,28,30,32,30,40,42,42,0,0,2,6,4,2,4,24,14]}},"shenti":{"shenti":{"name":"v1_shenti","x":10.38,"y":-3.03,"rotation":-83.65,"width":59,"height":58}},"tou_0":{"tou_0":{"name":"v1_tou_0","x":36.84,"y":9.91,"rotation":-80.88,"width":88,"height":87}},"youjiao":{"youjiao":{"name":"v1_youjiao","x":11.18,"y":0.08,"rotation":90.45,"width":13,"height":30}},"youshou_shang":{"youshou_shang":{"name":"v1_youshou_shang","type":"mesh","hull":11,"width":22,"height":25,"uvs":[0.99999,0.2861,1,0.66824,0.60668,0.86426,0.33433,1,0,1,0,0.83462,0.20501,0.66821,0.3491,0.55126,0.37274,0.23411,0.70359,0,1,0,0.61793,0.60325,0.44954,0.74103,0.2014,0.90741,0.68882,0.2887],"triangles":[4,13,3,3,12,2,3,13,12,4,5,13,13,6,12,13,5,6,2,12,11,6,7,12,12,7,11,2,11,1,11,14,1,14,0,1,11,7,14,7,8,14,14,9,0,14,8,9,0,9,10],"vertices":[1,15,1.37,3.98,1,2,15,10.74,9.18999,0.99694,16,-8.3,6.64,0.00305,2,15,19.23,4,0.17005,16,1.59,5.67,0.82994,1,16,8.43999,5.01,1,1,16,14.46,0.78,1,1,16,12.08,-2.59999,1,1,16,6,-3.41,1,2,15,15.14,-4.73999,0.24256,16,1.73,-3.98,0.75743,2,15,7.97,-8.28,0.97463,16,-3.18,-10.29,0.02536,1,15,-0.68,-4.62,1,1,15,-3.85,1.07,1,2,15,13.41,1.04999,0.9903,16,-2.35999,0.48,0.00969,1,16,2.64,1.16999,1,1,16,9.5,1.43,1,2,15,7.77,-1.1,0.99859,16,-6.49,-3.92,0.0014],"edges":[18,20,18,16,16,14,8,10,6,8,2,0,0,20,10,12,12,14,2,4,4,6]}},"zuojiao":{"zuojiao":{"name":"v1_zuojiao","x":12.36,"y":0.27,"rotation":87.89,"width":13,"height":30}},"zuoshou_shang":{"zuoshou_shang":{"name":"v1_zuoshou_shang","type":"mesh","hull":17,"width":27,"height":28,"uvs":[0.99681,0.17432,0.99522,0.45721,0.83325,0.70504,0.71353,0.81257,0.54613,0.89301,0.40041,0.94567,0.19451,1,0,1,0,0.7722,0.10624,0.71528,0.25669,0.65558,0.36237,0.59047,0.39806,0.49371,0.39623,0.3365,0.40327,0.16514,0.54484,0,0.88374,0],"triangles":[10,11,4,5,10,4,9,10,5,6,7,8,9,6,8,5,6,9,4,11,3,15,16,0,14,15,0,0,13,14,1,13,0,12,13,1,2,12,1,2,3,12,3,11,12],"vertices":[1,24,2.28,9.18999,1,2,24,10.31,10.16,0.85,25,-13.38,-0.34,0.15,2,24,16.48,6.94,0.57,25,-7.39,3.2,0.43,2,24,20.04999,3.59,0.59416,25,-2.67,4.46999,0.40583,2,24,22.75,1.05999,0.36,25,0.9,5.44,0.64,1,25,6.16,4.67999,1,2,24,27.42,-9.66,0,25,12.48,3.76,0.99999,1,25,17.25,1.56,1,1,25,14.57,-4.21999,1,1,25,8.42,-4.73999,1,1,25,5.37,-5,1,2,24,14.3,-5.65,0.23,25,2.16,-5.27,0.77,2,24,12.68,-5.91,0.8,25,1.54,-6.79,0.19999,2,24,10.5,-6.27,0.82475,25,0.7,-8.83,0.17524,1,24,3.53,-6.88,1,1,24,-1.51,-3.64,1,1,24,-2.99,8.55,1],"edges":[14,16,30,32,2,4,12,14,4,6,6,8,22,6,28,30,2,0,0,32,28,0,26,2,16,18,8,10,10,12,18,10,22,24,24,26,24,4,26,28,18,20,20,22,20,8]}},"zuotui_0":{"zuotui_0":{"name":"v1_zuotui_0","type":"mesh","hull":10,"width":13,"height":21,"uvs":[1,0.24226,1,0.4814,1,0.74369,1,1,0,1,0,0.75912,0,0.48141,0,0.23069,0,0,1,0],"triangles":[3,5,2,3,4,5,5,6,2,6,1,2,1,6,0,6,7,0,7,9,0,7,8,9],"vertices":[2,20,8.06,5.52,0.77657,21,-1.35,5.62,0.22342,2,20,13.08,5.27,0.42034,21,3.63,5.01,0.57965,2,20,18.58,4.98999,0.0847,21,9.1,4.35,0.91529,2,20,23.96,4.71999,0.00033,21,14.44,3.71,0.99966,2,20,23.31,-8.25,0.02553,21,12.88,-9.18999,0.97446,2,20,18.25,-8,0.13798,21,7.86,-8.58,0.86201,2,20,12.43,-7.71,0.42861,21,2.07,-7.88,0.57138,2,20,7.17,-7.44,0.82958,21,-3.15,-7.25,0.17041,2,20,2.33,-7.2,0.96673,21,-7.96,-6.67,0.03326,2,20,2.98,5.77,0.9809,21,-6.4,6.23,0.01909],"edges":[6,8,16,18,12,2,12,14,14,16,2,0,0,18,14,0,8,10,10,12,2,4,4,6,10,4]}},"zuotui_shang":{"zuotui_shang":{"name":"v1_zuotui_shang","type":"mesh","hull":10,"width":15,"height":28,"uvs":[1,0.22301,1,0.51372,1,0.80246,1,1,0,1,0,0.80836,0,0.51372,0,0.22497,0,0,1,0],"triangles":[3,5,2,3,4,5,5,6,2,6,1,2,1,7,0,1,6,7,7,8,0,8,9,0],"vertices":[2,26,8.97,8.17,0.80127,27,-6.59,8.82,0.19872,2,26,17.06,7.24,0.40335,27,1.37,7.18,0.59664,2,26,25.09,6.32,0.06978,27,9.29,5.55,0.93021,1,27,14.71,4.42999,1,2,26,28.87,-9.21,0.00221,27,11.68,-10.25,0.99777,2,26,23.54,-8.59,0.10018,27,6.43,-9.17,0.89981,2,26,15.35,-7.65,0.41474,27,-1.64,-7.5,0.58525,2,26,7.31,-6.73,0.83167,27,-9.56,-5.87,0.16832,2,26,1.05999,-6.01,0.99525,27,-15.73,-4.61,0.00473,2,26,2.77,8.89,0.98228,27,-12.71,10.08,0.01771],"edges":[6,8,16,18,12,2,12,14,14,16,2,0,0,18,14,0,8,10,10,12,2,4,4,6,10,4]}}},"V2":{"bone1_F_body":{"bone1_F_body":{"name":"V2/v2_bone1_F_body","type":"mesh","hull":16,"width":55,"height":61,"uvs":[0.657,0.10857,0.82337,0.19776,0.84585,0.34574,0.69072,0.43291,0.85709,0.57278,1,0.80589,1,1,0,1,0,0.79981,0.14889,0.55656,0.29728,0.42682,0.11517,0.32952,0.19161,0.16533,0.31976,0.11262,0.42318,0,0.57606,0],"triangles":[3,1,2,6,7,4,4,7,9,9,10,3,3,10,0,10,13,0,4,9,3,4,5,6,7,8,9,13,14,0,14,15,0,11,12,10,10,12,13,3,0,1],"vertices":[1,2,39.66999,-9.85999,1,1,11,5.64,9.25,1,1,11,13.43,4.52,1,1,2,19.87,-11.56,1,1,2,11.26,-20.64,1,2,2,-3.01,-28.38,0.99992,11,40.55,-6.61,0.00007,1,2,-14.85,-28.29,1,1,2,-14.41,26.7,1,1,2,-2.2,26.6,1,1,2,12.57,18.29,1,1,2,20.41,10.07,1,1,2,26.43,20.04,1,1,2,36.41,15.75,1,1,2,39.57,8.68,1,2,2,46.39,2.93,0.98145,11,-17.59,-0.2,0.01854,1,2,46.32,-5.46,1],"edges":[12,14,28,26,26,24,24,22,22,20,20,18,14,16,18,16,28,30,30,0,0,2,2,4,4,6,6,8,12,10,8,10]}},"bone2_B_head":{"bone2_B_head":{"name":"V2/v2_bone2_B_head","x":40.79,"y":2,"rotation":-88.93,"width":73,"height":84}},"shenti":{"shenti":{"name":"V2/v2_shenti","x":9.58,"y":-3.57,"rotation":-83.65,"width":55,"height":58}},"tou_0":{"tou_0":{"name":"V2/v2_tou_0","x":39.8,"y":5.36,"rotation":-80.88,"width":78,"height":88}},"youjiao":{"youjiao":{"name":"V2/v2_youjiao","x":9.66,"y":-0.21,"rotation":90.45,"width":13,"height":30}},"youshou_shang":{"youshou_shang":{"name":"V2/v2_youshou_shang","type":"mesh","hull":18,"width":22,"height":25,"uvs":[0.99999,0.19471,0.97657,0.40929,0.90621,0.6026,0.77962,0.64644,0.68264,0.77186,0.49546,0.87984,0.2184,1,0,1,0,0.81861,0.10295,0.72366,0.23529,0.62298,0.38246,0.54984,0.32162,0.44877,0.36527,0.22423,0.5179,0.10222,0.64578,0,0.80265,0,1,0,0.57512,0.604,0.38272,0.77331,0.16355,0.88226,0.70227,0.31691,0.632,0.48327,0.75079,0.17115],"triangles":[7,20,6,6,19,5,6,20,19,7,8,20,8,9,20,20,10,19,20,9,10,4,5,18,10,11,19,5,19,18,19,11,18,4,18,3,18,11,22,18,22,3,3,22,2,22,21,2,2,21,1,11,12,22,12,13,22,22,13,21,21,13,14,21,23,1,1,23,0,21,14,23,23,16,0,0,16,17,14,15,23,23,15,16],"vertices":[1,15,1.99,3.64,1,1,15,5.06,5.34,1,2,15,11.74,6.74,0.98234,16,-6.34,4.87,0.01765,2,15,13.56,4.52,0.83551,16,-3.73,3.67,0.16448,2,15,16.49,4.71999,0.38445,16,-1.17999,5.12,0.61554,1,16,4.73,4.85,1,1,16,11.45,3.8,1,1,16,15.38,1.04,1,1,16,12.77,-2.66,1,1,16,9.93,-2.94,1,2,15,19.96999,-6.29,0.00099,16,6.74,-3.26,0.999,2,15,16.86,-5.14,0.1218,16,3.45,-3.59,0.87819,2,15,14.92,-5.81,0.42766,16,1.99,-5.04,0.57233,2,15,8.76,-8.57,0.98131,16,-2.33999,-10.2,0.01868,1,15,4.66,-7.46,1,1,15,1.22,-6.54,1,1,15,-0.6,-3.23,1,1,15,-2.91,0.91,1,1,16,0.55,-0.17,1,1,16,5.73,1.17999,1,1,16,10.95,0.67,1,1,15,9.31,-1.51,1,1,15,12.26,-0.69,1,1,15,4.12,-2.03,1],"edges":[24,26,24,22,14,16,12,14,12,10,10,8,8,6,4,6,2,4,20,22,16,18,18,20,26,28,28,30,2,0,0,34,30,32,32,34]}},"zuojiao":{"zuojiao":{"name":"V2/v2_zuojiao","x":11.43,"y":0.16,"rotation":87.89,"width":13,"height":30}},"zuoshou_shang":{"zuoshou_shang":{"name":"V2/v2_zuoshou_shang","type":"mesh","hull":13,"width":27,"height":28,"uvs":[1,0.37759,0.85559,0.69284,0.69033,0.81409,0.37059,0.91109,0.15863,1,0,1,0,0.7448,0.19525,0.64912,0.40292,0.54734,0.37059,0.23902,0.49992,0,0.75587,0,1,0,0.27032,0.79847,0.08666,0.88193,0.53843,0.6804,0.66254,0.63079,0.70732,0.31398],"triangles":[5,14,4,4,13,3,4,14,13,5,6,14,3,15,2,3,13,15,14,7,13,14,6,7,13,8,15,13,7,8,15,16,2,2,16,1,0,1,17,15,8,16,1,16,17,16,8,17,8,9,17,0,17,12,17,11,12,9,10,17,17,10,11],"vertices":[1,24,8.29,10.39999,1,2,24,17.52,7.6,0.94303,25,-7.4,4.42999,0.05696,2,24,21.43,3.58,0.59071,25,-1.93,5.64,0.40928,2,24,25.16,-4.66,0.25737,25,7.04,4.48,0.74262,2,24,28.32,-10.04,0,25,13.28,4.33,1,2,24,28.84,-14.29,0,25,17.16,2.53,0.99999,2,24,21.75,-15.15,0,25,14.16,-3.94,0.99999,2,24,18.45,-10.24,0.07028,25,8.25,-4.16,0.92971,2,24,14.95,-5.02,0.55075,25,1.97,-4.39,0.44924,2,24,6.48,-6.92,0.87,25,-0.86,-12.59,0.13,2,24,-0.57,-4.26,0.99739,25,-6.83,-17.2,0.0026,1,24,-1.41,2.58999,1,1,24,-2.2,9.13,1,1,25,8.17,0.48,1,1,25,13.65,0.52,1,2,24,18.2,-0.94,0.21358,25,0.21,0.52,0.78641,2,24,16.42,2.21,0.73694,25,-3.4,0.66,0.26304,1,24,7.47,2.33999,1],"edges":[10,12,0,24,2,0,16,18,18,20,2,4,4,6,8,10,6,8,12,14,14,16,2,32,32,16,20,22,22,24]}},"zuotui_0":{"zuotui_0":{"name":"V2/v2_zuotui_0","type":"mesh","hull":10,"width":13,"height":22,"uvs":[1,0.18559,1,0.39286,1,0.65541,1,1,0,1,0,0.66231,0,0.39286,0,0.16487,0,0,1,0],"triangles":[3,5,2,3,4,5,5,6,2,6,1,2,6,0,1,6,7,0,7,9,0,7,8,9],"vertices":[2,20,6.56,5.59,0.8803,21,-2.84,5.8,0.11969,2,20,11.11,5.37,0.20553,21,1.68,5.25,0.79446,1,21,7.41,4.56,1,1,21,14.94,3.65,1,1,21,13.38,-9.25,1,2,20,16.39,-7.9,0.01108,21,6,-8.35999,0.98891,2,20,10.47,-7.61,0.32962,21,0.12,-7.65,0.67037,2,20,5.46,-7.36,0.86795,21,-4.85,-7.04,0.13203,2,20,1.83,-7.18,0.99131,21,-8.46,-6.61,0.00868,1,20,2.48,5.8,1],"edges":[6,8,16,18,12,2,12,14,14,16,2,0,0,18,14,0,8,10,10,12,2,4,4,6,10,4]}},"zuotui_shang":{"zuotui_shang":{"name":"V2/v2_zuotui_shang","type":"mesh","hull":10,"width":15,"height":28,"uvs":[1,0.28139,1,0.50939,1,0.76181,1,1,0,1,0,0.7591,0,0.50124,0,0.27325,0,0,1,0],"triangles":[4,2,3,4,5,2,5,1,2,5,6,1,6,0,1,6,7,0,7,9,0,7,8,9],"vertices":[2,26,10.46,7.68,0.93253,27,-5.15,8.2,0.06746,2,26,16.79999,6.95,0.32488,27,1.09,6.92,0.6751,2,26,23.83,6.15,0.00097,27,8.01,5.49,0.99902,1,27,14.54,4.15,1,1,27,11.52,-10.54,1,2,26,22.04,-8.74,0.01247,27,4.91,-9.18,0.98752,2,26,14.86,-7.91,0.39859,27,-2.15,-7.72,0.6014,2,26,8.52,-7.18,0.93015,27,-8.39999,-6.43,0.06984,1,26,0.92,-6.31,1,1,26,2.64,8.59,1],"edges":[6,8,16,18,12,2,8,10,10,12,2,4,4,6,10,4,12,14,14,16,2,0,0,18,14,0]}}}},"animations":{"desk_clean":{"slots":{"bone12_F_eye_l":{"color":[{"time":0,"color":"ffffff00"}]},"bone2_F_head":{"color":[{"time":0,"color":"ffffff00"}]},"bone3_F_leg_r":{"color":[{"time":0,"color":"ffffff00"}]},"bone4_F_leg_l":{"color":[{"time":0,"color":"ffffff00"}]},"bone5_F_hand_r1":{"color":[{"time":0,"color":"ffffff00"}]},"bone7_F_hand_l1":{"color":[{"time":0,"color":"ffffff00"}]},"caidan":{"color":[{"time":0,"color":"ffffff00"}]},"caidan1":{"color":[{"time":0,"color":"ffffff00"}]},"caidan2":{"color":[{"time":0,"color":"ffffff00"}]},"cake_s":{"color":[{"time":0,"color":"ffffff00"}]},"move_order":{"color":[{"time":0,"color":"ffffff00"}]},"panzi":{"color":[{"time":0,"color":"ffffff00"}]},"shadow":{"color":[{"time":0,"color":"ffffff7f"}]},"shenti":{"color":[{"time":0,"color":"ffffff00"}]},"shenti_01":{"color":[{"time":0,"color":"ffffff00"}]},"tou_0":{"color":[{"time":0,"color":"ffffff00"}]},"yanjing3":{"color":[{"time":0,"color":"ffffff00"}]},"yanjing1_0":{"color":[{"time":0,"color":"ffffff00"}]},"yanjing2_0":{"color":[{"time":0,"color":"ffffff00"}]},"yinliao":{"color":[{"time":0,"color":"ffffff00"}]},"youshou_shang":{"color":[{"time":0,"color":"ffffff00"}]},"zuoshou_shang":{"color":[{"time":0,"color":"ffffff00"}]},"zuotui_0":{"color":[{"time":0,"color":"ffffff00"}]},"zuotui_shang":{"color":[{"time":0,"color":"ffffff00"}]},"zuoyan":{"color":[{"time":0,"color":"ffffff00"}]}},"bones":{"bone4_F_leg_l":{"rotate":[{"time":0,"angle":0},{"time":0.1666,"angle":-1.84},{"time":0.3333,"angle":-1.65},{"time":0.6666,"angle":4.53},{"time":0.8333,"angle":0}],"translate":[{"time":0,"x":0.01,"y":1.74},{"time":0,"x":0,"y":0,"curve":"stepped"},{"time":0.1666,"x":0,"y":0,"curve":"stepped"},{"time":0.3333,"x":0,"y":0,"curve":"stepped"},{"time":0.6666,"x":0,"y":0,"curve":"stepped"},{"time":0.8333,"x":0,"y":0}]},"bone3_F_leg_r":{"rotate":[{"time":0,"angle":0},{"time":0.1666,"angle":-2.91},{"time":0.6666,"angle":3.36},{"time":0.8333,"angle":0}],"translate":[{"time":0,"x":-0.02,"y":-2.65},{"time":0,"x":0,"y":0,"curve":"stepped"},{"time":0.1666,"x":0,"y":0,"curve":"stepped"},{"time":0.6666,"x":0,"y":0,"curve":"stepped"},{"time":0.8333,"x":0,"y":0}]},"bone1_F_body":{"rotate":[{"time":0,"angle":0},{"time":0.1666,"angle":1.57},{"time":0.3333,"angle":1.17},{"time":0.6666,"angle":-3.02},{"time":0.8333,"angle":0}],"translate":[{"time":0,"x":0,"y":0,"curve":"stepped"},{"time":0.1666,"x":0,"y":0,"curve":"stepped"},{"time":0.3333,"x":0,"y":0,"curve":"stepped"},{"time":0.6666,"x":0,"y":0,"curve":"stepped"},{"time":0.8333,"x":0,"y":0}]},"bone7_F_hand_l1":{"rotate":[{"time":0,"angle":0},{"time":0.1666,"angle":-4.81},{"time":0.3333,"angle":-1.82},{"time":0.5,"angle":9.33},{"time":0.6666,"angle":9.47},{"time":0.8333,"angle":0}],"translate":[{"time":0,"x":0,"y":0,"curve":"stepped"},{"time":0.1666,"x":0,"y":0,"curve":"stepped"},{"time":0.3333,"x":0,"y":0,"curve":"stepped"},{"time":0.5,"x":0,"y":0,"curve":"stepped"},{"time":0.6666,"x":0,"y":0,"curve":"stepped"},{"time":0.8333,"x":0,"y":0}]},"bone5_F_hand_r1":{"rotate":[{"time":0,"angle":13.19},{"time":0.25,"angle":17.21},{"time":0.5833,"angle":9.57},{"time":0.8333,"angle":13.19}],"translate":[{"time":0,"x":0,"y":0,"curve":"stepped"},{"time":0.25,"x":0,"y":0,"curve":"stepped"},{"time":0.5833,"x":0,"y":0,"curve":"stepped"},{"time":0.8333,"x":0,"y":0}]},"bone2_F_head":{"rotate":[{"time":0,"angle":0},{"time":0.125,"angle":-2.8},{"time":0.375,"angle":0.91},{"time":0.5833,"angle":2.5},{"time":0.8333,"angle":0}],"translate":[{"time":0,"x":0,"y":0,"curve":"stepped"},{"time":0.125,"x":0,"y":0,"curve":"stepped"},{"time":0.375,"x":0,"y":0,"curve":"stepped"},{"time":0.5833,"x":0,"y":0,"curve":"stepped"},{"time":0.8333,"x":0,"y":0}],"scale":[{"time":0,"x":0.95,"y":1}]},"bone9_F_hair_r":{"rotate":[{"time":0,"angle":0},{"time":0.25,"angle":17.7},{"time":0.5833,"angle":-4.58},{"time":0.8333,"angle":0}],"translate":[{"time":0,"x":0,"y":0,"curve":"stepped"},{"time":0.25,"x":0,"y":0,"curve":"stepped"},{"time":0.5833,"x":0,"y":0,"curve":"stepped"},{"time":0.8333,"x":0,"y":0}]},"zuoshou23":{"rotate":[{"time":0,"angle":-57.23},{"time":0.25,"angle":-62.85},{"time":0.625,"angle":-38.68},{"time":0.8333,"angle":-57.23}],"translate":[{"time":0,"x":0,"y":0,"curve":"stepped"},{"time":0.25,"x":0,"y":0,"curve":"stepped"},{"time":0.625,"x":0,"y":0,"curve":"stepped"},{"time":0.8333,"x":0,"y":0}]},"zuoshou2":{"rotate":[{"time":0,"angle":0},{"time":0.1666,"angle":35.8},{"time":0.3333,"angle":40.65},{"time":0.5,"angle":-5.16},{"time":0.6666,"angle":-28.47},{"time":0.8333,"angle":0}],"translate":[{"time":0,"x":0,"y":0},{"time":0.1666,"x":0.05,"y":1.36},{"time":0.6666,"x":-2.55,"y":-0.98},{"time":0.8333,"x":0,"y":0,"curve":"stepped"},{"time":0,"x":0,"y":0,"curve":"stepped"},{"time":0.1666,"x":0,"y":0,"curve":"stepped"},{"time":0.3333,"x":0,"y":0,"curve":"stepped"},{"time":0.5,"x":0,"y":0,"curve":"stepped"},{"time":0.6666,"x":0,"y":0,"curve":"stepped"},{"time":0.8333,"x":0,"y":0}]}}},"move_back":{"slots":{"bone12_F_eye_l":{"color":[{"time":0,"color":"ffffff00"}]},"bone2_F_head":{"color":[{"time":0,"color":"ffffff00"}]},"bone3_F_leg_r":{"color":[{"time":0,"color":"ffffff00"}]},"bone4_F_leg_l":{"color":[{"time":0,"color":"ffffff00"}]},"bone5_F_hand_r1":{"color":[{"time":0,"color":"ffffff00"}]},"bone7_F_hand_l1":{"color":[{"time":0,"color":"ffffff00"}]},"caidan":{"color":[{"time":0,"color":"ffffff00"}]},"caidan1":{"color":[{"time":0,"color":"ffffff00"}]},"caidan2":{"color":[{"time":0,"color":"ffffff00"}]},"cake_s":{"color":[{"time":0,"color":"ffffff00"}]},"mabu":{"color":[{"time":0,"color":"ffffff00"}]},"move_order":{"color":[{"time":0,"color":"ffffff00"}]},"panzi":{"color":[{"time":0,"color":"ffffff00"}]},"shadow":{"color":[{"time":0,"color":"ffffff7f"}]},"shenti":{"color":[{"time":0,"color":"ffffff00"}]},"shenti_01":{"color":[{"time":0,"color":"ffffff00"}]},"tou_0":{"color":[{"time":0,"color":"ffffff00"}]},"yanjing3":{"color":[{"time":0,"color":"ffffff00"}]},"yanjing1_0":{"color":[{"time":0,"color":"ffffff00"}]},"yanjing2_0":{"color":[{"time":0,"color":"ffffff00"}]},"yinliao":{"color":[{"time":0,"color":"ffffff00"}]},"youshou_shang":{"color":[{"time":0,"color":"ffffff00"}]},"zuoshou2":{"color":[{"time":0,"color":"ffffff00"}]},"zuoshou23":{"color":[{"time":0,"color":"ffffff00"}]},"zuoshou_shang":{"color":[{"time":0,"color":"ffffff00"}]},"zuotui_0":{"color":[{"time":0,"color":"ffffff00"}]},"zuotui_shang":{"color":[{"time":0,"color":"ffffff00"}]},"zuoyan":{"color":[{"time":0,"color":"ffffff00"}]}},"bones":{"bone4_F_leg_l":{"rotate":[{"time":0,"angle":0},{"time":0.25,"angle":0.61},{"time":0.5,"angle":0},{"time":0.75,"angle":-12.98},{"time":1,"angle":0}],"translate":[{"time":0,"x":0.01,"y":1.74},{"time":0.25,"x":0.02,"y":2.93},{"time":0.5,"x":0.01,"y":1.74},{"time":0.75,"x":-1.58,"y":-0.43},{"time":1,"x":0.01,"y":1.74},{"time":0,"x":0,"y":0,"curve":"stepped"},{"time":0.25,"x":0,"y":0,"curve":"stepped"},{"time":0.5,"x":0,"y":0,"curve":"stepped"},{"time":0.75,"x":0,"y":0,"curve":"stepped"},{"time":1,"x":0,"y":0}],"scale":[{"time":0,"x":1,"y":1},{"time":0.25,"x":0.75,"y":1},{"time":0.5,"x":1,"y":1}]},"bone3_F_leg_r":{"rotate":[{"time":0,"angle":0},{"time":0.25,"angle":9.13},{"time":0.5,"angle":0},{"time":0.75,"angle":-6.65},{"time":1,"angle":0}],"translate":[{"time":0,"x":-0.02,"y":-2.65},{"time":0.25,"x":-1.57,"y":0.38},{"time":0.5,"x":-0.02,"y":-2.65},{"time":0.75,"x":-0.04,"y":-3.18},{"time":1,"x":-0.02,"y":-2.65},{"time":0,"x":0,"y":0,"curve":"stepped"},{"time":0.25,"x":0,"y":0,"curve":"stepped"},{"time":0.5,"x":0,"y":0,"curve":"stepped"},{"time":0.75,"x":0,"y":0,"curve":"stepped"},{"time":1,"x":0,"y":0}],"scale":[{"time":0,"x":1,"y":1,"curve":"stepped"},{"time":0.5,"x":1,"y":1},{"time":0.75,"x":0.7,"y":1},{"time":1,"x":1,"y":1}]},"bone1_F_body":{"rotate":[{"time":0,"angle":0},{"time":0.25,"angle":-1.81},{"time":0.5,"angle":0},{"time":0.75,"angle":1.11},{"time":1,"angle":0}],"translate":[{"time":0,"x":0,"y":0},{"time":0.25,"x":-0.4,"y":1.95},{"time":0.5,"x":0,"y":0},{"time":0.75,"x":1.84,"y":1.95},{"time":1,"x":0,"y":0,"curve":"stepped"},{"time":0,"x":0,"y":0,"curve":"stepped"},{"time":0.25,"x":0,"y":0,"curve":"stepped"},{"time":0.5,"x":0,"y":0,"curve":"stepped"},{"time":0.75,"x":0,"y":0,"curve":"stepped"},{"time":1,"x":0,"y":0}],"scale":[{"time":0,"x":1,"y":1},{"time":0.25,"x":1.08,"y":1},{"time":0.5,"x":1,"y":1},{"time":0.75,"x":1.08,"y":1},{"time":1,"x":1,"y":1}]},"bone7_F_hand_l1":{"rotate":[{"time":0,"angle":0},{"time":0.25,"angle":-2.06},{"time":0.5,"angle":0},{"time":0.75,"angle":-4.23},{"time":1,"angle":0}],"translate":[{"time":0,"x":0,"y":0,"curve":"stepped"},{"time":0.25,"x":0,"y":0,"curve":"stepped"},{"time":0.5,"x":0,"y":0,"curve":"stepped"},{"time":0.75,"x":0,"y":0,"curve":"stepped"},{"time":1,"x":0,"y":0}]},"bone5_F_hand_r1":{"rotate":[{"time":0,"angle":0},{"time":0.25,"angle":3.83},{"time":0.5,"angle":0},{"time":0.75,"angle":2.61},{"time":1,"angle":0}],"translate":[{"time":0,"x":0,"y":0,"curve":"stepped"},{"time":0.25,"x":0,"y":0,"curve":"stepped"},{"time":0.5,"x":0,"y":0,"curve":"stepped"},{"time":0.75,"x":0,"y":0,"curve":"stepped"},{"time":1,"x":0,"y":0}]},"bone2_F_head":{"rotate":[{"time":0,"angle":0},{"time":0.25,"angle":3.07},{"time":0.5,"angle":0},{"time":0.75,"angle":-0.92},{"time":1,"angle":0}],"translate":[{"time":0,"x":0,"y":0,"curve":"stepped"},{"time":0.25,"x":0,"y":0,"curve":"stepped"},{"time":0.5,"x":0,"y":0,"curve":"stepped"},{"time":0.75,"x":0,"y":0,"curve":"stepped"},{"time":1,"x":0,"y":0}],"scale":[{"time":0,"x":0.95,"y":1}]},"bone11_F_eye_r":{"scale":[{"time":0,"x":1,"y":1,"curve":"stepped"},{"time":0.625,"x":1,"y":1},{"time":0.6666,"x":0.16,"y":1.37},{"time":0.75,"x":1,"y":1}]},"bone12_F_eye_l":{"scale":[{"time":0,"x":1,"y":1,"curve":"stepped"},{"time":0.625,"x":1,"y":1},{"time":0.6666,"x":0.16,"y":1.37},{"time":0.75,"x":1,"y":1}]},"bone8_F_hand_l2":{"rotate":[{"time":0,"angle":0},{"time":0.25,"angle":5.72},{"time":0.5,"angle":0},{"time":0.75,"angle":7.11},{"time":1,"angle":0}],"translate":[{"time":0,"x":0,"y":0,"curve":"stepped"},{"time":0.25,"x":0,"y":0,"curve":"stepped"},{"time":0.5,"x":0,"y":0,"curve":"stepped"},{"time":0.75,"x":0,"y":0,"curve":"stepped"},{"time":1,"x":0,"y":0}]},"bone6_F_hand_r2":{"rotate":[{"time":0,"angle":0},{"time":0.25,"angle":-8.21},{"time":0.5,"angle":0},{"time":0.75,"angle":-8.51},{"time":1,"angle":0}],"translate":[{"time":0,"x":0,"y":0,"curve":"stepped"},{"time":0.25,"x":0,"y":0,"curve":"stepped"},{"time":0.5,"x":0,"y":0,"curve":"stepped"},{"time":0.75,"x":0,"y":0,"curve":"stepped"},{"time":1,"x":0,"y":0}]},"bone9_F_hair_r":{"rotate":[{"time":0,"angle":0},{"time":0.125,"angle":13.89},{"time":0.3333,"angle":-12.51},{"time":0.5,"angle":0},{"time":0.625,"angle":13.89},{"time":0.8333,"angle":-12.51},{"time":1,"angle":0}],"translate":[{"time":0,"x":0,"y":0,"curve":"stepped"},{"time":0.125,"x":0,"y":0,"curve":"stepped"},{"time":0.3333,"x":0,"y":0,"curve":"stepped"},{"time":0.5,"x":0,"y":0,"curve":"stepped"},{"time":0.625,"x":0,"y":0,"curve":"stepped"},{"time":0.8333,"x":0,"y":0,"curve":"stepped"},{"time":1,"x":0,"y":0}]},"bone10_F_hair_l":{"rotate":[{"time":0,"angle":0},{"time":0.125,"angle":-14.64},{"time":0.3333,"angle":11.67},{"time":0.5,"angle":0},{"time":0.625,"angle":-14.64},{"time":0.8333,"angle":14.26},{"time":1,"angle":0}],"translate":[{"time":0,"x":0,"y":0,"curve":"stepped"},{"time":0.125,"x":0,"y":0,"curve":"stepped"},{"time":0.3333,"x":0,"y":0,"curve":"stepped"},{"time":0.5,"x":0,"y":0,"curve":"stepped"},{"time":0.625,"x":0,"y":0,"curve":"stepped"},{"time":0.8333,"x":0,"y":0,"curve":"stepped"},{"time":1,"x":0,"y":0}]}},"deform":{"V2":{"bone1_F_body":{"bone1_F_body":[{"time":0,"offset":2,"curve":"stepped","vertices":[0.39783,1.55498,-0.09632,3.25742,0.43571,-1.57311]},{"time":1,"offset":2,"vertices":[0.39783,1.55498,-0.09632,3.25742,0.43571,-1.57311]}]}}}},"move_front":{"slots":{"bone1_F_body":{"color":[{"time":0,"color":"ffffff00"}]},"bone2_B_head":{"color":[{"time":0,"color":"ffffff00"}]},"bone3_F_leg_r":{"color":[{"time":0,"color":"ffffff00"}]},"bone4_F_leg_l":{"color":[{"time":0,"color":"ffffff00"}]},"caidan":{"color":[{"time":0,"color":"ffffff00"}]},"caidan2":{"color":[{"time":0,"color":"ffffff00"}]},"cake_s":{"color":[{"time":0,"color":"ffffff00"}]},"mabu":{"color":[{"time":0,"color":"ffffff00"}]},"move_order":{"color":[{"time":0,"color":"ffffff00"}]},"panzi":{"color":[{"time":0,"color":"ffffff00"}]},"shadow":{"color":[{"time":0,"color":"ffffff7f"}]},"shenti":{"color":[{"time":0,"color":"ffffff00"}]},"tou_0":{"color":[{"time":0,"color":"ffffff00"}]},"yanjing3":{"color":[{"time":0,"color":"ffffff00"}]},"yanjing1_0":{"color":[{"time":0,"color":"ffffff00"}]},"yanjing2_0":{"color":[{"time":0,"color":"ffffff00"}]},"yinliao":{"color":[{"time":0,"color":"ffffff00"}]},"youshou":{"color":[{"time":0,"color":"ffffff00"}]},"youshou_shang":{"color":[{"time":0,"color":"ffffff00"}]},"zuoshou1":{"color":[{"time":0,"color":"ffffff00"}]},"zuoshou2":{"color":[{"time":0,"color":"ffffff00"}]},"zuoshou23":{"color":[{"time":0,"color":"ffffff00"}]},"zuoshou_shang":{"color":[{"time":0,"color":"ffffff00"}]},"zuotui_0":{"color":[{"time":0,"color":"ffffff00"}]},"zuotui_shang":{"color":[{"time":0,"color":"ffffff00"}]}},"bones":{"bone5_F_hand_r1":{"rotate":[{"time":0,"angle":0},{"time":0.25,"angle":3.83},{"time":0.5,"angle":0},{"time":0.75,"angle":2.61},{"time":1,"angle":0}],"translate":[{"time":0,"x":0,"y":0,"curve":"stepped"},{"time":0.25,"x":0,"y":0,"curve":"stepped"},{"time":0.5,"x":0,"y":0,"curve":"stepped"},{"time":0.75,"x":0,"y":0,"curve":"stepped"},{"time":1,"x":0,"y":0}]},"bone7_F_hand_l1":{"rotate":[{"time":0,"angle":0},{"time":0.25,"angle":-2.06},{"time":0.5,"angle":0},{"time":0.75,"angle":-4.23},{"time":1,"angle":0}],"translate":[{"time":0,"x":0,"y":0,"curve":"stepped"},{"time":0.25,"x":0,"y":0,"curve":"stepped"},{"time":0.5,"x":0,"y":0,"curve":"stepped"},{"time":0.75,"x":0,"y":0,"curve":"stepped"},{"time":1,"x":0,"y":0}]},"bone1_F_body":{"rotate":[{"time":0,"angle":0},{"time":0.25,"angle":-1.81},{"time":0.5,"angle":0},{"time":0.75,"angle":1.11},{"time":1,"angle":0}],"translate":[{"time":0,"x":0,"y":0},{"time":0.25,"x":-0.4,"y":1.95},{"time":0.5,"x":0,"y":0},{"time":0.75,"x":1.84,"y":1.95},{"time":1,"x":0,"y":0,"curve":"stepped"},{"time":0,"x":0,"y":0,"curve":"stepped"},{"time":0.25,"x":0,"y":0,"curve":"stepped"},{"time":0.5,"x":0,"y":0,"curve":"stepped"},{"time":0.75,"x":0,"y":0,"curve":"stepped"},{"time":1,"x":0,"y":0}],"scale":[{"time":0,"x":1,"y":1},{"time":0.25,"x":1.08,"y":1},{"time":0.5,"x":1,"y":1},{"time":0.75,"x":1.08,"y":1},{"time":1,"x":1,"y":1}]},"bone2_F_head":{"rotate":[{"time":0,"angle":0},{"time":0.25,"angle":3.07},{"time":0.5,"angle":0},{"time":0.75,"angle":-0.92},{"time":1,"angle":0}],"translate":[{"time":0,"x":0,"y":0,"curve":"stepped"},{"time":0.25,"x":0,"y":0,"curve":"stepped"},{"time":0.5,"x":0,"y":0,"curve":"stepped"},{"time":0.75,"x":0,"y":0,"curve":"stepped"},{"time":1,"x":0,"y":0}],"scale":[{"time":0,"x":0.95,"y":1}]},"bone4_F_leg_l":{"rotate":[{"time":0,"angle":0},{"time":0.25,"angle":0.61},{"time":0.5,"angle":0},{"time":0.75,"angle":-12.98},{"time":1,"angle":0}],"translate":[{"time":0,"x":0.01,"y":1.74},{"time":0.25,"x":0.02,"y":2.93},{"time":0.5,"x":0.01,"y":1.74},{"time":0.75,"x":-1.58,"y":-0.43},{"time":1,"x":0.01,"y":1.74},{"time":0,"x":0,"y":0,"curve":"stepped"},{"time":0.25,"x":0,"y":0,"curve":"stepped"},{"time":0.5,"x":0,"y":0,"curve":"stepped"},{"time":0.75,"x":0,"y":0,"curve":"stepped"},{"time":1,"x":0,"y":0}],"scale":[{"time":0,"x":1,"y":1},{"time":0.25,"x":0.75,"y":1},{"time":0.5,"x":1,"y":1}]},"bone3_F_leg_r":{"rotate":[{"time":0,"angle":0},{"time":0.25,"angle":9.13},{"time":0.5,"angle":0},{"time":0.75,"angle":-6.65},{"time":1,"angle":0}],"translate":[{"time":0,"x":-0.02,"y":-2.65},{"time":0.25,"x":-1.57,"y":0.38},{"time":0.5,"x":-0.02,"y":-2.65},{"time":0.75,"x":-0.04,"y":-3.18},{"time":1,"x":-0.02,"y":-2.65},{"time":0,"x":0,"y":0,"curve":"stepped"},{"time":0.25,"x":0,"y":0,"curve":"stepped"},{"time":0.5,"x":0,"y":0,"curve":"stepped"},{"time":0.75,"x":0,"y":0,"curve":"stepped"},{"time":1,"x":0,"y":0}],"scale":[{"time":0,"x":1,"y":1,"curve":"stepped"},{"time":0.5,"x":1,"y":1},{"time":0.75,"x":0.7,"y":1},{"time":1,"x":1,"y":1}]},"bone8_F_hand_l2":{"rotate":[{"time":0,"angle":0},{"time":0.25,"angle":5.72},{"time":0.5,"angle":0},{"time":0.75,"angle":7.11},{"time":1,"angle":0}],"translate":[{"time":0,"x":0,"y":0,"curve":"stepped"},{"time":0.25,"x":0,"y":0,"curve":"stepped"},{"time":0.5,"x":0,"y":0,"curve":"stepped"},{"time":0.75,"x":0,"y":0,"curve":"stepped"},{"time":1,"x":0,"y":0}]},"bone6_F_hand_r2":{"rotate":[{"time":0,"angle":0},{"time":0.25,"angle":-8.21},{"time":0.5,"angle":0},{"time":0.75,"angle":-8.51},{"time":1,"angle":0}],"translate":[{"time":0,"x":0,"y":0,"curve":"stepped"},{"time":0.25,"x":0,"y":0,"curve":"stepped"},{"time":0.5,"x":0,"y":0,"curve":"stepped"},{"time":0.75,"x":0,"y":0,"curve":"stepped"},{"time":1,"x":0,"y":0}]},"bone9_F_hair_r":{"rotate":[{"time":0,"angle":0},{"time":0.125,"angle":13.89},{"time":0.3333,"angle":-12.51},{"time":0.5,"angle":0},{"time":0.625,"angle":13.89},{"time":0.8333,"angle":-12.51},{"time":1,"angle":0}],"translate":[{"time":0,"x":0,"y":0,"curve":"stepped"},{"time":0.125,"x":0,"y":0,"curve":"stepped"},{"time":0.3333,"x":0,"y":0,"curve":"stepped"},{"time":0.5,"x":0,"y":0,"curve":"stepped"},{"time":0.625,"x":0,"y":0,"curve":"stepped"},{"time":0.8333,"x":0,"y":0,"curve":"stepped"},{"time":1,"x":0,"y":0}]},"bone10_F_hair_l":{"rotate":[{"time":0,"angle":0},{"time":0.125,"angle":-14.64},{"time":0.3333,"angle":11.67},{"time":0.5,"angle":0},{"time":0.625,"angle":-14.64},{"time":0.8333,"angle":14.26},{"time":1,"angle":0}],"translate":[{"time":0,"x":0,"y":0,"curve":"stepped"},{"time":0.125,"x":0,"y":0,"curve":"stepped"},{"time":0.3333,"x":0,"y":0,"curve":"stepped"},{"time":0.5,"x":0,"y":0,"curve":"stepped"},{"time":0.625,"x":0,"y":0,"curve":"stepped"},{"time":0.8333,"x":0,"y":0,"curve":"stepped"},{"time":1,"x":0,"y":0}]},"bone11_F_eye_r":{"scale":[{"time":0,"x":1,"y":1,"curve":"stepped"},{"time":0.625,"x":1,"y":1},{"time":0.6666,"x":0.16,"y":1.37},{"time":0.75,"x":1,"y":1}]},"bone12_F_eye_l":{"scale":[{"time":0,"x":1,"y":1,"curve":"stepped"},{"time":0.625,"x":1,"y":1},{"time":0.6666,"x":0.16,"y":1.37},{"time":0.75,"x":1,"y":1}]}}},"move_order":{"slots":{"bone12_F_eye_l":{"color":[{"time":0,"color":"ffffff00"}]},"bone1_F_body":{"color":[{"time":0,"color":"ffffff00"}]},"bone2_B_head":{"color":[{"time":0,"color":"ffffff00"}]},"bone2_F_head":{"color":[{"time":0,"color":"ffffff00"}]},"bone3_F_leg_r":{"color":[{"time":0,"color":"ffffff00"}]},"bone4_F_leg_l":{"color":[{"time":0,"color":"ffffff00"}]},"bone5_F_hand_r1":{"color":[{"time":0,"color":"ffffff00"}]},"bone7_F_hand_l1":{"color":[{"time":0,"color":"ffffff00"}]},"caidan1":{"color":[{"time":0,"color":"ffffff00"}]},"caidan2":{"color":[{"time":0,"color":"ffffff00"}]},"cake_s":{"color":[{"time":0,"color":"ffffff00"}]},"mabu":{"color":[{"time":0,"color":"ffffff00"}]},"move_order":{"color":[{"time":0,"color":"ffffff00"}]},"panzi":{"color":[{"time":0,"color":"ffffff00"}]},"shadow":{"color":[{"time":0,"color":"ffffff7f"}]},"shenti_01":{"color":[{"time":0,"color":"ffffff00"}]},"yanjing3":{"color":[{"time":0,"color":"ffffff00","curve":"stepped"},{"time":0.4167,"color":"ffffff00"},{"time":0.4584,"color":"ffffffff","curve":"stepped"},{"time":0.5834,"color":"ffffffff"},{"time":0.6251,"color":"ffffff00"}]},"yanjing1_0":{"color":[{"time":0,"color":"ffffffff","curve":"stepped"},{"time":0.4167,"color":"ffffffff"},{"time":0.4584,"color":"ffffff00","curve":"stepped"},{"time":0.5834,"color":"ffffff00"},{"time":0.6251,"color":"ffffffff"}]},"yanjing2_0":{"color":[{"time":0,"color":"ffffffff","curve":"stepped"},{"time":0.4167,"color":"ffffffff"},{"time":0.4584,"color":"ffffff00","curve":"stepped"},{"time":0.5834,"color":"ffffff00"},{"time":0.6251,"color":"ffffffff"}]},"yinliao":{"color":[{"time":0,"color":"ffffff00"}]},"youjiao":{"color":[{"time":0,"color":"ffffff00"}]},"youshou":{"color":[{"time":0,"color":"ffffff00"}]},"zuojiao":{"color":[{"time":0,"color":"ffffff00"}]},"zuoshou1":{"color":[{"time":0,"color":"ffffff00"}]},"zuoshou2":{"color":[{"time":0,"color":"ffffff00"}]},"zuoshou23":{"color":[{"time":0,"color":"ffffff00"}]},"zuoyan":{"color":[{"time":0,"color":"ffffff00"}]}},"bones":{"tou":{"rotate":[{"time":0,"angle":0},{"time":0.2917,"angle":-3.33},{"time":0.625,"angle":0},{"time":0.875,"angle":-1.26},{"time":1.0833,"angle":0}],"translate":[{"time":0,"x":0,"y":0,"curve":"stepped"},{"time":0.2917,"x":0,"y":0,"curve":"stepped"},{"time":0.625,"x":0,"y":0,"curve":"stepped"},{"time":0.875,"x":0,"y":0,"curve":"stepped"},{"time":1.0833,"x":0,"y":0}]},"shenti":{"rotate":[{"time":0,"angle":0},{"time":0.2917,"angle":1.3},{"time":0.5417,"angle":0},{"time":0.8333,"angle":-0.42},{"time":1.0834,"angle":0}],"translate":[{"time":0,"x":0,"y":-0.6},{"time":0.2917,"x":0,"y":0.6},{"time":0.5417,"x":0,"y":-0.6},{"time":0.8333,"x":0,"y":0.6},{"time":1.0834,"x":0,"y":-0.6},{"time":0,"x":0,"y":0,"curve":"stepped"},{"time":0.2917,"x":0,"y":0,"curve":"stepped"},{"time":0.5417,"x":0,"y":0,"curve":"stepped"},{"time":0.8333,"x":0,"y":0,"curve":"stepped"},{"time":1.0834,"x":0,"y":0}]},"zuotui_shang":{"rotate":[{"time":0,"angle":0},{"time":0.5417,"angle":-26.52},{"time":1.0834,"angle":0}],"translate":[{"time":0,"x":0.78,"y":0.09},{"time":0.5417,"x":-1,"y":3.07},{"time":1.0834,"x":0.78,"y":0.09},{"time":0,"x":0,"y":0,"curve":"stepped"},{"time":0.5417,"x":0,"y":0,"curve":"stepped"},{"time":1.0834,"x":0,"y":0}]},"zuoshou_shang":{"rotate":[{"time":0,"angle":-1.57}],"translate":[{"time":0,"x":0,"y":0}]},"youtui_shang":{"rotate":[{"time":0,"angle":-19.4},{"time":0.5417,"angle":16.44},{"time":1.0834,"angle":-19.4}],"translate":[{"time":0,"x":-3.63,"y":0.54},{"time":0.5417,"x":-3.82,"y":-6.11},{"time":1.0834,"x":-3.63,"y":0.54},{"time":0,"x":0,"y":0,"curve":"stepped"},{"time":0.5417,"x":0,"y":0,"curve":"stepped"},{"time":1.0834,"x":0,"y":0}]},"zuoshou_xia":{"rotate":[{"time":0,"angle":-1.34}],"translate":[{"time":0,"x":0,"y":0}]},"youtui_xia":{"rotate":[{"time":0,"angle":0,"curve":"stepped"},{"time":0.5417,"angle":0},{"time":0.75,"angle":34.24},{"time":1.0833,"angle":0}],"translate":[{"time":0,"x":0,"y":0,"curve":"stepped"},{"time":0.5417,"x":0,"y":0,"curve":"stepped"},{"time":0.75,"x":0,"y":0,"curve":"stepped"},{"time":1.0833,"x":0,"y":0}]},"zuotui_xia":{"rotate":[{"time":0,"angle":0},{"time":0.2082,"angle":35.79},{"time":0.5416,"angle":0}],"translate":[{"time":0,"x":0,"y":0,"curve":"stepped"},{"time":0.2082,"x":0,"y":0,"curve":"stepped"},{"time":0.5416,"x":0,"y":0}]}}},"move_send":{"slots":{"bone12_F_eye_l":{"color":[{"time":0,"color":"ffffff00"}]},"bone1_F_body":{"color":[{"time":0,"color":"ffffff00"}]},"bone2_B_head":{"color":[{"time":0,"color":"ffffff00"}]},"bone2_F_head":{"color":[{"time":0,"color":"ffffff00"}]},"bone3_F_leg_r":{"color":[{"time":0,"color":"ffffff00"}]},"bone4_F_leg_l":{"color":[{"time":0,"color":"ffffff00"}]},"bone5_F_hand_r1":{"color":[{"time":0,"color":"ffffff00"}]},"bone7_F_hand_l1":{"color":[{"time":0,"color":"ffffff00"}]},"caidan":{"color":[{"time":0,"color":"ffffff00"}]},"caidan1":{"color":[{"time":0,"color":"ffffff00"}]},"caidan2":{"color":[{"time":0,"color":"ffffff00"}]},"cake_s":{"color":[{"time":0,"color":"ffffff00"}]},"mabu":{"color":[{"time":0,"color":"ffffff00"}]},"shadow":{"color":[{"time":0,"color":"ffffff7f"}]},"shenti_01":{"color":[{"time":0,"color":"ffffff00"}]},"yanjing3":{"color":[{"time":0,"color":"ffffff00","curve":"stepped"},{"time":0.4167,"color":"ffffff00"},{"time":0.4584,"color":"ffffffff","curve":"stepped"},{"time":0.5834,"color":"ffffffff"},{"time":0.6251,"color":"ffffff00"}]},"yanjing1_0":{"color":[{"time":0,"color":"ffffffff","curve":"stepped"},{"time":0.4167,"color":"ffffffff"},{"time":0.4584,"color":"ffffff00","curve":"stepped"},{"time":0.5834,"color":"ffffff00"},{"time":0.6251,"color":"ffffffff"}]},"yanjing2_0":{"color":[{"time":0,"color":"ffffffff","curve":"stepped"},{"time":0.4167,"color":"ffffffff"},{"time":0.4584,"color":"ffffff00","curve":"stepped"},{"time":0.5834,"color":"ffffff00"},{"time":0.6251,"color":"ffffffff"}]},"youjiao":{"color":[{"time":0,"color":"ffffff00"}]},"youshou":{"color":[{"time":0,"color":"ffffff00"}]},"zuojiao":{"color":[{"time":0,"color":"ffffff00"}]},"zuoshou1":{"color":[{"time":0,"color":"ffffff00"}]},"zuoshou2":{"color":[{"time":0,"color":"ffffff00"}]},"zuoshou23":{"color":[{"time":0,"color":"ffffff00"}]},"zuoyan":{"color":[{"time":0,"color":"ffffff00"}]}},"bones":{"tou":{"rotate":[{"time":0,"angle":0},{"time":0.2917,"angle":-3.33},{"time":0.625,"angle":0},{"time":0.875,"angle":-1.26},{"time":1.0833,"angle":0}],"translate":[{"time":0,"x":0,"y":0,"curve":"stepped"},{"time":0.2917,"x":0,"y":0,"curve":"stepped"},{"time":0.625,"x":0,"y":0,"curve":"stepped"},{"time":0.875,"x":0,"y":0,"curve":"stepped"},{"time":1.0833,"x":0,"y":0}]},"youshou_xia":{"rotate":[{"time":0,"angle":0},{"time":0.2917,"angle":-6.52},{"time":0.5834,"angle":0},{"time":0.8333,"angle":-3.86},{"time":1.0834,"angle":0}],"translate":[{"time":0,"x":0,"y":0,"curve":"stepped"},{"time":0.2917,"x":0,"y":0,"curve":"stepped"},{"time":0.5834,"x":0,"y":0,"curve":"stepped"},{"time":0.8333,"x":0,"y":0,"curve":"stepped"},{"time":1.0834,"x":0,"y":0}]},"shenti":{"rotate":[{"time":0,"angle":0},{"time":0.2917,"angle":1.3},{"time":0.5417,"angle":0},{"time":0.8333,"angle":-0.42},{"time":1.0834,"angle":0}],"translate":[{"time":0,"x":0,"y":-0.6},{"time":0.2917,"x":0,"y":0.6},{"time":0.5417,"x":0,"y":-0.6},{"time":0.8333,"x":0,"y":0.6},{"time":1.0834,"x":0,"y":-0.6},{"time":0,"x":0,"y":0,"curve":"stepped"},{"time":0.2917,"x":0,"y":0,"curve":"stepped"},{"time":0.5417,"x":0,"y":0,"curve":"stepped"},{"time":0.8333,"x":0,"y":0,"curve":"stepped"},{"time":1.0834,"x":0,"y":0}]},"zuotui_shang":{"rotate":[{"time":0,"angle":0},{"time":0.5417,"angle":-26.52},{"time":1.0834,"angle":0}],"translate":[{"time":0,"x":0.78,"y":0.09},{"time":0.5417,"x":-1,"y":3.07},{"time":1.0834,"x":0.78,"y":0.09},{"time":0,"x":0,"y":0,"curve":"stepped"},{"time":0.5417,"x":0,"y":0,"curve":"stepped"},{"time":1.0834,"x":0,"y":0}]},"zuoshou_shang":{"rotate":[{"time":0,"angle":0.58},{"time":0.2917,"angle":-1.33},{"time":0.5417,"angle":0.58},{"time":0.8333,"angle":-0.25},{"time":1.0834,"angle":0.58}],"translate":[{"time":0,"x":0,"y":0,"curve":"stepped"},{"time":0.2917,"x":0,"y":0,"curve":"stepped"},{"time":0.5417,"x":0,"y":0,"curve":"stepped"},{"time":0.8333,"x":0,"y":0,"curve":"stepped"},{"time":1.0834,"x":0,"y":0}]},"youtui_shang":{"rotate":[{"time":0,"angle":-19.4},{"time":0.5417,"angle":16.44},{"time":1.0834,"angle":-19.4}],"translate":[{"time":0,"x":-3.63,"y":0.54},{"time":0.5417,"x":-3.82,"y":-6.11},{"time":1.0834,"x":-3.63,"y":0.54},{"time":0,"x":0,"y":0,"curve":"stepped"},{"time":0.5417,"x":0,"y":0,"curve":"stepped"},{"time":1.0834,"x":0,"y":0}]},"youshou_shang":{"rotate":[{"time":0,"angle":0},{"time":0.2917,"angle":4.05},{"time":0.5834,"angle":0},{"time":0.8333,"angle":2.52},{"time":1.0834,"angle":0}],"translate":[{"time":0,"x":0,"y":0,"curve":"stepped"},{"time":0.2917,"x":0,"y":0,"curve":"stepped"},{"time":0.5834,"x":0,"y":0,"curve":"stepped"},{"time":0.8333,"x":0,"y":0,"curve":"stepped"},{"time":1.0834,"x":0,"y":0}]},"zuoshou_xia":{"rotate":[{"time":0,"angle":2.41},{"time":0.2917,"angle":7.59},{"time":0.5417,"angle":2.41},{"time":0.8333,"angle":7.15},{"time":1.0834,"angle":2.41}],"translate":[{"time":0,"x":0,"y":0,"curve":"stepped"},{"time":0.2917,"x":0,"y":0,"curve":"stepped"},{"time":0.5417,"x":0,"y":0,"curve":"stepped"},{"time":0.8333,"x":0,"y":0,"curve":"stepped"},{"time":1.0834,"x":0,"y":0}]},"youtui_xia":{"rotate":[{"time":0,"angle":0,"curve":"stepped"},{"time":0.5417,"angle":0},{"time":0.75,"angle":34.24},{"time":1.0833,"angle":0}],"translate":[{"time":0,"x":0,"y":0,"curve":"stepped"},{"time":0.5417,"x":0,"y":0,"curve":"stepped"},{"time":0.75,"x":0,"y":0,"curve":"stepped"},{"time":1.0833,"x":0,"y":0}]},"zuotui_xia":{"rotate":[{"time":0,"angle":0},{"time":0.2082,"angle":35.79},{"time":0.5416,"angle":0}],"translate":[{"time":0,"x":0,"y":0,"curve":"stepped"},{"time":0.2082,"x":0,"y":0,"curve":"stepped"},{"time":0.5416,"x":0,"y":0}]}}},"move_send_cake":{"slots":{"bone12_F_eye_l":{"color":[{"time":0,"color":"ffffff00"}]},"bone1_F_body":{"color":[{"time":0,"color":"ffffff00"}]},"bone2_B_head":{"color":[{"time":0,"color":"ffffff00"}]},"bone2_F_head":{"color":[{"time":0,"color":"ffffff00"}]},"bone3_F_leg_r":{"color":[{"time":0,"color":"ffffff00"}]},"bone4_F_leg_l":{"color":[{"time":0,"color":"ffffff00"}]},"bone5_F_hand_r1":{"color":[{"time":0,"color":"ffffff00"}]},"bone7_F_hand_l1":{"color":[{"time":0,"color":"ffffff00"}]},"caidan":{"color":[{"time":0,"color":"ffffff00"}]},"caidan1":{"color":[{"time":0,"color":"ffffff00"}]},"caidan2":{"color":[{"time":0,"color":"ffffff00"}]},"mabu":{"color":[{"time":0,"color":"ffffff00"}]},"move_order":{"color":[{"time":0,"color":"ffffff00"}]},"shadow":{"color":[{"time":0,"color":"ffffff7f"}]},"shenti_01":{"color":[{"time":0,"color":"ffffff00"}]},"yanjing3":{"color":[{"time":0,"color":"ffffff00","curve":"stepped"},{"time":0.4167,"color":"ffffff00"},{"time":0.4584,"color":"ffffffff","curve":"stepped"},{"time":0.5834,"color":"ffffffff"},{"time":0.6251,"color":"ffffff00"}]},"yanjing1_0":{"color":[{"time":0,"color":"ffffffff","curve":"stepped"},{"time":0.4167,"color":"ffffffff"},{"time":0.4584,"color":"ffffff00","curve":"stepped"},{"time":0.5834,"color":"ffffff00"},{"time":0.6251,"color":"ffffffff"}]},"yanjing2_0":{"color":[{"time":0,"color":"ffffffff","curve":"stepped"},{"time":0.4167,"color":"ffffffff"},{"time":0.4584,"color":"ffffff00","curve":"stepped"},{"time":0.5834,"color":"ffffff00"},{"time":0.6251,"color":"ffffffff"}]},"yinliao":{"color":[{"time":0,"color":"ffffff00"}]},"youjiao":{"color":[{"time":0,"color":"ffffff00"}]},"youshou":{"color":[{"time":0,"color":"ffffff00"}]},"zuojiao":{"color":[{"time":0,"color":"ffffff00"}]},"zuoshou1":{"color":[{"time":0,"color":"ffffff00"}]},"zuoshou2":{"color":[{"time":0,"color":"ffffff00"}]},"zuoshou23":{"color":[{"time":0,"color":"ffffff00"}]},"zuoyan":{"color":[{"time":0,"color":"ffffff00"}]}},"bones":{"tou":{"rotate":[{"time":0,"angle":0},{"time":0.2917,"angle":-3.33},{"time":0.625,"angle":0},{"time":0.875,"angle":-1.26},{"time":1.0833,"angle":0}],"translate":[{"time":0,"x":0,"y":0,"curve":"stepped"},{"time":0.2917,"x":0,"y":0,"curve":"stepped"},{"time":0.625,"x":0,"y":0,"curve":"stepped"},{"time":0.875,"x":0,"y":0,"curve":"stepped"},{"time":1.0833,"x":0,"y":0}]},"youshou_xia":{"rotate":[{"time":0,"angle":0},{"time":0.2917,"angle":-6.52},{"time":0.5834,"angle":0},{"time":0.8333,"angle":-3.86},{"time":1.0834,"angle":0}],"translate":[{"time":0,"x":0,"y":0,"curve":"stepped"},{"time":0.2917,"x":0,"y":0,"curve":"stepped"},{"time":0.5834,"x":0,"y":0,"curve":"stepped"},{"time":0.8333,"x":0,"y":0,"curve":"stepped"},{"time":1.0834,"x":0,"y":0}]},"shenti":{"rotate":[{"time":0,"angle":0},{"time":0.2917,"angle":1.3},{"time":0.5417,"angle":0},{"time":0.8333,"angle":-0.42},{"time":1.0834,"angle":0}],"translate":[{"time":0,"x":0,"y":-0.6},{"time":0.2917,"x":0,"y":0.6},{"time":0.5417,"x":0,"y":-0.6},{"time":0.8333,"x":0,"y":0.6},{"time":1.0834,"x":0,"y":-0.6},{"time":0,"x":0,"y":0,"curve":"stepped"},{"time":0.2917,"x":0,"y":0,"curve":"stepped"},{"time":0.5417,"x":0,"y":0,"curve":"stepped"},{"time":0.8333,"x":0,"y":0,"curve":"stepped"},{"time":1.0834,"x":0,"y":0}]},"zuotui_shang":{"rotate":[{"time":0,"angle":0},{"time":0.5417,"angle":-26.52},{"time":1.0834,"angle":0}],"translate":[{"time":0,"x":0.78,"y":0.09},{"time":0.5417,"x":-1,"y":3.07},{"time":1.0834,"x":0.78,"y":0.09},{"time":0,"x":0,"y":0,"curve":"stepped"},{"time":0.5417,"x":0,"y":0,"curve":"stepped"},{"time":1.0834,"x":0,"y":0}]},"zuoshou_shang":{"rotate":[{"time":0,"angle":1.84},{"time":0.2917,"angle":-0.87},{"time":0.5417,"angle":1.84},{"time":0.8333,"angle":-0.87},{"time":1.0834,"angle":1.84}],"translate":[{"time":0,"x":0,"y":0,"curve":"stepped"},{"time":0.2917,"x":0,"y":0,"curve":"stepped"},{"time":0.5417,"x":0,"y":0,"curve":"stepped"},{"time":0.8333,"x":0,"y":0,"curve":"stepped"},{"time":1.0834,"x":0,"y":0}]},"youtui_shang":{"rotate":[{"time":0,"angle":-19.4},{"time":0.5417,"angle":16.44},{"time":1.0834,"angle":-19.4}],"translate":[{"time":0,"x":-3.63,"y":0.54},{"time":0.5417,"x":-3.82,"y":-6.11},{"time":1.0834,"x":-3.63,"y":0.54},{"time":0,"x":0,"y":0,"curve":"stepped"},{"time":0.5417,"x":0,"y":0,"curve":"stepped"},{"time":1.0834,"x":0,"y":0}]},"youshou_shang":{"rotate":[{"time":0,"angle":0},{"time":0.2917,"angle":4.05},{"time":0.5834,"angle":0},{"time":0.8333,"angle":2.52},{"time":1.0834,"angle":0}],"translate":[{"time":0,"x":0,"y":0,"curve":"stepped"},{"time":0.2917,"x":0,"y":0,"curve":"stepped"},{"time":0.5834,"x":0,"y":0,"curve":"stepped"},{"time":0.8333,"x":0,"y":0,"curve":"stepped"},{"time":1.0834,"x":0,"y":0}]},"zuoshou_xia":{"rotate":[{"time":0,"angle":2.08},{"time":0.2917,"angle":8.01},{"time":0.5417,"angle":2.08},{"time":0.8333,"angle":8.01},{"time":1.0834,"angle":2.08}],"translate":[{"time":0,"x":0,"y":0,"curve":"stepped"},{"time":0.2917,"x":0,"y":0,"curve":"stepped"},{"time":0.5417,"x":0,"y":0,"curve":"stepped"},{"time":0.8333,"x":0,"y":0,"curve":"stepped"},{"time":1.0834,"x":0,"y":0}]},"youtui_xia":{"rotate":[{"time":0,"angle":0,"curve":"stepped"},{"time":0.5417,"angle":0},{"time":0.75,"angle":34.24},{"time":1.0833,"angle":0}],"translate":[{"time":0,"x":0,"y":0,"curve":"stepped"},{"time":0.5417,"x":0,"y":0,"curve":"stepped"},{"time":0.75,"x":0,"y":0,"curve":"stepped"},{"time":1.0833,"x":0,"y":0}]},"zuotui_xia":{"rotate":[{"time":0,"angle":0},{"time":0.2082,"angle":35.79},{"time":0.5416,"angle":0}],"translate":[{"time":0,"x":0,"y":0,"curve":"stepped"},{"time":0.2082,"x":0,"y":0,"curve":"stepped"},{"time":0.5416,"x":0,"y":0}]},"cake_s":{"translate":[{"time":0,"x":41.68,"y":-45.53}]}}},"move_send_nofood":{"slots":{"bone12_F_eye_l":{"color":[{"time":0,"color":"ffffff00"}]},"bone1_F_body":{"color":[{"time":0,"color":"ffffff00"}]},"bone2_B_head":{"color":[{"time":0,"color":"ffffff00"}]},"bone2_F_head":{"color":[{"time":0,"color":"ffffff00"}]},"bone3_F_leg_r":{"color":[{"time":0,"color":"ffffff00"}]},"bone4_F_leg_l":{"color":[{"time":0,"color":"ffffff00"}]},"bone5_F_hand_r1":{"color":[{"time":0,"color":"ffffff00"}]},"bone7_F_hand_l1":{"color":[{"time":0,"color":"ffffff00"}]},"caidan":{"color":[{"time":0,"color":"ffffff00"}]},"caidan1":{"color":[{"time":0,"color":"ffffff00"}]},"caidan2":{"color":[{"time":0,"color":"ffffff00"}]},"cake_s":{"color":[{"time":0,"color":"ffffff00"}]},"mabu":{"color":[{"time":0,"color":"ffffff00"}]},"move_order":{"color":[{"time":0,"color":"ffffff00"}]},"shadow":{"color":[{"time":0,"color":"ffffff7f"}]},"shenti_01":{"color":[{"time":0,"color":"ffffff00"}]},"yanjing3":{"color":[{"time":0,"color":"ffffff00","curve":"stepped"},{"time":0.4167,"color":"ffffff00"},{"time":0.4584,"color":"ffffffff","curve":"stepped"},{"time":0.5834,"color":"ffffffff"},{"time":0.6251,"color":"ffffff00"}]},"yanjing1_0":{"color":[{"time":0,"color":"ffffffff","curve":"stepped"},{"time":0.4167,"color":"ffffffff"},{"time":0.4584,"color":"ffffff00","curve":"stepped"},{"time":0.5834,"color":"ffffff00"},{"time":0.6251,"color":"ffffffff"}]},"yanjing2_0":{"color":[{"time":0,"color":"ffffffff","curve":"stepped"},{"time":0.4167,"color":"ffffffff"},{"time":0.4584,"color":"ffffff00","curve":"stepped"},{"time":0.5834,"color":"ffffff00"},{"time":0.6251,"color":"ffffffff"}]},"yinliao":{"color":[{"time":0,"color":"ffffff00"}]},"youjiao":{"color":[{"time":0,"color":"ffffff00"}]},"youshou":{"color":[{"time":0,"color":"ffffff00"}]},"zuojiao":{"color":[{"time":0,"color":"ffffff00"}]},"zuoshou1":{"color":[{"time":0,"color":"ffffff00"}]},"zuoshou2":{"color":[{"time":0,"color":"ffffff00"}]},"zuoshou23":{"color":[{"time":0,"color":"ffffff00"}]},"zuoyan":{"color":[{"time":0,"color":"ffffff00"}]}},"bones":{"tou":{"rotate":[{"time":0,"angle":0},{"time":0.2917,"angle":-3.33},{"time":0.625,"angle":0},{"time":0.875,"angle":-1.26},{"time":1.0833,"angle":0}],"translate":[{"time":0,"x":0,"y":0,"curve":"stepped"},{"time":0.2917,"x":0,"y":0,"curve":"stepped"},{"time":0.625,"x":0,"y":0,"curve":"stepped"},{"time":0.875,"x":0,"y":0,"curve":"stepped"},{"time":1.0833,"x":0,"y":0}]},"youshou_xia":{"rotate":[{"time":0,"angle":0},{"time":0.2917,"angle":-6.52},{"time":0.5834,"angle":0},{"time":0.8333,"angle":-3.86},{"time":1.0834,"angle":0}],"translate":[{"time":0,"x":0,"y":0,"curve":"stepped"},{"time":0.2917,"x":0,"y":0,"curve":"stepped"},{"time":0.5834,"x":0,"y":0,"curve":"stepped"},{"time":0.8333,"x":0,"y":0,"curve":"stepped"},{"time":1.0834,"x":0,"y":0}]},"shenti":{"rotate":[{"time":0,"angle":0},{"time":0.2917,"angle":1.3},{"time":0.5417,"angle":0},{"time":0.8333,"angle":-0.42},{"time":1.0834,"angle":0}],"translate":[{"time":0,"x":0,"y":-0.6},{"time":0.2917,"x":0,"y":0.6},{"time":0.5417,"x":0,"y":-0.6},{"time":0.8333,"x":0,"y":0.6},{"time":1.0834,"x":0,"y":-0.6},{"time":0,"x":0,"y":0,"curve":"stepped"},{"time":0.2917,"x":0,"y":0,"curve":"stepped"},{"time":0.5417,"x":0,"y":0,"curve":"stepped"},{"time":0.8333,"x":0,"y":0,"curve":"stepped"},{"time":1.0834,"x":0,"y":0}]},"zuotui_shang":{"rotate":[{"time":0,"angle":0},{"time":0.5417,"angle":-26.52},{"time":1.0834,"angle":0}],"translate":[{"time":0,"x":0.78,"y":0.09},{"time":0.5417,"x":-1,"y":3.07},{"time":1.0834,"x":0.78,"y":0.09},{"time":0,"x":0,"y":0,"curve":"stepped"},{"time":0.5417,"x":0,"y":0,"curve":"stepped"},{"time":1.0834,"x":0,"y":0}]},"zuoshou_shang":{"rotate":[{"time":0,"angle":1.84},{"time":0.2917,"angle":-0.87},{"time":0.5417,"angle":1.84},{"time":0.8333,"angle":-0.87},{"time":1.0834,"angle":1.84}],"translate":[{"time":0,"x":0,"y":0,"curve":"stepped"},{"time":0.2917,"x":0,"y":0,"curve":"stepped"},{"time":0.5417,"x":0,"y":0,"curve":"stepped"},{"time":0.8333,"x":0,"y":0,"curve":"stepped"},{"time":1.0834,"x":0,"y":0}]},"youtui_shang":{"rotate":[{"time":0,"angle":-19.4},{"time":0.5417,"angle":16.44},{"time":1.0834,"angle":-19.4}],"translate":[{"time":0,"x":-3.63,"y":0.54},{"time":0.5417,"x":-3.82,"y":-6.11},{"time":1.0834,"x":-3.63,"y":0.54},{"time":0,"x":0,"y":0,"curve":"stepped"},{"time":0.5417,"x":0,"y":0,"curve":"stepped"},{"time":1.0834,"x":0,"y":0}]},"youshou_shang":{"rotate":[{"time":0,"angle":0},{"time":0.2917,"angle":4.05},{"time":0.5834,"angle":0},{"time":0.8333,"angle":2.52},{"time":1.0834,"angle":0}],"translate":[{"time":0,"x":0,"y":0,"curve":"stepped"},{"time":0.2917,"x":0,"y":0,"curve":"stepped"},{"time":0.5834,"x":0,"y":0,"curve":"stepped"},{"time":0.8333,"x":0,"y":0,"curve":"stepped"},{"time":1.0834,"x":0,"y":0}]},"zuoshou_xia":{"rotate":[{"time":0,"angle":2.08},{"time":0.2917,"angle":8.01},{"time":0.5417,"angle":2.08},{"time":0.8333,"angle":8.01},{"time":1.0834,"angle":2.08}],"translate":[{"time":0,"x":0,"y":0,"curve":"stepped"},{"time":0.2917,"x":0,"y":0,"curve":"stepped"},{"time":0.5417,"x":0,"y":0,"curve":"stepped"},{"time":0.8333,"x":0,"y":0,"curve":"stepped"},{"time":1.0834,"x":0,"y":0}]},"youtui_xia":{"rotate":[{"time":0,"angle":0,"curve":"stepped"},{"time":0.5417,"angle":0},{"time":0.75,"angle":34.24},{"time":1.0833,"angle":0}],"translate":[{"time":0,"x":0,"y":0,"curve":"stepped"},{"time":0.5417,"x":0,"y":0,"curve":"stepped"},{"time":0.75,"x":0,"y":0,"curve":"stepped"},{"time":1.0833,"x":0,"y":0}]},"zuotui_xia":{"rotate":[{"time":0,"angle":0},{"time":0.2082,"angle":35.79},{"time":0.5416,"angle":0}],"translate":[{"time":0,"x":0,"y":0,"curve":"stepped"},{"time":0.2082,"x":0,"y":0,"curve":"stepped"},{"time":0.5416,"x":0,"y":0}]}}},"stand":{"slots":{"bone12_F_eye_l":{"color":[{"time":0,"color":"ffffff00"}]},"bone1_F_body":{"color":[{"time":0,"color":"ffffff00"}]},"bone2_B_head":{"color":[{"time":0,"color":"ffffff00"}]},"bone2_F_head":{"color":[{"time":0,"color":"ffffff00"}]},"bone3_F_leg_r":{"color":[{"time":0,"color":"ffffff00"}]},"bone4_F_leg_l":{"color":[{"time":0,"color":"ffffff00"}]},"bone5_F_hand_r1":{"color":[{"time":0,"color":"ffffff00"}]},"bone7_F_hand_l1":{"color":[{"time":0,"color":"ffffff00"}]},"caidan":{"color":[{"time":0,"color":"ffffff00"}]},"caidan1":{"color":[{"time":0,"color":"ffffff00"}]},"caidan2":{"color":[{"time":0,"color":"ffffff00"}]},"cake_s":{"color":[{"time":0,"color":"ffffff00"}]},"mabu":{"color":[{"time":0,"color":"ffffff00"}]},"move_order":{"color":[{"time":0,"color":"ffffff00"}]},"panzi":{"color":[{"time":0,"color":"ffffff00"}]},"shadow":{"color":[{"time":0,"color":"ffffff7f"}]},"shenti_01":{"color":[{"time":0,"color":"ffffff00"}]},"yanjing3":{"color":[{"time":0,"color":"ffffff00","curve":"stepped"},{"time":1.4167,"color":"ffffff00"},{"time":1.4584,"color":"ffffffff","curve":"stepped"},{"time":1.5834,"color":"ffffffff"},{"time":1.6251,"color":"ffffff00"}]},"yanjing1_0":{"color":[{"time":0,"color":"ffffffff","curve":"stepped"},{"time":1.4167,"color":"ffffffff"},{"time":1.4584,"color":"ffffff00","curve":"stepped"},{"time":1.5834,"color":"ffffff00"},{"time":1.6251,"color":"ffffffff"}]},"yanjing2_0":{"color":[{"time":0,"color":"ffffffff","curve":"stepped"},{"time":1.4167,"color":"ffffffff"},{"time":1.4584,"color":"ffffff00","curve":"stepped"},{"time":1.5834,"color":"ffffff00"},{"time":1.6251,"color":"ffffffff"}]},"yinliao":{"color":[{"time":0,"color":"ffffff00"}]},"youjiao":{"color":[{"time":0,"color":"ffffff00"}]},"youshou":{"color":[{"time":0,"color":"ffffff00"}]},"zuojiao":{"color":[{"time":0,"color":"ffffff00"}]},"zuoshou1":{"color":[{"time":0,"color":"ffffff00"}]},"zuoshou2":{"color":[{"time":0,"color":"ffffff00"}]},"zuoshou23":{"color":[{"time":0,"color":"ffffff00"}]},"zuoyan":{"color":[{"time":0,"color":"ffffff00"}]}},"bones":{"tou":{"rotate":[{"time":0,"angle":5.59,"curve":[0.5,0,0.5,1]},{"time":0.2917,"angle":6.32},{"time":0.5834,"angle":4.78},{"time":0.8333,"angle":3.24},{"time":1.1251,"angle":5.59,"curve":[0.5,0,0.5,1]},{"time":1.4168,"angle":6.32},{"time":1.7085,"angle":4.78},{"time":1.9585,"angle":3.24},{"time":2.2918,"angle":5.59}],"translate":[{"time":0,"x":0,"y":0},{"time":0.5833,"x":-0.47,"y":0},{"time":1.125,"x":0,"y":0},{"time":1.7083,"x":-0.47,"y":0},{"time":2.2916,"x":0,"y":0,"curve":"stepped"},{"time":0.2917,"x":0,"y":0,"curve":"stepped"},{"time":0.5834,"x":0,"y":0,"curve":"stepped"},{"time":0.8333,"x":0,"y":0,"curve":"stepped"},{"time":1.1251,"x":0,"y":0,"curve":"stepped"},{"time":1.4168,"x":0,"y":0,"curve":"stepped"},{"time":1.7085,"x":0,"y":0,"curve":"stepped"},{"time":1.9585,"x":0,"y":0,"curve":"stepped"},{"time":2.2918,"x":0,"y":0}]},"shenti":{"rotate":[{"time":0,"angle":-2.77}],"translate":[{"time":0,"x":0,"y":0}],"scale":[{"time":0,"x":1,"y":1},{"time":0.5833,"x":1.02,"y":1.04},{"time":1.125,"x":1,"y":1},{"time":1.7083,"x":1.02,"y":1.04},{"time":2.2916,"x":1,"y":1}]},"zuoshou_shang":{"rotate":[{"time":0,"angle":-15.91}],"translate":[{"time":0,"x":0,"y":0}]},"youshou_shang":{"rotate":[{"time":0,"angle":-2.75}],"translate":[{"time":0,"x":0,"y":0}],"scale":[{"time":0,"x":1,"y":-1}]},"zuoshou_xia":{"rotate":[{"time":0,"angle":44.97}],"translate":[{"time":0,"x":0,"y":0}]},"caidan2":{"rotate":[{"time":0,"angle":-39.84}],"translate":[{"time":0,"x":29.37,"y":-71.32}]}},"deform":{"V1":{"youshou_shang":{"youshou_shang":[{"time":0,"vertices":[4.87301,3.58871,1.98689,-0.23251,1.8894,0.65721,0,0,0,0,0,0,0,0,0,0,0,0,-1.32265,0.28009,-1.31239,-0.32479,-3.31983,5.44609,-5.36258,3.45292,3.26684,4.19055,6.4468,2.75668,-0.39575,0.52541,-0.58526,0.30019,0,0,0,0,0.30899,3.19751,-1.1164,3.01209]}]}},"V2":{"youshou_shang":{"youshou_shang":[{"time":0,"offset":4,"vertices":[0.09686,-1.77654,0.86197,-1.55655,0.06022,-0.45832,0.25415,-0.38626,0.73147,-1.12562,1.14922,-0.69409,0.95922,-1.69554,0.27762,-3.20815,-1.59408,-4.3126,-1.55793,-3.64628,-3.14189,-2.20911,-2.4317,0.48674,-2.40044,-0.62273,-1.96879,1.6618,-2.49627,0.63639,-0.81991,1.04494,-1.19335,0.58231,-0.33694,2.98332,-1.60421,2.53761,0.20311,3.46844,0.72342,3.46464,1.27606,1.75361,3.13355,1.21632,-1.03186,1.33933,-0.2176,-0.82841,-0.94081,-2.75462,-0.23324,3.34247,0.01755,1.44852,1.51455,2.72648]}]},"zuoshou_shang":{"zuoshou_shang":[{"time":0,"offset":6,"vertices":[0.39841,0.60333,0.24911,0.67877,0.23302,0.6616,0.07475,0.69745,0,0,0,0,0,0,0,0,0,0,0,0,0.65822,1.20902,0.36277,1.32795,0.29125,0.82699,0.09346,0.87182,0,0,0,0,0,0,0,0,0,0,0,0,0.08563,0.38764,0,0,0.82128,1.01216,0.56673,1.17384,0.1771,0.6348,0.02648,0.65853]}]}}},"drawOrder":[{"time":0,"offsets":[{"slot":"youshou_shang","offset":9}]}]},"stand_order":{"slots":{"bone12_F_eye_l":{"color":[{"time":0,"color":"ffffff00"}]},"bone1_F_body":{"color":[{"time":0,"color":"ffffff00"}]},"bone2_B_head":{"color":[{"time":0,"color":"ffffff00"}]},"bone2_F_head":{"color":[{"time":0,"color":"ffffff00"}]},"bone3_F_leg_r":{"color":[{"time":0,"color":"ffffff00"}]},"bone4_F_leg_l":{"color":[{"time":0,"color":"ffffff00"}]},"bone5_F_hand_r1":{"color":[{"time":0,"color":"ffffff00"}]},"bone7_F_hand_l1":{"color":[{"time":0,"color":"ffffff00"}]},"caidan1":{"color":[{"time":0,"color":"ffffff00"}]},"caidan2":{"color":[{"time":0,"color":"ffffff00"}]},"cake_s":{"color":[{"time":0,"color":"ffffff00"}]},"mabu":{"color":[{"time":0,"color":"ffffff00"}]},"move_order":{"color":[{"time":0,"color":"ffffff00"}]},"panzi":{"color":[{"time":0,"color":"ffffff00"}]},"shadow":{"color":[{"time":0,"color":"ffffff7f"}]},"shenti_01":{"color":[{"time":0,"color":"ffffff00"}]},"yanjing3":{"color":[{"time":0,"color":"ffffff00","curve":"stepped"},{"time":1.2917,"color":"ffffff00"},{"time":1.3333,"color":"ffffffff","curve":"stepped"},{"time":1.8751,"color":"ffffffff"},{"time":1.9168,"color":"ffffff00"}]},"yanjing1_0":{"color":[{"time":0,"color":"ffffffff","curve":"stepped"},{"time":0.2917,"color":"ffffffff","curve":[0.5,0,0.5,1]},{"time":0.3333,"color":"ffffff00","curve":"stepped"},{"time":0.4167,"color":"ffffff00","curve":[0.5,0,0.5,1]},{"time":0.4584,"color":"ffffffff","curve":"stepped"},{"time":1.2917,"color":"ffffffff","curve":[0.5,0,0.5,1]},{"time":1.3333,"color":"ffffff00","curve":"stepped"},{"time":1.8751,"color":"ffffff00","curve":[0.5,0,0.5,1]},{"time":1.9168,"color":"ffffffff"}]},"yanjing2_0":{"color":[{"time":0,"color":"ffffffff","curve":"stepped"},{"time":0.2917,"color":"ffffffff","curve":[0.5,0,0.5,1]},{"time":0.3333,"color":"ffffff00","curve":"stepped"},{"time":0.4167,"color":"ffffff00","curve":[0.5,0,0.5,1]},{"time":0.4584,"color":"ffffffff","curve":"stepped"},{"time":1.2917,"color":"ffffffff","curve":[0.5,0,0.5,1]},{"time":1.3333,"color":"ffffff00","curve":"stepped"},{"time":1.8751,"color":"ffffff00","curve":[0.5,0,0.5,1]},{"time":1.9168,"color":"ffffffff"}]},"yinliao":{"color":[{"time":0,"color":"ffffff00"}]},"youjiao":{"color":[{"time":0,"color":"ffffff00"}]},"youshou":{"color":[{"time":0,"color":"ffffff00"}]},"zuojiao":{"color":[{"time":0,"color":"ffffff00"}]},"zuoshou1":{"color":[{"time":0,"color":"ffffff00"}]},"zuoshou2":{"color":[{"time":0,"color":"ffffff00"}]},"zuoshou23":{"color":[{"time":0,"color":"ffffff00"}]},"zuoyan":{"color":[{"time":0,"color":"ffffff00"}]}},"bones":{"tou":{"rotate":[{"time":0,"angle":16.17,"curve":"stepped"},{"time":1.1666,"angle":16.17,"curve":[0.5,0,0.5,1]},{"time":1.4167,"angle":15.05,"curve":[0.5,0,0.5,1]},{"time":1.625,"angle":21.05,"curve":[0.5,0,0.5,1]},{"time":1.9167,"angle":20.62,"curve":[0.5,0,0.5,1]},{"time":2.0834,"angle":16.17}],"translate":[{"time":0,"x":0,"y":0,"curve":"stepped"},{"time":1.1666,"x":0,"y":0,"curve":"stepped"},{"time":1.4167,"x":0,"y":0,"curve":"stepped"},{"time":1.625,"x":0,"y":0,"curve":"stepped"},{"time":1.9167,"x":0,"y":0,"curve":"stepped"},{"time":2.0834,"x":0,"y":0}]},"shenti":{"rotate":[{"time":0,"angle":-2.77}],"translate":[{"time":0,"x":0,"y":0,"curve":"stepped"},{"time":1.25,"x":0,"y":0,"curve":[0.5,0,0.5,1]},{"time":1.4167,"x":-0.35,"y":0,"curve":[0.5,0,0.5,1]},{"time":1.625,"x":0.94,"y":0,"curve":[0.5,0,0.5,1]},{"time":1.875,"x":0.95,"y":0,"curve":[0.5,0,0.5,1]},{"time":2.0833,"x":0,"y":0,"curve":"stepped"},{"time":0,"x":0,"y":0}]},"zuotui_shang":{"translate":[{"time":0,"x":0,"y":0,"curve":"stepped"},{"time":1.25,"x":0,"y":0},{"time":1.4167,"x":0.13,"y":-0.8},{"time":1.4584,"x":0.13,"y":-0.82},{"time":1.5834,"x":-0.03,"y":0.2,"curve":"stepped"},{"time":1.9167,"x":-0.03,"y":0.2},{"time":2.0834,"x":0,"y":0}]},"zuoshou_shang":{"rotate":[{"time":0,"angle":-15.91,"curve":[0.5,0,0.5,1]},{"time":0.2082,"angle":-26.43,"curve":[0.5,0,0.5,1]},{"time":0.3333,"angle":-27.7,"curve":[0.5,0,0.5,1]},{"time":0.5416,"angle":-19.65,"curve":[0.5,0,0.5,1]},{"time":0.7083,"angle":-23.72,"curve":[0.5,0,0.5,1]},{"time":0.7916,"angle":-25.38,"curve":[0.5,0,0.5,1]},{"time":0.9583,"angle":-15.68,"curve":[0.5,0,0.5,1]},{"time":1.125,"angle":-9.45,"curve":[0.5,0,0.5,1]},{"time":1.2083,"angle":-10.65,"curve":[0.5,0,0.5,1]},{"time":1.5,"angle":-15.91}],"translate":[{"time":0,"x":0,"y":0,"curve":"stepped"},{"time":0.2082,"x":0,"y":0,"curve":"stepped"},{"time":0.3333,"x":0,"y":0,"curve":"stepped"},{"time":0.5416,"x":0,"y":0,"curve":"stepped"},{"time":0.7083,"x":0,"y":0,"curve":"stepped"},{"time":0.7916,"x":0,"y":0,"curve":"stepped"},{"time":0.9583,"x":0,"y":0,"curve":"stepped"},{"time":1.125,"x":0,"y":0,"curve":"stepped"},{"time":1.2083,"x":0,"y":0,"curve":"stepped"},{"time":1.5,"x":0,"y":0}]},"youtui_shang":{"translate":[{"time":0,"x":0,"y":0,"curve":"stepped"},{"time":1.25,"x":0,"y":0},{"time":1.4167,"x":0.04,"y":-0.27},{"time":1.4584,"x":0.05,"y":-0.32},{"time":1.5834,"x":-0.1,"y":0.6},{"time":1.9167,"x":-0.03,"y":0.2},{"time":2.0834,"x":0,"y":0}]},"zuoshou_xia":{"rotate":[{"time":0,"angle":-1.46,"curve":[0.5,0,0.5,1]},{"time":0.2082,"angle":7.87,"curve":[0.5,0,0.5,1]},{"time":0.3333,"angle":15.79,"curve":[0.5,0,0.5,1]},{"time":0.5416,"angle":5.81,"curve":[0.5,0,0.5,1]},{"time":0.7083,"angle":8.42,"curve":[0.5,0,0.5,1]},{"time":0.7916,"angle":10.95,"curve":[0.5,0,0.5,1]},{"time":0.9583,"angle":-4.17,"curve":[0.5,0,0.5,1]},{"time":1.125,"angle":-4.39,"curve":[0.5,0,0.5,1]},{"time":1.2083,"angle":-10.77,"curve":[0.5,0,0.5,1]},{"time":1.5,"angle":-1.46}],"translate":[{"time":0,"x":0,"y":0,"curve":"stepped"},{"time":0.2082,"x":0,"y":0,"curve":"stepped"},{"time":0.3333,"x":0,"y":0,"curve":"stepped"},{"time":0.5416,"x":0,"y":0,"curve":"stepped"},{"time":0.7083,"x":0,"y":0,"curve":"stepped"},{"time":0.7916,"x":0,"y":0,"curve":"stepped"},{"time":0.9583,"x":0,"y":0,"curve":"stepped"},{"time":1.125,"x":0,"y":0,"curve":"stepped"},{"time":1.2083,"x":0,"y":0,"curve":"stepped"},{"time":1.5,"x":0,"y":0}]},"bone":{"translate":[{"time":0,"x":0,"y":0},{"time":2.0833,"x":90.41,"y":0}]}}},"stand_send":{"slots":{"bone12_F_eye_l":{"color":[{"time":0,"color":"ffffff00"}]},"bone1_F_body":{"color":[{"time":0,"color":"ffffff00"}]},"bone2_B_head":{"color":[{"time":0,"color":"ffffff00"}]},"bone2_F_head":{"color":[{"time":0,"color":"ffffff00"}]},"bone3_F_leg_r":{"color":[{"time":0,"color":"ffffff00"}]},"bone4_F_leg_l":{"color":[{"time":0,"color":"ffffff00"}]},"bone5_F_hand_r1":{"color":[{"time":0,"color":"ffffff00"}]},"bone7_F_hand_l1":{"color":[{"time":0,"color":"ffffff00"}]},"caidan1":{"color":[{"time":0,"color":"ffffff00"}]},"caidan2":{"color":[{"time":0,"color":"ffffff00"}]},"cake_s":{"color":[{"time":0,"color":"ffffff00"}]},"mabu":{"color":[{"time":0,"color":"ffffff00"}]},"move_order":{"color":[{"time":0,"color":"ffffff00"}]},"shadow":{"color":[{"time":0,"color":"ffffff7f"}]},"shenti_01":{"color":[{"time":0,"color":"ffffff00"}]},"yanjing3":{"color":[{"time":0,"color":"ffffff00","curve":"stepped"},{"time":0.4167,"color":"ffffff00"},{"time":0.4584,"color":"ffffffff","curve":"stepped"},{"time":1.1251,"color":"ffffffff"},{"time":1.1666,"color":"ffffff00"}]},"yanjing1_0":{"color":[{"time":0,"color":"ffffffff","curve":"stepped"},{"time":0.4167,"color":"ffffffff"},{"time":0.4584,"color":"ffffff00","curve":"stepped"},{"time":1.1251,"color":"ffffff00"},{"time":1.1666,"color":"ffffffff"}]},"yanjing2_0":{"color":[{"time":0,"color":"ffffffff","curve":"stepped"},{"time":0.4167,"color":"ffffffff"},{"time":0.4584,"color":"ffffff00","curve":"stepped"},{"time":1.1251,"color":"ffffff00"},{"time":1.1666,"color":"ffffffff"}]},"yinliao":{"color":[{"time":0,"color":"ffffff00"}]},"youjiao":{"color":[{"time":0,"color":"ffffff00"}]},"youshou":{"color":[{"time":0,"color":"ffffff00"}]},"zuojiao":{"color":[{"time":0,"color":"ffffff00"}]},"zuoshou1":{"color":[{"time":0,"color":"ffffff00"}]},"zuoshou2":{"color":[{"time":0,"color":"ffffff00"}]},"zuoshou23":{"color":[{"time":0,"color":"ffffff00"}]},"zuoyan":{"color":[{"time":0,"color":"ffffff00"}]}},"bones":{"tou":{"rotate":[{"time":0,"angle":13.03,"curve":[0.5,0,0.5,1]},{"time":0.2917,"angle":3.04},{"time":0.4167,"angle":-1.21,"curve":[0.5,0,0.5,1]},{"time":0.6666,"angle":11.04,"curve":[0.5,0,0.5,1]},{"time":1.0417,"angle":13.76,"curve":[0.5,0,0.5,1]},{"time":1.125,"angle":24.25},{"time":1.3333,"angle":13.03}],"translate":[{"time":0,"x":0,"y":0,"curve":"stepped"},{"time":0.2917,"x":0,"y":0,"curve":"stepped"},{"time":0.4167,"x":0,"y":0,"curve":"stepped"},{"time":0.6666,"x":0,"y":0,"curve":"stepped"},{"time":1.0417,"x":0,"y":0,"curve":"stepped"},{"time":1.125,"x":0,"y":0,"curve":"stepped"},{"time":1.3333,"x":0,"y":0}]},"youshou_xia":{"rotate":[{"time":0,"angle":0,"curve":"stepped"},{"time":0.375,"angle":0},{"time":0.5417,"angle":-1.1},{"time":0.7917,"angle":-7.03,"curve":"stepped"},{"time":1.0417,"angle":-7.03},{"time":1.3333,"angle":0}],"translate":[{"time":0,"x":0,"y":0,"curve":"stepped"},{"time":0.375,"x":0,"y":0,"curve":"stepped"},{"time":0.5417,"x":0,"y":0,"curve":"stepped"},{"time":0.7917,"x":0,"y":0,"curve":"stepped"},{"time":1.0417,"x":0,"y":0,"curve":"stepped"},{"time":1.3333,"x":0,"y":0}]},"shenti":{"rotate":[{"time":0,"angle":0,"curve":"stepped"},{"time":0.3333,"angle":0},{"time":0.6666,"angle":23.39,"curve":"stepped"},{"time":1.0416,"angle":23.39},{"time":1.3333,"angle":0}],"translate":[{"time":0,"x":0,"y":0,"curve":[0.5,0,0.5,1]},{"time":0.3333,"x":-0.15,"y":0,"curve":[0.5,0,0.5,1]},{"time":0.6666,"x":6.29,"y":0,"curve":"stepped"},{"time":1.0416,"x":6.29,"y":0},{"time":1.3333,"x":0,"y":0,"curve":"stepped"},{"time":0,"x":0,"y":0,"curve":"stepped"},{"time":0.3333,"x":0,"y":0,"curve":"stepped"},{"time":0.6666,"x":0,"y":0,"curve":"stepped"},{"time":1.0416,"x":0,"y":0,"curve":"stepped"},{"time":1.3333,"x":0,"y":0}]},"zuotui_shang":{"rotate":[{"time":0,"angle":0,"curve":"stepped"},{"time":0.3333,"angle":0},{"time":0.6666,"angle":-27.57,"curve":"stepped"},{"time":1.0416,"angle":-27.57},{"time":1.3333,"angle":0}],"translate":[{"time":0,"x":0,"y":0,"curve":"stepped"},{"time":0.3333,"x":0,"y":0},{"time":0.6666,"x":-1.74,"y":6.13,"curve":"stepped"},{"time":1.0416,"x":-1.74,"y":6.13},{"time":1.3333,"x":0,"y":0,"curve":"stepped"},{"time":0,"x":0,"y":0,"curve":"stepped"},{"time":0.3333,"x":0,"y":0,"curve":"stepped"},{"time":0.6666,"x":0,"y":0,"curve":"stepped"},{"time":1.0416,"x":0,"y":0,"curve":"stepped"},{"time":1.3333,"x":0,"y":0}]},"zuoshou_shang":{"rotate":[{"time":0,"angle":0,"curve":"stepped"},{"time":0.3333,"angle":0},{"time":0.5416,"angle":-14.25},{"time":0.8749,"angle":-1.87},{"time":1,"angle":-0.22},{"time":1.3333,"angle":0}],"translate":[{"time":0,"x":0,"y":0,"curve":"stepped"},{"time":0.3333,"x":0,"y":0,"curve":"stepped"},{"time":0.5416,"x":0,"y":0,"curve":"stepped"},{"time":0.8749,"x":0,"y":0,"curve":"stepped"},{"time":1,"x":0,"y":0,"curve":"stepped"},{"time":1.3333,"x":0,"y":0}]},"youtui_shang":{"rotate":[{"time":0,"angle":0,"curve":"stepped"},{"time":0.3333,"angle":0},{"time":0.6666,"angle":-33.3,"curve":"stepped"},{"time":1.0416,"angle":-33.3},{"time":1.3333,"angle":0}],"translate":[{"time":0,"x":0,"y":0,"curve":"stepped"},{"time":0.3333,"x":0,"y":0},{"time":0.6666,"x":0.98,"y":5.08,"curve":"stepped"},{"time":1.0416,"x":0.98,"y":5.08},{"time":1.3333,"x":0,"y":0,"curve":"stepped"},{"time":0,"x":0,"y":0,"curve":"stepped"},{"time":0.3333,"x":0,"y":0,"curve":"stepped"},{"time":0.6666,"x":0,"y":0,"curve":"stepped"},{"time":1.0416,"x":0,"y":0,"curve":"stepped"},{"time":1.3333,"x":0,"y":0}]},"youshou_shang":{"rotate":[{"time":0,"angle":0,"curve":"stepped"},{"time":0.375,"angle":0},{"time":0.5417,"angle":-11.13},{"time":0.7917,"angle":1.72},{"time":0.875,"angle":4.25,"curve":"stepped"},{"time":1.0417,"angle":4.25},{"time":1.3333,"angle":0}],"translate":[{"time":0,"x":0,"y":0,"curve":"stepped"},{"time":0.375,"x":0,"y":0,"curve":"stepped"},{"time":0.5417,"x":0,"y":0,"curve":"stepped"},{"time":0.7917,"x":0,"y":0,"curve":"stepped"},{"time":0.875,"x":0,"y":0,"curve":"stepped"},{"time":1.0417,"x":0,"y":0,"curve":"stepped"},{"time":1.3333,"x":0,"y":0}]},"zuoshou_xia":{"rotate":[{"time":0,"angle":0,"curve":"stepped"},{"time":0.3333,"angle":0},{"time":0.5416,"angle":15.44},{"time":0.8749,"angle":9.05},{"time":1,"angle":5.5},{"time":1.3333,"angle":0}],"translate":[{"time":0,"x":0,"y":0,"curve":"stepped"},{"time":0.3333,"x":0,"y":0,"curve":"stepped"},{"time":0.5416,"x":0,"y":0,"curve":"stepped"},{"time":0.8749,"x":0,"y":0,"curve":"stepped"},{"time":1,"x":0,"y":0,"curve":"stepped"},{"time":1.3333,"x":0,"y":0}]},"bone":{"translate":[{"time":0,"x":0,"y":0},{"time":1.3333,"x":86.3,"y":0}]}}}}}],[-1],0,[],[],[]]