[1,["1dED9VFINK0YpC5rMTxOcx"],["_textureSetter"],["cc.SpriteFrame"],0,[[[{"name":"tiaoloopq_03","rect":[403,103,400,100],"offset":[0,0],"originalSize":[400,100],"capInsets":[0,0,0,0]}],[0],0,[0],[0],[0]],[[{"name":"tiaoloopq_12","rect":[1,511,400,100],"offset":[0,0],"originalSize":[400,100],"capInsets":[0,0,0,0]}],[0],0,[0],[0],[0]],[[{"name":"tiaoloopq_13","rect":[403,511,400,100],"offset":[0,0],"originalSize":[400,100],"capInsets":[0,0,0,0]}],[0],0,[0],[0],[0]],[[{"name":"tiaoloopq_09","rect":[403,307,400,100],"offset":[0,0],"originalSize":[400,100],"capInsets":[0,0,0,0]}],[0],0,[0],[0],[0]],[[{"name":"tiaoloopq_10","rect":[1,409,400,100],"offset":[0,0],"originalSize":[400,100],"capInsets":[0,0,0,0]}],[0],0,[0],[0],[0]],[[{"name":"tiaoloopq_14","rect":[1,613,400,100],"offset":[0,0],"originalSize":[400,100],"capInsets":[0,0,0,0]}],[0],0,[0],[0],[0]],[[{"name":"tiaoloopq_00","rect":[1,1,400,100],"offset":[0,0],"originalSize":[400,100],"capInsets":[0,0,0,0]}],[0],0,[0],[0],[0]],[[{"name":"tiaoloopq_11","rect":[403,409,400,100],"offset":[0,0],"originalSize":[400,100],"capInsets":[0,0,0,0]}],[0],0,[0],[0],[0]],[[{"name":"tiaoloopq_07","rect":[907,1,400,100],"offset":[0,0],"originalSize":[400,100],"rotated":1,"capInsets":[0,0,0,0]}],[0],0,[0],[0],[0]],[[{"name":"tiaoloopq_02","rect":[1,103,400,100],"offset":[0,0],"originalSize":[400,100],"capInsets":[0,0,0,0]}],[0],0,[0],[0],[0]],[[{"name":"tiaoloopq_05","rect":[403,205,400,100],"offset":[0,0],"originalSize":[400,100],"capInsets":[0,0,0,0]}],[0],0,[0],[0],[0]],[[{"name":"tiaoloopq_01","rect":[403,1,400,100],"offset":[0,0],"originalSize":[400,100],"capInsets":[0,0,0,0]}],[0],0,[0],[0],[0]],[[{"name":"tiaoloopq_06","rect":[805,1,400,100],"offset":[0,0],"originalSize":[400,100],"rotated":1,"capInsets":[0,0,0,0]}],[0],0,[0],[0],[0]],[[{"name":"tiaoloopq_08","rect":[1,307,400,100],"offset":[0,0],"originalSize":[400,100],"capInsets":[0,0,0,0]}],[0],0,[0],[0],[0]],[[{"name":"tiaoloopq_04","rect":[1,205,400,100],"offset":[0,0],"originalSize":[400,100],"capInsets":[0,0,0,0]}],[0],0,[0],[0],[0]]]]