[1,["56ilrdQmlCwZ/czv/Q7t4m"],0,[["sp.SkeletonData",["_name","_atlasText","textureNames","_skeletonJson","textures"],-1,3]],[[0,0,1,2,3,4,5]],[[0,"BaoPiao","\nBaoPiao.png\nsize: 64,32\nformat: RGBA8888\nfilter: Linear,Linear\nrepeat: none\nmmexport1591013654456\n  rotate: false\n  xy: 1, 1\n  size: 43, 25\n  orig: 43, 25\n  offset: 0, 0\n  index: -1\n",["BaoPiao.png"],{"skeleton":{"width":143.13,"height":81.95,"fps":24,"hash":" ","name":"Armature"},"bones":[{"name":"root"},{"x":-48.35,"y":91.75,"name":"mmexport15910136544566","parent":"root"},{"x":3,"y":91.1,"rotation":90,"name":"mmexport15910136544567","parent":"root"},{"x":52.4,"y":92.1,"name":"mmexport15910136544568","parent":"root"},{"x":-48.05,"y":63.7,"name":"mmexport1591013654456","parent":"root"},{"x":2.7,"y":62.05,"rotation":90,"name":"mmexport15910136544561","parent":"root"},{"x":52.05,"y":63.05,"name":"mmexport15910136544562","parent":"root"},{"x":-47.05,"y":36.35,"name":"mmexport15910136544563","parent":"root"},{"x":2.7,"y":34.7,"name":"mmexport15910136544564","parent":"root"},{"x":52.4,"y":35.7,"name":"mmexport15910136544565","parent":"root"}],"slots":[{"name":"mmexport1591013654456","bone":"mmexport1591013654456","attachment":"mmexport1591013654456"},{"name":"mmexport15910136544561","bone":"mmexport15910136544561","attachment":"mmexport1591013654456"},{"name":"mmexport15910136544562","bone":"mmexport15910136544562","attachment":"mmexport1591013654456"},{"name":"mmexport15910136544563","bone":"mmexport15910136544563","attachment":"mmexport1591013654456"},{"name":"mmexport15910136544564","bone":"mmexport15910136544564","attachment":"mmexport1591013654456"},{"name":"mmexport15910136544565","bone":"mmexport15910136544565","attachment":"mmexport1591013654456"},{"name":"mmexport15910136544566","bone":"mmexport15910136544566","attachment":"mmexport1591013654456"},{"name":"mmexport15910136544567","bone":"mmexport15910136544567","attachment":"mmexport1591013654456"},{"name":"mmexport15910136544568","bone":"mmexport15910136544568","attachment":"mmexport1591013654456"}],"skins":{"default":{"mmexport15910136544562":{"mmexport1591013654456":{"name":"mmexport1591013654456","width":43,"height":25,"x":-2.79,"y":-0.04}},"mmexport15910136544561":{"mmexport1591013654456":{"name":"mmexport1591013654456","width":43,"height":25,"x":0.69,"y":2.56,"rotation":-90}},"mmexport15910136544566":{"mmexport1591013654456":{"name":"mmexport1591013654456","width":43,"height":25,"x":-0.9,"y":-0.94}},"mmexport1591013654456":{"mmexport1591013654456":{"name":"mmexport1591013654456","width":43,"height":25,"x":-1.32,"y":-0.51}},"mmexport15910136544565":{"mmexport1591013654456":{"name":"mmexport1591013654456","width":43,"height":25,"x":-2.06,"y":-0.48}},"mmexport15910136544568":{"mmexport1591013654456":{"name":"mmexport1591013654456","width":43,"height":25,"x":-2.6,"y":-0.21}},"mmexport15910136544564":{"mmexport1591013654456":{"name":"mmexport1591013654456","width":43,"height":25,"x":-2.02,"y":0.25}},"mmexport15910136544567":{"mmexport1591013654456":{"name":"mmexport1591013654456","width":43,"height":25,"x":0.25,"y":2.05,"rotation":-90}},"mmexport15910136544563":{"mmexport1591013654456":{"name":"mmexport1591013654456","width":43,"height":25,"x":-2.74,"y":-0.05}}}},"animations":{"whit":{"bones":{"mmexport15910136544566":{"translate":[{"time":0,"x":48.35,"y":-71.75},{"time":0.0417,"x":48.35,"y":38.75},{"time":0.125,"x":47.91,"y":97.7},{"time":0.2083,"x":49.03,"y":127.42},{"time":0.5833,"x":49.03,"y":59.2},{"time":0.7083,"x":49.03,"y":44.27},{"time":1.0833,"x":49.03,"y":-8.02}],"rotate":[{"time":0,"angle":0},{"time":0.0417,"angle":-90.17},{"time":0.2084,"angle":175.11},{"time":0.4167,"angle":108.6},{"time":0.5834,"angle":-10.5},{"time":1.0834,"angle":-112.3}],"scale":[{"time":0,"x":1,"y":1},{"time":0.0417,"x":1,"y":1},{"time":0.3334,"x":1,"y":0.47},{"time":0.4167,"x":1,"y":-0.37},{"time":0.5,"x":1,"y":-1}],"shear":[{"time":0},{"time":0.0417},{"time":0.2084},{"time":0.4167},{"time":0.5834},{"time":1.0834}]},"mmexport15910136544567":{"translate":[{"time":0,"x":-3,"y":-71.1},{"time":0.0417,"x":-3,"y":39.4},{"time":0.125,"x":15.38,"y":95.29},{"time":0.2917,"x":37.75,"y":163.51},{"time":0.625,"x":32.29,"y":115.32},{"time":0.9583,"x":32.29,"y":48.1}],"rotate":[{"time":0,"angle":0},{"time":0.0417,"angle":-113.87},{"time":0.2917,"angle":35.21},{"time":0.625,"angle":-167.16}],"scale":[{"time":0,"x":1,"y":1},{"time":0.0417,"x":1,"y":1},{"time":0.4167,"x":0.23,"y":1},{"time":0.5417,"x":-1.25,"y":1},{"time":0.625,"x":-1,"y":1},{"time":0.75,"x":-1,"y":0.23},{"time":0.8333,"x":-1,"y":1}],"shear":[{"time":0},{"time":0.0417},{"time":0.2917},{"time":0.625}]},"mmexport15910136544568":{"translate":[{"time":0,"x":-52.4,"y":-72.1},{"time":0.0417,"x":-52.4,"y":38.4},{"time":0.0834,"x":-15.64,"y":91.66},{"time":0.2917,"x":29.45,"y":151.87},{"time":0.5,"x":51.2,"y":140.81},{"time":1.125,"x":51.2,"y":73.59}],"rotate":[{"time":0,"angle":0},{"time":0.0417,"angle":-141.06},{"time":0.0834,"angle":-116.7},{"time":0.2917,"angle":5.07},{"time":0.5,"angle":127.09}],"scale":[{"time":0,"x":1,"y":1},{"time":0.0833,"x":1,"y":1},{"time":0.1666,"x":1,"y":0.21},{"time":0.2916,"x":1,"y":1},{"time":0.4166,"x":0.1,"y":1},{"time":0.4999,"x":1,"y":1},{"time":0.6249,"x":1,"y":0.19},{"time":0.7499,"x":1,"y":1}],"shear":[{"time":0},{"time":0.0417},{"time":0.0834},{"time":0.2917},{"time":0.5}]},"mmexport1591013654456":{"translate":[{"time":0,"x":48.05,"y":-43.7},{"time":0.0417,"x":48.05,"y":66.8},{"time":0.125,"x":86.56,"y":104.31},{"time":0.3333,"x":128.59,"y":126.13},{"time":0.5833,"x":144.63,"y":105.09},{"time":0.9583,"x":144.63,"y":37.86}],"rotate":[{"time":0,"angle":0},{"time":0.0417,"angle":-161.63},{"time":0.3334,"angle":-1.88},{"time":0.5834,"angle":114.87},{"time":0.7501,"angle":149.68},{"time":0.9584,"angle":-118.35}],"shear":[{"time":0},{"time":0.0417},{"time":0.3334},{"time":0.5834},{"time":0.7501},{"time":0.9584}]},"mmexport15910136544561":{"translate":[{"time":0,"x":-2.7,"y":-42.05},{"time":0.0417,"x":-2.7,"y":68.45},{"time":0.0834,"x":51.13,"y":95.46},{"time":0.2917,"x":67.34,"y":96.02},{"time":0.5834,"x":73.42,"y":54.32},{"time":1.0001,"x":73.42,"y":-12.9}],"rotate":[{"time":0,"angle":0},{"time":0.0417,"angle":177.6},{"time":0.2917,"angle":30.82},{"time":0.5834,"angle":-114.39}],"shear":[{"time":0},{"time":0.0417},{"time":0.2917},{"time":0.5834}]},"mmexport15910136544562":{"translate":[{"time":0,"x":-52.05,"y":-43.05},{"time":0.0417,"x":-52.05,"y":67.45},{"time":0.125,"x":0.9,"y":80.89},{"time":0.5,"x":64.09,"y":32.51},{"time":0.9167,"x":64.09,"y":-34.71}],"rotate":[{"time":0,"angle":0},{"time":0.0417,"angle":163.57},{"time":0.3334,"angle":-34.35},{"time":0.5001,"angle":130.64},{"time":0.7084,"angle":-153.35},{"time":0.9167,"angle":-65.04}],"scale":[{"time":0,"x":1,"y":1},{"time":0.3333,"x":1,"y":1},{"time":0.375,"x":1,"y":0.21},{"time":0.5,"x":1,"y":1}],"shear":[{"time":0},{"time":0.0417},{"time":0.3334},{"time":0.5001},{"time":0.7084},{"time":0.9167}]},"mmexport15910136544563":{"translate":[{"time":0,"x":47.05,"y":-16.35},{"time":0.0417,"x":47.05,"y":94.15},{"time":0.125,"x":26.92,"y":151.35},{"time":0.3333,"x":-29.92,"y":204.95},{"time":0.5,"x":-48.19,"y":190.42},{"time":0.7083,"x":-37.4,"y":121.07},{"time":0.9583,"x":-37.4,"y":53.85}],"rotate":[{"time":0,"angle":0},{"time":0.0417,"angle":147.65},{"time":0.3334,"angle":-72.4},{"time":0.5001,"angle":59.61},{"time":0.7084,"angle":155.64}],"shear":[{"time":0},{"time":0.0417},{"time":0.3334},{"time":0.5001},{"time":0.7084}]},"mmexport15910136544564":{"translate":[{"time":0,"x":-2.7,"y":-14.7},{"time":0.0417,"x":-2.7,"y":95.8},{"time":0.125,"x":-35.08,"y":135.06},{"time":0.2917,"x":-70.87,"y":123.88},{"time":0.75,"x":-70.87,"y":59.24},{"time":1.0417,"x":-70.87,"y":-7.99}],"rotate":[{"time":0,"angle":0},{"time":0.0417,"angle":168.75},{"time":0.2917,"angle":-22.26},{"time":0.5834,"angle":96.78},{"time":0.7501,"angle":153.88}],"scale":[{"time":0,"x":1,"y":1},{"time":0.0417,"x":1,"y":1},{"time":0.2917,"x":0.46,"y":1},{"time":0.4167,"x":-1,"y":1}],"shear":[{"time":0},{"time":0.0417},{"time":0.2917},{"time":0.5834},{"time":0.7501}]},"mmexport15910136544565":{"translate":[{"time":0,"x":-52.4,"y":-15.7},{"time":0.0417,"x":-52.4,"y":94.8},{"time":0.125,"x":-62.47,"y":166.44},{"time":0.5,"x":-87.63,"y":197.76},{"time":0.75,"x":-88.43,"y":119.63},{"time":1,"x":-88.43,"y":52.4}],"rotate":[{"time":0,"angle":0},{"time":0.0417,"angle":130.74},{"time":0.3334,"angle":-92.89},{"time":0.5001,"angle":18.27},{"time":0.7501,"angle":152.89},{"time":1.0001,"angle":-111.34}],"scale":[{"time":0,"x":1,"y":1},{"time":0.0417,"x":1,"y":1},{"time":0.2084,"x":1,"y":0.24},{"time":0.5001,"x":1,"y":1},{"time":0.6251,"x":0.33,"y":1},{"time":0.7501,"x":1,"y":1}],"shear":[{"time":0},{"time":0.0417},{"time":0.3334},{"time":0.5001},{"time":0.7501},{"time":1.0001}]}},"slots":{"mmexport1591013654456":{"color":[{"time":0,"color":"FFFFFF00"},{"time":0.0417,"color":"FFFFFFFF"},{"time":0.75,"color":"FFFFFFFF"},{"time":0.9583,"color":"FFFFFF00"}]},"mmexport15910136544561":{"color":[{"time":0,"color":"FFFFFF00"},{"time":0.0417,"color":"FFFFFFFF"},{"time":0.7917,"color":"FFFFFFFF"},{"time":1,"color":"FFFFFF00"}]},"mmexport15910136544562":{"color":[{"time":0,"color":"FFFFFF00"},{"time":0.0417,"color":"FFFFFFFF"},{"time":0.7084,"color":"FFFFFFFF"},{"time":0.9167,"color":"FFFFFF00"}]},"mmexport15910136544563":{"color":[{"time":0,"color":"FFFFFF00"},{"time":0.0417,"color":"FFFFFFFF"},{"time":0.75,"color":"FFFFFFFF"},{"time":0.9583,"color":"FFFFFF00"}]},"mmexport15910136544564":{"color":[{"time":0,"color":"FFFFFF00"},{"time":0.0417,"color":"FFFFFFFF"},{"time":0.8334,"color":"FFFFFFFF"},{"time":1.0417,"color":"FFFFFF00"}]},"mmexport15910136544565":{"color":[{"time":0,"color":"FFFFFF00"},{"time":0.0417,"color":"FFFFFFFF"},{"time":0.7917,"color":"FFFFFFFF"},{"time":1,"color":"FFFFFF00"}]},"mmexport15910136544566":{"color":[{"time":0,"color":"FFFFFF00"},{"time":0.0417,"color":"FFFFFFFF"},{"time":0.8334,"color":"FFFFFFFF"},{"time":1.0834,"color":"FFFFFF00"}]},"mmexport15910136544567":{"color":[{"time":0,"color":"FFFFFF00"},{"time":0.0417,"color":"FFFFFFFF"},{"time":0.75,"color":"FFFFFFFF"},{"time":0.9583,"color":"FFFFFF00"}]},"mmexport15910136544568":{"color":[{"time":0,"color":"FFFFFF00"},{"time":0.0417,"color":"FFFFFFFF"},{"time":0.75,"color":"FFFFFFFF"},{"time":1.125,"color":"FFFFFF00"}]}}}}},[0]]],0,0,[0],[-1],[0]]