[1,["06P8XeQX1BsYLRp6ArXMl7","1dqlk1Ze1EmK4vkjB12/4g","c2GBFJLK5H35Il+XkdQnC5","57Nfe+3h5OMJYlATx5/+pS","acAu3q+7tIhYtbNjU/XsR8","47cVFeAjxEkKF/VPEPVMEe","19DYI4GiFPdIToBKcQ14gM","d3nLWYvbpG5aiTlAlTaKKQ","23bR0oPl9MQI2KJfBGbSj4","d8Pq1KYh9EgovozA8mylOQ","1cycttJiFDfbkm9zAhqHT6","1dUVEe3TBCXaGVIxVmry6e","c55hSeJUpHi4xDfc8x3v2g","24cbZBuD9Cspo07psDIWIs","0atloQxP5C/4CvUDQlwxpU","36knqYhhpGJ7AiQM3J7h3m","886O8uwDBD3JQQ7ObJjKl6","0fVww/7KpK54hHL4BuOblB","24u/SMuuJBPoyLDyb+E1DL","ccaThTVsVGfbs7GMwjvR39","7dFwyUTwRLiKUZ3cjl5c6S","f3+Q1mRndDULjP3TYZh1PP","3fmbCoun9Oy5Z/BgVQxLNP","e19SV/SjpN8qppknq4f4Uv","20UWj+SY9BU6wUTiyh0W6s","e2rcUguoRFurmlEi0lBSeq","1a9D5JAkdDLpI6IQa0lurZ","a8uW0cnt9GvowGKxIGXqxV","05TWdbte5Op6a/0Nfjziw3","1e31akiWRJyYqy9go4r4iW","8cLG2eqkNFeIf4l1TozJ8L","f4qhk5TEFIY6FsBXenHWhy","62lO+QJ4tIVa10uKwHRCPI","f26JC7oXBLoZoggJVnfR8k","abXHrkYb1Asp2W2ZH6Rbce","c1fHIPQKFDtahxce67KQZm","d8n4ZkAmBBcrfGr4Zsn1zE","05vcnXxYRGJp0yc/1/jEWU","33MeA5Z35Aeq1HUR4TJdnt","0ctkf0Kj1KAIXs2/LgQB/A","a8BwRd9jxJuomCu1ZLT4JI"],["_textureSetter","Sweet","Sweet02","bg_diban03","bg_jindutiao02","bg_jindutiao03","bg_shangpin05","bg_shangpin_a","bg_shangpin_b","bg_shangpin_lock","bg_shangpin_s","bg_shangpin_ss","bg_tips","bg_xingji","bg_ziyuan02","btn","btn_wenhao","consistency","consistency02","icon_xing","icon_xing02","jiantou","make_btn_close","mix","mix02","taste","taste02","tujian_gezi","tujian_zhezhao","wenzi_A","wenzi_B","wenzi_S","wenzi_SS","wenzi_wenhao","word_max2","word_menu","word_tiaopei","xian","xian02","yeqian03","yeqian04"],["cc.SpriteFrame",["cc.SpriteAtlas",["_name","_spriteFrames"],2,11]],[[1,0,1,2]],[[[{"name":"tujian_zhezhao","rect":[796,532,33,26],"offset":[0,0],"originalSize":[33,26],"capInsets":[0,0,0,0]}],[0],0,[0],[0],[0]],[[{"name":"xian","rect":[486,645,28,53],"offset":[0,0],"originalSize":[28,53],"capInsets":[0,0,0,0]}],[0],0,[0],[0],[0]],[[[0,"uiIcons2.plist",[{},"Sweet",6,0,"Sweet02",6,1,"bg_diban03",6,2,"bg_jindutiao02",6,3,"bg_jindutiao03",6,4,"bg_shangpin05",6,5,"bg_shangpin_a",6,6,"bg_shangpin_b",6,7,"bg_shangpin_lock",6,8,"bg_shangpin_s",6,9,"bg_shangpin_ss",6,10,"bg_tips",6,11,"bg_xingji",6,12,"bg_ziyuan02",6,13,"btn",6,14,"btn_wenhao",6,15,"consistency",6,16,"consistency02",6,17,"icon_xing",6,18,"icon_xing02",6,19,"jiantou",6,20,"make_btn_close",6,21,"mix",6,22,"mix02",6,23,"taste",6,24,"taste02",6,25,"tujian_gezi",6,26,"tujian_zhezhao",6,27,"wenzi_A",6,28,"wenzi_B",6,29,"wenzi_S",6,30,"wenzi_SS",6,31,"wenzi_wenhao",6,32,"word_max2",6,33,"word_menu",6,34,"word_tiaopei",6,35,"xian",6,36,"xian02",6,37,"yeqian03",6,38,"yeqian04",6,39]]],0,0,[0,0,0,0,0,0,0,0,0,0,0,0,0,0,0,0,0,0,0,0,0,0,0,0,0,0,0,0,0,0,0,0,0,0,0,0,0,0,0,0],[1,2,3,4,5,6,7,8,9,10,11,12,13,14,15,16,17,18,19,20,21,22,23,24,25,26,27,28,29,30,31,32,33,34,35,36,37,38,39,40],[1,2,3,4,5,6,7,8,9,10,11,12,13,14,15,16,17,18,19,20,21,22,23,24,25,26,27,28,29,30,31,32,33,34,35,36,37,38,39,40]],[[{"name":"bg_ziyuan02","rect":[848,407,22,39],"offset":[0,0],"originalSize":[22,39],"rotated":1,"capInsets":[0,0,0,0]}],[0],0,[0],[0],[0]],[[{"name":"yeqian03","rect":[70,706,120,52],"offset":[0,0],"originalSize":[120,52],"rotated":1,"capInsets":[0,0,0,0]}],[0],0,[0],[0],[0]],[[{"name":"consistency","rect":[124,798,84,53],"offset":[0,0],"originalSize":[84,53],"rotated":1,"capInsets":[0,0,0,0]}],[0],0,[0],[0],[0]],[[{"name":"bg_shangpin05","rect":[264,366,230,200],"offset":[0,0],"originalSize":[230,200],"rotated":1,"capInsets":[0,0,0,0]}],[0],0,[0],[0],[0]],[[{"name":"taste02","rect":[856,370,35,40],"offset":[0,0],"originalSize":[35,40],"rotated":1,"capInsets":[0,0,0,0]}],[0],0,[0],[0],[0]],[[{"name":"bg_shangpin_s","rect":[1,366,261,338],"offset":[0,0],"originalSize":[261,338],"capInsets":[0,0,0,0]}],[0],0,[0],[0],[0]],[[{"name":"bg_shangpin_ss","rect":[1,1,263,339],"offset":[0,0],"originalSize":[263,339],"capInsets":[0,0,0,0]}],[0],0,[0],[0],[0]],[[{"name":"Sweet","rect":[466,490,84,53],"offset":[0,0],"originalSize":[84,53],"rotated":1,"capInsets":[0,0,0,0]}],[0],0,[0],[0],[0]],[[{"name":"wenzi_A","rect":[644,682,58,58],"offset":[0,0],"originalSize":[58,58],"capInsets":[0,0,0,0]}],[0],0,[0],[0],[0]],[[{"name":"mix02","rect":[856,333,35,41],"offset":[0,0],"originalSize":[35,41],"rotated":1,"capInsets":[0,0,0,0]}],[0],0,[0],[0],[0]],[[{"name":"bg_shangpin_b","rect":[533,342,261,338],"offset":[0,0],"originalSize":[261,338],"capInsets":[0,0,0,0]}],[0],0,[0],[0],[0]],[[{"name":"bg_xingji","rect":[266,1,347,76],"offset":[0,0],"originalSize":[347,76],"capInsets":[0,0,0,0]}],[0],0,[0],[0],[0]],[[{"name":"consistency02","rect":[836,447,35,41],"offset":[0,0],"originalSize":[35,41],"rotated":1,"capInsets":[0,0,0,0]}],[0],0,[0],[0],[0]],[[{"name":"xian02","rect":[486,700,28,53],"offset":[0,0],"originalSize":[28,53],"capInsets":[0,0,0,0]}],[0],0,[0],[0],[0]],[[{"name":"btn","rect":[264,598,220,220],"offset":[0,0],"originalSize":[220,220],"capInsets":[0,0,0,0]}],[0],0,[0],[0],[0]],[[{"name":"make_btn_close","rect":[161,706,80,78],"offset":[0,0],"originalSize":[80,78],"capInsets":[0,0,0,0]}],[0],0,[0],[0],[0]],[[{"name":"bg_jindutiao03","rect":[466,576,8,15],"offset":[0,0],"originalSize":[8,15],"rotated":1,"capInsets":[0,0,0,0]}],[0],0,[0],[0],[0]],[[{"name":"bg_diban03","rect":[1,706,174,67],"offset":[0,0],"originalSize":[174,67],"rotated":1,"capInsets":[0,0,0,0]}],[0],0,[0],[0],[0]],[[{"name":"wenzi_SS","rect":[516,682,65,65],"offset":[0,0],"originalSize":[65,65],"capInsets":[0,0,0,0]}],[0],0,[0],[0],[0]],[[{"name":"icon_xing02","rect":[796,393,50,52],"offset":[0,0],"originalSize":[50,52],"capInsets":[0,0,0,0]}],[0],0,[0],[0],[0]],[[{"name":"btn_wenhao","rect":[583,682,58,59],"offset":[0,0],"originalSize":[58,59],"rotated":1,"capInsets":[0,0,0,0]}],[0],0,[0],[0],[0]],[[{"name":"wenzi_B","rect":[704,682,58,58],"offset":[0,0],"originalSize":[58,58],"capInsets":[0,0,0,0]}],[0],0,[0],[0],[0]],[[{"name":"yeqian04","rect":[466,366,122,54],"offset":[0,0],"originalSize":[122,54],"rotated":1,"capInsets":[0,0,0,0]}],[0],0,[0],[0],[0]],[[{"name":"tujian_gezi","rect":[179,786,44,73],"offset":[0,0],"originalSize":[44,73],"capInsets":[0,0,0,0]}],[0],0,[0],[0],[0]],[[{"name":"word_max2","rect":[124,706,90,35],"offset":[0,0],"originalSize":[90,35],"rotated":1,"capInsets":[0,0,0,0]}],[0],0,[0],[0],[0]],[[{"name":"bg_jindutiao02","rect":[1,342,530,22],"offset":[0,0],"originalSize":[530,22],"capInsets":[0,0,0,0]}],[0],0,[0],[0],[0]],[[{"name":"word_menu","rect":[225,786,69,33],"offset":[0,0],"originalSize":[69,33],"rotated":1,"capInsets":[0,0,0,0]}],[0],0,[0],[0],[0]],[[{"name":"Sweet02","rect":[796,495,35,41],"offset":[0,0],"originalSize":[35,41],"rotated":1,"capInsets":[0,0,0,0]}],[0],0,[0],[0],[0]],[[{"name":"bg_tips","rect":[486,576,40,67],"offset":[0,0],"originalSize":[40,67],"capInsets":[0,0,0,0]}],[0],0,[0],[0],[0]],[[{"name":"icon_xing","rect":[70,828,50,52],"offset":[0,0],"originalSize":[50,52],"capInsets":[0,0,0,0]}],[0],0,[0],[0],[0]],[[{"name":"bg_shangpin_a","rect":[266,79,261,338],"offset":[0,0],"originalSize":[261,338],"rotated":1,"capInsets":[0,0,0,0]}],[0],0,[0],[0],[0]],[[{"name":"bg_shangpin_lock","rect":[615,1,261,338],"offset":[0,0],"originalSize":[261,338],"rotated":1,"capInsets":[0,0,0,0]}],[0],0,[0],[0],[0]],[[{"name":"word_tiaopei","rect":[606,264,324,67],"offset":[0,0],"originalSize":[324,67],"capInsets":[0,0,0,0]}],[0],0,[0],[0],[0]],[[{"name":"mix","rect":[1,882,84,53],"offset":[0,0],"originalSize":[84,53],"rotated":1,"capInsets":[0,0,0,0]}],[0],0,[0],[0],[0]],[[{"name":"taste","rect":[56,882,84,53],"offset":[0,0],"originalSize":[84,53],"rotated":1,"capInsets":[0,0,0,0]}],[0],0,[0],[0],[0]],[[{"name":"wenzi_wenhao","rect":[796,333,58,58],"offset":[0,0],"originalSize":[58,58],"capInsets":[0,0,0,0]}],[0],0,[0],[0],[0]],[[{"name":"jiantou","rect":[796,447,38,46],"offset":[0,0],"originalSize":[38,46],"capInsets":[0,0,0,0]}],[0],0,[0],[0],[0]],[[{"name":"wenzi_S","rect":[764,682,58,58],"offset":[0,0],"originalSize":[58,58],"capInsets":[0,0,0,0]}],[0],0,[0],[0],[0]]]]