[1,["43bj67m2VNVIVih0ZCZrVz","ecpdLyjvZBwrvm+cedCcQy","d4i54Uzb5L2ZYRny0+H4sS","ecjBBLWiNEA7KlUPWIgFeq"],["node","root","data","_spriteFrame","_defaultClip","_textureSetter"],[["cc.Node",["_name","_components","_prefab","_children","_parent","_contentSize"],2,9,4,2,1,5],"cc.SpriteFrame",["cc.AnimationClip",["_name","_duration","curveData"],1,11],["cc.Prefab",["_name"],2],["cc.Animation",["playOnLoad","node","_clips","_defaultClip"],2,1,3,6],["cc.PrefabInfo",["fileId","root"],2,1],["cc.Sprite",["_dstBlendFactor","node","_materials","_spriteFrame"],2,1,3,6]],[[5,0,1,2],[2,0,1,2,3],[3,0,2],[0,0,3,1,2,2],[0,0,4,1,2,5,2],[4,0,1,2,3,2],[6,0,1,2,3,2]],[[[[1,"jindutiaoputong",0.3333333333333333,[{},"paths",11,[{},"11",11,[{},"props",11,[{"opacity":[{"frame":0,"value":50},{"frame":0.08333333333333333,"value":255},{"frame":0.3333333333333333,"value":50}]},"scale",12,[[[{"frame":0},"value",8,[0,0.9,0.9]],[{"frame":0.08333333333333333},"value",8,[0,1,1]],[{"frame":0.3333333333333333},"value",8,[0,0.9,0.9]]],11,11,11]]]]]]],0,0,[],[],[]],[[[2,"food_make_normal_once"],[3,"food_make_normal_once",[-3],[[5,true,-2,[3],2]],[0,"274sIZm/hOG5o/Hg4MuBZN",-1]],[4,"11",1,[[6,1,-4,[0],1]],[0,"6bK1y+YMhIg4qYKOH+0wKX",1],[5,475,100]]],0,[0,1,1,0,0,1,0,-1,2,0,0,2,0,2,1,4],[0,0,0,0],[-1,3,4,-1],[1,2,0,0]],[[{"name":"11","rect":[9,29,475,95],"offset":[-3.5,-1.5],"originalSize":[500,150],"capInsets":[0,0,0,0]}],[1],0,[0],[5],[3]]]]