[1,["8c43waN5FK27i7LGRcsNgI"],["_textureSetter"],["cc.SpriteFrame"],0,[[[{"name":"blast_8","rect":[361,556,352,266],"offset":[0,0],"originalSize":[352,266],"capInsets":[0,0,0,0]}],[0],0,[0],[0],[0]],[[{"name":"blast_6","rect":[1,325,358,289],"offset":[0,0],"originalSize":[358,289],"capInsets":[0,0,0,0]}],[0],0,[0],[0],[0]],[[{"name":"blast_3","rect":[705,353,311,200],"offset":[0,0],"originalSize":[311,200],"capInsets":[0,0,0,0]}],[0],0,[0],[0],[0]],[[{"name":"blast_2","rect":[377,1,350,296],"offset":[0,0],"originalSize":[350,296],"capInsets":[0,0,0,0]}],[0],0,[0],[0],[0]],[[{"name":"blast_4","rect":[377,299,326,255],"offset":[0,0],"originalSize":[326,255],"capInsets":[0,0,0,0]}],[0],0,[0],[0],[0]],[[{"name":"blast_5","rect":[1,616,352,280],"offset":[0,0],"originalSize":[352,280],"capInsets":[0,0,0,0]}],[0],0,[0],[0],[0]],[[{"name":"blast_7","rect":[729,1,350,281],"offset":[0,0],"originalSize":[350,281],"rotated":1,"capInsets":[0,0,0,0]}],[0],0,[0],[0],[0]],[[{"name":"blast_9","rect":[715,555,354,260],"offset":[0,0],"originalSize":[354,260],"rotated":1,"capInsets":[0,0,0,0]}],[0],0,[0],[0],[0]],[[{"name":"blast_1","rect":[1,1,374,322],"offset":[0,0],"originalSize":[374,322],"capInsets":[0,0,0,0]}],[0],0,[0],[0],[0]]]]