[1,["968doZDWZDBYgY9+DogOEM","90/5+RMjpISZiBroAwHs/q","91HedXlh5EwYUShQBSX4Jf","66wjOmmBZJipKZLwCwTh6m","b8EFfgbglITK4Y3Jnrx8ke","0919Is8UVPYL5/Ihi0NQHt","42QWQO+2hAMJIrwmyBmm9A","1eom4DwylLNK7nWSwodS3Q","eaBsaMhbJLeYnWuCrpRsHW","37ICfbIcpLXYpn3LYu0nPv","61L6rJqaBIoonHYCDLuav5","28o1fvXrVBjqhtNqjJkvP3","782drRjdBGvJ2X9jtsiMM7","98gj3HWqJHHYWwILGEerGU","dbJ5s33ERHGbEf+hsRigCu","0f2LetHQNCZY59LwxZLZCE","b0ibRa7ixG36SC9WqqDdSH","4eMW3rntVMk68Z0JkSjRKY","f6G8IRoAZOV5g1QT5NxgG6","0aos/mlq1PKK0TnhnnYqA6","97VZR6wMZHdL8Lpr26dFjv","c5Xv0399tPlrWbgQlXXos1","05mv987d9LEaQX0y31MjCk","bfSUbioaNBXbM7kJKGcsI0","69bCAyW1RDfoeJxumhckX3","e3YUqEYt5J4LkmR74fY6gP","e5agqT4nBPf6HjOtPdBjio","22xxpVIHxMS5r3oFNCzmDw","54R8Hb5Q5AAazgRyEOkqkO","d4/rq3NyVP+LmRCaXKLuYa","51SbXnyVdIAq9t1YGTbRum","87Gc+lCMhKIqzmGBvu48S2","dfigziuqRHTZ1uWkUxP3E3","ecuX8E3QFDEa8Gvps2C9Ed","00qU9y8BROdoI0RKp+auBE"],["_textureSetter","bg_chaopiao","bg_chaopiao2","bg_chaopiao3","bg_daweiwang","bg_jiasu2","bg_jiasu3","bg_kapai","bg_mingtian","bg_tips_daweiwang","bg_yiqiandao","bg_zuanshi","btn_guanggao","btn_sz","daweiwang_time","fuwuyuan","geshou1","geshou2","guanghuan","icon_music01","icon_music02","icon_play","icon_tx","label_ylq","mask","qipao_daweiwang","qipao_dengwei","word_congratulations","word_daweiwang","word_jueban","word_right","word_wrong","word_yinhang","xzk","xzk02"],["cc.SpriteFrame",["cc.SpriteAtlas",["_name","_spriteFrames"],2,11]],[[1,0,1,2]],[[[{"name":"xzk02","rect":[642,97,76,28],"offset":[0,0],"originalSize":[76,28],"capInsets":[0,0,0,0]}],[0],0,[0],[0],[0]],[[{"name":"icon_tx","rect":[711,467,99,98],"offset":[0,0],"originalSize":[99,98],"capInsets":[0,0,0,0]}],[0],0,[0],[0],[0]],[[{"name":"bg_jiasu2","rect":[316,385,29,30],"offset":[0,0],"originalSize":[29,30],"rotated":1,"capInsets":[0,0,0,0]}],[0],0,[0],[0],[0]],[[{"name":"icon_music01","rect":[738,567,45,56],"offset":[0,0],"originalSize":[45,56],"rotated":1,"capInsets":[0,0,0,0]}],[0],0,[0],[0],[0]],[[{"name":"fuwuyuan","rect":[229,628,156,227],"offset":[0,0],"originalSize":[156,227],"capInsets":[0,0,0,0]}],[0],0,[0],[0],[0]],[[{"name":"bg_kapai","rect":[1,628,226,254],"offset":[0,0],"originalSize":[226,254],"capInsets":[0,0,0,0]}],[0],0,[0],[0],[0]],[[{"name":"word_congratulations","rect":[316,62,324,67],"offset":[0,0],"originalSize":[324,67],"capInsets":[0,0,0,0]}],[0],0,[0],[0],[0]],[[{"name":"bg_zuanshi","rect":[316,131,252,284],"offset":[0,0],"originalSize":[252,284],"rotated":1,"capInsets":[0,0,0,0]}],[0],0,[0],[0],[0]],[[{"name":"bg_tips_daweiwang","rect":[814,266,40,93],"offset":[0,0],"originalSize":[40,93],"rotated":1,"capInsets":[0,0,0,0]}],[0],0,[0],[0],[0]],[[{"name":"bg_jiasu3","rect":[623,536,62,55],"offset":[0,0],"originalSize":[62,55],"rotated":1,"capInsets":[0,0,0,0]}],[0],0,[0],[0],[0]],[[{"name":"geshou2","rect":[1,1,313,416],"offset":[0,0],"originalSize":[313,416],"capInsets":[0,0,0,0]}],[0],0,[0],[0],[0]],[[{"name":"word_right","rect":[676,1,147,46],"offset":[0,0],"originalSize":[147,46],"capInsets":[0,0,0,0]}],[0],0,[0],[0],[0]],[[{"name":"word_daweiwang","rect":[316,1,358,59],"offset":[0,0],"originalSize":[358,59],"capInsets":[0,0,0,0]}],[0],0,[0],[0],[0]],[[{"name":"bg_yiqiandao","rect":[680,567,56,55],"offset":[0,0],"originalSize":[56,55],"capInsets":[0,0,0,0]}],[0],0,[0],[0],[0]],[[{"name":"bg_chaopiao3","rect":[391,385,269,230],"offset":[0,0],"originalSize":[269,230],"rotated":1,"capInsets":[0,0,0,0]}],[0],0,[0],[0],[0]],[[{"name":"mask","rect":[812,467,50,45],"offset":[0,0],"originalSize":[50,45],"capInsets":[0,0,0,0]}],[0],0,[0],[0],[0]],[[{"name":"btn_guanggao","rect":[814,97,102,110],"offset":[0,0],"originalSize":[102,110],"capInsets":[0,0,0,0]}],[0],0,[0],[0],[0]],[[{"name":"word_wrong","rect":[676,49,145,46],"offset":[0,0],"originalSize":[145,46],"capInsets":[0,0,0,0]}],[0],0,[0],[0],[0]],[[{"name":"bg_chaopiao","rect":[814,209,55,100],"offset":[0,0],"originalSize":[55,100],"rotated":1,"capInsets":[0,0,0,0]}],[0],0,[0],[0],[0]],[[{"name":"bg_chaopiao2","rect":[387,656,185,204],"offset":[0,0],"originalSize":[185,204],"rotated":1,"capInsets":[0,0,0,0]}],[0],0,[0],[0],[0]],[[{"name":"icon_music02","rect":[738,614,37,43],"offset":[0,0],"originalSize":[37,43],"rotated":1,"capInsets":[0,0,0,0]}],[0],0,[0],[0],[0]],[[{"name":"btn_sz","rect":[840,308,44,50],"offset":[0,0],"originalSize":[44,50],"rotated":1,"capInsets":[0,0,0,0]}],[0],0,[0],[0],[0]],[[{"name":"geshou1","rect":[1,419,207,388],"offset":[0,0],"originalSize":[207,388],"rotated":1,"capInsets":[0,0,0,0]}],[0],0,[0],[0],[0]],[[{"name":"bg_daweiwang","rect":[593,656,166,166],"offset":[0,0],"originalSize":[166,166],"capInsets":[0,0,0,0]}],[0],0,[0],[0],[0]],[[{"name":"label_ylq","rect":[825,1,140,67],"offset":[0,0],"originalSize":[140,67],"capInsets":[0,0,0,0]}],[0],0,[0],[0],[0]],[[{"name":"icon_play","rect":[623,600,52,51],"offset":[0,0],"originalSize":[52,51],"capInsets":[0,0,0,0]}],[0],0,[0],[0],[0]],[[{"name":"word_jueban","rect":[658,462,64,51],"offset":[0,0],"originalSize":[64,51],"rotated":1,"capInsets":[0,0,0,0]}],[0],0,[0],[0],[0]],[[[0,"panelIcons2.plist",[{},"bg_chaopiao",6,0,"bg_chaopiao2",6,1,"bg_chaopiao3",6,2,"bg_daweiwang",6,3,"bg_jiasu2",6,4,"bg_jiasu3",6,5,"bg_kapai",6,6,"bg_mingtian",6,7,"bg_tips_daweiwang",6,8,"bg_yiqiandao",6,9,"bg_zuanshi",6,10,"btn_guanggao",6,11,"btn_sz",6,12,"daweiwang_time",6,13,"fuwuyuan",6,14,"geshou1",6,15,"geshou2",6,16,"guanghuan",6,17,"icon_music01",6,18,"icon_music02",6,19,"icon_play",6,20,"icon_tx",6,21,"label_ylq",6,22,"mask",6,23,"qipao_daweiwang",6,24,"qipao_dengwei",6,25,"word_congratulations",6,26,"word_daweiwang",6,27,"word_jueban",6,28,"word_right",6,29,"word_wrong",6,30,"word_yinhang",6,31,"xzk",6,32,"xzk02",6,33]]],0,0,[0,0,0,0,0,0,0,0,0,0,0,0,0,0,0,0,0,0,0,0,0,0,0,0,0,0,0,0,0,0,0,0,0,0],[1,2,3,4,5,6,7,8,9,10,11,12,13,14,15,16,17,18,19,20,21,22,23,24,25,26,27,28,29,30,31,32,33,34],[1,2,3,4,5,6,7,8,9,10,11,12,13,14,15,16,17,18,19,20,21,22,23,24,25,26,27,28,29,30,31,32,33,34]],[[{"name":"daweiwang_time","rect":[714,341,124,124],"offset":[0,0],"originalSize":[124,124],"capInsets":[0,0,0,0]}],[0],0,[0],[0],[0]],[[{"name":"word_yinhang","rect":[623,462,72,33],"offset":[0,0],"originalSize":[72,33],"rotated":1,"capInsets":[0,0,0,0]}],[0],0,[0],[0],[0]],[[{"name":"qipao_daweiwang","rect":[623,379,67,81],"offset":[0,0],"originalSize":[67,81],"capInsets":[0,0,0,0]}],[0],0,[0],[0],[0]],[[{"name":"qipao_dengwei","rect":[602,341,110,36],"offset":[0,0],"originalSize":[110,36],"capInsets":[0,0,0,0]}],[0],0,[0],[0],[0]],[[{"name":"bg_mingtian","rect":[761,653,54,49],"offset":[0,0],"originalSize":[54,49],"rotated":1,"capInsets":[0,0,0,0]}],[0],0,[0],[0],[0]],[[{"name":"xzk","rect":[796,567,50,50],"offset":[0,0],"originalSize":[50,50],"capInsets":[0,0,0,0]}],[0],0,[0],[0],[0]],[[{"name":"guanghuan","rect":[602,131,208,210],"offset":[0,0],"originalSize":[208,210],"rotated":1,"capInsets":[0,0,0,0]}],[0],0,[0],[0],[0]]]]