[1,["faNcr2YhdLzpV8sEnYsKfW"],["_textureSetter"],["cc.SpriteFrame"],0,[[[{"name":"smoke_4","rect":[1,1,213,172],"offset":[0,0],"originalSize":[213,172],"capInsets":[0,0,0,0]}],[0],0,[0],[0],[0]],[[{"name":"smoke_2","rect":[1,335,195,153],"offset":[0,0],"originalSize":[195,153],"capInsets":[0,0,0,0]}],[0],0,[0],[0],[0]],[[{"name":"smoke_5","rect":[216,170,209,167],"offset":[0,0],"originalSize":[209,167],"capInsets":[0,0,0,0]}],[0],0,[0],[0],[0]],[[{"name":"smoke_3","rect":[216,1,210,167],"offset":[0,0],"originalSize":[210,167],"capInsets":[0,0,0,0]}],[0],0,[0],[0],[0]],[[{"name":"smoke_6","rect":[1,175,210,158],"offset":[0,0],"originalSize":[210,158],"capInsets":[0,0,0,0]}],[0],0,[0],[0],[0]],[[{"name":"smoke_1","rect":[198,339,185,120],"offset":[0,0],"originalSize":[185,120],"capInsets":[0,0,0,0]}],[0],0,[0],[0],[0]]]]