[1,["93wKczTd5AbYcll7JhxFei","98VXFLd5dNArkm5MP3ZtUc","74eOfWexdKAqnsI6lLFfb3","e667L9eRxAQ5eFNf+VXnF+","1b0kJxL5FKH6RKKh0f7hWM","2fpvxk9UlIx7TKqVMf34oF","339CVfksBKSbHIX3sSvkgx","bfHU/5VdRG+KZ4PQ/lvuYH","4bpitNbBdOkpjxY//G3SZ+","01Qu71u+hLW5EwWbdBENzl","bcziwij8FE4aBYhqiEcRM8","8csBqRqJpBt7J9/oBFVjzR","d62DZWkyFD9K0jr1Og/6fm","d7iNUD5SFMspNhMxPV7pb4","5fLDgFKKlJf6H39LH5l3BR","7a1W8nJJJD3I0zFjAg6O/w","56SQWmMF9Ner6RdVgbI1bT","a8He7KXc9Lsp2vXotNqfmy","8aaAOEOH5FM5ZOg30brGtE","fbwBI+O1VHF6CN2nEskokr"],["_textureSetter","bg_diban03","bg_gerenxinxi02","bg_gerenxinxi03","bg_gerenxinxi04","bg_name","bg_name2","icon_chengjiu","icon_fankui","icon_gaojinai","icon_laba","icon_taolun","icon_xing","icon_yinxiao","icon_yinxiao_off","icon_yinyue","icon_yinyue_off","jinggao","wenzi_chongzhi02","word_grxx"],["cc.SpriteFrame",["cc.SpriteAtlas",["_name","_spriteFrames"],2,11]],[[1,0,1,2]],[[[{"name":"icon_gaojinai","rect":[384,36,83,117],"offset":[0,0],"originalSize":[83,117],"rotated":1,"capInsets":[0,0,0,0]}],[0],0,[0],[0],[0]],[[{"name":"bg_gerenxinxi04","rect":[1,1,44,33],"offset":[0,0],"originalSize":[44,33],"capInsets":[0,0,0,0]}],[0],0,[0],[0],[0]],[[[0,"popwindow5.plist",[{},"bg_diban03",6,0,"bg_gerenxinxi02",6,1,"bg_gerenxinxi03",6,2,"bg_gerenxinxi04",6,3,"bg_name",6,4,"bg_name2",6,5,"icon_chengjiu",6,6,"icon_fankui",6,7,"icon_gaojinai",6,8,"icon_laba",6,9,"icon_taolun",6,10,"icon_xing",6,11,"icon_yinxiao",6,12,"icon_yinxiao_off",6,13,"icon_yinyue",6,14,"icon_yinyue_off",6,15,"jinggao",6,16,"wenzi_chongzhi02",6,17,"word_grxx",6,18]]],0,0,[0,0,0,0,0,0,0,0,0,0,0,0,0,0,0,0,0,0,0],[1,2,3,4,5,6,7,8,9,10,11,12,13,14,15,16,17,18,19],[1,2,3,4,5,6,7,8,9,10,11,12,13,14,15,16,17,18,19]],[[{"name":"bg_name","rect":[1,36,43,43],"offset":[0,0],"originalSize":[43,43],"capInsets":[0,0,0,0]}],[0],0,[0],[0],[0]],[[{"name":"bg_name2","rect":[46,36,43,43],"offset":[0,0],"originalSize":[43,43],"capInsets":[0,0,0,0]}],[0],0,[0],[0],[0]],[[{"name":"icon_fankui","rect":[230,105,107,119],"offset":[0,0],"originalSize":[107,119],"rotated":1,"capInsets":[0,0,0,0]}],[0],0,[0],[0],[0]],[[{"name":"icon_yinyue_off","rect":[364,230,107,119],"offset":[0,0],"originalSize":[107,119],"rotated":1,"capInsets":[0,0,0,0]}],[0],0,[0],[0],[0]],[[{"name":"icon_yinxiao_off","rect":[122,214,107,119],"offset":[0,0],"originalSize":[107,119],"rotated":1,"capInsets":[0,0,0,0]}],[0],0,[0],[0],[0]],[[{"name":"bg_gerenxinxi02","rect":[91,36,45,61],"offset":[0,0],"originalSize":[45,61],"rotated":1,"capInsets":[0,0,0,0]}],[0],0,[0],[0],[0]],[[{"name":"icon_yinyue","rect":[243,230,107,119],"offset":[0,0],"originalSize":[107,119],"rotated":1,"capInsets":[0,0,0,0]}],[0],0,[0],[0],[0]],[[{"name":"wenzi_chongzhi02","rect":[47,1,307,33],"offset":[0,0],"originalSize":[307,33],"capInsets":[0,0,0,0]}],[0],0,[0],[0],[0]],[[{"name":"icon_taolun","rect":[351,121,107,119],"offset":[0,0],"originalSize":[107,119],"rotated":1,"capInsets":[0,0,0,0]}],[0],0,[0],[0],[0]],[[{"name":"bg_diban03","rect":[208,36,174,67],"offset":[0,0],"originalSize":[174,67],"capInsets":[0,0,0,0]}],[0],0,[0],[0],[0]],[[{"name":"jinggao","rect":[145,339,156,143],"offset":[0,0],"originalSize":[156,143],"capInsets":[0,0,0,0]}],[0],0,[0],[0],[0]],[[{"name":"icon_laba","rect":[127,105,98,101],"offset":[0,0],"originalSize":[98,101],"rotated":1,"capInsets":[0,0,0,0]}],[0],0,[0],[0],[0]],[[{"name":"icon_chengjiu","rect":[1,83,97,124],"offset":[0,0],"originalSize":[97,124],"rotated":1,"capInsets":[0,0,0,0]}],[0],0,[0],[0],[0]],[[{"name":"icon_xing","rect":[154,36,50,52],"offset":[0,0],"originalSize":[50,52],"rotated":1,"capInsets":[0,0,0,0]}],[0],0,[0],[0],[0]],[[{"name":"icon_yinxiao","rect":[1,182,107,119],"offset":[0,0],"originalSize":[107,119],"rotated":1,"capInsets":[0,0,0,0]}],[0],0,[0],[0],[0]],[[{"name":"bg_gerenxinxi03","rect":[1,323,142,142],"offset":[0,0],"originalSize":[142,142],"capInsets":[0,0,0,0]}],[0],0,[0],[0],[0]],[[{"name":"word_grxx","rect":[356,1,140,33],"offset":[0,0],"originalSize":[140,33],"capInsets":[0,0,0,0]}],[0],0,[0],[0],[0]]]]