[1,["2cahjEHexNL7uuxoHE9SFg","f04L2QhMxDJ5wnSDeZj1K4","ddwD6lsWdJP5M+YhIjC+Pb","2fHNCCmYlDULlvLlb9dfOe","ddw1jUJlVEoL/v6JvNxUvf","dd+AYGQPlKOJi4It7v7KFL","d1twwxP+dBVYnfsNrIKU8L","97XDlYGaNEm7NESP+BSXDO","abAtsULwNEOZWXSXn4Q4A6","6bh02a9pxMyaZ04df+uvrP","d9z61hBf1Pi5yURLoHizEq","9c08Q2+mxA2LbYmA8BXRju","d5vcOw1P9Hpq6Bn49HU9GE","1b5f4MulxJE7FYUyNpPD0x","39QASSLT9JzIPbstT9YwUO","8b2WjEd0hJYJia0Cj42YaE","20HHXgpWBHOr4PefWzlhyy","52gusoP4FFe6Ehm8rEVMC7","1a+dHnLSlHe5wrq8jyORJQ","8eA36QLXRLKLyDvRR0ZOmp","59CYC9P7lBLL+R/9I5eniR","dfQTLJ5FREIoH6QAr3j2n7","5cjKKh4HVNeI4WVx2WvWVu","fdQiWNGG5CQK/shCNEMOQ/","87xOmS2vVID5OLLMVlub0W","cf0RUVLfhBe4cfmD/Lyio1","67gGyBhfVPrKCiU9eS8KTU","ac+nJVpUNHo700EiDK1nx0","cfyM+C5f5FM7EiuSR/KDj8","cannXepQRP67nKJX05m46v","5cWRHa1BJCrZrxEwb67bbK","64KiJIG25CkZpg3btl/pRn","168mwT95FMwJe49JD66wl2","1f1C5qMeFGirIo89v7ZJHi","11cyF3RFJCTrqt/dsqiuev","31icML9wRJToPzHYyGVe+U","1aIGS9jUJF14FHtOqrevoe","1efcdP1FRILZMHNW8N5zxd","090fNp+o9Ha67LrKP3520f","50DpG/kzFHB5KmoF6tIT8U","a3EGvcxqhMC5o8imZqQDD4","57nmo+6PBKWafaaHGOt8j/","f81e817otOUpjEUL8iE8YY","05RQ974QJJDqrPy3avJqAV","e37vUGybxI36DxLK7Lcu1I","cbgwN7gKNJ9oHtgX7++qAS","21qGaMfrJK27CN7e+MZ0kI","5ae9NL+fFNYpRf0OWlEIS4","657R73YOpNA4CUjCPduauY","7acuLqBHBANI78B1gQqpiT","c8ydMDOtxA64JilXdcYmOH","31dQZ08QxFQ6Y/hyc/XrNA","8dM79YD6JFiaJAnbYYEmMr","cd8CqDUs5Gc4uZ2SfKSbe2","04oNFTxVZMgb5m2KXo1s7j","79DPlM2XtMJ6ny3vRGPeqs","35Mi+KbwlM25VlPspJN4Sp","a8WvVsWdpP/oEBUtFXCLJJ","3bugNl1otIorrJ6DivCp44","1dl8ZF/1VA15y6LJ7rJO0j","e4fztsphJISbKPJvISK6VJ","0chncWCeBMLaSu1918dwMm","81ofDgsuZI97933y6Z5gL0","adcrvpYxFCo5QTZhFvQDkM","5dftOpEfVArqbaTGhlIUx7","87yC69Yh5AH5wtaauZIL+1","62gG3YcBFBBo0igDaqmO8G","395zjuHwpJ5bjZeROXyUgE","5cYFdbxWxPOrAjFU7cAALK","31C5cRmKBPiJI7XKjt76V1","9b0JsnxkZL652k4RKHp+Hl","18KHLiheNE8JjpfeZ7H7ja","4dBJ4V4HJED77ufol3msl1","d1go8Y9SdP3rb8iqhxhzDO","2f3u68O79LUrdvrzr/LfdJ","06vLL+WItJnanzXFzDWU6f","bbTezZDdJJTpel0Sscp84T","26tLMbVyZAIbD9b4t4LtLA","5fAkTH5wZOkZlXok18HxmD","95aWBEBSJOUZ4178sldG9Q","bcIs4T8oJFQZbQurHh1QRe","35TR85iGhMyqh6XyW1VRQx","ddG6BuUBNIwZQ9hIhLPtpf","50nW0RlVxKXY3gx0+h19X1","212DZP/y1K6rF1M9Yuv710","07A/DqwvtDcpY3GFwLMKvJ","d1od32R8xNL48XXOtdnNBH","02KlyRLg9BCoRw/o7X+yZI","e3dqjoqhJOm4PWfoEBBqxh","8bY3UpJQRAer2ZAjI6cbMp","feOcuGL35G3oyz0UwNeNx9","69cEMKF1tBgrRio6DE+LCp","44ROzhcvdIpZvqoCFg91Ez","67Qu18qwdPmqKWooj/M9wl","c1dWUAAdNDCLvK1soPeNV0","df0ODc4opMa6VsSCetFWHR","2463TdEXNDgL9XvlzGxX7p","9aNGQsX2VH4phfgLGwK98x","b53vDSM8RIFI7KNsvW9rab","76RHo3fjhFeZUI4eSSvBQ6","aegnwDm/pDDaOSlG66R/Mf","d8V7FSER9FkJSixCwjgObH","b3pR9gCFxLKJrRof/qd9Z8","08ZLjlPMRPBYz3Mj6q5kA6","7cBP2tyrVKD7ks3dyBAnGO","1bYqpVL6tFP7N2OZ3qYi9T","32R1Laj8tBo6baSY80lzso","6eP1VO/7JCJ40iksoxV9yJ"],["_textureSetter","bg-more game","bg_bt","bg_bt02","bg_diban","bg_jingyan","bg_jingyan02","bg_like","bg_lv","bg_name","bg_number","bg_paidui","bg_shouyi","bg_time","bg_tips_tianjia","bg_title","bg_title2","bg_waimai_time","bg_zhuomian","bg_ziyuan","bq_dingdan","bq_shouqian","btn_back","btn_cheng","btn_close","btn_hong","btn_hui","btn_jiahao","btn_lan","btn_tianjia","btn_xuanchuan","btn_yuangong","btn_zhuangshi","cha02","ditan","dog","dog02","dog03","guanghuan","hongdian","icon_caidan","icon_chaopiao","icon_dingdan","icon_fuli","icon_gou","icon_gou02","icon_guanggao","icon_hua","icon_huizhang","icon_huodong","icon_jiantou","icon_jiantou02","icon_jiayuan","icon_jiqi01","icon_jiqi02","icon_jiqi03","icon_jiqi04","icon_laji","icon_lupin","icon_lupin02","icon_mao","icon_more game","icon_paihangbang","icon_renwu","icon_renwu02","icon_tanhao02","icon_tansuo","icon_tongguan","icon_touxiang","icon_tujian","icon_xin","icon_xin_bg","icon_xin_hui","icon_xin_small","icon_xing","icon_xingji","icon_xingji02","icon_yinhang","icon_zhuangban","icon_zuoshi","jdt","jdt_bg","jiagong_bg","jiagong_time","jindu","jindu_bg","lock01","maozhua","qipao","qipao02","qipao03","qipao05","qipao_biaoqing","sekuai","sj06","tab","time","window_mask","word_level up","word_max","word_queding","word_remai","xian","xian1","xingxing-02","xzk","yeqian01","yeqian02"],["cc.SpriteFrame",["cc.SpriteAtlas",["_name","_spriteFrames"],2,11]],[[1,0,1,2]],[[[{"name":"maozhua","rect":[1,570,125,118],"offset":[0,0],"originalSize":[125,118],"rotated":1,"capInsets":[0,0,0,0]}],[0],0,[0],[0],[0]],[[{"name":"icon_jiqi02","rect":[109,814,74,105],"offset":[0,0],"originalSize":[74,105],"capInsets":[0,0,0,0]}],[0],0,[0],[0],[0]],[[{"name":"icon_fuli","rect":[728,684,78,78],"offset":[0,0],"originalSize":[78,78],"capInsets":[0,0,0,0]}],[0],0,[0],[0],[0]],[[{"name":"icon_xingji","rect":[844,105,21,21],"offset":[0,0],"originalSize":[21,21],"capInsets":[0,0,0,0]}],[0],0,[0],[0],[0]],[[{"name":"jindu_bg","rect":[437,145,220,28],"offset":[0,0],"originalSize":[220,28],"capInsets":[0,0,0,0]}],[0],0,[0],[0],[0]],[[{"name":"xian1","rect":[211,1,537,3],"offset":[0,0],"originalSize":[537,3],"capInsets":[0,0,0,0]}],[0],0,[0],[0],[0]],[[{"name":"guanghuan","rect":[1,1,208,210],"offset":[0,0],"originalSize":[208,210],"capInsets":[0,0,0,0]}],[0],0,[0],[0],[0]],[[{"name":"icon_more game","rect":[508,751,83,81],"offset":[0,0],"originalSize":[83,81],"rotated":1,"capInsets":[0,0,0,0]}],[0],0,[0],[0],[0]],[[{"name":"ditan","rect":[211,145,224,46],"offset":[0,0],"originalSize":[224,46],"capInsets":[0,0,0,0]}],[0],0,[0],[0],[0]],[[{"name":"btn_zhuangshi","rect":[1,697,118,75],"offset":[0,0],"originalSize":[118,75],"rotated":1,"capInsets":[0,0,0,0]}],[0],0,[0],[0],[0]],[[{"name":"icon_xin_bg","rect":[825,173,98,98],"offset":[0,0],"originalSize":[98,98],"capInsets":[0,0,0,0]}],[0],0,[0],[0],[0]],[[{"name":"dog02","rect":[476,255,148,67],"offset":[0,0],"originalSize":[148,67],"capInsets":[0,0,0,0]}],[0],0,[0],[0],[0]],[[{"name":"bg_zhuomian","rect":[501,126,10,100],"offset":[0,0],"originalSize":[10,100],"rotated":1,"capInsets":[0,0,0,0]}],[0],0,[0],[0],[0]],[[{"name":"xzk","rect":[476,324,140,97],"offset":[0,0],"originalSize":[140,97],"capInsets":[0,0,0,0]}],[0],0,[0],[0],[0]],[[{"name":"bg_time","rect":[224,791,74,18],"offset":[0,0],"originalSize":[74,18],"rotated":1,"capInsets":[0,0,0,0]}],[0],0,[0],[0],[0]],[[{"name":"icon_lupin02","rect":[828,367,78,78],"offset":[0,0],"originalSize":[78,78],"capInsets":[0,0,0,0]}],[0],0,[0],[0],[0]],[[{"name":"dog03","rect":[603,126,14,20],"offset":[0,0],"originalSize":[14,20],"rotated":1,"capInsets":[0,0,0,0]}],[0],0,[0],[0],[0]],[[{"name":"cha02","rect":[591,796,34,32],"offset":[0,0],"originalSize":[34,32],"rotated":1,"capInsets":[0,0,0,0]}],[0],0,[0],[0],[0]],[[{"name":"bg_title2","rect":[210,969,37,40],"offset":[0,0],"originalSize":[37,40],"rotated":1,"capInsets":[0,0,0,0]}],[0],0,[0],[0],[0]],[[{"name":"icon_guanggao","rect":[682,510,27,23],"offset":[0,0],"originalSize":[27,23],"capInsets":[0,0,0,0]}],[0],0,[0],[0],[0]],[[{"name":"jindu","rect":[626,105,216,24],"offset":[0,0],"originalSize":[216,24],"capInsets":[0,0,0,0]}],[0],0,[0],[0],[0]],[[{"name":"time","rect":[1,817,106,106],"offset":[0,0],"originalSize":[106,106],"capInsets":[0,0,0,0]}],[0],0,[0],[0],[0]],[[{"name":"icon_yinhang","rect":[588,836,78,78],"offset":[0,0],"originalSize":[78,78],"capInsets":[0,0,0,0]}],[0],0,[0],[0],[0]],[[{"name":"bg_bt02","rect":[211,34,288,109],"offset":[0,0],"originalSize":[288,109],"capInsets":[0,0,0,0]}],[0],0,[0],[0],[0]],[[{"name":"icon_xing","rect":[868,447,37,36],"offset":[0,0],"originalSize":[37,36],"capInsets":[0,0,0,0]}],[0],0,[0],[0],[0]],[[{"name":"icon_tujian","rect":[269,926,78,78],"offset":[0,0],"originalSize":[78,78],"capInsets":[0,0,0,0]}],[0],0,[0],[0],[0]],[[{"name":"icon_jiantou02","rect":[425,753,81,86],"offset":[0,0],"originalSize":[81,86],"capInsets":[0,0,0,0]}],[0],0,[0],[0],[0]],[[{"name":"dog","rect":[298,332,111,51],"offset":[0,0],"originalSize":[111,51],"rotated":1,"capInsets":[0,0,0,0]}],[0],0,[0],[0],[0]],[[{"name":"yeqian01","rect":[298,461,215,70],"offset":[0,0],"originalSize":[215,70],"capInsets":[0,0,0,0]}],[0],0,[0],[0],[0]],[[{"name":"icon_jiqi04","rect":[763,239,60,88],"offset":[0,0],"originalSize":[60,88],"capInsets":[0,0,0,0]}],[0],0,[0],[0],[0]],[[{"name":"jdt_bg","rect":[476,423,135,19],"offset":[0,0],"originalSize":[135,19],"capInsets":[0,0,0,0]}],[0],0,[0],[0],[0]],[[{"name":"bg_tips_tianjia","rect":[324,856,40,47],"offset":[0,0],"originalSize":[40,47],"capInsets":[0,0,0,0]}],[0],0,[0],[0],[0]],[[{"name":"icon_tongguan","rect":[425,653,98,59],"offset":[0,0],"originalSize":[98,59],"rotated":1,"capInsets":[0,0,0,0]}],[0],0,[0],[0],[0]],[[{"name":"icon_lupin","rect":[812,485,78,78],"offset":[0,0],"originalSize":[78,78],"capInsets":[0,0,0,0]}],[0],0,[0],[0],[0]],[[{"name":"qipao_biaoqing","rect":[626,766,64,64],"offset":[0,0],"originalSize":[64,64],"capInsets":[0,0,0,0]}],[0],0,[0],[0],[0]],[[{"name":"icon_xin_hui","rect":[635,689,91,75],"offset":[0,0],"originalSize":[91,75],"capInsets":[0,0,0,0]}],[0],0,[0],[0],[0]],[[{"name":"hongdian","rect":[668,832,30,30],"offset":[0,0],"originalSize":[30,30],"capInsets":[0,0,0,0]}],[0],0,[0],[0],[0]],[[{"name":"jiagong_time","rect":[480,916,70,70],"offset":[0,0],"originalSize":[70,70],"capInsets":[0,0,0,0]}],[0],0,[0],[0],[0]],[[{"name":"bg_waimai_time","rect":[867,102,98,20],"offset":[0,0],"originalSize":[98,20],"capInsets":[0,0,0,0]}],[0],0,[0],[0],[0]],[[{"name":"icon_chaopiao","rect":[514,704,52,42],"offset":[0,0],"originalSize":[52,42],"capInsets":[0,0,0,0]}],[0],0,[0],[0],[0]],[[{"name":"bq_dingdan","rect":[109,921,83,56],"offset":[0,0],"originalSize":[83,56],"rotated":1,"capInsets":[0,0,0,0]}],[0],0,[0],[0],[0]],[[{"name":"icon_hua","rect":[724,383,100,102],"offset":[0,0],"originalSize":[100,102],"rotated":1,"capInsets":[0,0,0,0]}],[0],0,[0],[0],[0]],[[{"name":"btn_xuanchuan","rect":[398,533,118,75],"offset":[0,0],"originalSize":[118,75],"rotated":1,"capInsets":[0,0,0,0]}],[0],0,[0],[0],[0]],[[{"name":"icon_touxiang","rect":[825,273,92,92],"offset":[0,0],"originalSize":[92,92],"capInsets":[0,0,0,0]}],[0],0,[0],[0],[0]],[[{"name":"btn_back","rect":[191,694,42,95],"offset":[0,0],"originalSize":[42,95],"capInsets":[0,0,0,0]}],[0],0,[0],[0],[0]],[[{"name":"icon_renwu02","rect":[508,836,78,78],"offset":[0,0],"originalSize":[78,78],"capInsets":[0,0,0,0]}],[0],0,[0],[0],[0]],[[{"name":"icon_zhuangban","rect":[244,792,78,85],"offset":[0,0],"originalSize":[78,85],"capInsets":[0,0,0,0]}],[0],0,[0],[0],[0]],[[{"name":"icon_tansuo","rect":[366,873,78,78],"offset":[0,0],"originalSize":[78,78],"capInsets":[0,0,0,0]}],[0],0,[0],[0],[0]],[[{"name":"btn_yuangong","rect":[244,672,118,75],"offset":[0,0],"originalSize":[118,75],"rotated":1,"capInsets":[0,0,0,0]}],[0],0,[0],[0],[0]],[[{"name":"icon_huizhang","rect":[591,750,44,33],"offset":[0,0],"originalSize":[44,33],"rotated":1,"capInsets":[0,0,0,0]}],[0],0,[0],[0],[0]],[[{"name":"sekuai","rect":[795,620,56,56],"offset":[0,0],"originalSize":[56,56],"capInsets":[0,0,0,0]}],[0],0,[0],[0],[0]],[[{"name":"btn_hui","rect":[100,332,236,97],"offset":[0,0],"originalSize":[236,97],"rotated":1,"capInsets":[0,0,0,0]}],[0],0,[0],[0],[0]],[[{"name":"qipao05","rect":[649,443,92,31],"offset":[0,0],"originalSize":[92,31],"rotated":1,"capInsets":[0,0,0,0]}],[0],0,[0],[0],[0]],[[{"name":"bg_name","rect":[1,213,363,117],"offset":[0,0],"originalSize":[363,117],"capInsets":[0,0,0,0]}],[0],0,[0],[0],[0]],[[{"name":"yeqian02","rect":[476,183,215,70],"offset":[0,0],"originalSize":[215,70],"capInsets":[0,0,0,0]}],[0],0,[0],[0],[0]],[[{"name":"word_max","rect":[475,533,99,37],"offset":[0,0],"originalSize":[99,37],"rotated":1,"capInsets":[0,0,0,0]}],[0],0,[0],[0],[0]],[[{"name":"icon_jiqi03","rect":[324,770,54,84],"offset":[0,0],"originalSize":[54,84],"capInsets":[0,0,0,0]}],[0],0,[0],[0],[0]],[[{"name":"icon_huodong","rect":[1,925,78,82],"offset":[0,0],"originalSize":[78,82],"rotated":1,"capInsets":[0,0,0,0]}],[0],0,[0],[0],[0]],[[{"name":"xingxing-02","rect":[446,906,32,32],"offset":[0,0],"originalSize":[32,32],"capInsets":[0,0,0,0]}],[0],0,[0],[0],[0]],[[{"name":"icon_paihangbang","rect":[728,764,78,78],"offset":[0,0],"originalSize":[78,78],"capInsets":[0,0,0,0]}],[0],0,[0],[0],[0]],[[{"name":"btn_close","rect":[185,885,82,82],"offset":[0,0],"originalSize":[82,82],"capInsets":[0,0,0,0]}],[0],0,[0],[0],[0]],[[{"name":"icon_tanhao02","rect":[269,879,44,45],"offset":[0,0],"originalSize":[44,45],"capInsets":[0,0,0,0]}],[0],0,[0],[0],[0]],[[{"name":"qipao02","rect":[244,570,100,48],"offset":[0,0],"originalSize":[100,48],"rotated":1,"capInsets":[0,0,0,0]}],[0],0,[0],[0],[0]],[[{"name":"bg_title","rect":[121,570,121,122],"offset":[0,0],"originalSize":[121,122],"capInsets":[0,0,0,0]}],[0],0,[0],[0],[0]],[[{"name":"icon_jiayuan","rect":[298,533,129,98],"offset":[0,0],"originalSize":[129,98],"rotated":1,"capInsets":[0,0,0,0]}],[0],0,[0],[0],[0]],[[{"name":"bg_ziyuan","rect":[659,143,148,38],"offset":[0,0],"originalSize":[148,38],"capInsets":[0,0,0,0]}],[0],0,[0],[0],[0]],[[{"name":"icon_zuoshi","rect":[812,565,40,41],"offset":[0,0],"originalSize":[40,41],"rotated":1,"capInsets":[0,0,0,0]}],[0],0,[0],[0],[0]],[[{"name":"bg_like","rect":[321,664,102,104],"offset":[0,0],"originalSize":[102,104],"capInsets":[0,0,0,0]}],[0],0,[0],[0],[0]],[[{"name":"window_mask","rect":[346,193,3,3],"offset":[0,0],"originalSize":[3,3],"capInsets":[0,0,0,0]}],[0],0,[0],[0],[0]],[[{"name":"icon_xin","rect":[719,485,91,75],"offset":[0,0],"originalSize":[91,75],"capInsets":[0,0,0,0]}],[0],0,[0],[0],[0]],[[{"name":"bg_paidui","rect":[501,34,90,123],"offset":[0,0],"originalSize":[90,123],"rotated":1,"capInsets":[0,0,0,0]}],[0],0,[0],[0],[0]],[[{"name":"icon_caidan","rect":[514,584,118,119],"offset":[0,0],"originalSize":[118,119],"rotated":1,"capInsets":[0,0,0,0]}],[0],0,[0],[0],[0]],[[{"name":"icon_laji","rect":[568,704,50,44],"offset":[0,0],"originalSize":[50,44],"capInsets":[0,0,0,0]}],[0],0,[0],[0],[0]],[[{"name":"bg_lv","rect":[828,447,38,26],"offset":[0,0],"originalSize":[38,26],"capInsets":[0,0,0,0]}],[0],0,[0],[0],[0]],[[{"name":"btn_jiahao","rect":[167,969,38,41],"offset":[0,0],"originalSize":[38,41],"rotated":1,"capInsets":[0,0,0,0]}],[0],0,[0],[0],[0]],[[{"name":"icon_renwu","rect":[366,193,266,108],"offset":[0,0],"originalSize":[266,108],"rotated":1,"capInsets":[0,0,0,0]}],[0],0,[0],[0],[0]],[[{"name":"word_queding","rect":[682,443,65,35],"offset":[0,0],"originalSize":[65,35],"rotated":1,"capInsets":[0,0,0,0]}],[0],0,[0],[0],[0]],[[{"name":"xian","rect":[211,6,416,26],"offset":[0,0],"originalSize":[416,26],"capInsets":[0,0,0,0]}],[0],0,[0],[0],[0]],[[{"name":"word_level up","rect":[809,131,126,40],"offset":[0,0],"originalSize":[126,40],"capInsets":[0,0,0,0]}],[0],0,[0],[0],[0]],[[{"name":"icon_xingji02","rect":[85,949,21,21],"offset":[0,0],"originalSize":[21,21],"capInsets":[0,0,0,0]}],[0],0,[0],[0],[0]],[[{"name":"jdt","rect":[211,193,133,17],"offset":[0,0],"originalSize":[133,17],"capInsets":[0,0,0,0]}],[0],0,[0],[0],[0]],[[{"name":"sj06","rect":[446,872,32,32],"offset":[0,0],"originalSize":[32,32],"capInsets":[0,0,0,0]}],[0],0,[0],[0],[0]],[[[0,"main_scene.plist",[{},"bg-more game",6,0,"bg_bt",6,1,"bg_bt02",6,2,"bg_diban",6,3,"bg_jingyan",6,4,"bg_jingyan02",6,5,"bg_like",6,6,"bg_lv",6,7,"bg_name",6,8,"bg_number",6,9,"bg_paidui",6,10,"bg_shouyi",6,11,"bg_time",6,12,"bg_tips_tianjia",6,13,"bg_title",6,14,"bg_title2",6,15,"bg_waimai_time",6,16,"bg_zhuomian",6,17,"bg_ziyuan",6,18,"bq_dingdan",6,19,"bq_shouqian",6,20,"btn_back",6,21,"btn_cheng",6,22,"btn_close",6,23,"btn_hong",6,24,"btn_hui",6,25,"btn_jiahao",6,26,"btn_lan",6,27,"btn_tianjia",6,28,"btn_xuanchuan",6,29,"btn_yuangong",6,30,"btn_zhuangshi",6,31,"cha02",6,32,"ditan",6,33,"dog",6,34,"dog02",6,35,"dog03",6,36,"guanghuan",6,37,"hongdian",6,38,"icon_caidan",6,39,"icon_chaopiao",6,40,"icon_dingdan",6,41,"icon_fuli",6,42,"icon_gou",6,43,"icon_gou02",6,44,"icon_guanggao",6,45,"icon_hua",6,46,"icon_huizhang",6,47,"icon_huodong",6,48,"icon_jiantou",6,49,"icon_jiantou02",6,50,"icon_jiayuan",6,51,"icon_jiqi01",6,52,"icon_jiqi02",6,53,"icon_jiqi03",6,54,"icon_jiqi04",6,55,"icon_laji",6,56,"icon_lupin",6,57,"icon_lupin02",6,58,"icon_mao",6,59,"icon_more game",6,60,"icon_paihangbang",6,61,"icon_renwu",6,62,"icon_renwu02",6,63,"icon_tanhao02",6,64,"icon_tansuo",6,65,"icon_tongguan",6,66,"icon_touxiang",6,67,"icon_tujian",6,68,"icon_xin",6,69,"icon_xin_bg",6,70,"icon_xin_hui",6,71,"icon_xin_small",6,72,"icon_xing",6,73,"icon_xingji",6,74,"icon_xingji02",6,75,"icon_yinhang",6,76,"icon_zhuangban",6,77,"icon_zuoshi",6,78,"jdt",6,79,"jdt_bg",6,80,"jiagong_bg",6,81,"jiagong_time",6,82,"jindu",6,83,"jindu_bg",6,84,"lock01",6,85,"maozhua",6,86,"qipao",6,87,"qipao02",6,88,"qipao03",6,89,"qipao05",6,90,"qipao_biaoqing",6,91,"sekuai",6,92,"sj06",6,93,"tab",6,94,"time",6,95,"window_mask",6,96,"word_level up",6,97,"word_max",6,98,"word_queding",6,99,"word_remai",6,100,"xian",6,101,"xian1",6,102,"xingxing-02",6,103,"xzk",6,104,"yeqian01",6,105,"yeqian02",6,106]]],0,0,[0,0,0,0,0,0,0,0,0,0,0,0,0,0,0,0,0,0,0,0,0,0,0,0,0,0,0,0,0,0,0,0,0,0,0,0,0,0,0,0,0,0,0,0,0,0,0,0,0,0,0,0,0,0,0,0,0,0,0,0,0,0,0,0,0,0,0,0,0,0,0,0,0,0,0,0,0,0,0,0,0,0,0,0,0,0,0,0,0,0,0,0,0,0,0,0,0,0,0,0,0,0,0,0,0,0,0],[1,2,3,4,5,6,7,8,9,10,11,12,13,14,15,16,17,18,19,20,21,22,23,24,25,26,27,28,29,30,31,32,33,34,35,36,37,38,39,40,41,42,43,44,45,46,47,48,49,50,51,52,53,54,55,56,57,58,59,60,61,62,63,64,65,66,67,68,69,70,71,72,73,74,75,76,77,78,79,80,81,82,83,84,85,86,87,88,89,90,91,92,93,94,95,96,97,98,99,100,101,102,103,104,105,106,107],[1,2,3,4,5,6,7,8,9,10,11,12,13,14,15,16,17,18,19,20,21,22,23,24,25,26,27,28,29,30,31,32,33,34,35,36,37,38,39,40,41,42,43,44,45,46,47,48,49,50,51,52,53,54,55,56,57,58,59,60,61,62,63,64,65,66,67,68,69,70,71,72,73,74,75,76,77,78,79,80,81,82,83,84,85,86,87,88,89,90,91,92,93,94,95,96,97,98,99,100,101,102,103,104,105,106,107]],[[{"name":"icon_jiantou","rect":[463,841,27,28],"offset":[0,0],"originalSize":[27,28],"rotated":1,"capInsets":[0,0,0,0]}],[0],0,[0],[0],[0]],[[{"name":"btn_tianjia","rect":[635,584,90,103],"offset":[0,0],"originalSize":[90,103],"capInsets":[0,0,0,0]}],[0],0,[0],[0],[0]],[[{"name":"icon_gou02","rect":[85,925,22,22],"offset":[0,0],"originalSize":[22,22],"capInsets":[0,0,0,0]}],[0],0,[0],[0],[0]],[[{"name":"icon_jiqi01","rect":[763,329,47,60],"offset":[0,0],"originalSize":[47,60],"rotated":1,"capInsets":[0,0,0,0]}],[0],0,[0],[0],[0]],[[{"name":"btn_lan","rect":[199,332,236,97],"offset":[0,0],"originalSize":[236,97],"rotated":1,"capInsets":[0,0,0,0]}],[0],0,[0],[0],[0]],[[{"name":"btn_hong","rect":[1,332,236,97],"offset":[0,0],"originalSize":[236,97],"rotated":1,"capInsets":[0,0,0,0]}],[0],0,[0],[0],[0]],[[{"name":"icon_xin_small","rect":[380,822,49,43],"offset":[0,0],"originalSize":[49,43],"rotated":1,"capInsets":[0,0,0,0]}],[0],0,[0],[0],[0]],[[{"name":"lock01","rect":[425,841,29,36],"offset":[0,0],"originalSize":[29,36],"rotated":1,"capInsets":[0,0,0,0]}],[0],0,[0],[0],[0]],[[{"name":"bg_jingyan02","rect":[437,175,95,6],"offset":[0,0],"originalSize":[95,6],"capInsets":[0,0,0,0]}],[0],0,[0],[0],[0]],[[{"name":"bg_shouyi","rect":[867,1,128,99],"offset":[0,0],"originalSize":[128,99],"capInsets":[0,0,0,0]}],[0],0,[0],[0],[0]],[[{"name":"word_remai","rect":[486,634,91,26],"offset":[0,0],"originalSize":[91,26],"rotated":1,"capInsets":[0,0,0,0]}],[0],0,[0],[0],[0]],[[{"name":"bg_number","rect":[380,770,50,37],"offset":[0,0],"originalSize":[50,37],"rotated":1,"capInsets":[0,0,0,0]}],[0],0,[0],[0],[0]],[[{"name":"jiagong_bg","rect":[700,844,72,72],"offset":[0,0],"originalSize":[72,72],"capInsets":[0,0,0,0]}],[0],0,[0],[0],[0]],[[{"name":"bg_bt","rect":[618,383,104,58],"offset":[0,0],"originalSize":[104,58],"capInsets":[0,0,0,0]}],[0],0,[0],[0],[0]],[[{"name":"bg_diban","rect":[515,444,132,138],"offset":[0,0],"originalSize":[132,138],"capInsets":[0,0,0,0]}],[0],0,[0],[0],[0]],[[{"name":"bg_jingyan","rect":[625,131,99,10],"offset":[0,0],"originalSize":[99,10],"capInsets":[0,0,0,0]}],[0],0,[0],[0],[0]],[[{"name":"bq_shouqian","rect":[727,562,83,56],"offset":[0,0],"originalSize":[83,56],"capInsets":[0,0,0,0]}],[0],0,[0],[0],[0]],[[{"name":"tab","rect":[626,255,135,126],"offset":[0,0],"originalSize":[135,126],"capInsets":[0,0,0,0]}],[0],0,[0],[0],[0]],[[{"name":"qipao","rect":[727,620,66,62],"offset":[0,0],"originalSize":[66,62],"capInsets":[0,0,0,0]}],[0],0,[0],[0],[0]],[[{"name":"icon_gou","rect":[486,727,22,22],"offset":[0,0],"originalSize":[22,22],"capInsets":[0,0,0,0]}],[0],0,[0],[0],[0]],[[{"name":"icon_mao","rect":[78,697,115,111],"offset":[0,0],"originalSize":[115,111],"rotated":1,"capInsets":[0,0,0,0]}],[0],0,[0],[0],[0]],[[{"name":"bg-more game","rect":[693,183,130,54],"offset":[0,0],"originalSize":[130,54],"capInsets":[0,0,0,0]}],[0],0,[0],[0],[0]],[[{"name":"icon_dingdan","rect":[649,537,65,42],"offset":[0,0],"originalSize":[65,42],"capInsets":[0,0,0,0]}],[0],0,[0],[0],[0]],[[{"name":"btn_cheng","rect":[629,6,236,97],"offset":[0,0],"originalSize":[236,97],"capInsets":[0,0,0,0]}],[0],0,[0],[0],[0]],[[{"name":"qipao03","rect":[191,791,92,31],"offset":[0,0],"originalSize":[92,31],"rotated":1,"capInsets":[0,0,0,0]}],[0],0,[0],[0],[0]]]]