[1,["ecpdLyjvZBwrvm+cedCcQy","caaTZTZFZM/ax5P3atlY2L","55Hym3W/RNJb1EY9z8lZ3H","b2aHrECZ5APKGS/0d2hvT1","95kkwWr5NMd4e49+9mJxqk","8abFtjPYBA9qTTcsjf49S7","b2EaHLLANKz5dJnY+j9jrJ","a1rLtTPbRPMbfCq+FcxlcK","4abz5+NFdI2ridpZBtJx+0","70IuTysrFK8a6NBHL/Uxkw"],["node","_spriteFrame","_textureSetter","root","data","_file","_defaultClip"],[["cc.Node",["_name","_components","_prefab","_trs","_parent","_contentSize","_children","_anchorPoint"],2,9,4,7,1,5,2,5],"cc.SpriteFrame",["cc.PrefabInfo",["fileId","root"],2,1],["cc.Sprite",["_dstBlendFactor","node","_materials","_spriteFrame"],2,1,3,6],["cc.AnimationClip",["_name","_duration","curveData"],1,11],["cc.Prefab",["_name"],2],["cc.Animation",["playOnLoad","node","_clips","_defaultClip"],2,1,3,6],["cc.ParticleSystem",["_dstBlendFactor","_custom","totalParticles","duration","emissionRate","lifeVar","startSize","startSizeVar","endSize","endSizeVar","speed","speedVar","tangentialAccel","node","_materials","_startColor","_startColorVar","_endColor","_endColorVar","posVar","_file","_spriteFrame"],-10,1,3,8,8,8,8,5,6,6]],[[2,0,1,2],[0,0,4,1,2,5,7,3,2],[0,0,4,1,2,5,2],[3,0,1,2,3,2],[3,1,2,3,1],[4,0,1,2,3],[5,0,2],[0,0,6,1,2,3,2],[0,0,4,1,2,3,2],[6,0,1,2,3,2],[2,1,1],[7,0,1,2,3,4,5,6,7,8,9,10,11,12,13,14,15,16,17,18,19,20,21,14]],[[[[5,"caidan_sj2",0.75,[{},"paths",11,[{},"jianbian2",11,[{},"props",11,[{"position":[{"frame":0,"value":[-0.041,0,0]},{"frame":0.08333333333333333,"value":[96.615,0,0]},{"frame":0.2,"value":[125.031,0,0]}],"opacity":[{"frame":0,"value":100},{"frame":0.08333333333333333,"value":255},{"frame":0.2,"value":155},{"frame":0.36666666666666664,"value":0}]},"scale",12,[[[{"frame":0},"value",8,[0,0.904,2]],[{"frame":0.08333333333333333},"value",8,[0,2.035,2]],[{"frame":0.2},"value",8,[0,1.974,2]]],11,11,11]]],"jianbian3",11,[{},"props",11,[{"position":[{"frame":0,"value":[-1.381,0,0]},{"frame":0.08333333333333333,"value":[-98.037,0,0]},{"frame":0.2,"value":[-129.295,0,0]}],"opacity":[{"frame":0,"value":100},{"frame":0.08333333333333333,"value":255},{"frame":0.2,"value":155},{"frame":0.36666666666666664,"value":0}]},"scale",12,[[[{"frame":0},"value",8,[0,-0.913,2]],[{"frame":0.08333333333333333},"value",8,[0,-2.023,2]],[{"frame":0.2},"value",8,[0,-2.023,2]]],11,11,11]]],"jianbian5",11,[{},"props",11,[{"opacity":[{"frame":0.16666666666666666,"value":0},{"frame":0.2,"value":255},{"frame":0.36666666666666664,"value":100},{"frame":0.6666666666666666,"value":0}]},"scale",12,[[[{"frame":0.16666666666666666},"value",8,[0,0.991,0.991]],[{"frame":0.2},"value",8,[0,1,1]],[{"frame":0.6666666666666666},"value",8,[0,1.1,1.1]]],11,11,11]]],"besg 24643",11,[{},"props",11,[{"opacity":[{"frame":0.2,"value":222},{"frame":0.75,"value":0}]},"scale",12,[[[{"frame":0.16666666666666666},"value",8,[0,0.99,1.39]],[{"frame":0.2},"value",8,[0,2.107,2.95]],[{"frame":0.75},"value",8,[0,2.934,4.108]]],11,11,11]]]]]]],0,0,[],[],[]],[[[6,"caidan_sj"],[7,"caidan_sj",[-3,-4,-5,-6,-7],[[9,true,-2,[12],11]],[10,-1],[214.811,843.912,0,0,0,0,1,1,1,1]],[1,"jianbian2",1,[[3,1,-8,[0],1]],[0,"b5rM4SkepEo4RNUc/Pe6oX",1],[5,95,170],[0,1,0.5],[2.841,0,0,0,0,0,1,0.832,2,1]],[1,"jianbian3",1,[[3,1,-9,[2],3]],[0,"6bX9ZtNPtEUbUDG/ql0h6t",1],[5,95,170],[0,1,0.5],[1.42,0,0,0,0,0,1,-0.736,2,1]],[8,"xxing",1,[[11,772,true,8,0.5,50,0.3,15,25,2,5,0,0,0,-10,[4],[4,4294967295],[4,117440511],[4,1042776563],[4,1191182335],[0,155,222],5,6]],[0,"89fguBIzhNLoyRgA8Wh+e4",1],[7.456,-2.668,0,0,0,0,1,1,1,1]],[2,"jianbian5",1,[[4,-11,[7],8]],[0,"778QRhzDFB5LB6uJaON5Rf",1],[5,365,449]],[2,"besg 24643",1,[[4,-12,[9],10]],[0,"0b9p2Odu5DW7rhSWbbFWgS",1],[5,226,226]]],0,[0,3,1,0,0,1,0,-1,2,0,-2,3,0,-3,4,0,-4,5,0,-5,6,0,0,2,0,0,3,0,0,4,0,0,5,0,0,6,0,4,1,12],[0,0,0,0,0,0,0,0,0,0,0,0,0],[-1,1,-1,1,-1,5,1,-1,1,-1,1,6,-1],[0,1,0,1,0,3,4,0,5,0,6,2,2]],[[{"name":"jianbian5","rect":[34,48,365,449],"offset":[0.5,-1],"originalSize":[432,543],"capInsets":[0,0,0,0]}],[1],0,[0],[2],[7]],[[{"name":"besg 24643","rect":[13,15,226,226],"offset":[-2,0],"originalSize":[256,256],"capInsets":[0,0,0,0]}],[1],0,[0],[2],[8]],[[{"name":"jianbian2","rect":[1,11,95,170],"offset":[-20.5,-1],"originalSize":[138,190],"capInsets":[0,0,0,0]}],[1],0,[0],[2],[9]]]]