[1,0,0,[],0,[{"_name":"DianJingNan","_uuid":"9aafa2f6-37da-4fbc-bf16-437ca788ba98","skeleton":{"width":157.55,"height":169.53,"fps":24,"hash":" ","name":"Armature"},"bones":[{"name":"root"},{"length":11,"x":-1.2,"y":35.9,"rotation":-90,"name":"qun_zi","parent":"root"},{"x":45.6,"y":147.05,"name":"icon_sq02","parent":"root"},{"x":-55.85,"y":152.3,"name":"icon_sq01","parent":"root"},{"length":28,"x":-3.1,"y":0.25,"rotation":177.572,"name":"shen_ti","parent":"qun_zi"},{"length":12,"x":6.85,"y":7.1,"rotation":4.98,"name":"zuotui_shang","parent":"qun_zi"},{"length":10,"x":7.3,"y":-6,"rotation":9.6824,"name":"youtui_shang","parent":"qun_zi"},{"inheritScale":false,"length":11,"x":20.8196,"y":-13.4445,"rotation":54.2599,"name":"zuoshou_shang","parent":"shen_ti","transform":"noScale"},{"length":12,"x":13.0355,"y":0.4184,"rotation":6.357,"name":"zuotui_xia","parent":"zuotui_shang"},{"inheritScale":false,"length":16,"x":25.8817,"y":5.7016,"rotation":174.6956,"name":"youshou_shang","parent":"shen_ti","transform":"noScale"},{"length":10,"x":11.1072,"y":0.5888,"rotation":3.6295,"name":"youtui_xia","parent":"youtui_shang"},{"inheritScale":false,"length":57,"x":32.9607,"y":0.4468,"rotation":-7.2392,"name":"tou","parent":"shen_ti","transform":"noScale"},{"length":14,"x":16.753,"rotation":13.9521,"name":"youshou_xia","parent":"youshou_shang"},{"x":18.659,"y":18.496,"name":"yanjing","parent":"tou"},{"length":17,"x":12.7021,"y":-0.497,"rotation":-85.271,"name":"zuoshou_xia","parent":"zuoshou_shang"},{"x":7.0306,"y":17.6817,"name":"tou2_62","parent":"tou"},{"x":-2.5654,"y":9.4027,"name":"right_eye","parent":"yanjing"},{"x":-0.8995,"y":5.5782,"name":"tou2_6","parent":"yanjing"},{"length":27,"x":44.2169,"y":-36.8533,"rotation":171.3087,"name":"tea1","parent":"youshou_xia"},{"x":-0.5605,"y":-4.1531,"name":"tou2_61","parent":"yanjing"},{"length":9,"x":9.7767,"y":-2.3639,"rotation":64.7547,"name":"youxiji","parent":"youshou_xia"},{"x":32.1606,"y":69.4285,"rotation":83.7803,"name":"cake_m","parent":"youshou_xia"},{"x":-2.9668,"y":-9.3814,"name":"left_eye","parent":"yanjing"},{"length":28,"x":9.55,"y":-15,"rotation":-173.6598,"name":"saozi","parent":"cake_m"},{"length":10,"x":27.6911,"y":-0.3561,"rotation":-53.0893,"name":"tea111","parent":"tea1"}],"slots":[{"name":"shadow","bone":"root","attachment":"shadow"},{"name":"youshou_shang","bone":"youshou_shang","attachment":"youshou_shang"},{"name":"youtui_xia","bone":"youtui_xia","attachment":"youtui_xia"},{"name":"youtui_shang","bone":"youtui_shang","attachment":"youtui_shang"},{"name":"zuotui_xia","bone":"zuotui_xia","attachment":"zuotui_xia"},{"name":"zuotui_shang","bone":"zuotui_shang","attachment":"zuotui_shang"},{"name":"shen_ti","bone":"shen_ti","attachment":"shen_ti"},{"name":"tou2","bone":"tou","attachment":"tou2"},{"name":"youxiji","bone":"youxiji","attachment":"角色文件-道具(1)/youxiji"},{"name":"eyeclosed1","bone":"right_eye","attachment":"eyeclosed1"},{"name":"eyeclosed2","bone":"left_eye","attachment":"eyeclosed2"},{"name":"eyeopen2","bone":"left_eye","attachment":"eyeopen2"},{"name":"eyeopen1","bone":"right_eye","attachment":"eyeopen1"},{"name":"icon_sq01","bone":"icon_sq01","attachment":"icon_sq01"},{"name":"tou","bone":"tou","attachment":"tou"},{"name":"cake_m","bone":"cake_m","attachment":"角色文件-吃蛋糕/cake_m"},{"name":"saozi","bone":"saozi","attachment":"角色文件-吃蛋糕/saozi"},{"name":"zuoshou_shang","bone":"zuoshou_shang","attachment":"zuoshou_shang"},{"name":"icon_sq02","bone":"icon_sq02","attachment":"icon_sq02"},{"name":"tea1","bone":"tea1","attachment":"tea1"}],"skins":{"default":{"eyeclosed1":{"eyeclosed1":{"name":"eyeclosed1","width":7,"height":3,"x":1.11,"y":-0.08,"rotation":-80.33,"path":"角色文件-道具(1)/闭眼1"}},"tou2":{"tou2":{"name":"tou2","width":66,"height":74,"hull":4,"path":"角色文件-道具(1)/头部_6","type":"mesh","triangles":[0,21,1,21,18,1,5,4,3,4,2,3,6,5,3,1,18,3,18,6,3,16,9,6,21,17,18,16,6,18,17,16,18,9,5,6,9,4,5,7,4,9,0,20,21,22,15,17,20,22,17,21,20,17,15,16,17,15,7,9,15,9,16,15,10,7,10,8,7,7,8,4,8,2,4,22,10,15,19,14,22,22,11,10,19,22,20,0,19,20,11,12,8,12,2,8,11,8,10,14,11,22,13,12,11,14,13,11,13,2,12,19,13,14,2,13,19,0,2,19],"uvs":[0,0,1,0,0,1,1,1,0.4463,0.93252,0.74403,0.9359,0.79781,0.83725,0.45009,0.86428,0.29781,0.8609,0.5266,0.78928,0.29781,0.77847,0.21751,0.75279,0.10539,0.79266,0.06069,0.7082,0.08191,0.61293,0.41978,0.69874,0.51372,0.67779,0.5713,0.55212,0.816,0.53658,0.05918,0.45955,0.35009,0.38185,0.52509,0.32915,0.27054,0.64942],"edges":[0,2,2,6,4,6,4,0],"vertices":[56.18,44.52,67.26,-20.54,-16.77,32.1,-5.69,-32.97,-6.9,3.89,-3.85,-15.52,3.94,-17.8,-1.88,4.49,-3.33,14.44,4.43,0.45,2.69,15.47,3.67,21.01,-0.48,27.81,5.19,31.77,12.37,31.57,9.86,8.52,12.42,2.67,22.23,0.49,26.08,-15.24,23.31,34.96,32.2,16.99,37.98,6.26,11.8,18.84]}},"shen_ti":{"shen_ti":{"name":"shen_ti","width":30,"height":37,"x":12.44,"y":-2.83,"rotation":-87.57,"path":"角色文件(2)/身体_0"}},"youshou_shang":{"youshou_shang":{"name":"youshou_shang","width":14,"height":33,"hull":8,"path":"角色文件(2)/右手_0","type":"mesh","triangles":[0,4,6,4,2,7,4,7,5,6,4,5,0,6,1,7,2,3],"uvs":[0,0,1,0,0,1,1,1,0,0.46364,1,0.4697,1,0.3803,1,0.55606],"edges":[0,2,2,12,4,6,4,8,6,14,10,12,10,14,8,0],"vertices":[1,9,-3.41,-11.18,1,1,9,-5.29,2.69,1,1,12,10.55,-9.56,1,1,12,12.06,4.35,1,2,9,11.75,-9.12,0.53,12,-7.05,-7.65,0.47,2,9,10.07,4.78,0.56,12,-5.34,6.25,0.44,2,9,7.15,4.38,0.88,12,-8.27,6.57,0.12,2,9,12.89,5.16,0.14,12,-2.5,5.94,0.86]}},"tou":{"tou":{"name":"tou","width":66,"height":74,"hull":15,"path":"角色文件-发怒表情/头部_6","type":"mesh","triangles":[19,3,2,18,19,2,18,2,1,0,18,1,19,4,3,0,17,18,29,5,4,19,29,4,23,29,19,24,23,19,33,24,19,17,32,18,33,19,18,32,33,18,13,17,0,14,13,0,28,5,29,23,28,29,28,6,5,13,16,17,28,7,6,20,33,32,17,20,32,20,24,33,24,22,23,22,28,23,8,7,28,20,21,24,21,22,24,15,20,17,30,15,17,22,8,28,16,30,17,13,12,16,22,25,8,15,21,20,25,9,8,31,27,21,27,26,21,26,22,21,31,21,15,30,31,15,26,25,22,26,9,25,16,11,30,11,31,30,11,27,31,12,11,16,11,10,27,27,10,26,10,9,26],"uvs":[0.45455,0,0.99998,0.00001,0.98485,0.52703,0.96742,0.85946,0.7447,0.99999,0.48485,0.94595,0.38788,0.98649,0.33712,0.97297,0.27121,0.94122,0.02727,0.78108,0.00303,0.64865,0.04545,0.55405,0,0.3,0.01515,0.24324,0,0.16351,0.20071,0.57204,0.14086,0.46394,0.3795,0.43421,0.56435,0.51664,0.56889,0.70177,0.35526,0.58556,0.20526,0.66258,0.18253,0.76258,0.3992,0.78421,0.3795,0.68826,0.14995,0.80583,0.06813,0.70751,0.08177,0.60711,0.38329,0.86231,0.52723,0.8315,0.1651,0.53083,0.15298,0.58688,0.42041,0.55853,0.40601,0.61799],"edges":[0,2,2,4,4,6,6,8,8,10,10,12,12,14,14,16,16,18,18,20,20,22,22,24,24,26,26,28,28,0],"vertices":[1,11,62.13,15.96,1,1,11,68.18,-19.53,1,1,11,29.56,-25.09,1,1,11,5.12,-28.09,1,1,11,-7.6,-15.34,1,1,11,-6.54,2.23,1,1,11,-11.56,7.87,1,1,11,-10.34,11.48,1,1,11,-8.56,16.19,1,1,11,0.42,34.05,1,1,11,9.76,37.27,1,1,11,17.18,35.69,1,1,11,35.21,41.81,1,1,11,39.52,41.53,1,1,11,45.17,43.5,1,1,17,-0.17,1.29,1,1,11,24.81,30.6,1,1,11,29.63,15.44,1,1,11,25.66,2.39,1,1,11,12.21,-0.2,1,1,19,0.22,0.8,1,1,15,4.01,6.26,1,1,15,-3.54,6.5,1,1,15,-2.72,-7.87,1,1,15,4.06,-5.39,1,1,11,-0.03,25.76,1,1,11,6.21,32.3,1,1,11,13.71,32.67,1,1,11,-1.63,9.87,1,1,11,2.28,0.9,1,1,17,2.44,4.12,1,1,17,-1.78,4.21,1,1,19,2.91,-3.1,1,1,19,-1.58,-2.91,1]}},"eyeopen2":{"eyeopen2":{"name":"eyeopen2","width":6,"height":10,"x":0.13,"y":-0.27,"rotation":-80.33,"path":"角色文件-道具(1)/眼睛睁2"}},"zuotui_shang":{"zuotui_shang":{"name":"zuotui_shang","width":24,"height":27,"hull":8,"path":"角色文件(2)/左腿_0","type":"mesh","triangles":[6,2,7,6,7,5,4,6,5,0,4,5,0,5,1,7,2,3],"uvs":[0.00004,0.00004,0.99996,0.00004,0.00004,0.99996,0.99996,0.99996,0.00004,0.26296,0.99996,0.21111,0.00004,0.54074,0.99996,0.62408],"edges":[0,2,2,10,4,6,4,12,6,14,8,12,10,14,8,0],"vertices":[1,1,-7.88,-4.64,1,1,1,-7.88,19.36,1,1,5,11.2,-12.76,1,1,5,13.29,11.15,1,2,1,-0.78,-4.64,0.99,5,-8.62,-11.03,0.01,2,1,-2.18,19.36,0.96,5,-7.93,13,0.04,2,1,6.72,-4.64,0.58,5,-1.15,-11.68,0.42,2,1,8.97,19.36,0.82,5,3.18,12.03,0.18]}},"youtui_xia":{"youtui_xia":{"name":"youtui_xia","width":8,"height":15,"x":4.66,"y":1.72,"rotation":75.74,"path":"角色文件(2)/图层_118"}},"icon_sq01":{"icon_sq01":{"name":"icon_sq01","width":33,"height":34,"x":0.25,"y":-1.03}},"tea1":{"tea1":{"name":"tea1","width":23,"height":35,"hull":10,"path":"奶茶图标及厨师制作完成/奶茶1","type":"mesh","triangles":[6,0,7,0,9,7,7,9,8,4,3,5,3,6,5,2,1,6,1,0,6,3,2,6],"uvs":[0,0.35143,0.21304,0.18429,0.4087,0.10714,0.78696,0,1,0,1,0.13429,0.75217,0.19,1,0.35286,1,1,0,1],"edges":[0,2,2,4,4,6,6,8,8,10,10,12,12,14,14,16,16,18,18,0],"vertices":[1,18,20.86,11.81,1,2,18,26.92,7.17,0.92,24,-6.48,3.9,0.08,2,18,29.81,2.79,0.27,24,-1.24,3.58,0.73,1,24,8.05,1.75,1,1,24,12.09,-1.02,1,1,24,9.44,-4.89,1,2,18,27.25,-5.23,0.7,24,3.63,-3.28,0.3,1,18,21.8,-11.17,1,1,18,-0.83,-12.15,1,1,18,-1.82,10.83,1]}},"zuotui_xia":{"zuotui_xia":{"name":"zuotui_xia","width":12,"height":23,"x":1.78,"y":0.24,"rotation":78.66,"path":"角色文件(2)/图层_117"}},"zuoshou_shang":{"zuoshou_shang":{"name":"zuoshou_shang","width":17,"height":32,"hull":10,"path":"角色文件0303-2/左手01","type":"mesh","triangles":[5,7,9,9,7,3,7,2,3,6,5,8,6,8,1,0,6,1,8,5,4,5,9,4],"uvs":[0,0,1,0,0,1,1,1,1,0.65702,0,0.65546,0,0.55546,0,0.76327,1,0.55702,1,0.75233],"edges":[0,2,2,16,4,6,4,14,6,18,8,16,8,18,10,12,10,14,12,0],"vertices":[1,14,13.7,15.45,1,1,14,23.07,1.27,1,1,7,9.46,12.28,1,1,7,-3.91,1.78,1,2,7,2.88,-6.86,0.5,14,5.53,-10.32,0.5,2,7,16.27,3.61,0.5,14,-3.8,3.9,0.5,2,7,18.25,1.09,0.07,14,-1.13,5.66,0.93,2,7,14.14,6.32,0.95,14,-6.68,2,0.05,2,7,4.85,-9.37,0.454291,14,8.2,-8.55,0.545709,2,7,0.99,-4.46,0.98,14,2.98,-12,0.02]}},"shadow":{"shadow":{"name":"shadow","width":53,"height":11,"x":0.98,"y":5.24,"path":"角色文件(1)/椭圆_1"}},"cake_m":{"角色文件-吃蛋糕/cake_m":{"name":"角色文件-吃蛋糕/cake_m","width":40,"height":26,"x":0.75,"y":7.75}},"youtui_shang":{"youtui_shang":{"name":"youtui_shang","width":19,"height":25,"hull":8,"path":"角色文件(2)/右腿_0","type":"mesh","triangles":[7,6,5,6,4,5,6,7,1,0,6,1,5,4,3,4,2,3],"uvs":[0.00005,0.004,0.99995,0.00004,0.00526,0.99996,0.99995,0.99996,0.00005,0.64256,0.99995,0.58492,0.00005,0.2602,0.99995,0.28491],"edges":[0,2,2,14,4,6,4,8,6,10,8,12,10,14,12,0],"vertices":[1,1,-6.49,-12.05,1,1,1,-6.59,6.95,1,1,6,9.95,-7.73,1,1,6,13.13,10.9,1,2,6,1.12,-6.33,0.97,1,9.47,-12.05,0.03,2,6,2.9,12.64,0.95,1,8.03,6.95,0.05,2,1,-0.08,-12.05,0.99,6,-8.29,-4.72,0.01,2,1,0.53,6.95,0.99,6,-4.5,13.9,0.01]}},"icon_sq02":{"icon_sq02":{"name":"icon_sq02","width":23,"height":24,"x":-0.11,"y":-0.42}},"youxiji":{"角色文件-道具(1)/youxiji":{"name":"角色文件-道具(1)/youxiji","width":19,"height":13,"x":1.07,"y":-0.04,"rotation":19.03}},"eyeopen1":{"eyeopen1":{"name":"eyeopen1","width":5,"height":9,"x":0.44,"y":-0.45,"rotation":-80.33,"path":"角色文件-道具(1)/眼睛睁1"}},"eyeclosed2":{"eyeclosed2":{"name":"eyeclosed2","width":6,"height":3,"x":0.78,"y":0.11,"rotation":-80.33,"path":"角色文件-道具(1)/闭眼2"}},"saozi":{"角色文件-吃蛋糕/saozi":{"name":"角色文件-吃蛋糕/saozi","width":30,"height":7,"x":13.53,"y":-0.12,"rotation":173.66}}}},"animations":{"move":{"bones":{"qun_zi":{"translate":[{"time":0,"curve":[0.5,0,0.5,1]},{"time":0.2917,"y":2,"curve":[0.5,0,0.5,1]},{"time":0.5417,"curve":[0.5,0,0.5,1]},{"time":0.875,"y":2,"curve":[0.5,0,0.5,1]},{"time":1.0833}],"rotate":[{"time":0,"angle":0,"curve":[0.5,0,0.5,1]},{"time":0.5,"angle":0.01},{"time":0.5417,"angle":0}],"shear":[{"time":0,"curve":[0.5,0,0.5,1]},{"time":0.5},{"time":0.5417}]},"shen_ti":{"translate":[{"time":0,"curve":[0,0,0.5,1]},{"time":0.25,"x":-1.83,"curve":[0,0,0.5,1]},{"time":0.5833,"x":-0.17,"curve":[0,0,0.5,1]},{"time":0.8333,"x":-1,"curve":[0,0,0.5,1]},{"time":1.0833}],"rotate":[{"time":0,"angle":0,"curve":[0.5,0,0.5,1]},{"time":0.25,"angle":-1.7},{"time":0.5833,"angle":0,"curve":[0.5,0,0.5,1]},{"time":0.8333,"angle":0.27},{"time":1.0833,"angle":0}],"shear":[{"time":0,"curve":[0.5,0,0.5,1]},{"time":0.25},{"time":0.5833,"curve":[0.5,0,0.5,1]},{"time":0.8333},{"time":1.0833}]},"tou":{"translate":[{"time":0,"curve":[0,0,0.5,1]},{"time":0.1667,"x":-2.07,"y":2.03},{"time":0.4584,"x":0.14,"y":-1.88},{"time":0.5834,"x":-0.81,"y":-2.84},{"time":0.9167,"x":-0.39,"y":-0.81},{"time":1.0834}],"rotate":[{"time":0,"angle":8.54,"curve":[0.5,0,0.5,1]},{"time":0.4583,"angle":6.1,"curve":[0.5,0,0.5,1]},{"time":1.0833,"angle":8.54}],"shear":[{"time":0,"curve":[0.5,0,0.5,1]},{"time":0.4583,"curve":[0.5,0,0.5,1]},{"time":1.0833}]},"youshou_shang":{"translate":[{"time":0,"x":-4.47,"y":-0.19,"curve":[0.5,0,1,1]},{"time":0.25,"x":-6.15,"y":-0.37},{"time":0.5417,"x":-8.27,"y":-0.38,"curve":[0.5,0,1,1]},{"time":0.8334,"x":-5.46,"y":-0.28},{"time":1.0834,"x":-4.47,"y":-0.19}],"rotate":[{"time":0,"angle":20.21},{"time":0.5417,"angle":-22.1},{"time":1.0834,"angle":20.21}],"shear":[{"time":0},{"time":0.5417},{"time":1.0834}]},"youshou_xia":{"rotate":[{"time":0,"angle":0,"curve":[0.5,0,0.5,1]},{"time":0.2917,"angle":5.36,"curve":[0.5,0,0.5,1]},{"time":0.8334,"angle":-22.64,"curve":[0.5,0,0.5,1]},{"time":1.0834,"angle":0}],"shear":[{"time":0,"curve":[0.5,0,0.5,1]},{"time":0.2917,"curve":[0.5,0,0.5,1]},{"time":0.8334,"curve":[0.5,0,0.5,1]},{"time":1.0834}]},"zuoshou_shang":{"translate":[{"time":0,"x":-0.38,"y":2.03}],"rotate":[{"time":0,"angle":-1.26},{"time":0.2083,"angle":8.19},{"time":0.5,"angle":-7.51},{"time":0.8333,"angle":-2.35},{"time":1.0833,"angle":-1.26}],"shear":[{"time":0},{"time":0.2083},{"time":0.5},{"time":0.8333},{"time":1.0833}]},"zuoshou_xia":{"rotate":[{"time":0,"angle":-3.44},{"time":0.2083,"angle":-13.62},{"time":0.5,"angle":-3.59},{"time":0.8333,"angle":-5.66},{"time":1.0833,"angle":-3.44}],"shear":[{"time":0},{"time":0.2083},{"time":0.5},{"time":0.8333},{"time":1.0833}]},"youtui_shang":{"translate":[{"time":0,"x":2.32},{"time":0.5417,"x":3.98,"y":5.14},{"time":1.0834,"x":2.32}],"rotate":[{"time":0,"angle":-26.44},{"time":0.5417,"angle":18.94},{"time":1.0834,"angle":-26.44}],"shear":[{"time":0},{"time":0.5417},{"time":1.0834}]},"zuotui_shang":{"translate":[{"time":0,"x":0.83,"y":0.83},{"time":0.5417,"x":2.67,"y":-3.32},{"time":1.0834,"x":0.83,"y":0.83}],"rotate":[{"time":0,"angle":10.37},{"time":0.5417,"angle":-32.53},{"time":1.0834,"angle":10.37}],"shear":[{"time":0},{"time":0.5417},{"time":1.0834}]}},"slots":{"shadow":{"color":[{"time":0,"color":"FFFFFF7F"}]},"youxiji":{"color":[{"time":0,"color":"FFFFFF00"}]},"eyeclosed1":{"color":[{"time":0,"color":"FFFFFF00"},{"time":0.25,"color":"FFFFFF00"},{"time":0.2917,"color":"FFFFFFFF"},{"time":0.375,"color":"FFFFFFFF"},{"time":0.4167,"color":"FFFFFF00"}]},"eyeclosed2":{"color":[{"time":0,"color":"FFFFFF00"},{"time":0.25,"color":"FFFFFF00"},{"time":0.2917,"color":"FFFFFFFF"},{"time":0.375,"color":"FFFFFFFF"},{"time":0.4167,"color":"FFFFFF00"}]},"eyeopen2":{"color":[{"time":0,"color":"FFFFFFFF"},{"time":0.25,"color":"FFFFFFFF"},{"time":0.2917,"color":"FFFFFF00"},{"time":0.375,"color":"FFFFFF00"},{"time":0.4167,"color":"FFFFFFFF"}]},"eyeopen1":{"color":[{"time":0,"color":"FFFFFFFF"},{"time":0.25,"color":"FFFFFFFF"},{"time":0.2917,"color":"FFFFFF00"},{"time":0.375,"color":"FFFFFF00"},{"time":0.4167,"color":"FFFFFFFF"}]},"icon_sq01":{"color":[{"time":0,"color":"FFFFFF00"}]},"icon_sq02":{"color":[{"time":0,"color":"FFFFFF00"}]},"tou":{"color":[{"time":0,"color":"FFFFFF00"}]},"tea1":{"color":[{"time":0,"color":"FFFFFF00"}]},"cake_m":{"color":[{"time":0,"color":"FFFFFF00"}]},"saozi":{"color":[{"time":0,"color":"FFFFFF00"}]}}},"stand":{"bones":{"qun_zi":{"translate":[{"time":0,"x":0.64,"y":-2.02}]},"youtui_shang":{"translate":[{"time":0,"x":-4.21,"y":-1.87}],"rotate":[{"time":0,"angle":-25.24}],"shear":[{"time":0}]},"zuotui_shang":{"translate":[{"time":0,"x":-1.21,"y":-0.17}],"rotate":[{"time":0,"angle":-19.75}],"shear":[{"time":0}]},"shen_ti":{"translate":[{"time":0,"x":5.43,"y":1.21}],"rotate":[{"time":0,"angle":-30.78},{"time":0.4167,"angle":-31.45},{"time":0.5,"angle":-31.1},{"time":0.75,"angle":-31.64},{"time":1.25,"angle":-30.78},{"time":1.6667,"angle":-32.36},{"time":2.9167,"angle":-32.36},{"time":3.3334,"angle":-30.78}],"shear":[{"time":0},{"time":0.4167},{"time":0.5},{"time":0.75},{"time":1.25},{"time":1.6667},{"time":2.9167},{"time":3.3334}]},"youtui_xia":{"rotate":[{"time":0,"angle":34.82}],"shear":[{"time":0}]},"zuoshou_shang":{"translate":[{"time":0,"x":2.16,"y":5.36}],"rotate":[{"time":0,"angle":122.07},{"time":0.4167,"angle":120.9},{"time":0.5,"angle":122.89},{"time":0.75,"angle":117.39},{"time":0.8333,"angle":122.93},{"time":1.25,"angle":122.93},{"time":1.6667,"angle":111.91},{"time":2.0417,"angle":105.43},{"time":2.125,"angle":112.1},{"time":2.375,"angle":109.54},{"time":2.4583,"angle":113.02},{"time":2.5833,"angle":111.95},{"time":2.6666,"angle":114.83},{"time":2.9166,"angle":114.83},{"time":3.3333,"angle":122.07}],"shear":[{"time":0},{"time":0.4167},{"time":0.5},{"time":0.75},{"time":0.8333},{"time":1.25},{"time":1.6667},{"time":2.0417},{"time":2.125},{"time":2.375},{"time":2.4583},{"time":2.5833},{"time":2.6666},{"time":2.9166},{"time":3.3333}]},"zuotui_xia":{"rotate":[{"time":0,"angle":24.18}],"shear":[{"time":0}]},"youshou_shang":{"translate":[{"time":0,"x":-14.13,"y":0.07}],"rotate":[{"time":0,"angle":-47.42},{"time":0.4167,"angle":-48.6},{"time":0.5,"angle":-46.61},{"time":0.75,"angle":-52.11},{"time":0.8333,"angle":-46.57},{"time":1.25,"angle":-46.57},{"time":1.6667,"angle":-62.03},{"time":2.0417,"angle":-68.5},{"time":2.125,"angle":-61.84},{"time":2.375,"angle":-64.4},{"time":2.4583,"angle":-60.91},{"time":2.5833,"angle":-61.99},{"time":2.6666,"angle":-59.11},{"time":2.9166,"angle":-59.11},{"time":3.3333,"angle":-47.42}],"shear":[{"time":0},{"time":0.4167},{"time":0.5},{"time":0.75},{"time":0.8333},{"time":1.25},{"time":1.6667},{"time":2.0417},{"time":2.125},{"time":2.375},{"time":2.4583},{"time":2.5833},{"time":2.6666},{"time":2.9166},{"time":3.3333}]},"tou":{"translate":[{"time":0,"x":-1.45,"y":2.39}],"rotate":[{"time":0,"angle":38.34},{"time":0.4167,"angle":41.86},{"time":0.5,"angle":39.33},{"time":0.8333,"angle":39.68},{"time":1.25,"angle":38.34},{"time":1.6667,"angle":23.07},{"time":2.9167,"angle":23.07},{"time":3.3334,"angle":38.34}],"shear":[{"time":0},{"time":0.4167},{"time":0.5},{"time":0.8333},{"time":1.25},{"time":1.6667},{"time":2.9167},{"time":3.3334}]},"zuoshou_xia":{"rotate":[{"time":0,"angle":12.13}],"shear":[{"time":0}]},"youshou_xia":{"rotate":[{"time":0,"angle":-45.01},{"time":1.25,"angle":-45.01},{"time":1.6667,"angle":-30.69},{"time":2.9167,"angle":-30.69},{"time":3.3334,"angle":-45.01}],"shear":[{"time":0},{"time":1.25},{"time":1.6667},{"time":2.9167},{"time":3.3334}]},"youxiji":{"translate":[{"time":0,"x":-7.74,"y":0.15}],"rotate":[{"time":0,"angle":109.32}],"shear":[{"time":0}]},"yanjing":{"translate":[{"time":0,"x":-3.23,"y":-0.12},{"time":1.25,"x":-3.23,"y":-0.12},{"time":1.6667,"x":-5.02,"y":0.56},{"time":2.9167,"x":-5.02,"y":0.56},{"time":3.3334,"x":-3.23,"y":-0.12}]},"icon_sq01":{"translate":[{"time":0},{"time":3.3333,"x":299.52},{"time":5.3333}]}},"slots":{"shadow":{"color":[{"time":0,"color":"FFFFFF00"}]},"eyeclosed1":{"color":[{"time":0,"color":"FFFFFF00"},{"time":0.8333,"color":"FFFFFF00"},{"time":0.875,"color":"FFFFFFFF"},{"time":1,"color":"FFFFFF00"},{"time":2.2917,"color":"FFFFFF00"},{"time":2.3334,"color":"FFFFFFFF"},{"time":2.4584,"color":"FFFFFF00"}]},"eyeclosed2":{"color":[{"time":0,"color":"FFFFFF00"},{"time":0.8333,"color":"FFFFFF00"},{"time":0.875,"color":"FFFFFFFF"},{"time":1,"color":"FFFFFF00"},{"time":2.3333,"color":"FFFFFF00"},{"time":2.375,"color":"FFFFFFFF"},{"time":2.5,"color":"FFFFFF00"}]},"eyeopen2":{"color":[{"time":0,"color":"FFFFFFFF"},{"time":0.8333,"color":"FFFFFFFF"},{"time":0.875,"color":"FFFFFF00"},{"time":1,"color":"FFFFFFFF"},{"time":2.3333,"color":"FFFFFFFF"},{"time":2.375,"color":"FFFFFF00"},{"time":2.5,"color":"FFFFFFFF"}]},"eyeopen1":{"color":[{"time":0,"color":"FFFFFFFF"},{"time":0.8333,"color":"FFFFFFFF"},{"time":0.875,"color":"FFFFFF00"},{"time":1,"color":"FFFFFFFF"},{"time":2.2917,"color":"FFFFFFFF"},{"time":2.3334,"color":"FFFFFF00"},{"time":2.4584,"color":"FFFFFFFF"}]},"icon_sq01":{"color":[{"time":0,"color":"FFFFFF00"}]},"icon_sq02":{"color":[{"time":0,"color":"FFFFFF00"}]},"tou":{"color":[{"time":0,"color":"FFFFFF00"}]},"tea1":{"color":[{"time":0,"color":"FFFFFF00"}]},"cake_m":{"color":[{"time":0,"color":"FFFFFF00"}]},"saozi":{"color":[{"time":0,"color":"FFFFFF00"}]}}},"angry":{"bones":{"qun_zi":{"translate":[{"time":0,"x":-0.91,"y":3.25},{"time":0.2083,"x":0.55,"y":3.25},{"time":0.4166,"x":-0.91,"y":3.25}]},"icon_sq02":{"translate":[{"time":0,"x":-32.71,"y":-42.99},{"time":0.125,"x":-24.5,"y":-35.3},{"time":0.25,"x":11.15,"y":-11.63},{"time":0.4167,"x":16.89,"y":-4.14}],"scale":[{"time":0,"x":0.01,"y":0.01},{"time":0.125,"x":0.01,"y":0.01},{"time":0.25,"x":1,"y":1},{"time":0.4167,"x":1.25,"y":1.25}]},"icon_sq01":{"translate":[{"time":0,"x":39.44,"y":-49.92},{"time":0.125,"x":31.87,"y":-33.17},{"time":0.2083,"x":9.06,"y":-10.62},{"time":0.3333,"x":0.78,"y":-2.78}],"scale":[{"time":0,"x":0.01,"y":0.01},{"time":0.2083,"x":1,"y":1},{"time":0.3333,"x":1.25,"y":1.25}]},"youtui_shang":{"translate":[{"time":0,"x":4.06,"y":0.91},{"time":0.2083,"x":4.06,"y":-0.73},{"time":0.4166,"x":4.06,"y":0.91}]},"shen_ti":{"rotate":[{"time":0,"angle":-17.7}],"scale":[{"time":0,"x":1,"y":1},{"time":0.2083,"x":1.05,"y":1.05},{"time":0.4166,"x":1,"y":1}],"shear":[{"time":0}]},"zuotui_shang":{"translate":[{"time":0,"x":4.06,"y":0.91},{"time":0.2083,"x":4.06,"y":-0.73},{"time":0.4166,"x":4.06,"y":0.91}]},"youshou_shang":{"translate":[{"time":0,"x":-9.09,"y":1.4}],"rotate":[{"time":0,"angle":-22.75},{"time":0.2083,"angle":-14.19},{"time":0.4166,"angle":-22.75}],"shear":[{"time":0},{"time":0.2083},{"time":0.4166}]},"tou":{"rotate":[{"time":0,"angle":24.83},{"time":0.125,"angle":18.33},{"time":0.2917,"angle":21.87},{"time":0.4167,"angle":24.83}],"shear":[{"time":0},{"time":0.125},{"time":0.2917},{"time":0.4167}]},"zuoshou_shang":{"translate":[{"time":0,"x":3.17,"y":3.69}],"rotate":[{"time":0,"angle":139.39},{"time":0.2083,"angle":144.8},{"time":0.4166,"angle":139.39}],"shear":[{"time":0},{"time":0.2083},{"time":0.4166}]},"zuoshou_xia":{"rotate":[{"time":0,"angle":-5.46},{"time":0.0417,"angle":-7.41},{"time":0.0834,"angle":-4.63},{"time":0.1251,"angle":-7.41},{"time":0.1668,"angle":-4.63},{"time":0.2085,"angle":-7.41},{"time":0.2502,"angle":-4.63},{"time":0.2919,"angle":-7.41},{"time":0.3336,"angle":-4.63},{"time":0.4169,"angle":-5.46}],"shear":[{"time":0},{"time":0.0417},{"time":0.0834},{"time":0.1251},{"time":0.1668},{"time":0.2085},{"time":0.2502},{"time":0.2919},{"time":0.3336},{"time":0.4169}]},"youshou_xia":{"rotate":[{"time":0,"angle":-70.65},{"time":0.0417,"angle":-78.6},{"time":0.0834,"angle":-73.8},{"time":0.1251,"angle":-78.6},{"time":0.1668,"angle":-73.8},{"time":0.2085,"angle":-78.6},{"time":0.2502,"angle":-73.8},{"time":0.2919,"angle":-78.6},{"time":0.3336,"angle":-73.8},{"time":0.4169,"angle":-70.65}],"shear":[{"time":0},{"time":0.0417},{"time":0.0834},{"time":0.1251},{"time":0.1668},{"time":0.2085},{"time":0.2502},{"time":0.2919},{"time":0.3336},{"time":0.4169}]},"youxiji":{"translate":[{"time":0,"x":7.95,"y":-2.96}],"rotate":[{"time":0,"angle":92.09}],"shear":[{"time":0}]},"tou2_6":{"scale":[{"time":0,"x":1,"y":1},{"time":0.0417,"x":0.68,"y":0.68},{"time":0.125,"x":1.13,"y":1.13},{"time":0.1667,"x":0.68,"y":0.68},{"time":0.25,"x":1.13,"y":1.13},{"time":0.2917,"x":0.68,"y":0.68},{"time":0.375,"x":1.13,"y":1.13},{"time":0.4167,"x":1,"y":1}]},"tou2_61":{"scale":[{"time":0,"x":1,"y":1},{"time":0.0417,"x":0.68,"y":0.68},{"time":0.125,"x":1.13,"y":1.13},{"time":0.1667,"x":0.68,"y":0.68},{"time":0.25,"x":1.13,"y":1.13},{"time":0.2917,"x":0.68,"y":0.68},{"time":0.375,"x":1.13,"y":1.13},{"time":0.4167,"x":1,"y":1}]},"tou2_62":{"scale":[{"time":0,"x":1,"y":1},{"time":0.125,"x":0.85,"y":0.85},{"time":0.25,"x":1.23,"y":1.23},{"time":0.4167,"x":1,"y":1}]}},"slots":{"shadow":{"color":[{"time":0,"color":"FFFFFF00"}]},"youxiji":{"color":[{"time":0,"color":"FFFFFF00"}]},"icon_sq01":{"color":[{"time":0,"color":"FFFFFF00"},{"time":0.2083,"color":"FFFFFFFF"},{"time":0.3333,"color":"FFFFFF00"}]},"icon_sq02":{"color":[{"time":0,"color":"FFFFFF00"},{"time":0.125,"color":"FFFFFF00"},{"time":0.25,"color":"FFFFFFFF"},{"time":0.4167,"color":"FFFFFF00"}]},"tea1":{"color":[{"time":0,"color":"FFFFFF00"}]},"cake_m":{"color":[{"time":0,"color":"FFFFFF00"}]},"saozi":{"color":[{"time":0,"color":"FFFFFF00"}]}}},"drink":{"bones":{"qun_zi":{"translate":[{"time":0,"x":0.64,"y":-2.02}]},"youtui_shang":{"translate":[{"time":0,"x":-4.21,"y":-1.87}],"rotate":[{"time":0,"angle":-25.24}],"shear":[{"time":0}]},"zuotui_shang":{"translate":[{"time":0,"x":-1.21,"y":-0.17}],"rotate":[{"time":0,"angle":-19.75}],"shear":[{"time":0}]},"shen_ti":{"translate":[{"time":0,"x":5.43,"y":1.21}],"rotate":[{"time":0,"angle":-8.96},{"time":0.3333,"angle":1.51},{"time":0.75,"angle":-8.96},{"time":1.125,"angle":1.51},{"time":1.5417,"angle":-8.96},{"time":2,"angle":-7.26},{"time":3,"angle":-7.76},{"time":3.3333,"angle":-8.96}],"scale":[{"time":0,"x":1.06,"y":1},{"time":0.3333,"x":0.92,"y":1},{"time":0.75,"x":1.06,"y":1},{"time":1.125,"x":0.92,"y":1},{"time":1.5417,"x":1.06,"y":1}],"shear":[{"time":0},{"time":0.3333},{"time":0.75},{"time":1.125},{"time":1.5417},{"time":2},{"time":3},{"time":3.3333}]},"youtui_xia":{"rotate":[{"time":0,"angle":34.82}],"shear":[{"time":0}]},"zuoshou_shang":{"translate":[{"time":0,"x":2.88,"y":0.58}],"rotate":[{"time":0,"angle":-14.85},{"time":0.375,"angle":-10.87},{"time":0.75,"angle":-14.85},{"time":1.125,"angle":-10.87},{"time":1.5417,"angle":-14.85},{"time":1.7917,"angle":-14.42},{"time":2.1667,"angle":-18.17},{"time":3.3334,"angle":-14.85}],"shear":[{"time":0},{"time":0.375},{"time":0.75},{"time":1.125},{"time":1.5417},{"time":1.7917},{"time":2.1667},{"time":3.3334}]},"zuotui_xia":{"rotate":[{"time":0,"angle":24.18}],"shear":[{"time":0}]},"youshou_shang":{"translate":[{"time":0,"x":-10.34,"y":1.65}],"rotate":[{"time":0,"angle":-9.46},{"time":0.3333,"angle":-16.2},{"time":0.75,"angle":-9.46},{"time":1.125,"angle":-16.2},{"time":1.5417,"angle":-9.46},{"time":1.7917,"angle":-14.23},{"time":2,"angle":-13.35},{"time":3,"angle":-13.35},{"time":3.3333,"angle":-9.46}],"shear":[{"time":0},{"time":0.3333},{"time":0.75},{"time":1.125},{"time":1.5417},{"time":1.7917},{"time":2},{"time":3},{"time":3.3333}]},"tou":{"translate":[{"time":0,"x":-0.79,"y":2.49}],"rotate":[{"time":0,"angle":17.7},{"time":0.2083,"angle":8.73},{"time":0.3333,"angle":7.32},{"time":0.5416,"angle":16.49},{"time":0.7499,"angle":17.7},{"time":0.9582,"angle":8.73},{"time":1.1249,"angle":7.32},{"time":1.3332,"angle":16.49},{"time":1.5415,"angle":17.7},{"time":1.7915,"angle":25.89},{"time":1.9998,"angle":29.06},{"time":2.9998,"angle":19.39},{"time":3.3331,"angle":17.7}],"shear":[{"time":0},{"time":0.2083},{"time":0.3333},{"time":0.5416},{"time":0.7499},{"time":0.9582},{"time":1.1249},{"time":1.3332},{"time":1.5415},{"time":1.7915},{"time":1.9998},{"time":2.9998},{"time":3.3331}]},"zuoshou_xia":{"rotate":[{"time":0,"angle":33.05,"curve":[0.5,0,0.5,1]},{"time":0.375,"angle":13.94},{"time":0.75,"angle":33.05,"curve":[0.5,0,0.5,1]},{"time":1.125,"angle":13.94},{"time":1.5417,"angle":33.05,"curve":[0.5,0,0.5,1]},{"time":1.7917,"angle":37.56},{"time":2.1667,"angle":46.06},{"time":3.3334,"angle":33.05}],"shear":[{"time":0,"curve":[0.5,0,0.5,1]},{"time":0.375},{"time":0.75,"curve":[0.5,0,0.5,1]},{"time":1.125},{"time":1.5417,"curve":[0.5,0,0.5,1]},{"time":1.7917},{"time":2.1667},{"time":3.3334}]},"youshou_xia":{"rotate":[{"time":0,"angle":-20.55},{"time":1.5417,"angle":-20.55},{"time":1.7917,"angle":-45.09},{"time":2,"angle":-47.56},{"time":3,"angle":-47.56},{"time":3.3333,"angle":-20.55}],"shear":[{"time":0},{"time":1.5417},{"time":1.7917},{"time":2},{"time":3},{"time":3.3333}]},"youxiji":{"translate":[{"time":0,"x":-7.74,"y":0.15}],"rotate":[{"time":0,"angle":109.32}],"shear":[{"time":0}]},"yanjing":{"translate":[{"time":0,"x":-3.23,"y":-0.12}]},"tea1":{"translate":[{"time":0,"x":-29.11,"y":31.92}],"rotate":[{"time":0,"angle":58.87},{"time":0.125,"angle":54.17},{"time":0.5833,"angle":60.2},{"time":0.75,"angle":58.87},{"time":0.875,"angle":54.17},{"time":1.3333,"angle":60.2},{"time":1.5416,"angle":58.87}],"scale":[{"time":0,"curve":"stepped","x":1,"y":1},{"time":2,"x":1,"y":1},{"time":3,"x":1,"y":0.91},{"time":3.3333,"x":1,"y":1}],"shear":[{"time":0},{"time":0.125},{"time":0.5833},{"time":0.75},{"time":0.875},{"time":1.3333},{"time":1.5416}]},"tea111":{"rotate":[{"time":0,"angle":30.62},{"time":2,"angle":30.62},{"time":3,"angle":37.85},{"time":3.3333,"angle":30.62}],"scale":[{"time":0,"x":1,"y":1},{"time":2,"x":1,"y":1},{"time":3,"x":1.33,"y":1},{"time":3.3333,"x":1,"y":1}],"shear":[{"time":0},{"time":2},{"time":3},{"time":3.3333}]}},"slots":{"shadow":{"color":[{"time":0,"color":"FFFFFF00"}]},"youxiji":{"color":[{"time":0,"color":"FFFFFF00"}]},"eyeclosed1":{"color":[{"time":0,"color":"FFFFFF00"},{"time":0.75,"color":"FFFFFF00"},{"time":0.7917,"color":"FFFFFFFF"},{"time":0.9584,"color":"FFFFFF00"}]},"eyeclosed2":{"color":[{"time":0,"color":"FFFFFF00"},{"time":0.75,"color":"FFFFFF00"},{"time":0.7917,"color":"FFFFFFFF"},{"time":0.9584,"color":"FFFFFF00"}]},"eyeopen2":{"color":[{"time":0,"color":"FFFFFFFF"},{"time":0.75,"color":"FFFFFFFF"},{"time":0.7917,"color":"FFFFFF00"},{"time":0.9584,"color":"FFFFFFFF"}]},"eyeopen1":{"color":[{"time":0,"color":"FFFFFFFF"},{"time":0.75,"color":"FFFFFFFF"},{"time":0.7917,"color":"FFFFFF00"},{"time":0.9584,"color":"FFFFFFFF"}]},"icon_sq01":{"color":[{"time":0,"color":"FFFFFF00"}]},"icon_sq02":{"color":[{"time":0,"color":"FFFFFF00"}]},"tou":{"color":[{"time":0,"color":"FFFFFF00"}]},"cake_m":{"color":[{"time":0,"color":"FFFFFF00"}]},"saozi":{"color":[{"time":0,"color":"FFFFFF00"}]}}},"eat":{"bones":{"qun_zi":{"translate":[{"time":0,"x":0.64,"y":-2.02}],"rotate":[{"time":0,"angle":0},{"time":0.4167,"angle":1.22},{"time":0.8334,"angle":0},{"time":1.2501,"angle":1.22},{"time":1.6668,"angle":0}],"shear":[{"time":0},{"time":0.4167},{"time":0.8334},{"time":1.2501},{"time":1.6668}]},"youtui_shang":{"translate":[{"time":0,"x":-4.21,"y":-1.87}],"rotate":[{"time":0,"angle":-25.24}],"shear":[{"time":0}]},"zuotui_shang":{"translate":[{"time":0,"x":-1.21,"y":-0.17}],"rotate":[{"time":0,"angle":-19.75}],"shear":[{"time":0}]},"shen_ti":{"translate":[{"time":0,"x":5.43,"y":1.21},{"time":0.2083,"x":5.43,"y":-0.27},{"time":0.4166,"x":5.43,"y":1.21},{"time":0.6666,"x":5.43,"y":2.68},{"time":0.8333,"x":5.43,"y":1.21},{"time":1.0416,"x":5.43,"y":-0.27},{"time":1.2499,"x":5.43,"y":1.21},{"time":1.4999,"x":5.43,"y":2.68},{"time":1.6666,"x":5.43,"y":1.21}],"rotate":[{"time":0,"angle":-8.96},{"time":0.2083,"angle":-3.42},{"time":0.4166,"angle":-8.96},{"time":0.6666,"angle":-12.29},{"time":0.8333,"angle":-8.96},{"time":1.0416,"angle":-3.42},{"time":1.2499,"angle":-8.96},{"time":1.4999,"angle":-12.29},{"time":1.6666,"angle":-8.96},{"time":2.4999,"angle":-6.18},{"time":3.3332,"angle":-9.05},{"time":3.9582,"angle":-8.96}],"scale":[{"time":0,"x":1.06,"y":1}],"shear":[{"time":0},{"time":0.2083},{"time":0.4166},{"time":0.6666},{"time":0.8333},{"time":1.0416},{"time":1.2499},{"time":1.4999},{"time":1.6666},{"time":2.4999},{"time":3.3332},{"time":3.9582}]},"youtui_xia":{"rotate":[{"time":0,"angle":34.82}],"shear":[{"time":0}]},"zuoshou_shang":{"translate":[{"time":0,"x":2.88,"y":0.58}],"rotate":[{"time":0,"angle":-14.28},{"time":0.2083,"angle":-23.42},{"time":0.4166,"angle":-15},{"time":0.6249,"angle":-0.62},{"time":0.8332,"angle":-14.28},{"time":1.0415,"angle":-23.42},{"time":1.2498,"angle":-15},{"time":1.4581,"angle":-0.62},{"time":1.6664,"angle":-14.28},{"time":2.0831,"angle":108.23},{"time":2.4998,"angle":87.71},{"time":2.9165,"angle":86.53},{"time":3.3332,"angle":97.51},{"time":3.9582,"angle":-14.28}],"shear":[{"time":0},{"time":0.2083},{"time":0.4166},{"time":0.6249},{"time":0.8332},{"time":1.0415},{"time":1.2498},{"time":1.4581},{"time":1.6664},{"time":2.0831},{"time":2.4998},{"time":2.9165},{"time":3.3332},{"time":3.9582}]},"zuotui_xia":{"rotate":[{"time":0,"angle":24.18}],"shear":[{"time":0}]},"youshou_shang":{"translate":[{"time":0,"x":-10.34,"y":1.65}],"rotate":[{"time":0,"angle":-9.46},{"time":0.2083,"angle":-8.42},{"time":0.4166,"angle":-9.46},{"time":0.6249,"angle":-13.16},{"time":0.8332,"angle":-9.46},{"time":1.0415,"angle":-8.42},{"time":1.2498,"angle":-9.46},{"time":1.4581,"angle":-13.16},{"time":1.6664,"angle":-9.46}],"shear":[{"time":0},{"time":0.2083},{"time":0.4166},{"time":0.6249},{"time":0.8332},{"time":1.0415},{"time":1.2498},{"time":1.4581},{"time":1.6664}]},"tou":{"translate":[{"time":0,"x":-0.79,"y":2.49},{"time":0.2083,"x":1.95,"y":0.36},{"time":0.4166,"x":-0.07,"y":2.44},{"time":0.6249,"x":-2.09,"y":4.52},{"time":0.8332,"x":-0.79,"y":2.49},{"time":1.0415,"x":1.95,"y":0.36},{"time":1.2498,"x":-0.07,"y":2.44},{"time":1.4581,"x":-2.09,"y":4.52},{"time":1.6664,"x":-0.79,"y":2.49}],"rotate":[{"time":0,"angle":17.7},{"time":0.2083,"angle":17.45},{"time":0.4166,"angle":28.41},{"time":0.8333,"angle":17.7},{"time":1.0416,"angle":17.45},{"time":1.2499,"angle":28.41},{"time":1.6666,"angle":17.7},{"time":2.0833,"angle":26.27},{"time":2.5,"angle":21.44},{"time":2.9167,"angle":23.21},{"time":3.3334,"angle":16.86},{"time":3.9584,"angle":17.7}],"shear":[{"time":0},{"time":0.2083},{"time":0.4166},{"time":0.8333},{"time":1.0416},{"time":1.2499},{"time":1.6666},{"time":2.0833},{"time":2.5},{"time":2.9167},{"time":3.3334},{"time":3.9584}]},"zuoshou_xia":{"rotate":[{"time":0,"angle":32.72,"curve":[0.5,0,0.5,1]},{"time":0.2083,"angle":37.12},{"time":0.4166,"angle":43.53},{"time":0.6249,"angle":24.71},{"time":0.8332,"angle":32.72,"curve":[0.5,0,0.5,1]},{"time":1.0415,"angle":37.12},{"time":1.2498,"angle":43.53},{"time":1.4581,"angle":24.71},{"time":1.6664,"angle":32.72,"curve":[0.5,0,0.5,1]},{"time":2.0831,"angle":6.35},{"time":2.4998,"angle":-0.66},{"time":2.9165,"angle":-1.08},{"time":3.9582,"angle":32.72}],"shear":[{"time":0,"curve":[0.5,0,0.5,1]},{"time":0.2083},{"time":0.4166},{"time":0.6249},{"time":0.8332,"curve":[0.5,0,0.5,1]},{"time":1.0415},{"time":1.2498},{"time":1.4581},{"time":1.6664,"curve":[0.5,0,0.5,1]},{"time":2.0831},{"time":2.4998},{"time":2.9165},{"time":3.9582}]},"youshou_xia":{"rotate":[{"time":0,"angle":-20.55},{"time":0.2083,"angle":-24.42},{"time":0.4166,"angle":-20.55},{"time":0.6249,"angle":-13.95},{"time":0.8332,"angle":-20.55},{"time":1.0415,"angle":-24.42},{"time":1.2498,"angle":-20.55},{"time":1.4581,"angle":-13.95},{"time":1.6664,"angle":-20.55}],"shear":[{"time":0},{"time":0.2083},{"time":0.4166},{"time":0.6249},{"time":0.8332},{"time":1.0415},{"time":1.2498},{"time":1.4581},{"time":1.6664}]},"youxiji":{"translate":[{"time":0,"x":-7.74,"y":0.15}],"rotate":[{"time":0,"angle":109.32}],"shear":[{"time":0}]},"yanjing":{"translate":[{"time":0,"x":-3.23,"y":-0.12}]},"left_eye":{"rotate":[{"time":0,"angle":-13.55}],"shear":[{"time":0}]},"right_eye":{"rotate":[{"time":0,"angle":-13.09}],"shear":[{"time":0}]},"tea1":{"translate":[{"time":0,"x":-29.11,"y":31.92}],"rotate":[{"time":0,"angle":58.87}],"shear":[{"time":0}]},"tea111":{"rotate":[{"time":0,"angle":30.62}],"shear":[{"time":0}]},"cake_m":{"translate":[{"time":0,"x":-20.75,"y":-81.62}],"rotate":[{"time":0,"angle":34.81}],"shear":[{"time":0}]},"saozi":{"translate":[{"time":0,"x":11.43,"y":32.27},{"time":2.0833,"x":11.43,"y":32.27},{"time":2.5,"x":11.17,"y":41.92},{"time":2.9167,"x":11.17,"y":41.92},{"time":3.3334,"x":11.43,"y":32.27}],"rotate":[{"time":0,"angle":10},{"time":2.0833,"angle":10},{"time":2.5,"angle":-53.6},{"time":2.9167,"angle":-53.6},{"time":3.3334,"angle":10}],"scale":[{"time":0,"x":0.7,"y":0.7}],"shear":[{"time":0},{"time":2.0833},{"time":2.5},{"time":2.9167},{"time":3.3334}]}},"slots":{"shadow":{"color":[{"time":0,"color":"FFFFFF00"}]},"youxiji":{"color":[{"time":0,"color":"FFFFFF00"}]},"eyeclosed1":{"color":[{"time":0,"color":"FFFFFFFF"},{"time":1.6667,"color":"FFFFFFFF"},{"time":1.75,"color":"FFFFFF00"},{"time":3.8333,"color":"FFFFFF00"},{"time":3.9583,"color":"FFFFFFFF"}]},"eyeclosed2":{"color":[{"time":0,"color":"FFFFFFFF"},{"time":1.6667,"color":"FFFFFFFF"},{"time":1.75,"color":"FFFFFF00"},{"time":3.8333,"color":"FFFFFF00"},{"time":3.9583,"color":"FFFFFFFF"}]},"eyeopen2":{"color":[{"time":0,"color":"FFFFFF00"},{"time":1.6667,"color":"FFFFFF00"},{"time":1.75,"color":"FFFFFFFF"},{"time":3.8333,"color":"FFFFFFFF"},{"time":3.9583,"color":"FFFFFF00"}]},"eyeopen1":{"color":[{"time":0,"color":"FFFFFF00"},{"time":1.6667,"color":"FFFFFF00"},{"time":1.75,"color":"FFFFFFFF"},{"time":3.8333,"color":"FFFFFFFF"},{"time":3.9583,"color":"FFFFFF00"}]},"icon_sq01":{"color":[{"time":0,"color":"FFFFFF00"}]},"icon_sq02":{"color":[{"time":0,"color":"FFFFFF00"}]},"tou":{"color":[{"time":0,"color":"FFFFFF00"}]},"tea1":{"color":[{"time":0,"color":"FFFFFF00"}]}},"deform":{"default":{"tou2":{"tou2":[{"time":0,"offset":45,"vertices":[0]},{"time":2.2917,"offset":45,"vertices":[0]},{"time":2.5,"offset":4,"vertices":[3.06,-2.16,0,0,0,0,0,0,0,0,0.95,0.96,0.79,0.33,0.29,1.98,0.36,3.23,-0.19,-1.48,0.33,-1.19,-0.06,-1.1,0,0,-0.19,0.12,-0.12,0.72,0,0,0,0,0,0,0,0,0,0,-1.14,0.11]},{"time":2.7083,"offset":45,"vertices":[0]},{"time":2.9166,"offset":4,"vertices":[3.06,-2.16,0,0,0,0,0,0,0,0,0.95,0.96,0.79,0.33,0.29,1.98,0.36,3.23,-0.19,-1.48,0.33,-1.19,-0.06,-1.1,0,0,-0.19,0.12,-0.12,0.72,0,0,0,0,0,0,0,0,0,0,-1.14,0.11]},{"time":3.1249,"offset":45,"vertices":[0]},{"time":3.3332,"offset":4,"vertices":[3.06,-2.16,0,0,0,0,0,0,0,0,0.95,0.96,0.79,0.33,0.29,1.98,0.36,3.23,-0.19,-1.48,0.33,-1.19,-0.06,-1.1,0,0,-0.19,0.12,-0.12,0.72,0,0,0,0,0,0,0,0,0,0,-1.14,0.11]},{"time":3.5415,"offset":45,"vertices":[0]}]}}}}}}],[-1],0,[],[],[]]