[1,["25/PxhmgRMa5fSQIi0N1SA","d5f4wV51xCprPDauGDBAce","40QIQxDA9DPbdVuTsuNxnY","5a7IZTxyFAtqRG6iZgvM1p","29K5g4wa5EBIsFegfp8IjY","3dZH+int5BELUFq80/vVSS","b3EjXb4elKG4llNb82J86S","bbmeKx519I4qcK4n9M3j2P","39b6svHXdCebHy9b5WgyzE","99LBxY01lNjIG6kb3bEHBV","51q+CUtSVGco+2GmrdhaYf","409n7zvWVIIL/ny/1jZu9K","2efy00vxxE7JnO2IxqPP2o","97ZiIHkqVBQ5iTWqOqLUF4","201g4uxChIG7wkMJNZM8OZ"],["_textureSetter","bg_bt","bg_chenghao","bg_gerenxinxi02","bg_oaiming01","bg_oaiming02","bg_oaiming03","bg_oaiming05","bg_touxiang","icon_lupin","txk01","txk02","txk03","word_paiming","xian"],["cc.SpriteFrame",["cc.SpriteAtlas",["_name","_spriteFrames"],2,11]],[[1,0,1,2]],[[[{"name":"xian","rect":[110,164,38,2],"offset":[0,0],"originalSize":[38,2],"capInsets":[0,0,0,0]}],[0],0,[0],[0],[0]],[[[0,"uiIcons4.plist",[{},"bg_bt",6,0,"bg_chenghao",6,1,"bg_gerenxinxi02",6,2,"bg_oaiming01",6,3,"bg_oaiming02",6,4,"bg_oaiming03",6,5,"bg_oaiming05",6,6,"bg_touxiang",6,7,"icon_lupin",6,8,"txk01",6,9,"txk02",6,10,"txk03",6,11,"word_paiming",6,12,"xian",6,13]]],0,0,[0,0,0,0,0,0,0,0,0,0,0,0,0,0],[1,2,3,4,5,6,7,8,9,10,11,12,13,14],[1,2,3,4,5,6,7,8,9,10,11,12,13,14]],[[{"name":"bg_oaiming01","rect":[129,256,67,84],"offset":[0,0],"originalSize":[67,84],"capInsets":[0,0,0,0]}],[0],0,[0],[0],[0]],[[{"name":"txk03","rect":[1,316,126,126],"offset":[0,0],"originalSize":[126,126],"capInsets":[0,0,0,0]}],[0],0,[0],[0],[0]],[[{"name":"bg_touxiang","rect":[129,168,86,86],"offset":[0,0],"originalSize":[86,86],"capInsets":[0,0,0,0]}],[0],0,[0],[0],[0]],[[{"name":"bg_oaiming02","rect":[129,342,66,84],"offset":[0,0],"originalSize":[66,84],"rotated":1,"capInsets":[0,0,0,0]}],[0],0,[0],[0],[0]],[[{"name":"bg_chenghao","rect":[1,444,162,46],"offset":[0,0],"originalSize":[162,46],"capInsets":[0,0,0,0]}],[0],0,[0],[0],[0]],[[{"name":"txk02","rect":[110,1,126,126],"offset":[0,0],"originalSize":[126,126],"capInsets":[0,0,0,0]}],[0],0,[0],[0],[0]],[[{"name":"txk01","rect":[1,188,126,126],"offset":[0,0],"originalSize":[126,126],"capInsets":[0,0,0,0]}],[0],0,[0],[0],[0]],[[{"name":"bg_gerenxinxi02","rect":[215,334,26,64],"offset":[0,0],"originalSize":[26,64],"capInsets":[0,0,0,0]}],[0],0,[0],[0],[0]],[[{"name":"word_paiming","rect":[110,129,109,33],"offset":[0,0],"originalSize":[109,33],"capInsets":[0,0,0,0]}],[0],0,[0],[0],[0]],[[{"name":"icon_lupin","rect":[217,164,49,30],"offset":[0,0],"originalSize":[49,30],"rotated":1,"capInsets":[0,0,0,0]}],[0],0,[0],[0],[0]],[[{"name":"bg_oaiming03","rect":[165,410,66,84],"offset":[0,0],"originalSize":[66,84],"capInsets":[0,0,0,0]}],[0],0,[0],[0],[0]],[[{"name":"bg_oaiming05","rect":[1,1,185,107],"offset":[0,0],"originalSize":[185,107],"rotated":1,"capInsets":[0,0,0,0]}],[0],0,[0],[0],[0]],[[{"name":"bg_bt","rect":[198,256,37,76],"offset":[0,0],"originalSize":[37,76],"capInsets":[0,0,0,0]}],[0],0,[0],[0],[0]]]]