[1,["carq/AyBFD0ah9FbDDm22H","49U5JJgPFBOa8w7upHi7/D","34/QfvzgJIzIo8pcGzYfQU","banATpCJNOwr4VURdUBRm0","68x4gnEPhFeZt8cFP/6M2V","b6oB5WclBNv4CPoQQ039sR","30M0WEwtJIp67RLZ/k5wy6","7cXmu1i8RJhaWaA6bIYCfE","c7Q7c/0GBNaaOqH/TJ6BHr","1adgzHSt5AeaRXGL9rwoCq"],["_textureSetter","bg_btn","bg_sctj","btn_back","btn_wxz","btn_xz","qipao","qizhi","qizhi2","word_finish"],["cc.SpriteFrame",["cc.SpriteAtlas",["_name","_spriteFrames"],2,11]],[[1,0,1,2]],[[[{"name":"word_finish","rect":[310,1,325,67],"offset":[0,0],"originalSize":[325,67],"rotated":1,"capInsets":[0,0,0,0]}],[0],0,[0],[0],[0]],[[{"name":"qipao","rect":[317,328,130,111],"offset":[0,0],"originalSize":[130,111],"capInsets":[0,0,0,0]}],[0],0,[0],[0],[0]],[[{"name":"bg_sctj","rect":[1,890,450,77],"offset":[0,0],"originalSize":[450,77],"capInsets":[0,0,0,0]}],[0],0,[0],[0],[0]],[[{"name":"bg_btn","rect":[1,1,750,175],"offset":[0,0],"originalSize":[750,175],"rotated":1,"capInsets":[0,0,0,0]}],[0],0,[0],[0],[0]],[[{"name":"btn_wxz","rect":[178,1,328,130],"offset":[0,0],"originalSize":[328,130],"rotated":1,"capInsets":[0,0,0,0]}],[0],0,[0],[0],[0]],[[{"name":"qizhi","rect":[178,331,182,137],"offset":[0,0],"originalSize":[182,137],"rotated":1,"capInsets":[0,0,0,0]}],[0],0,[0],[0],[0]],[[{"name":"btn_xz","rect":[1,753,329,135],"offset":[0,0],"originalSize":[329,135],"capInsets":[0,0,0,0]}],[0],0,[0],[0],[0]],[[{"name":"btn_back","rect":[332,641,76,76],"offset":[0,0],"originalSize":[76,76],"capInsets":[0,0,0,0]}],[0],0,[0],[0],[0]],[[{"name":"qizhi2","rect":[178,515,177,124],"offset":[0,0],"originalSize":[177,124],"capInsets":[0,0,0,0]}],[0],0,[0],[0],[0]],[[[0,"uiIcons1.plist",[{},"bg_btn",6,0,"bg_sctj",6,1,"btn_back",6,2,"btn_wxz",6,3,"btn_xz",6,4,"qipao",6,5,"qizhi",6,6,"qizhi2",6,7,"word_finish",6,8]]],0,0,[0,0,0,0,0,0,0,0,0],[1,2,3,4,5,6,7,8,9],[1,2,3,4,5,6,7,8,9]]]]