[1,["c5FdW/DK1LHbKuNGoDhs+/"],0,[["sp.SkeletonData",["_name","_atlasText","textureNames","_skeletonJson","textures"],-1,3]],[[0,0,1,2,3,4,5]],[[0,"KaFeiShi_girlA","\nKaFeiShi_girlA.png\nsize: 512,512\nformat: RGBA8888\nfilter: Linear,Linear\nrepeat: none\nV1/body_girlA_V1\n  rotate: true\n  xy: 421, 465\n  size: 45, 61\n  orig: 45, 61\n  offset: 0, 0\n  index: -1\nV1/head_girlA_V1\n  rotate: false\n  xy: 2, 418\n  size: 94, 92\n  orig: 94, 92\n  offset: 0, 0\n  index: -1\nV1/head_girlA_happy_V1\n  rotate: false\n  xy: 2, 324\n  size: 94, 92\n  orig: 94, 92\n  offset: 0, 0\n  index: -1\nV1/youjiao_girlA_V1\n  rotate: true\n  xy: 405, 449\n  size: 14, 28\n  orig: 14, 28\n  offset: 0, 0\n  index: -1\nV1/youshou_girlA_V1\n  rotate: false\n  xy: 24, 74\n  size: 14, 44\n  orig: 14, 44\n  offset: 0, 0\n  index: -1\nV1/zuojiao_girlA_V1\n  rotate: true\n  xy: 435, 449\n  size: 14, 28\n  orig: 14, 28\n  offset: 0, 0\n  index: -1\nV1/zuoshou_girlA_V1\n  rotate: false\n  xy: 44, 2\n  size: 14, 44\n  orig: 14, 44\n  offset: 0, 0\n  index: -1\nbody_girlA\n  rotate: false\n  xy: 38, 163\n  size: 43, 66\n  orig: 43, 66\n  offset: 0, 0\n  index: -1\nhair_girlA\n  rotate: true\n  xy: 179, 457\n  size: 53, 105\n  orig: 53, 105\n  offset: 0, 0\n  index: -1\nhanshui\n  rotate: true\n  xy: 2, 120\n  size: 109, 34\n  orig: 109, 34\n  offset: 0, 0\n  index: -1\nhead_girlA\n  rotate: false\n  xy: 2, 231\n  size: 79, 91\n  orig: 79, 91\n  offset: 0, 0\n  index: -1\nhead_girlA_happy\n  rotate: false\n  xy: 98, 419\n  size: 79, 91\n  orig: 79, 91\n  offset: 0, 0\n  index: -1\nkafei-JiQi\n  rotate: false\n  xy: 98, 346\n  size: 68, 71\n  orig: 68, 71\n  offset: 0, 0\n  index: -1\nline1\n  rotate: false\n  xy: 98, 326\n  size: 53, 18\n  orig: 53, 18\n  offset: 0, 0\n  index: -1\nline2\n  rotate: true\n  xy: 2, 2\n  size: 44, 40\n  orig: 44, 40\n  offset: 0, 0\n  index: -1\nline3\n  rotate: false\n  xy: 353, 453\n  size: 50, 10\n  orig: 50, 10\n  offset: 0, 0\n  index: -1\nline4\n  rotate: false\n  xy: 353, 465\n  size: 66, 45\n  orig: 66, 45\n  offset: 0, 0\n  index: -1\nline5\n  rotate: false\n  xy: 255, 427\n  size: 20, 28\n  orig: 20, 28\n  offset: 0, 0\n  index: -1\nline6\n  rotate: false\n  xy: 2, 48\n  size: 20, 70\n  orig: 20, 70\n  offset: 0, 0\n  index: -1\nline7\n  rotate: false\n  xy: 83, 244\n  size: 12, 78\n  orig: 12, 78\n  offset: 0, 0\n  index: -1\npeper1\n  rotate: true\n  xy: 153, 327\n  size: 17, 11\n  orig: 17, 11\n  offset: 0, 0\n  index: -1\npeper2\n  rotate: true\n  xy: 286, 453\n  size: 57, 65\n  orig: 57, 65\n  offset: 0, 0\n  index: -1\npeper3\n  rotate: true\n  xy: 168, 406\n  size: 11, 9\n  orig: 11, 9\n  offset: 0, 0\n  index: -1\npeper4\n  rotate: true\n  xy: 24, 48\n  size: 24, 27\n  orig: 24, 27\n  offset: 0, 0\n  index: -1\npeper5\n  rotate: false\n  xy: 168, 348\n  size: 9, 8\n  orig: 9, 8\n  offset: 0, 0\n  index: -1\npeper6\n  rotate: true\n  xy: 38, 121\n  size: 40, 45\n  orig: 40, 45\n  offset: 0, 0\n  index: -1\nstar\n  rotate: false\n  xy: 222, 425\n  size: 31, 30\n  orig: 31, 30\n  offset: 0, 0\n  index: -1\nstar2\n  rotate: false\n  xy: 179, 414\n  size: 41, 41\n  orig: 41, 41\n  offset: 0, 0\n  index: -1\nstar3\n  rotate: false\n  xy: 58, 97\n  size: 22, 22\n  orig: 22, 22\n  offset: 0, 0\n  index: -1\nstar4\n  rotate: false\n  xy: 58, 77\n  size: 18, 18\n  orig: 18, 18\n  offset: 0, 0\n  index: -1\nyoujiao\n  rotate: false\n  xy: 83, 214\n  size: 15, 28\n  orig: 15, 28\n  offset: 0, 0\n  index: -1\nyoushou\n  rotate: false\n  xy: 40, 76\n  size: 16, 43\n  orig: 16, 43\n  offset: 0, 0\n  index: -1\nyouyan_girlA\n  rotate: false\n  xy: 222, 413\n  size: 12, 10\n  orig: 12, 10\n  offset: 0, 0\n  index: -1\nyouyan_girl_closed\n  rotate: true\n  xy: 504, 494\n  size: 16, 6\n  orig: 16, 6\n  offset: 0, 0\n  index: -1\nyouyan_happy\n  rotate: false\n  xy: 83, 170\n  size: 13, 12\n  orig: 13, 12\n  offset: 0, 0\n  index: -1\nyouyan_jingya\n  rotate: false\n  xy: 236, 411\n  size: 12, 12\n  orig: 12, 12\n  offset: 0, 0\n  index: -1\nzui_girl_happy\n  rotate: false\n  xy: 168, 368\n  size: 12, 8\n  orig: 12, 8\n  offset: 0, 0\n  index: -1\nzui_jingya\n  rotate: false\n  xy: 168, 358\n  size: 11, 8\n  orig: 11, 8\n  offset: 0, 0\n  index: -1\nzuojiao\n  rotate: false\n  xy: 83, 184\n  size: 14, 28\n  orig: 14, 28\n  offset: 0, 0\n  index: -1\nzuoshou\n  rotate: false\n  xy: 484, 467\n  size: 18, 43\n  orig: 18, 43\n  offset: 0, 0\n  index: -1\nzuoyan_girlA\n  rotate: true\n  xy: 168, 392\n  size: 12, 10\n  orig: 12, 10\n  offset: 0, 0\n  index: -1\nzuoyan_girl_closed\n  rotate: true\n  xy: 504, 476\n  size: 16, 6\n  orig: 16, 6\n  offset: 0, 0\n  index: -1\nzuoyan_happy\n  rotate: false\n  xy: 465, 451\n  size: 13, 12\n  orig: 13, 12\n  offset: 0, 0\n  index: -1\nzuoyan_jingya\n  rotate: false\n  xy: 168, 378\n  size: 12, 12\n  orig: 12, 12\n  offset: 0, 0\n  index: -1\n",["KaFeiShi_girlA.png"],{"skeleton":{"hash":"IjXk0MxrHMI39aL3cU1NdgBBwFo","spine":"3.3.07","width":269.35,"height":221.18,"images":"./images/"},"bones":[{"name":"root"},{"name":"body_girlA","parent":"root","length":23,"rotation":90,"x":-3.1,"y":34.15},{"name":"body_girlA1","parent":"body_girlA","length":26,"x":23,"inheritScale":false},{"name":"head_girlA_happy","parent":"body_girlA1","length":70,"x":31.45,"y":-0.2},{"name":"hair_girlA_happy","parent":"head_girlA_happy","length":23,"rotation":-145.6,"x":67.55,"y":-11.2},{"name":"hair_girlA_happy1","parent":"hair_girlA_happy","length":30,"rotation":-26.96,"x":24.1,"y":-1.17},{"name":"hair_girlA_happy2","parent":"hair_girlA_happy1","length":39,"rotation":-1.11,"x":31.25,"y":-0.09},{"name":"hanshui","parent":"root","x":105.55,"y":16.6},{"name":"line1","parent":"root","x":59.6,"y":105.45},{"name":"line2","parent":"root","x":47.9,"y":130.05},{"name":"line3","parent":"root","x":-55.05,"y":89.95},{"name":"line4","parent":"root","x":-59,"y":122.2},{"name":"line5","parent":"root","x":-24.25,"y":153.55},{"name":"line6","parent":"root","x":-12.35,"y":171.45},{"name":"line7","parent":"root","x":5.05,"y":182.9},{"name":"peper1","parent":"root","x":82.55,"y":121.95},{"name":"peper2","parent":"root","x":-79.94,"y":153.2},{"name":"peper3","parent":"root","x":92.15,"y":152.2},{"name":"peper4","parent":"root","x":-50.4,"y":171},{"name":"peper5","parent":"root","x":-55.05,"y":138.95},{"name":"peper6","parent":"root","x":45.4,"y":162.25},{"name":"star","parent":"root","x":-47.2,"y":93.85},{"name":"star2","parent":"root","x":57.35,"y":136.35},{"name":"star3","parent":"root","x":41.9,"y":85.65},{"name":"star4","parent":"root","x":-32.4,"y":148.64},{"name":"youjiao","parent":"body_girlA","length":17,"rotation":-179.2,"x":-6.8,"y":5.45,"inheritScale":false},{"name":"youshou","parent":"body_girlA1","length":17,"rotation":159.42,"x":21.85,"y":12.75,"inheritScale":false},{"name":"youshou1","parent":"youshou","length":18,"rotation":18.18,"x":18.59,"y":0.83},{"name":"zuojiao","parent":"body_girlA","length":18,"rotation":-180,"x":-6.8,"y":-8.64,"inheritScale":false},{"name":"zuoshou","parent":"body_girlA1","length":17,"rotation":-157.51,"x":19.65,"y":-13.6,"inheritScale":false},{"name":"zuoshou1","parent":"zuoshou","length":16,"rotation":-17.47,"x":18.12,"y":-0.52}],"slots":[{"name":"youjiao","bone":"youjiao","attachment":"youjiao"},{"name":"zuojiao","bone":"zuojiao","attachment":"zuojiao"},{"name":"hair_girlA_happy","bone":"hair_girlA_happy","attachment":"hair_girlA_happy"},{"name":"body_girlA","bone":"body_girlA","attachment":"body_girlA"},{"name":"head_girlA_happy","bone":"head_girlA_happy","attachment":"head_girlA_happy"},{"name":"head_girlA","bone":"head_girlA_happy","attachment":"head_girlA"},{"name":"youshou","bone":"youshou","attachment":"youshou"},{"name":"zuoshou","bone":"zuoshou","attachment":"zuoshou"},{"name":"zuoyan_happy","bone":"head_girlA_happy","attachment":"KaFeiShi/zuoyan_happy"},{"name":"zui_girl_happy","bone":"head_girlA_happy","attachment":"KaFeiShi/zui_girl_happy"},{"name":"youyan_happy","bone":"head_girlA_happy","attachment":"KaFeiShi/youyan_happy"},{"name":"star","bone":"star","attachment":"KaFeiShi/star"},{"name":"star2","bone":"star2","attachment":"KaFeiShi/star2"},{"name":"star3","bone":"star3","attachment":"KaFeiShi/star3"},{"name":"star4","bone":"star4","attachment":"KaFeiShi/star4"},{"name":"peper6","bone":"peper6","attachment":"KaFeiShi/peper6"},{"name":"peper5","bone":"peper5","attachment":"KaFeiShi/peper5"},{"name":"peper4","bone":"peper4","attachment":"KaFeiShi/peper4"},{"name":"peper3","bone":"peper3","attachment":"KaFeiShi/peper3"},{"name":"peper2","bone":"peper2","attachment":"KaFeiShi/peper2"},{"name":"peper1","bone":"peper1","attachment":"KaFeiShi/peper1"},{"name":"line1","bone":"line1","attachment":"KaFeiShi/line1"},{"name":"line2","bone":"line2","attachment":"KaFeiShi/line2"},{"name":"line3","bone":"line3","attachment":"KaFeiShi/line3"},{"name":"line4","bone":"line4","attachment":"KaFeiShi/line4"},{"name":"line5","bone":"line5","attachment":"KaFeiShi/line5"},{"name":"line6","bone":"line6","attachment":"KaFeiShi/line6"},{"name":"line7","bone":"line7","attachment":"KaFeiShi/line7"},{"name":"kafei-JiQi","bone":"root","attachment":"KaFeiShi/kafei-JiQi"},{"name":"hanshui","bone":"hanshui","attachment":"KaFeiShi_V1/hanshui"},{"name":"youyan_girlA","bone":"head_girlA_happy","attachment":"KaFeiShi_V1/youyan_girlA"},{"name":"zuoyan_girlA","bone":"head_girlA_happy","attachment":"KaFeiShi_V1/zuoyan_girlA"},{"name":"youyan_girl_closed","bone":"head_girlA_happy","attachment":"KaFeiShi_V1/youyan_girl_closed"},{"name":"zuoyan_girl_closed","bone":"head_girlA_happy","attachment":"KaFeiShi_V1/zuoyan_girl_closed"},{"name":"youyan_jingya","bone":"head_girlA_happy","attachment":"KaFeiShi_V1/youyan_jingya"},{"name":"zuoyan_jingya","bone":"head_girlA_happy","attachment":"KaFeiShi_V1/zuoyan_jingya"},{"name":"zui_jingya","bone":"head_girlA_happy","attachment":"KaFeiShi_V1/zui_jingya"}],"skins":{"default":{"hanshui":{"KaFeiShi_V1/hanshui":{"path":"hanshui","x":-1.71,"y":-0.01,"width":109,"height":34}},"kafei-JiQi":{"KaFeiShi/kafei-JiQi":{"path":"kafei-JiQi","x":-3.86,"y":34.93,"rotation":-0.27,"width":68,"height":71}},"line1":{"KaFeiShi/line1":{"path":"line1","x":-2.96,"y":-0.02,"rotation":-0.27,"width":53,"height":18}},"line2":{"KaFeiShi/line2":{"path":"line2","x":0.24,"y":-1.62,"rotation":-0.27,"width":44,"height":40}},"line3":{"KaFeiShi/line3":{"path":"line3","x":3.19,"y":-0.52,"rotation":-0.27,"width":50,"height":10}},"line4":{"KaFeiShi/line4":{"path":"line4","x":0.14,"y":-1.27,"rotation":-0.27,"width":66,"height":45}},"line5":{"KaFeiShi/line5":{"path":"line5","x":0.39,"y":-0.12,"rotation":-0.27,"width":20,"height":28}},"line6":{"KaFeiShi/line6":{"path":"line6","x":1.49,"y":-6.02,"rotation":-0.27,"width":20,"height":70}},"line7":{"KaFeiShi/line7":{"path":"line7","x":1.09,"y":-1.47,"rotation":-0.27,"width":12,"height":78}},"peper1":{"KaFeiShi/peper1":{"path":"peper1","x":-0.91,"y":-0.02,"rotation":-0.27,"width":17,"height":11}},"peper2":{"KaFeiShi/peper2":{"path":"peper2","x":-2.41,"y":-8.27,"rotation":-0.27,"width":57,"height":65}},"peper3":{"KaFeiShi/peper3":{"path":"peper3","x":-1.51,"y":1.73,"rotation":-0.27,"width":11,"height":9}},"peper4":{"KaFeiShi/peper4":{"path":"peper4","x":-0.46,"y":3.93,"rotation":-0.27,"width":24,"height":27}},"peper5":{"KaFeiShi/peper5":{"path":"peper5","x":-0.31,"y":-1.52,"rotation":-0.27,"width":9,"height":8}},"peper6":{"KaFeiShi/peper6":{"path":"peper6","x":4.73,"y":2.68,"rotation":-0.27,"width":40,"height":45}},"star":{"KaFeiShi/star":{"path":"star","x":0.84,"y":-0.42,"rotation":-0.27,"width":31,"height":30}},"star2":{"KaFeiShi/star2":{"path":"star2","x":0.29,"y":-1.42,"rotation":-0.27,"width":41,"height":41}},"star3":{"KaFeiShi/star3":{"path":"star3","x":0.24,"y":-0.22,"rotation":-0.27,"width":22,"height":22}},"star4":{"KaFeiShi/star4":{"path":"star4","x":1.54,"y":-1.22,"rotation":-0.27,"width":18,"height":18}},"youyan_girlA":{"KaFeiShi_V1/youyan_girlA":{"path":"youyan_girlA","x":24.7,"y":10.86,"rotation":-90,"width":12,"height":10}},"youyan_girl_closed":{"KaFeiShi_V1/youyan_girl_closed":{"path":"youyan_girl_closed","x":24.47,"y":12.18,"rotation":-90,"width":16,"height":6}},"youyan_happy":{"KaFeiShi/youyan_happy":{"path":"youyan_happy","x":24.83,"y":12.46,"rotation":-90.27,"width":13,"height":12}},"youyan_jingya":{"KaFeiShi_V1/youyan_jingya":{"path":"youyan_jingya","x":24.7,"y":11.78,"rotation":-90,"width":12,"height":12}},"zui_girl_happy":{"KaFeiShi/zui_girl_happy":{"path":"zui_girl_happy","x":10.83,"y":-0.04,"rotation":-90.27,"width":12,"height":8}},"zui_jingya":{"KaFeiShi_V1/zui_jingya":{"path":"zui_jingya","x":11.01,"y":-0.06,"rotation":-89.89,"width":11,"height":8}},"zuoyan_girlA":{"KaFeiShi_V1/zuoyan_girlA":{"path":"zuoyan_girlA","x":24.88,"y":-10.75,"rotation":-90,"width":12,"height":10}},"zuoyan_girl_closed":{"KaFeiShi_V1/zuoyan_girl_closed":{"path":"zuoyan_girl_closed","x":25,"y":-12.47,"rotation":-90,"width":16,"height":6}},"zuoyan_happy":{"KaFeiShi/zuoyan_happy":{"path":"zuoyan_happy","x":24.83,"y":-11.54,"rotation":-90.27,"width":13,"height":12}},"zuoyan_jingya":{"KaFeiShi_V1/zuoyan_jingya":{"path":"zuoyan_jingya","x":24.93,"y":-11.21,"rotation":-90,"width":12,"height":12}}},"V0":{"body_girlA":{"body_girlA":{"name":"KaFeiShi/body_girlA","type":"mesh","path":"body_girlA","hull":10,"width":43,"height":66,"uvs":[0.02325,0.01515,0.97674,0.01515,0.02325,0.98484,0.97674,0.98484,0.02325,0.53105,0.97674,0.53105,0.02325,0.45455,0.97674,0.45681,0.02325,0.60529,0.97674,0.60909],"triangles":[2,3,9,8,2,9,8,9,5,4,8,5,6,4,7,6,7,1,0,6,1,7,4,5],"vertices":[1,2,33.37,18.61,1,1,2,33.18,-22.38,1,1,1,-7.62,18.91,1,1,1,-7.81,-22.09,1,2,2,-0.67,18.77,0.49967,1,22.33,18.77,0.50032,2,2,-0.86,-22.23,0.49962,1,22.14,-22.23,0.50037,2,2,4.38,18.75,0.51325,1,27.38,18.75,0.48674,2,2,4.04,-22.25,0.50809,1,27.04,-22.25,0.49191,2,2,-5.57,18.79,0.47893,1,17.43,18.79,0.52106,2,2,-6.01,-22.2,0.4823,1,16.99,-22.2,0.51769],"edges":[0,2,2,14,4,6,4,16,6,18,8,12,8,16,10,14,10,18,12,0]}},"hair_girlA_happy":{"hair_girlA_happy":{"name":"KaFeiShi/hair_girlA","type":"mesh","path":"hair_girlA","hull":16,"width":53,"height":105,"uvs":[0.01886,0.00952,0.98113,0.00952,0.01886,0.99047,0.98113,0.99047,0.01886,0.67143,0.98113,0.60476,0.01886,0.36666,0.98113,0.25332,0.01886,0.27094,0.98113,0.14619,0.01886,0.41476,0.98113,0.31618,0.01886,0.60809,0.98113,0.53618,0.01886,0.73619,0.98113,0.67285],"triangles":[12,5,13,14,2,3,5,12,15,12,4,15,4,14,15,14,3,15,6,10,11,11,10,13,10,12,13,8,6,11,0,8,9,0,9,1,9,8,7,8,11,7],"vertices":[1,4,-11.37,-1.55,1,2,4,17.82,40.28,0.94,5,-24.4,34.09,0.06,1,6,39.9,-29.8,1,1,6,45.97,20.84,1,3,4,45.63,-41.32,0.13581,5,37.39,-26.02,0.41179,6,6.64,-25.81,0.45239,3,4,69.07,4.51,0.13702,5,37.5,25.46,0.417,6,5.76,25.66,0.44597,3,4,19.37,-23.01,0.43,5,5.69,-21.61,0.52,6,-25.13,-22.01,0.05,3,4,38.81,25.63,0.51,5,0.96,30.55,0.46,6,-30.88,30.05,0.03,2,4,11.14,-17.26,0.82,5,-4.26,-20.20999,0.18,2,4,29.59,32.06,0.84,5,-10.18,32.11,0.16,3,4,23.52,-25.9,0.35,5,10.7,-22.3,0.49,6,-20.12,-22.6,0.16,3,4,44.22,21.85,0.38,5,7.49,29.64,0.44,6,-24.33,29.26,0.18,3,4,40.16,-37.5,0.15583,5,30.8,-25.1,0.4204,6,0.04,-25.02,0.42375,3,4,63.17,8.62,0.17221,5,30.37,26.45,0.41549,6,-1.39,26.51,0.41229,3,4,51.2,-45.22,0.12389,5,44.12,-26.97,0.37966,6,13.39,-26.62,0.49643,3,4,74.93,0.41,0.11483,5,44.59,24.46,0.38184,6,12.86,24.81,0.50331],"edges":[0,2,2,18,4,6,4,28,6,30,8,24,8,28,10,26,10,30,12,16,12,20,14,18,14,22,20,24,22,26,16,0]}},"head_girlA":{"head_girlA":{"name":"KaFeiShi_head/head_girlA","path":"head_girlA","x":28.44,"y":2.41,"rotation":-90,"width":79,"height":91}},"head_girlA_happy":{"head_girlA_happy":{"name":"KaFeiShi/head_girlA","path":"head_girlA_happy","x":28.44,"y":2.41,"rotation":-90,"width":79,"height":91}},"youjiao":{"youjiao":{"name":"KaFeiShi/youjiao","path":"youjiao","x":5.92,"y":0.1,"rotation":88.94,"width":15,"height":28}},"youshou":{"youshou":{"name":"KaFeiShi/youshou","type":"mesh","path":"youshou","hull":11,"width":16,"height":43,"uvs":[0.0625,0.02325,0.9375,0.02325,0.0625,0.97674,0.9375,0.97674,0.0625,0.48488,0.9375,0.55349,0.0625,0.41976,0.9375,0.46395,0.0625,0.54651,0.9375,0.61046,0.9375,0.26271],"triangles":[8,2,9,9,2,3,8,9,5,4,8,5,0,10,1,0,6,10,6,4,7,10,6,7,7,4,5],"vertices":[1,26,-0.69,-10.85,1,1,2,26.25,8.67,1,1,27,19.01,-3.57,1,1,27,18.48,10.42,1,2,26,17.93,-3.96,0.5865,27,-2.13,-4.35,0.41349,2,26,15.83,10.18,0.47779,27,0.29,9.75,0.5222,2,26,15.3,-4.94,0.92,27,-4.92,-4.46,0.08,2,26,12.22,8.85,0.85,27,-3.55,9.6,0.15,2,26,20.41,-3.04,0.08,27,0.52,-4.25,0.92,2,26,18.12,11.03,0.06,27,2.74,9.83,0.94,1,2,15.95,8.72,1],"edges":[0,2,2,20,4,6,4,16,6,18,8,12,8,16,10,14,10,18,14,20,12,0]}},"zuojiao":{"zuojiao":{"name":"KaFeiShi/zuojiao","path":"zuojiao","x":5.92,"y":-0.4,"rotation":89.73,"width":14,"height":28}},"zuoshou":{"zuoshou":{"name":"KaFeiShi/zuoshou","type":"mesh","path":"zuoshou","hull":11,"width":18,"height":43,"uvs":[0.05555,0.02325,0.94444,0.02325,0.05555,0.97674,0.94444,0.97674,0.94444,0.48372,0.05555,0.57209,0.94444,0.4186,0.05555,0.51278,0.05555,0.62442,0.94444,0.53953,0.05555,0.26663],"triangles":[8,2,3,5,8,9,8,3,9,10,7,6,7,5,9,10,6,1,7,9,4,6,7,4,0,10,1],"vertices":[1,2,26.32,-9.33,1,1,29,-1.6,13.36,1,1,30,16.36,-12.39,1,1,30,17.84,3.55,1,2,29,16.66,5.7,0.5572,30,-3.27,5.5,0.44279,2,29,13.97,-10.52,0.51437,30,-0.97,-10.79,0.48561,2,29,14.07,6.78,0.92,30,-6.06,5.75,0.08,2,29,11.62,-9.54,0.89,30,-3.5,-10.55,0.11,2,29,16.04,-11.39,0.06,30,1.28,-10.99,0.94,2,29,18.87,4.78,0.11,30,-0.88,5.28,0.89,1,2,15.85,-9.28,1],"edges":[0,2,2,12,4,6,4,16,6,18,8,12,8,18,10,14,10,16,14,20,20,0]}}},"V1":{"body_girlA":{"body_girlA":{"name":"V1/body_girlA_V1","type":"mesh","hull":12,"width":45,"height":61,"uvs":[1,0.14997,1,0.33036,1,0.56015,1,0.78135,1,1,0,1,0,0.7792,0,0.56659,0,0.32177,0,0.14568,0,0,1,0],"triangles":[2,7,1,7,8,1,8,0,1,8,9,0,9,11,0,9,10,11,5,3,4,5,6,3,3,7,2,3,6,7],"vertices":[2,1,48.51,-24.23,0.03013,2,25.51,-24.23,0.96986,2,1,37.5,-24.23,0.16768,2,14.5,-24.23,0.83231,2,1,23.49,-24.23,0.49818,2,0.49,-24.23,0.50181,2,1,9.99,-24.23,0.82747,2,-13,-24.23,0.17252,2,1,-3.33,-24.23,0.9643,2,-26.33,-24.23,0.03568,2,1,-3.33,20.76,0.97053,2,-26.33,20.76,0.02946,2,1,10.12,20.76,0.8232,2,-12.87,20.76,0.17679,2,1,23.09,20.76,0.48708,2,0.09,20.76,0.51291,2,1,38.03,20.76,0.16024,2,15.03,20.76,0.83974,2,1,48.77,20.76,0.01436,2,25.77,20.76,0.98563,1,2,34.66,20.76,1,2,1,57.66,-24.23,0.00362,2,34.66,-24.23,0.99637],"edges":[8,10,20,22,14,4,10,12,12,14,4,6,6,8,12,6,14,16,4,2,16,2,16,18,18,20,2,0,0,22,18,0]}},"head_girlA":{"head_girlA":{"name":"V1/head_girlA_V1","x":41.98,"y":-0.45,"rotation":-90,"width":94,"height":92}},"head_girlA_happy":{"head_girlA_happy":{"name":"V1/head_girlA_happy_V1","x":41.4,"y":-0.17,"rotation":-90,"width":94,"height":92}},"youjiao":{"youjiao":{"name":"V1/youjiao_girlA_V1","type":"mesh","hull":14,"width":14,"height":28,"uvs":[1,0.08898,1,0.16587,1,0.25985,1,0.46776,1,0.61016,1,1,0,1,0,0.61222,0,0.47561,0,0.25637,0,0.1653,0,0.09418,0,0,1,0],"triangles":[9,2,3,8,9,3,8,3,4,7,8,4,5,6,7,5,7,4,9,10,1,12,13,0,11,12,0,1,11,0,1,10,11,9,1,2],"vertices":[2,1,-1.24,-1.78,0.87,25,-5.45,7.31,0.13,2,1,-3.39,-1.77,0.79,25,-3.3,7.27,0.21,2,1,-6.02,-1.76,0.34,25,-0.67,7.22,0.66,2,1,-11.84,-1.73,0.1,25,5.14,7.11,0.9,2,1,-15.83,-1.71,0.00283,25,9.13,7.04,0.99716,1,25,20.04,6.83,1,1,25,19.78,-7.15,1,1,25,8.93,-6.95,1,2,1,-12,12.26,0.1,25,5.1,-6.88,0.9,2,1,-5.86,12.23,0.66,25,-1.02,-6.77,0.33999,2,1,-3.31,12.22,0.88,25,-3.57,-6.72,0.12,1,1,-1.32,12.21,1,1,1,1.30999,12.2,1,1,1,1.24,-1.79,1],"edges":[10,12,24,26,22,24,0,26,22,0,18,4,18,20,20,22,0,2,2,4,20,2,16,18,4,6,16,6,12,14,14,16,6,8,8,10,14,8]}},"youshou":{"youshou":{"name":"V1/youshou_girlA_V1","type":"mesh","hull":22,"width":14,"height":44,"uvs":[1,0.0817,1,0.14211,1,0.24125,1,0.32373,1,0.42806,1,0.54404,1,0.66806,1,0.77627,1,0.89306,1,1,0,1,0,0.89306,0,0.77627,0,0.66261,0,0.54404,0,0.43488,0,0.31479,0,0.23306,0,0.14509,0,0.07352,0,0,1,0],"triangles":[13,5,6,13,14,5,12,6,7,11,12,7,11,7,8,10,11,8,10,8,9,12,13,6,5,14,15,5,15,4,19,20,21,19,21,0,18,19,0,1,18,0,17,18,1,17,1,2,16,17,2,16,2,3,15,16,3,4,15,3],"vertices":[2,26,-3.84,2.33,0.88097,2,24.63,9.21,0.11902,2,26,-1.35,3.26,0.99354,27,-18.19,8.53,0.00645,2,26,2.72,4.79,0.99706,27,-13.83,8.71,0.00293,2,26,6.12,6.07,0.80608,27,-10.21,8.85999,0.19391,2,26,10.41,7.68,0.64999,27,-5.62,9.05,0.35,2,26,15.19,9.47999,0.39,27,-0.52,9.27,0.61,2,26,20.29999,11.39,0.24,27,4.92,9.49,0.76,2,26,24.76,13.07,0.04,27,9.68,9.68999,0.96,1,27,14.81,9.91,1,2,26,33.97,16.53,0,27,19.51,10.1,0.99999,2,26,38.89,3.42,0,27,20.1,-3.88,0.99999,1,27,15.39,-4.07,1,2,26,29.68,-0.03,0.04,27,10.26,-4.29,0.96,2,26,25,-1.79,0.19,27,5.26,-4.48999,0.81,2,26,20.11,-3.62,0.45,27,0.05,-4.71,0.55,2,26,15.62,-5.31,0.86,27,-4.73999,-4.91,0.13999,2,26,10.67,-7.17,0.8717,27,-10.02,-5.13,0.12829,2,26,7.3,-8.43,0.93349,27,-13.61,-5.28,0.0665,2,26,3.68,-9.79,0.9,2,21.84,23.21,0.1,2,26,0.73,-10.9,0.94932,2,24.99,23.21,0.05067,2,26,-2.29,-12.03,0.72,2,28.22,23.21,0.27998,2,26,-7.21,1.05999,0.48,2,28.22,9.21,0.52],"edges":[18,20,40,42,28,10,24,14,32,6,36,2,28,30,30,32,6,8,8,10,30,8,24,26,26,28,10,12,12,14,26,12,20,22,22,24,14,16,16,18,22,16,32,34,34,36,2,4,4,6,34,4,36,38,38,40,2,0,0,42,38,0]}},"zuojiao":{"zuojiao":{"name":"V1/zuojiao_girlA_V1","type":"mesh","hull":10,"width":14,"height":28,"uvs":[1,0.09846,1,0.27982,1,0.51127,1,1,0,1,0,0.52243,0,0.29111,0,0.10076,0,0,1,0],"triangles":[6,7,1,7,0,1,7,8,0,8,9,0,3,5,2,3,4,5,5,6,2,6,1,2],"vertices":[1,1,-1.51,-15.29,1,2,28,-0.21,6.61,0.57,1,-6.58,-15.26,0.43,2,28,6.26,6.58,0.85,1,-13.06,-15.23,0.15,1,28,19.95,6.52,1,1,28,19.87999,-7.47,1,1,28,6.51,-7.41,1,2,28,0.03,-7.38,0.57,1,-6.83,-1.26,0.43,1,1,-1.5,-1.29,1,1,1,1.30999,-1.29999,1,1,1,1.24,-15.3,1],"edges":[6,8,16,18,14,16,0,18,14,0,12,14,0,2,12,2,8,10,10,12,2,4,4,6,10,4]}},"zuoshou":{"zuoshou":{"name":"V1/zuoshou_girlA_V1","type":"mesh","hull":12,"width":14,"height":44,"uvs":[1,0.20977,1,0.3884,1,0.60872,1,0.79926,1,1,0,1,0,0.78735,0,0.60872,0,0.3884,0,0.20083,0,0,1,0],"triangles":[9,10,11,5,3,4,5,6,3,6,2,3,6,7,2,7,1,2,7,8,1,8,0,1,8,9,0,9,11,0],"vertices":[1,29,4.19999,10.41,1,2,29,11.46,7.41,0.82285,30,-8.72999,5.56,0.17714,2,29,20.42,3.7,0.37789,30,0.92,4.71999,0.6221,2,29,28.17,0.49,0.07655,30,9.27,3.99,0.92344,2,29,36.33,-2.87,0,30,18.07,3.22,0.99999,2,29,30.97,-15.81,0,30,16.85,-10.72,0.99999,2,29,22.33,-12.23,0.05133,30,7.52,-9.89999,0.94866,2,29,15.07,-9.22,0.37418,30,-0.3,-9.22,0.62581,2,29,6.11,-5.52,0.79763,30,-9.95,-8.37,0.20236,1,2,20.14,-10.83,1,2,29,-9.67,1.01,0.27,2,28.97,-10.83,0.73,2,29,-4.32,13.94,0.73,2,28.97,-24.83,0.26999],"edges":[8,10,20,22,14,4,10,12,12,14,4,6,6,8,12,6,14,16,4,2,16,2,16,18,18,20,2,0,0,22,18,0]}}}},"animations":{"cooking":{"slots":{"hanshui":{"color":[{"time":0,"color":"ffffff00"}]},"head_girlA":{"color":[{"time":0,"color":"ffffffff"}]},"head_girlA_happy":{"color":[{"time":0,"color":"ffffff00"}]},"line1":{"color":[{"time":0,"color":"ffffff00"}]},"line2":{"color":[{"time":0,"color":"ffffff00"}]},"line3":{"color":[{"time":0,"color":"ffffff00"}]},"line4":{"color":[{"time":0,"color":"ffffff00"}]},"line5":{"color":[{"time":0,"color":"ffffff00"}]},"line6":{"color":[{"time":0,"color":"ffffff00"}]},"line7":{"color":[{"time":0,"color":"ffffff00"}]},"peper1":{"color":[{"time":0,"color":"ffffff00"}]},"peper2":{"color":[{"time":0,"color":"ffffff00"}]},"peper3":{"color":[{"time":0,"color":"ffffff00"}]},"peper4":{"color":[{"time":0,"color":"ffffff00"}]},"peper5":{"color":[{"time":0,"color":"ffffff00"}]},"peper6":{"color":[{"time":0,"color":"ffffff00"}]},"star":{"color":[{"time":0,"color":"ffffff00"}]},"star2":{"color":[{"time":0,"color":"ffffff00"}]},"star3":{"color":[{"time":0,"color":"ffffff00"}]},"star4":{"color":[{"time":0,"color":"ffffff00"}]},"youyan_girlA":{"color":[{"time":0,"color":"ffffffff","curve":"stepped"},{"time":0.8333,"color":"ffffffff"},{"time":0.8666,"color":"ffffff00","curve":"stepped"},{"time":0.9666,"color":"ffffff00"},{"time":1.0333,"color":"ffffffff"}]},"youyan_girl_closed":{"color":[{"time":0,"color":"ffffff00","curve":"stepped"},{"time":0.8333,"color":"ffffff00"},{"time":0.8666,"color":"ffffffff","curve":"stepped"},{"time":0.9666,"color":"ffffffff"},{"time":1.0333,"color":"ffffff00"}]},"youyan_happy":{"color":[{"time":0,"color":"ffffff00"}]},"youyan_jingya":{"color":[{"time":0,"color":"ffffff00"}]},"zui_girl_happy":{"color":[{"time":0,"color":"ffffff00"}]},"zui_jingya":{"color":[{"time":0,"color":"ffffff00"}]},"zuoyan_girlA":{"color":[{"time":0,"color":"ffffffff","curve":"stepped"},{"time":0.8333,"color":"ffffffff"},{"time":0.8666,"color":"ffffff00","curve":"stepped"},{"time":0.9666,"color":"ffffff00"},{"time":1.0333,"color":"ffffffff"}]},"zuoyan_girl_closed":{"color":[{"time":0,"color":"ffffff00","curve":"stepped"},{"time":0.8333,"color":"ffffff00"},{"time":0.8666,"color":"ffffffff","curve":"stepped"},{"time":0.9666,"color":"ffffffff"},{"time":1.0333,"color":"ffffff00"}]},"zuoyan_happy":{"color":[{"time":0,"color":"ffffff00"}]},"zuoyan_jingya":{"color":[{"time":0,"color":"ffffff00"}]}},"bones":{"head_girlA_happy":{"rotate":[{"time":0,"angle":0},{"time":0.3,"angle":3.3},{"time":0.8333,"angle":-7.08},{"time":1.2666,"angle":0}],"translate":[{"time":0,"x":0,"y":0,"curve":"stepped"},{"time":0.3,"x":0,"y":0,"curve":"stepped"},{"time":0.8333,"x":0,"y":0,"curve":"stepped"},{"time":1.2666,"x":0,"y":0}]},"body_girlA":{"rotate":[{"time":0,"angle":0},{"time":0.4333,"angle":4.73},{"time":0.8333,"angle":-0.95},{"time":1.2666,"angle":0}],"translate":[{"time":0,"x":0,"y":0,"curve":"stepped"},{"time":0.4333,"x":0,"y":0,"curve":"stepped"},{"time":0.8333,"x":0,"y":0,"curve":"stepped"},{"time":1.2666,"x":0,"y":0}]},"body_girlA1":{"rotate":[{"time":0,"angle":0},{"time":0.4333,"angle":-10.29},{"time":0.8333,"angle":5.82},{"time":1.2666,"angle":0}],"translate":[{"time":0,"x":0,"y":0,"curve":"stepped"},{"time":0.4333,"x":0,"y":0,"curve":"stepped"},{"time":0.8333,"x":0,"y":0,"curve":"stepped"},{"time":1.2666,"x":0,"y":0}]},"hair_girlA_happy":{"rotate":[{"time":0,"angle":0},{"time":0.3,"angle":0.14},{"time":0.5,"angle":4.25},{"time":0.8333,"angle":6.55},{"time":1.2666,"angle":0}],"translate":[{"time":0,"x":0,"y":0,"curve":"stepped"},{"time":0.3,"x":0,"y":0,"curve":"stepped"},{"time":0.5,"x":0,"y":0,"curve":"stepped"},{"time":0.8333,"x":0,"y":0,"curve":"stepped"},{"time":1.2666,"x":0,"y":0}]},"hair_girlA_happy1":{"rotate":[{"time":0,"angle":0},{"time":0.3,"angle":0.4},{"time":0.5,"angle":-2.08},{"time":0.8333,"angle":-4.86},{"time":1.2666,"angle":0}],"translate":[{"time":0,"x":0,"y":0,"curve":"stepped"},{"time":0.3,"x":0,"y":0,"curve":"stepped"},{"time":0.5,"x":0,"y":0,"curve":"stepped"},{"time":0.8333,"x":0,"y":0,"curve":"stepped"},{"time":1.2666,"x":0,"y":0}]},"zuoshou":{"rotate":[{"time":0,"angle":-10.61},{"time":0.4333,"angle":-13.73},{"time":0.8333,"angle":22.88},{"time":1.2666,"angle":-10.61}],"translate":[{"time":0,"x":0,"y":0,"curve":"stepped"},{"time":0.4333,"x":0,"y":0,"curve":"stepped"},{"time":0.8333,"x":0,"y":0,"curve":"stepped"},{"time":1.2666,"x":0,"y":0}]},"youshou":{"rotate":[{"time":0,"angle":0},{"time":0.3,"angle":-37.82},{"time":0.5333,"angle":-10.04},{"time":0.8333,"angle":-4.64},{"time":1.2666,"angle":0}],"translate":[{"time":0,"x":0,"y":0,"curve":"stepped"},{"time":0.3,"x":0,"y":0,"curve":"stepped"},{"time":0.5333,"x":0,"y":0,"curve":"stepped"},{"time":0.8333,"x":0,"y":0,"curve":"stepped"},{"time":1.2666,"x":0,"y":0}]},"hair_girlA_happy2":{"rotate":[{"time":0,"angle":0},{"time":0.3,"angle":-10.54},{"time":0.5,"angle":-15.21},{"time":0.8333,"angle":7.77},{"time":1.2666,"angle":0}],"translate":[{"time":0,"x":0,"y":0,"curve":"stepped"},{"time":0.3,"x":0,"y":0,"curve":"stepped"},{"time":0.5,"x":0,"y":0,"curve":"stepped"},{"time":0.8333,"x":0,"y":0,"curve":"stepped"},{"time":1.2666,"x":0,"y":0}]},"zuoshou1":{"rotate":[{"time":0,"angle":-57.69},{"time":0.4333,"angle":-51.38},{"time":0.8333,"angle":-59.64},{"time":1.2666,"angle":-57.69}],"translate":[{"time":0,"x":0,"y":0,"curve":"stepped"},{"time":0.4333,"x":0,"y":0,"curve":"stepped"},{"time":0.8333,"x":0,"y":0,"curve":"stepped"},{"time":1.2666,"x":0,"y":0}]},"youshou1":{"rotate":[{"time":0,"angle":0},{"time":0.3,"angle":76.51},{"time":0.5333,"angle":60.77},{"time":0.8333,"angle":36.07},{"time":1.2666,"angle":0}],"translate":[{"time":0,"x":0,"y":0,"curve":"stepped"},{"time":0.3,"x":0,"y":0,"curve":"stepped"},{"time":0.5333,"x":0,"y":0,"curve":"stepped"},{"time":0.8333,"x":0,"y":0,"curve":"stepped"},{"time":1.2666,"x":0,"y":0}]}}},"cooking_fast":{"slots":{"hanshui":{"color":[{"time":0,"color":"ffffff00"},{"time":0.0666,"color":"ffffffff"},{"time":0.1666,"color":"ffffff00"},{"time":0.2333,"color":"ffffffff"},{"time":0.3,"color":"ffffff00"},{"time":0.3666,"color":"ffffffff"},{"time":0.4,"color":"ffffff00"}]},"head_girlA":{"color":[{"time":0,"color":"ffffffff","curve":"stepped"},{"time":0.4333,"color":"ffffffff"}]},"head_girlA_happy":{"color":[{"time":0,"color":"ffffff00","curve":"stepped"},{"time":0.4333,"color":"ffffff00"}]},"line1":{"color":[{"time":0,"color":"ffffff00"}]},"line2":{"color":[{"time":0,"color":"ffffff00"}]},"line3":{"color":[{"time":0,"color":"ffffff00"}]},"line4":{"color":[{"time":0,"color":"ffffff00"}]},"line5":{"color":[{"time":0,"color":"ffffff00"}]},"line6":{"color":[{"time":0,"color":"ffffff00"}]},"line7":{"color":[{"time":0,"color":"ffffff00"}]},"peper1":{"color":[{"time":0,"color":"ffffff00"}]},"peper2":{"color":[{"time":0,"color":"ffffff00"}]},"peper3":{"color":[{"time":0,"color":"ffffff00"}]},"peper4":{"color":[{"time":0,"color":"ffffff00"}]},"peper5":{"color":[{"time":0,"color":"ffffff00"}]},"peper6":{"color":[{"time":0,"color":"ffffff00"}]},"star":{"color":[{"time":0,"color":"ffffff00"}]},"star2":{"color":[{"time":0,"color":"ffffff00"}]},"star3":{"color":[{"time":0,"color":"ffffff00"}]},"star4":{"color":[{"time":0,"color":"ffffff00"}]},"zui_girl_happy":{"color":[{"time":0,"color":"ffffff00","curve":"stepped"},{"time":0.4333,"color":"ffffff00"}]},"zui_jingya":{"color":[{"time":0,"color":"ffffffff","curve":"stepped"},{"time":0.4333,"color":"ffffffff"}]}},"bones":{"hanshui":{"translate":[{"time":0,"x":-105.55,"y":116.94},{"time":0.4333,"x":-105.55,"y":60.1}],"scale":[{"time":0,"x":1,"y":1},{"time":0.4333,"x":1.4,"y":1.4}]},"body_girlA":{"rotate":[{"time":0,"angle":0},{"time":0.1333,"angle":4.73},{"time":0.3,"angle":-0.95},{"time":0.4333,"angle":0}],"translate":[{"time":0,"x":0,"y":0,"curve":"stepped"},{"time":0.1333,"x":0,"y":0,"curve":"stepped"},{"time":0.3,"x":0,"y":0,"curve":"stepped"},{"time":0.4333,"x":0,"y":0}]},"body_girlA1":{"rotate":[{"time":0,"angle":0},{"time":0.1333,"angle":-10.29},{"time":0.3,"angle":5.82},{"time":0.4333,"angle":0}],"translate":[{"time":0,"x":0,"y":0,"curve":"stepped"},{"time":0.1333,"x":0,"y":0,"curve":"stepped"},{"time":0.3,"x":0,"y":0,"curve":"stepped"},{"time":0.4333,"x":0,"y":0}]},"hair_girlA_happy":{"rotate":[{"time":0,"angle":0},{"time":0.0666,"angle":0.14},{"time":0.1666,"angle":4.25},{"time":0.3,"angle":6.55},{"time":0.4,"angle":0}],"translate":[{"time":0,"x":0,"y":0,"curve":"stepped"},{"time":0.0666,"x":0,"y":0,"curve":"stepped"},{"time":0.1666,"x":0,"y":0,"curve":"stepped"},{"time":0.3,"x":0,"y":0,"curve":"stepped"},{"time":0.4,"x":0,"y":0}]},"hair_girlA_happy1":{"rotate":[{"time":0,"angle":0},{"time":0.0666,"angle":0.4},{"time":0.1666,"angle":-2.08},{"time":0.3,"angle":-4.86},{"time":0.4,"angle":0}],"translate":[{"time":0,"x":0,"y":0,"curve":"stepped"},{"time":0.0666,"x":0,"y":0,"curve":"stepped"},{"time":0.1666,"x":0,"y":0,"curve":"stepped"},{"time":0.3,"x":0,"y":0,"curve":"stepped"},{"time":0.4,"x":0,"y":0}]},"zuoshou":{"rotate":[{"time":0,"angle":-4.23},{"time":0.0666,"angle":-30.74},{"time":0.1666,"angle":111.93},{"time":0.2,"angle":-30.74},{"time":0.3,"angle":-4.23},{"time":0.3333,"angle":77.67},{"time":0.3666,"angle":94.33},{"time":0.4,"angle":-4.23}],"translate":[{"time":0,"x":0,"y":0,"curve":"stepped"},{"time":0.0666,"x":0,"y":0,"curve":"stepped"},{"time":0.1666,"x":0,"y":0,"curve":"stepped"},{"time":0.2,"x":0,"y":0,"curve":"stepped"},{"time":0.3,"x":0,"y":0,"curve":"stepped"},{"time":0.3333,"x":0,"y":0,"curve":"stepped"},{"time":0.4,"x":0,"y":0,"curve":"stepped"},{"time":0.4333,"x":0,"y":0}]},"youshou":{"rotate":[{"time":0,"angle":0},{"time":0.0333,"angle":-53.08},{"time":0.0666,"angle":-71.88},{"time":0.1666,"angle":7.06},{"time":0.2333,"angle":-107.67},{"time":0.3333,"angle":-321.35},{"time":0.4,"angle":0}],"translate":[{"time":0,"x":0,"y":0,"curve":"stepped"},{"time":0.0666,"x":0,"y":0,"curve":"stepped"},{"time":0.1666,"x":0,"y":0,"curve":"stepped"},{"time":0.2333,"x":0,"y":0,"curve":"stepped"},{"time":0.3333,"x":0,"y":0,"curve":"stepped"},{"time":0.4,"x":0,"y":0}]},"hair_girlA_happy2":{"rotate":[{"time":0,"angle":0},{"time":0.0666,"angle":-10.54},{"time":0.1666,"angle":-15.21},{"time":0.3,"angle":7.77},{"time":0.4,"angle":0}],"translate":[{"time":0,"x":0,"y":0,"curve":"stepped"},{"time":0.0666,"x":0,"y":0,"curve":"stepped"},{"time":0.1666,"x":0,"y":0,"curve":"stepped"},{"time":0.3,"x":0,"y":0,"curve":"stepped"},{"time":0.4,"x":0,"y":0}]},"zuoshou1":{"rotate":[{"time":0,"angle":-13.19},{"time":0.0666,"angle":-49.8},{"time":0.1333,"angle":-124.87},{"time":0.1666,"angle":15.83},{"time":0.3333,"angle":-118.65},{"time":0.3666,"angle":5.69},{"time":0.4333,"angle":-13.19}],"translate":[{"time":0,"x":0,"y":0,"curve":"stepped"},{"time":0.0666,"x":0,"y":0,"curve":"stepped"},{"time":0.1666,"x":0,"y":0,"curve":"stepped"},{"time":0.4333,"x":0,"y":0}],"scale":[{"time":0,"x":1,"y":1,"curve":"stepped"},{"time":0.4333,"x":1,"y":1}]},"youshou1":{"rotate":[{"time":0,"angle":0},{"time":0.0333,"angle":92.65},{"time":0.0666,"angle":-15.65},{"time":0.1333,"angle":40.68},{"time":0.2,"angle":111.22},{"time":0.2333,"angle":7.76},{"time":0.2666,"angle":-18.56},{"time":0.4333,"angle":0}],"translate":[{"time":0,"x":0,"y":0,"curve":"stepped"},{"time":0.4333,"x":0,"y":0}],"scale":[{"time":0,"x":1,"y":1,"curve":"stepped"},{"time":0.4333,"x":1,"y":1}]}}},"cooking_off":{"slots":{"hanshui":{"color":[{"time":0,"color":"ffffff00"}]},"head_girlA":{"color":[{"time":0,"color":"ffffff00"}]},"line1":{"color":[{"time":0,"color":"ffffff00"},{"time":0.0666,"color":"ffffffff"},{"time":0.2,"color":"ffffff00"}]},"line2":{"color":[{"time":0,"color":"ffffff00"},{"time":0.0666,"color":"ffffffff"},{"time":0.2,"color":"ffffff00"}]},"line3":{"color":[{"time":0,"color":"ffffff00"},{"time":0.0666,"color":"ffffffff"},{"time":0.2,"color":"ffffff00"}]},"line4":{"color":[{"time":0,"color":"ffffff00"},{"time":0.0666,"color":"ffffffff"},{"time":0.2,"color":"ffffff00"}]},"line5":{"color":[{"time":0,"color":"ffffff00"},{"time":0.0666,"color":"ffffffff"},{"time":0.2,"color":"ffffff00"}]},"line6":{"color":[{"time":0,"color":"ffffff00"},{"time":0.0666,"color":"ffffffff"},{"time":0.2,"color":"ffffff00"}]},"line7":{"color":[{"time":0,"color":"ffffff00"},{"time":0.0666,"color":"ffffffff"},{"time":0.2,"color":"ffffff00"}]},"peper1":{"color":[{"time":0,"color":"ffffff00","curve":"stepped"},{"time":0.0333,"color":"ffffff00"},{"time":0.1666,"color":"ffffffff","curve":"stepped"},{"time":0.3333,"color":"ffffffff"},{"time":0.5,"color":"ffffff00"}]},"peper2":{"color":[{"time":0,"color":"ffffff00","curve":"stepped"},{"time":0.0333,"color":"ffffff00"},{"time":0.1666,"color":"ffffffff","curve":"stepped"},{"time":0.3333,"color":"ffffffff"},{"time":0.5333,"color":"ffffff00"}]},"peper3":{"color":[{"time":0,"color":"ffffff00","curve":"stepped"},{"time":0.0333,"color":"ffffff00"},{"time":0.1666,"color":"ffffffff","curve":"stepped"},{"time":0.3333,"color":"ffffffff"},{"time":0.4666,"color":"ffffff00"}]},"peper4":{"color":[{"time":0,"color":"ffffff00","curve":"stepped"},{"time":0.0333,"color":"ffffff00"},{"time":0.1666,"color":"ffffffff","curve":"stepped"},{"time":0.3333,"color":"ffffffff"},{"time":0.4666,"color":"ffffff00"}]},"peper5":{"color":[{"time":0,"color":"ffffff00","curve":"stepped"},{"time":0.0333,"color":"ffffff00"},{"time":0.1666,"color":"ffffffff"},{"time":0.4,"color":"ffffff00"}]},"peper6":{"color":[{"time":0,"color":"ffffff00","curve":"stepped"},{"time":0.0333,"color":"ffffff00"},{"time":0.1666,"color":"ffffffff","curve":"stepped"},{"time":0.3333,"color":"ffffffff"},{"time":0.6333,"color":"ffffff00"}]},"star":{"color":[{"time":0,"color":"ffffff00","curve":"stepped"},{"time":0.0666,"color":"ffffff00"},{"time":0.2,"color":"ffffffff"},{"time":0.3666,"color":"ffffff00"}]},"star2":{"color":[{"time":0,"color":"ffffff00","curve":"stepped"},{"time":0.0666,"color":"ffffff00"},{"time":0.2,"color":"ffffffff"},{"time":0.3666,"color":"ffffff00"}]},"star3":{"color":[{"time":0,"color":"ffffff00","curve":"stepped"},{"time":0.0666,"color":"ffffff00"},{"time":0.2,"color":"ffffffff"},{"time":0.3666,"color":"ffffff00"}]},"star4":{"color":[{"time":0,"color":"ffffff00","curve":"stepped"},{"time":0.0666,"color":"ffffff00"},{"time":0.2,"color":"ffffffff"},{"time":0.3666,"color":"ffffff00"}]},"youyan_girlA":{"color":[{"time":0,"color":"ffffff00"}]},"youyan_girl_closed":{"color":[{"time":0,"color":"ffffff00"}]},"youyan_jingya":{"color":[{"time":0,"color":"ffffff00"}]},"zui_jingya":{"color":[{"time":0,"color":"ffffff00"}]},"zuoyan_girlA":{"color":[{"time":0,"color":"ffffff00"}]},"zuoyan_girl_closed":{"color":[{"time":0,"color":"ffffff00"}]},"zuoyan_jingya":{"color":[{"time":0,"color":"ffffff00"}]}},"bones":{"head_girlA_happy":{"rotate":[{"time":0,"angle":0,"curve":"stepped"},{"time":0.0333,"angle":0},{"time":0.1,"angle":9.52},{"time":0.6,"angle":-9.95},{"time":0.6666,"angle":1.19},{"time":0.7333,"angle":0,"curve":"stepped"},{"time":0.9333,"angle":0}],"translate":[{"time":0,"x":0,"y":0,"curve":"stepped"},{"time":0.0333,"x":0,"y":0,"curve":"stepped"},{"time":0.1,"x":0,"y":0,"curve":"stepped"},{"time":0.6,"x":0,"y":0,"curve":"stepped"},{"time":0.6666,"x":0,"y":0,"curve":"stepped"},{"time":0.7333,"x":0,"y":0,"curve":"stepped"},{"time":0.9333,"x":0,"y":0}],"scale":[{"time":0,"x":1.09,"y":1},{"time":0.0333,"x":1.1,"y":1},{"time":0.1,"x":0.9,"y":1},{"time":0.6,"x":1,"y":1,"curve":"stepped"},{"time":0.6666,"x":1,"y":1},{"time":0.7333,"x":1.1,"y":1},{"time":0.9333,"x":1,"y":1}]},"star":{"rotate":[{"time":0,"angle":0,"curve":"stepped"},{"time":0.9333,"angle":0}],"translate":[{"time":0,"x":47.2,"y":-3.84,"curve":"stepped"},{"time":0.0666,"x":47.2,"y":-3.85},{"time":0.2,"x":0,"y":0},{"time":0.3666,"x":-35.09,"y":4.55,"curve":"stepped"},{"time":0.9333,"x":-35.1,"y":4.55}],"scale":[{"time":0,"x":1,"y":1,"curve":"stepped"},{"time":0.0666,"x":1,"y":1},{"time":0.3666,"x":1.45,"y":1.45,"curve":"stepped"},{"time":0.9333,"x":1.45,"y":1.45}]},"star2":{"rotate":[{"time":0,"angle":0,"curve":"stepped"},{"time":0.9333,"angle":0}],"translate":[{"time":0,"x":-57.35,"y":-46.35,"curve":"stepped"},{"time":0.0666,"x":-57.35,"y":-46.35},{"time":0.2,"x":18.2,"y":24.7},{"time":0.3666,"x":42.25,"y":42.9,"curve":"stepped"},{"time":0.9333,"x":42.25,"y":42.89}],"scale":[{"time":0,"x":1,"y":1,"curve":"stepped"},{"time":0.0666,"x":1,"y":1},{"time":0.2,"x":0.7,"y":0.7},{"time":0.3666,"x":1.55,"y":1.55,"curve":"stepped"},{"time":0.9333,"x":1.55,"y":1.55}]},"star3":{"rotate":[{"time":0,"angle":0,"curve":"stepped"},{"time":0.9333,"angle":0}],"translate":[{"time":0,"x":-41.9,"y":4.34,"curve":"stepped"},{"time":0.0666,"x":-41.9,"y":4.35},{"time":0.3666,"x":13.25,"y":-14.03,"curve":"stepped"},{"time":0.9333,"x":13.25,"y":-14.02}],"scale":[{"time":0,"x":0.427,"y":0.427},{"time":0.0666,"x":0.3,"y":0.3},{"time":0.2,"x":1,"y":1,"curve":"stepped"},{"time":0.9333,"x":1,"y":1}]},"star4":{"rotate":[{"time":0,"angle":0,"curve":"stepped"},{"time":0.9333,"angle":0}],"translate":[{"time":0,"x":32.4,"y":-58.65,"curve":"stepped"},{"time":0.0666,"x":32.4,"y":-58.65},{"time":0.3666,"x":-17.93,"y":13.25,"curve":"stepped"},{"time":0.9333,"x":-17.93,"y":13.25}],"scale":[{"time":0,"x":0.386,"y":0.386},{"time":0.0666,"x":0.25,"y":0.25},{"time":0.2,"x":1,"y":1,"curve":"stepped"},{"time":0.9333,"x":1,"y":1}]},"peper6":{"rotate":[{"time":0,"angle":0,"curve":"stepped"},{"time":0.0333,"angle":0},{"time":0.1666,"angle":-103.15},{"time":0.6,"angle":42.37,"curve":"stepped"},{"time":0.9333,"angle":42.37}],"translate":[{"time":0,"x":-40.86,"y":-65.02},{"time":0.0333,"x":-45.4,"y":-72.25},{"time":0.1666,"x":0,"y":0,"curve":"stepped"},{"time":0.6,"x":0,"y":0,"curve":"stepped"},{"time":0.9333,"x":0,"y":0}],"scale":[{"time":0,"x":1,"y":1,"curve":"stepped"},{"time":0.9333,"x":1,"y":1}]},"peper5":{"rotate":[{"time":0,"angle":0,"curve":"stepped"},{"time":0.0333,"angle":0},{"time":0.4,"angle":163.5,"curve":"stepped"},{"time":0.9333,"angle":163.5}],"translate":[{"time":0,"x":55.05,"y":-48.94,"curve":"stepped"},{"time":0.0333,"x":55.05,"y":-48.95},{"time":0.4,"x":0,"y":0,"curve":"stepped"},{"time":0.9333,"x":0,"y":0}],"scale":[{"time":0,"x":1,"y":1,"curve":"stepped"},{"time":0.9333,"x":1,"y":1}]},"peper4":{"rotate":[{"time":0,"angle":0,"curve":"stepped"},{"time":0.0333,"angle":0},{"time":0.1666,"angle":-118.86},{"time":0.4666,"angle":51.9,"curve":"stepped"},{"time":0.9333,"angle":51.9}],"translate":[{"time":0,"x":0,"y":0,"curve":"stepped"},{"time":0.0333,"x":0,"y":0,"curve":"stepped"},{"time":0.1666,"x":0,"y":0,"curve":"stepped"},{"time":0.4666,"x":0,"y":0,"curve":"stepped"},{"time":0.9333,"x":0,"y":0}],"scale":[{"time":0,"x":1,"y":1,"curve":"stepped"},{"time":0.9333,"x":1,"y":1}]},"peper3":{"rotate":[{"time":0,"angle":0,"curve":"stepped"},{"time":0.9333,"angle":0}],"translate":[{"time":0,"x":-92.15,"y":-62.19,"curve":"stepped"},{"time":0.0333,"x":-92.15,"y":-62.2},{"time":0.1666,"x":-33.91,"y":-27.45},{"time":0.4666,"x":20.29,"y":17.04,"curve":"stepped"},{"time":0.9333,"x":20.29,"y":17.05}],"scale":[{"time":0,"x":1,"y":1,"curve":"stepped"},{"time":0.0333,"x":1,"y":1},{"time":0.1666,"x":-0.95,"y":1},{"time":0.4666,"x":1,"y":1,"curve":"stepped"},{"time":0.9333,"x":1,"y":1}]},"peper2":{"rotate":[{"time":0,"angle":0,"curve":"stepped"},{"time":0.0333,"angle":0},{"time":0.1666,"angle":153.67},{"time":0.3333,"angle":-111.85},{"time":0.5333,"angle":0,"curve":"stepped"},{"time":0.9333,"angle":0}],"translate":[{"time":0,"x":79.94,"y":-63.19,"curve":"stepped"},{"time":0.0333,"x":79.94,"y":-63.2},{"time":0.1666,"x":0,"y":0,"curve":"stepped"},{"time":0.3333,"x":0,"y":0,"curve":"stepped"},{"time":0.5333,"x":0,"y":0,"curve":"stepped"},{"time":0.9333,"x":0,"y":0}],"scale":[{"time":0,"x":1,"y":1,"curve":"stepped"},{"time":0.9333,"x":1,"y":1}]},"peper1":{"rotate":[{"time":0,"angle":0,"curve":"stepped"},{"time":0.0333,"angle":0},{"time":0.1666,"angle":129.07},{"time":0.5,"angle":0,"curve":"stepped"},{"time":0.9333,"angle":0}],"translate":[{"time":0,"x":-8.25,"y":-3.19},{"time":0.0333,"x":0,"y":0},{"time":0.1666,"x":-40.59,"y":-24.36},{"time":0.5,"x":0,"y":0,"curve":"stepped"},{"time":0.9333,"x":0,"y":0}],"scale":[{"time":0,"x":1,"y":1,"curve":"stepped"},{"time":0.0333,"x":1,"y":1},{"time":0.1666,"x":1,"y":-1.3},{"time":0.5,"x":1,"y":1,"curve":"stepped"},{"time":0.9333,"x":1,"y":1}]},"line1":{"rotate":[{"time":0,"angle":0,"curve":"stepped"},{"time":0.9333,"angle":0}],"translate":[{"time":0,"x":-59.6,"y":-15.44},{"time":0.0666,"x":0,"y":0},{"time":0.2,"x":18.77,"y":9.79,"curve":"stepped"},{"time":0.9333,"x":18.76,"y":9.79}],"scale":[{"time":0,"x":1,"y":1,"curve":"stepped"},{"time":0.9333,"x":1,"y":1}]},"line2":{"rotate":[{"time":0,"angle":0,"curve":"stepped"},{"time":0.9333,"angle":0}],"translate":[{"time":0,"x":-47.9,"y":-40.05},{"time":0.0666,"x":21.22,"y":17.95},{"time":0.2,"x":34.82,"y":26.12,"curve":"stepped"},{"time":0.9333,"x":34.82,"y":26.11}],"scale":[{"time":0,"x":1,"y":1,"curve":"stepped"},{"time":0.9333,"x":1,"y":1}]},"line3":{"rotate":[{"time":0,"angle":0,"curve":"stepped"},{"time":0.9333,"angle":0}],"translate":[{"time":0,"x":55.05,"y":0.05},{"time":0.0666,"x":0,"y":0},{"time":0.2,"x":-23.4,"y":1.09,"curve":"stepped"},{"time":0.9333,"x":-23.39,"y":1.08}],"scale":[{"time":0,"x":1,"y":1,"curve":"stepped"},{"time":0.9333,"x":1,"y":1}]},"line4":{"rotate":[{"time":0,"angle":0,"curve":"stepped"},{"time":0.9333,"angle":0}],"translate":[{"time":0,"x":59,"y":-32.19},{"time":0.0666,"x":0,"y":0},{"time":0.2,"x":-20.67,"y":13.06,"curve":"stepped"},{"time":0.9333,"x":-20.66,"y":13.05}],"scale":[{"time":0,"x":1,"y":1,"curve":"stepped"},{"time":0.9333,"x":1,"y":1}]},"line5":{"rotate":[{"time":0,"angle":0,"curve":"stepped"},{"time":0.9333,"angle":0}],"translate":[{"time":0,"x":24.25,"y":-63.55},{"time":0.0666,"x":0,"y":0},{"time":0.2,"x":-10.88,"y":20.12,"curve":"stepped"},{"time":0.9333,"x":-10.88,"y":20.13}],"scale":[{"time":0,"x":1,"y":1,"curve":"stepped"},{"time":0.9333,"x":1,"y":1}]},"line6":{"rotate":[{"time":0,"angle":0,"curve":"stepped"},{"time":0.9333,"angle":0}],"translate":[{"time":0,"x":12.35,"y":-81.44},{"time":0.0666,"x":0,"y":0},{"time":0.2,"x":-7.07,"y":26.12,"curve":"stepped"},{"time":0.9333,"x":-7.07,"y":26.11}],"scale":[{"time":0,"x":1,"y":1,"curve":"stepped"},{"time":0.9333,"x":1,"y":1}]},"line7":{"rotate":[{"time":0,"angle":0,"curve":"stepped"},{"time":0.9333,"angle":0}],"translate":[{"time":0,"x":-5.05,"y":-92.9},{"time":0.0666,"x":0,"y":0},{"time":0.2,"x":0,"y":20.12,"curve":"stepped"},{"time":0.9333,"x":0,"y":20.13}],"scale":[{"time":0,"x":1,"y":1,"curve":"stepped"},{"time":0.9333,"x":1,"y":1}]},"hanshui":{"rotate":[{"time":0,"angle":0,"curve":"stepped"},{"time":0.9333,"angle":0}],"translate":[{"time":0,"x":0,"y":0,"curve":"stepped"},{"time":0.9333,"x":0,"y":0}],"scale":[{"time":0,"x":1,"y":1,"curve":"stepped"},{"time":0.9333,"x":1,"y":1}]},"body_girlA":{"rotate":[{"time":0,"angle":0,"curve":"stepped"},{"time":0.9333,"angle":0}],"translate":[{"time":0,"x":0,"y":0,"curve":"stepped"},{"time":0.0333,"x":0,"y":0},{"time":0.1,"x":0,"y":77.75},{"time":0.6,"x":0,"y":93.76},{"time":0.6666,"x":0,"y":14.53},{"time":0.7333,"x":0,"y":0,"curve":"stepped"},{"time":0.9333,"x":0,"y":0}],"scale":[{"time":0,"x":1,"y":1,"curve":"stepped"},{"time":0.9333,"x":1,"y":1}]},"body_girlA1":{"rotate":[{"time":0,"angle":0,"curve":"stepped"},{"time":0.9333,"angle":0}],"translate":[{"time":0,"x":0,"y":0,"curve":"stepped"},{"time":0.6333,"x":0,"y":0},{"time":0.6666,"x":2,"y":0},{"time":0.7333,"x":0,"y":0,"curve":"stepped"},{"time":0.9333,"x":0,"y":0}],"scale":[{"time":0,"x":0.909,"y":1},{"time":0.0333,"x":0.9,"y":1},{"time":0.1,"x":1.1,"y":1},{"time":0.6,"x":1,"y":1,"curve":"stepped"},{"time":0.6666,"x":1,"y":1},{"time":0.7333,"x":0.9,"y":1},{"time":0.9333,"x":1,"y":1}]},"youjiao":{"rotate":[{"time":0,"angle":0,"curve":"stepped"},{"time":0.1333,"angle":0},{"time":0.4666,"angle":-76.37},{"time":0.6666,"angle":1.46},{"time":0.7333,"angle":0,"curve":"stepped"},{"time":0.9333,"angle":0}],"translate":[{"time":0,"x":0,"y":0,"curve":"stepped"},{"time":0.1333,"x":0,"y":0,"curve":"stepped"},{"time":0.4666,"x":0,"y":0,"curve":"stepped"},{"time":0.6666,"x":0,"y":0,"curve":"stepped"},{"time":0.7333,"x":0,"y":0,"curve":"stepped"},{"time":0.9333,"x":0,"y":0}],"scale":[{"time":0,"x":1,"y":1,"curve":"stepped"},{"time":0.0333,"x":1,"y":1},{"time":0.1,"x":1.1,"y":0.9},{"time":0.4333,"x":1,"y":1,"curve":"stepped"},{"time":0.9333,"x":1,"y":1}]},"zuojiao":{"rotate":[{"time":0,"angle":0,"curve":"stepped"},{"time":0.1333,"angle":0},{"time":0.4666,"angle":82.5},{"time":0.6666,"angle":-2.21},{"time":0.7333,"angle":0,"curve":"stepped"},{"time":0.9333,"angle":0}],"translate":[{"time":0,"x":0,"y":0,"curve":"stepped"},{"time":0.1333,"x":0,"y":0,"curve":"stepped"},{"time":0.4666,"x":0,"y":0,"curve":"stepped"},{"time":0.6666,"x":0,"y":0,"curve":"stepped"},{"time":0.7333,"x":0,"y":0,"curve":"stepped"},{"time":0.9333,"x":0,"y":0}],"scale":[{"time":0,"x":1,"y":1,"curve":"stepped"},{"time":0.0333,"x":1,"y":1},{"time":0.1,"x":1.1,"y":0.9},{"time":0.4333,"x":1,"y":1,"curve":"stepped"},{"time":0.9333,"x":1,"y":1}]},"youshou":{"rotate":[{"time":0,"angle":-4.8},{"time":0.0333,"angle":-5.34},{"time":0.1,"angle":-95.07},{"time":0.6,"angle":-117.18},{"time":0.6666,"angle":-130.22},{"time":0.7333,"angle":-5.34},{"time":0.9333,"angle":0}],"translate":[{"time":0,"x":0,"y":0,"curve":"stepped"},{"time":0.0333,"x":0,"y":0,"curve":"stepped"},{"time":0.1,"x":0,"y":0,"curve":"stepped"},{"time":0.6,"x":0,"y":0,"curve":"stepped"},{"time":0.6666,"x":0,"y":0,"curve":"stepped"},{"time":0.7333,"x":0,"y":0,"curve":"stepped"},{"time":0.9333,"x":0,"y":0}],"scale":[{"time":0,"x":1,"y":1,"curve":"stepped"},{"time":0.9333,"x":1,"y":1}]},"zuoshou":{"rotate":[{"time":0,"angle":6.37},{"time":0.0333,"angle":7.08},{"time":0.1,"angle":88.1},{"time":0.6,"angle":121.31},{"time":0.6666,"angle":129.75},{"time":0.7333,"angle":7.08},{"time":0.9333,"angle":0}],"translate":[{"time":0,"x":0,"y":0,"curve":"stepped"},{"time":0.0333,"x":0,"y":0,"curve":"stepped"},{"time":0.1,"x":0,"y":0,"curve":"stepped"},{"time":0.6,"x":0,"y":0,"curve":"stepped"},{"time":0.6666,"x":0,"y":0,"curve":"stepped"},{"time":0.7333,"x":0,"y":0,"curve":"stepped"},{"time":0.9333,"x":0,"y":0}],"scale":[{"time":0,"x":1,"y":1,"curve":"stepped"},{"time":0.9333,"x":1,"y":1}]},"hair_girlA_happy":{"rotate":[{"time":0,"angle":-4.13},{"time":0.0333,"angle":-4.59,"curve":"stepped"},{"time":0.1,"angle":-4.59},{"time":0.2333,"angle":-29.6},{"time":0.6,"angle":-4.59,"curve":"stepped"},{"time":0.6666,"angle":-4.59},{"time":0.7333,"angle":5.88},{"time":0.9333,"angle":0}],"translate":[{"time":0,"x":0,"y":0,"curve":"stepped"},{"time":0.0333,"x":0,"y":0,"curve":"stepped"},{"time":0.1,"x":0,"y":0,"curve":"stepped"},{"time":0.2333,"x":0,"y":0,"curve":"stepped"},{"time":0.6,"x":0,"y":0,"curve":"stepped"},{"time":0.6666,"x":0,"y":0,"curve":"stepped"},{"time":0.7333,"x":0,"y":0,"curve":"stepped"},{"time":0.9333,"x":0,"y":0}],"scale":[{"time":0,"x":1,"y":1,"curve":"stepped"},{"time":0.9333,"x":1,"y":1}]},"zuoshou1":{"rotate":[{"time":0,"angle":-28.59},{"time":0.0333,"angle":-31.77},{"time":0.1,"angle":62.68},{"time":0.6,"angle":15.83,"curve":"stepped"},{"time":0.6666,"angle":15.83},{"time":0.7333,"angle":-31.77},{"time":0.9333,"angle":0}],"translate":[{"time":0,"x":0,"y":0,"curve":"stepped"},{"time":0.0333,"x":0,"y":0,"curve":"stepped"},{"time":0.1,"x":0,"y":0,"curve":"stepped"},{"time":0.6,"x":0,"y":0,"curve":"stepped"},{"time":0.6666,"x":0,"y":0,"curve":"stepped"},{"time":0.7333,"x":0,"y":0,"curve":"stepped"},{"time":0.9333,"x":0,"y":0}],"scale":[{"time":0,"x":1,"y":1,"curve":"stepped"},{"time":0.9333,"x":1,"y":1}]},"youshou1":{"rotate":[{"time":0,"angle":16.98},{"time":0.0333,"angle":18.87},{"time":0.1,"angle":-56.77},{"time":0.6,"angle":-15.61,"curve":"stepped"},{"time":0.6666,"angle":-15.61},{"time":0.7333,"angle":18.87},{"time":0.9333,"angle":0}],"translate":[{"time":0,"x":0,"y":0,"curve":"stepped"},{"time":0.0333,"x":0,"y":0,"curve":"stepped"},{"time":0.1,"x":0,"y":0,"curve":"stepped"},{"time":0.6,"x":0,"y":0,"curve":"stepped"},{"time":0.6666,"x":0,"y":0,"curve":"stepped"},{"time":0.7333,"x":0,"y":0,"curve":"stepped"},{"time":0.9333,"x":0,"y":0}],"scale":[{"time":0,"x":1,"y":1,"curve":"stepped"},{"time":0.9333,"x":1,"y":1}]},"hair_girlA_happy1":{"rotate":[{"time":0,"angle":2.09},{"time":0.0333,"angle":2.33,"curve":"stepped"},{"time":0.1,"angle":2.33},{"time":0.2333,"angle":24.35},{"time":0.6,"angle":2.33},{"time":0.6666,"angle":11.27},{"time":0.7333,"angle":0.99},{"time":0.9333,"angle":0}],"translate":[{"time":0,"x":0,"y":0,"curve":"stepped"},{"time":0.0333,"x":0,"y":0,"curve":"stepped"},{"time":0.1,"x":0,"y":0,"curve":"stepped"},{"time":0.2333,"x":0,"y":0,"curve":"stepped"},{"time":0.6,"x":0,"y":0,"curve":"stepped"},{"time":0.6666,"x":0,"y":0,"curve":"stepped"},{"time":0.7333,"x":0,"y":0,"curve":"stepped"},{"time":0.9333,"x":0,"y":0}],"scale":[{"time":0,"x":1,"y":1,"curve":"stepped"},{"time":0.9333,"x":1,"y":1}]},"hair_girlA_happy2":{"rotate":[{"time":0,"angle":-7.07},{"time":0.0333,"angle":-7.86,"curve":"stepped"},{"time":0.1,"angle":-7.86},{"time":0.2333,"angle":0.95},{"time":0.6,"angle":-7.86},{"time":0.6666,"angle":48.99},{"time":0.7333,"angle":-54.19},{"time":0.9333,"angle":0}],"translate":[{"time":0,"x":0,"y":0,"curve":"stepped"},{"time":0.0333,"x":0,"y":0,"curve":"stepped"},{"time":0.1,"x":0,"y":0,"curve":"stepped"},{"time":0.2333,"x":0,"y":0,"curve":"stepped"},{"time":0.6,"x":0,"y":0,"curve":"stepped"},{"time":0.6666,"x":0,"y":0,"curve":"stepped"},{"time":0.7333,"x":0,"y":0,"curve":"stepped"},{"time":0.9333,"x":0,"y":0}],"scale":[{"time":0,"x":1,"y":1,"curve":"stepped"},{"time":0.9333,"x":1,"y":1}]},"root":{"rotate":[{"time":0,"angle":0,"curve":"stepped"},{"time":0.9333,"angle":0}],"translate":[{"time":0,"x":0,"y":0,"curve":"stepped"},{"time":0.9333,"x":0,"y":0}],"scale":[{"time":0,"x":1,"y":1,"curve":"stepped"},{"time":0.9333,"x":1,"y":1}]}}},"stand":{"slots":{"hanshui":{"color":[{"time":0,"color":"ffffff00"}]},"head_girlA":{"color":[{"time":0,"color":"ffffffff"}]},"head_girlA_happy":{"color":[{"time":0,"color":"ffffff00"}]},"line1":{"color":[{"time":0,"color":"ffffff00"}]},"line2":{"color":[{"time":0,"color":"ffffff00"}]},"line3":{"color":[{"time":0,"color":"ffffff00"}]},"line4":{"color":[{"time":0,"color":"ffffff00"}]},"line5":{"color":[{"time":0,"color":"ffffff00"}]},"line6":{"color":[{"time":0,"color":"ffffff00"}]},"line7":{"color":[{"time":0,"color":"ffffff00"}]},"peper1":{"color":[{"time":0,"color":"ffffff00"}]},"peper2":{"color":[{"time":0,"color":"ffffff00"}]},"peper3":{"color":[{"time":0,"color":"ffffff00"}]},"peper4":{"color":[{"time":0,"color":"ffffff00"}]},"peper5":{"color":[{"time":0,"color":"ffffff00"}]},"peper6":{"color":[{"time":0,"color":"ffffff00"}]},"star":{"color":[{"time":0,"color":"ffffff00"}]},"star2":{"color":[{"time":0,"color":"ffffff00"}]},"star3":{"color":[{"time":0,"color":"ffffff00"}]},"star4":{"color":[{"time":0,"color":"ffffff00"}]},"youyan_girlA":{"color":[{"time":0,"color":"ffffffff","curve":"stepped"},{"time":2,"color":"ffffffff"},{"time":2.0333,"color":"ffffff00","curve":"stepped"},{"time":2.1333,"color":"ffffff00"},{"time":2.1666,"color":"ffffffff"}]},"youyan_girl_closed":{"color":[{"time":0,"color":"ffffff00","curve":"stepped"},{"time":2,"color":"ffffff00"},{"time":2.0333,"color":"ffffffff","curve":"stepped"},{"time":2.1333,"color":"ffffffff"},{"time":2.1666,"color":"ffffff00"}]},"youyan_happy":{"color":[{"time":0,"color":"ffffff00"}]},"youyan_jingya":{"color":[{"time":0,"color":"ffffff00"}]},"zui_girl_happy":{"color":[{"time":0,"color":"ffffff00"}]},"zui_jingya":{"color":[{"time":0,"color":"ffffff00"}]},"zuoyan_girlA":{"color":[{"time":0,"color":"ffffffff","curve":"stepped"},{"time":2,"color":"ffffffff"},{"time":2.0333,"color":"ffffff00","curve":"stepped"},{"time":2.1333,"color":"ffffff00"},{"time":2.1666,"color":"ffffffff"}]},"zuoyan_girl_closed":{"color":[{"time":0,"color":"ffffff00","curve":"stepped"},{"time":2,"color":"ffffff00"},{"time":2.0333,"color":"ffffffff","curve":"stepped"},{"time":2.1333,"color":"ffffffff"},{"time":2.1666,"color":"ffffff00"}]},"zuoyan_happy":{"color":[{"time":0,"color":"ffffff00"}]},"zuoyan_jingya":{"color":[{"time":0,"color":"ffffff00"}]}},"bones":{"head_girlA_happy":{"rotate":[{"time":0,"angle":0,"curve":"stepped"},{"time":1.2666,"angle":0},{"time":1.4666,"angle":-4.78},{"time":1.6666,"angle":4.78},{"time":1.8333,"angle":-4.78},{"time":2,"angle":4.78},{"time":2.5,"angle":0}],"translate":[{"time":0,"x":0,"y":0,"curve":"stepped"},{"time":1.2666,"x":0,"y":0,"curve":"stepped"},{"time":1.4666,"x":0,"y":0,"curve":"stepped"},{"time":1.6666,"x":0,"y":0,"curve":"stepped"},{"time":1.8333,"x":0,"y":0,"curve":"stepped"},{"time":2,"x":0,"y":0,"curve":"stepped"},{"time":2.5,"x":0,"y":0}]},"body_girlA":{"scale":[{"time":0,"x":1,"y":1,"curve":"stepped"},{"time":1.2666,"x":1,"y":1,"curve":"stepped"},{"time":2.5,"x":1,"y":1}]},"body_girlA1":{"rotate":[{"time":0,"angle":0,"curve":"stepped"},{"time":1.2666,"angle":0},{"time":1.4666,"angle":3.67},{"time":1.6666,"angle":-1.41},{"time":1.8333,"angle":3.67},{"time":2,"angle":-1.41},{"time":2.5,"angle":0}],"translate":[{"time":0,"x":0,"y":0,"curve":[0.25,0,0.75,1]},{"time":0.6333,"x":-3.17,"y":0,"curve":[0.25,0,0.75,1]},{"time":1.2666,"x":0,"y":0,"curve":[0.25,0,0.75,1]},{"time":1.9,"x":-3.17,"y":0,"curve":[0.25,0,0.75,1]},{"time":2.5,"x":0,"y":0}],"scale":[{"time":0,"x":1,"y":1,"curve":"stepped"},{"time":2.5,"x":1,"y":1}]},"hair_girlA_happy":{"rotate":[{"time":0,"angle":0},{"time":0.4333,"angle":2.88},{"time":1.2666,"angle":0},{"time":1.8333,"angle":-1.61},{"time":2.5,"angle":0}],"translate":[{"time":0,"x":0,"y":0,"curve":"stepped"},{"time":0.4333,"x":0,"y":0,"curve":"stepped"},{"time":1.2666,"x":0,"y":0,"curve":"stepped"},{"time":1.8333,"x":0,"y":0,"curve":"stepped"},{"time":2.5,"x":0,"y":0}]},"hair_girlA_happy1":{"rotate":[{"time":0,"angle":0},{"time":0.2666,"angle":5.64},{"time":0.7666,"angle":12.28},{"time":1.2666,"angle":0},{"time":1.4666,"angle":-1.66},{"time":1.6666,"angle":-2.5},{"time":1.8333,"angle":-1.66},{"time":2,"angle":-2.5},{"time":2.5,"angle":0}],"translate":[{"time":0,"x":0,"y":0,"curve":"stepped"},{"time":0.2666,"x":0,"y":0,"curve":"stepped"},{"time":0.7666,"x":0,"y":0,"curve":"stepped"},{"time":1.2666,"x":0,"y":0,"curve":"stepped"},{"time":1.4666,"x":0,"y":0,"curve":"stepped"},{"time":1.6666,"x":0,"y":0,"curve":"stepped"},{"time":1.8333,"x":0,"y":0,"curve":"stepped"},{"time":2,"x":0,"y":0,"curve":"stepped"},{"time":2.5,"x":0,"y":0}]},"zuoshou":{"rotate":[{"time":0,"angle":-10.61}],"translate":[{"time":0,"x":0,"y":0}]},"youshou":{"rotate":[{"time":0,"angle":0,"curve":"stepped"},{"time":1.2666,"angle":0},{"time":1.4666,"angle":-73.76},{"time":1.6666,"angle":-74.62},{"time":1.8333,"angle":-73.76},{"time":2,"angle":-74.62},{"time":2.2,"angle":-58.31},{"time":2.5,"angle":0}],"translate":[{"time":0,"x":0,"y":0,"curve":"stepped"},{"time":1.2666,"x":0,"y":0,"curve":"stepped"},{"time":1.4666,"x":0,"y":0,"curve":"stepped"},{"time":1.6666,"x":0,"y":0,"curve":"stepped"},{"time":1.8333,"x":0,"y":0,"curve":"stepped"},{"time":2,"x":0,"y":0,"curve":"stepped"},{"time":2.2,"x":0,"y":0,"curve":"stepped"},{"time":2.5,"x":0,"y":0}]},"hair_girlA_happy2":{"rotate":[{"time":0,"angle":0},{"time":0.2666,"angle":-15.26},{"time":0.7666,"angle":5.08},{"time":1.2666,"angle":0},{"time":1.4666,"angle":7.6},{"time":1.6666,"angle":0.95},{"time":1.8333,"angle":7.6},{"time":2,"angle":0.95},{"time":2.5,"angle":0}],"translate":[{"time":0,"x":0,"y":0,"curve":"stepped"},{"time":0.2666,"x":0,"y":0,"curve":"stepped"},{"time":0.7666,"x":0,"y":0,"curve":"stepped"},{"time":1.2666,"x":0,"y":0,"curve":"stepped"},{"time":1.4666,"x":0,"y":0,"curve":"stepped"},{"time":1.6666,"x":0,"y":0,"curve":"stepped"},{"time":1.8333,"x":0,"y":0,"curve":"stepped"},{"time":2,"x":0,"y":0,"curve":"stepped"},{"time":2.5,"x":0,"y":0}]},"zuoshou1":{"rotate":[{"time":0,"angle":-57.69}],"translate":[{"time":0,"x":0,"y":0}]},"youshou1":{"rotate":[{"time":0,"angle":0,"curve":"stepped"},{"time":1.2666,"angle":0},{"time":1.4666,"angle":-126.85},{"time":1.6666,"angle":-62.95},{"time":1.8333,"angle":-126.85},{"time":2,"angle":-62.95},{"time":2.2,"angle":-98.43},{"time":2.5,"angle":0}],"translate":[{"time":0,"x":0,"y":0,"curve":"stepped"},{"time":1.2666,"x":0,"y":0,"curve":"stepped"},{"time":1.4666,"x":0,"y":0,"curve":"stepped"},{"time":1.6666,"x":0,"y":0,"curve":"stepped"},{"time":1.8333,"x":0,"y":0,"curve":"stepped"},{"time":2,"x":0,"y":0,"curve":"stepped"},{"time":2.2,"x":0,"y":0,"curve":"stepped"},{"time":2.5,"x":0,"y":0}]}}}}},[0]]],0,0,[0],[-1],[0]]