[1,["0bj0hnB01Nd4lsHZhLG7Q1"],0,[["sp.SkeletonData",["_name","_atlasText","textureNames","_skeletonJson","textures"],-1,3]],[[0,0,1,2,3,4,5]],[[0,"tan_xian","\ntan_xian.png\nsize: 256,256\nformat: RGBA8888\nfilter: Linear,Linear\nrepeat: none\n探索动画1/bag\n  rotate: false\n  xy: 115, 1\n  size: 57, 79\n  orig: 57, 79\n  offset: 0, 0\n  index: -1\n探索动画1/left_foot\n  rotate: false\n  xy: 223, 44\n  size: 31, 41\n  orig: 31, 41\n  offset: 0, 0\n  index: -1\n探索动画1/right_foot\n  rotate: false\n  xy: 219, 1\n  size: 31, 41\n  orig: 31, 41\n  offset: 0, 0\n  index: -1\n探索动画1/kuzi\n  rotate: false\n  xy: 168, 119\n  size: 41, 23\n  orig: 41, 23\n  offset: 0, 0\n  index: -1\n探索动画1/left_hand\n  rotate: false\n  xy: 211, 119\n  size: 38, 23\n  orig: 38, 23\n  offset: 0, 0\n  index: -1\n探索动画1/body\n  rotate: false\n  xy: 174, 1\n  size: 43, 62\n  orig: 43, 62\n  offset: 0, 0\n  index: -1\n探索动画1/map\n  rotate: false\n  xy: 174, 65\n  size: 47, 52\n  orig: 47, 52\n  offset: 0, 0\n  index: -1\n探索动画1/righthand\n  rotate: false\n  xy: 115, 82\n  size: 51, 36\n  orig: 51, 36\n  offset: 0, 0\n  index: -1\n探索动画1/head\n  rotate: false\n  xy: 1, 1\n  size: 112, 103\n  orig: 112, 103\n  offset: 0, 0\n  index: -1\n探索动画1/right_eye_closed\n  rotate: false\n  xy: 223, 105\n  size: 18, 5\n  orig: 18, 5\n  offset: 0, 0\n  index: -1\n探索动画1/left_eye_closed\n  rotate: false\n  xy: 223, 112\n  size: 18, 5\n  orig: 18, 5\n  offset: 0, 0\n  index: -1\n探索动画1/right_eye\n  rotate: false\n  xy: 223, 87\n  size: 14, 16\n  orig: 14, 16\n  offset: 0, 0\n  index: -1\n探索动画1/left_eye\n  rotate: false\n  xy: 239, 87\n  size: 12, 15\n  orig: 12, 15\n  offset: 0, 0\n  index: -1\n",["tan_xian.png"],{"skeleton":{"width":112,"height":196,"fps":24,"hash":" ","name":"Armature"},"bones":[{"name":"root"},{"length":13,"x":4.35,"y":35.5812,"rotation":81.9594,"name":"kuzi","parent":"root"},{"length":34,"x":14.8708,"y":0.1818,"rotation":6.4587,"name":"body","parent":"kuzi"},{"inheritScale":false,"length":27,"x":-6.2611,"y":-11.0847,"rotation":-169.1335,"name":"left_foot","parent":"kuzi","transform":"noScale"},{"inheritScale":false,"length":29,"x":-10.7128,"y":8.9899,"rotation":-170.39,"name":"right_foot","parent":"kuzi","transform":"noScale"},{"inheritScale":false,"length":98,"x":37.8618,"y":0.0952,"rotation":1.2324,"name":"head","parent":"body","transform":"noScale"},{"inheritScale":false,"length":16,"x":30.9986,"y":-3.1455,"rotation":-127.0247,"name":"left_hand","parent":"body","transform":"noScale"},{"inheritScale":false,"length":22,"x":29.2933,"y":11.5131,"rotation":-136.3167,"name":"righthand","parent":"body","transform":"noScale"},{"inheritScale":false,"length":29,"x":1.1868,"y":24.0419,"rotation":64.7973,"name":"bag","parent":"body","transform":"noScale"},{"length":20,"x":16.9062,"y":0.3826,"rotation":34.8876,"name":"left_hand1","parent":"left_hand"},{"length":26,"x":22.1506,"y":0.2011,"rotation":32.3802,"name":"righthand1","parent":"righthand"},{"x":37.0151,"y":5.8259,"name":"right_eye_closed","parent":"head"},{"x":36.9226,"y":-28.1753,"name":"left_eye_closed","parent":"head"},{"length":7,"x":16.9425,"y":-3.9594,"rotation":-29.9711,"name":"map","parent":"left_hand1"}],"slots":[{"name":"bag","bone":"bag","attachment":"bag"},{"name":"left_foot","bone":"left_foot","attachment":"left_foot"},{"name":"right_foot","bone":"right_foot","attachment":"right_foot"},{"name":"kuzi","bone":"kuzi","attachment":"kuzi"},{"name":"left_hand","bone":"left_hand","attachment":"left_hand"},{"name":"body","bone":"body","attachment":"body"},{"name":"map","bone":"map","attachment":"map"},{"name":"righthand","bone":"righthand1","attachment":"righthand"},{"name":"head","bone":"head","attachment":"head"},{"name":"right_eye_closed","bone":"right_eye_closed","attachment":"right_eye_closed"},{"name":"left_eye_closed","bone":"left_eye_closed","attachment":"left_eye_closed"},{"name":"right_eye","bone":"right_eye_closed","attachment":"right_eye"},{"name":"left_eye","bone":"left_eye_closed","attachment":"left_eye"}],"skins":{"default":{"righthand":{"righthand":{"name":"righthand","width":51,"height":36,"hull":11,"path":"探索动画1/righthand","type":"mesh","triangles":[3,6,4,4,6,5,3,7,6,10,9,3,2,10,3,8,7,3,9,8,3,0,10,2,1,0,2],"uvs":[0,0.08889,0.08137,0,0.2049,0,0.47843,0.40972,1,0.42917,1,1,0.66765,1,0.40784,0.88889,0.34902,0.85833,0.28333,0.80139,0,0.51528],"edges":[0,2,2,4,4,6,6,8,8,10,10,12,12,14,14,16,16,18,18,20,20,0],"vertices":[1,7,-6.5,-1.6,1,1,7,-6.1,3.62,1,1,7,-1.87,8.3,1,2,10,1.44,9.22,0.49,7,18.43,8.76,0.51,1,10,27.25,15.66,1,1,10,32.75,-4.14,1,1,10,16.42,-8.67,1,2,10,2.58,-8.36,0.76,7,28.81,-5.48,0.24,1,10,-0.6,-8.11,1,2,10,-4.38,-7.03,0.25,7,22.22,-8.08,0.75,1,7,4.89,-11.9,1]}},"left_eye":{"left_eye":{"name":"left_eye","width":12,"height":15,"x":0.45,"y":0.6,"rotation":-89.65,"path":"探索动画1/left_eye"}},"right_eye_closed":{"right_eye_closed":{"name":"right_eye_closed","width":18,"height":5,"x":-0.85,"y":-0.41,"rotation":-89.65,"path":"探索动画1/right_eye_closed"}},"right_foot":{"right_foot":{"name":"right_foot","width":31,"height":41,"x":12,"y":5.22,"rotation":88.43,"path":"探索动画1/right_foot"}},"right_eye":{"right_eye":{"name":"right_eye","width":14,"height":16,"x":-0.35,"y":-0.4,"rotation":-89.65,"path":"探索动画1/right_eye"}},"left_hand":{"left_hand":{"name":"left_hand","width":38,"height":23,"hull":12,"path":"探索动画1/left_hand","type":"mesh","triangles":[8,9,7,9,5,7,7,5,6,9,4,5,10,4,9,2,3,10,11,2,10,3,4,10,0,1,11,1,2,11],"uvs":[0.09211,0,0,0.12609,0,0.43696,0.21974,0.73696,0.29211,0.7913,0.68947,1,1,1,1,0.29348,0.74342,0.13261,0.60789,0.29565,0.425,0.26304,0.21316,0],"edges":[0,2,2,4,4,6,6,8,8,10,10,12,12,14,14,16,16,18,18,20,20,22,22,0],"vertices":[1,6,0.89,4.1,1,1,6,-0.04,-0.35,1,1,6,4.42,-5.94,1,2,6,15.25,-6.12,0.75,9,-5.08,-4.39,0.25,2,6,18.18,-5.38,0.26,9,-2.25,-5.46,0.74,1,9,13.13,-9.27,1,1,9,24.9,-8.5,1,1,9,23.85,7.71,1,1,9,13.88,10.77,1,1,9,8.98,6.7,1,2,6,14.55,7.26,0.5,9,2,6.99,0.5,1,6,4.48,6.97,1]}},"map":{"map":{"name":"map","width":47,"height":52,"x":-3.45,"y":0.04,"rotation":33.69,"path":"探索动画1/map"}},"head":{"head":{"name":"head","width":112,"height":103,"x":50.2,"y":0.51,"rotation":-89.65,"path":"探索动画1/head"}},"left_eye_closed":{"left_eye_closed":{"name":"left_eye_closed","width":18,"height":5,"x":-0.57,"y":3.6,"rotation":-89.65,"path":"探索动画1/left_eye_closed"}},"kuzi":{"kuzi":{"name":"kuzi","width":41,"height":23,"x":2.79,"y":0.24,"rotation":-81.96,"path":"探索动画1/kuzi"}},"bag":{"bag":{"name":"bag","width":57,"height":79,"x":4.36,"y":-6.98,"rotation":-153.22,"path":"探索动画1/bag"}},"left_foot":{"left_foot":{"name":"left_foot","width":31,"height":41,"x":9.69,"y":4.58,"rotation":87.17,"path":"探索动画1/left_foot"}},"body":{"body":{"name":"body","width":43,"height":62,"x":18.47,"y":3.26,"rotation":-88.42,"path":"探索动画1/body"}}}},"animations":{"stand":{"bones":{"kuzi":{"translate":[{"time":0},{"time":0.6667,"y":3.89},{"time":1.3334}]},"body":{"scale":[{"time":0,"x":1,"y":1},{"time":0.6667,"x":1.05,"y":1.05},{"time":1.3334,"x":1,"y":1}]},"left_foot":{"translate":[{"time":0},{"time":0.6667,"x":-3.55,"y":-0.5},{"time":1.3334}]},"right_foot":{"translate":[{"time":0},{"time":0.6667,"x":-3.55,"y":-0.5},{"time":1.3334}]},"head":{"rotate":[{"time":0,"angle":0},{"time":0.375,"angle":-4.55},{"time":0.9583,"angle":3.42},{"time":1.3333,"angle":0}],"shear":[{"time":0},{"time":0.375},{"time":0.9583},{"time":1.3333}]},"left_hand":{"rotate":[{"time":0,"angle":0},{"time":0.6667,"angle":1.02},{"time":1.3334,"angle":0}],"shear":[{"time":0},{"time":0.6667},{"time":1.3334}]},"bag":{"rotate":[{"time":0,"angle":0},{"time":0.625,"angle":2.98},{"time":1.3333,"angle":0}],"shear":[{"time":0},{"time":0.625},{"time":1.3333}]},"left_hand1":{"rotate":[{"time":0,"angle":0},{"time":0.6667,"angle":-10.59},{"time":1.3334,"angle":0}],"shear":[{"time":0},{"time":0.6667},{"time":1.3334}]},"right_eye_closed":{"translate":[{"time":0},{"time":0.5833},{"time":0.625,"x":-3.84,"y":-1.64},{"time":0.75,"x":-3.84,"y":-1.64},{"time":0.7917}]},"left_eye_closed":{"translate":[{"time":0},{"time":0.5833},{"time":0.625,"x":-3.84,"y":-1.64},{"time":0.75,"x":-3.84,"y":-1.64},{"time":0.7917}]},"map":{"translate":[{"time":0},{"time":0.6667,"x":-0.17,"y":0.73},{"time":1.3334}],"rotate":[{"time":0,"angle":0},{"time":0.6667,"angle":7.39},{"time":1.3334,"angle":0}],"shear":[{"time":0},{"time":0.6667},{"time":1.3334}]}},"slots":{"right_eye_closed":{"color":[{"time":0,"color":"FFFFFF00"},{"time":0.5833,"color":"FFFFFF00"},{"time":0.625,"color":"FFFFFFFF"},{"time":0.75,"color":"FFFFFFFF"},{"time":0.7917,"color":"FFFFFF00"}]},"left_eye_closed":{"color":[{"time":0,"color":"FFFFFF00"},{"time":0.5833,"color":"FFFFFF00"},{"time":0.625,"color":"FFFFFFFF"},{"time":0.75,"color":"FFFFFFFF"},{"time":0.7917,"color":"FFFFFF00"}]},"right_eye":{"color":[{"time":0,"color":"FFFFFFFF"},{"time":0.5833,"color":"FFFFFFFF"},{"time":0.625,"color":"FFFFFF00"},{"time":0.75,"color":"FFFFFF00"},{"time":0.7917,"color":"FFFFFFFF"}]},"left_eye":{"color":[{"time":0,"color":"FFFFFFFF"},{"time":0.5833,"color":"FFFFFFFF"},{"time":0.625,"color":"FFFFFF00"},{"time":0.75,"color":"FFFFFF00"},{"time":0.7917,"color":"FFFFFFFF"}]}}},"move":{"bones":{"kuzi":{"translate":[{"time":0,"y":7.15},{"time":0.25,"y":1.58},{"time":0.5,"y":7.15},{"time":0.75,"y":1.58},{"time":1,"y":7.15},{"time":1.25,"y":1.58},{"time":1.5,"y":7.15},{"time":1.75,"y":1.58},{"time":2,"y":7.15},{"time":2.3333,"y":1.58},{"time":2.7083,"y":37.94},{"time":3.0416,"y":1.58},{"time":3.3333,"y":7.15}]},"body":{"translate":[{"time":0},{"time":2},{"time":2.3333,"x":-1.51,"y":-0.21},{"time":2.7083}],"rotate":[{"time":0,"angle":-3.1},{"time":0.25,"angle":7.06},{"time":0.5,"angle":-3.1},{"time":0.75,"angle":7.06},{"time":1,"angle":-3.1},{"time":1.25,"angle":7.06},{"time":1.5,"angle":-3.1},{"time":1.75,"angle":7.06},{"time":2,"angle":-3.1},{"time":2.3333,"angle":-1.49},{"time":2.7083,"angle":10.16},{"time":3.0416,"angle":7.06},{"time":3.3333,"angle":-3.1}],"scale":[{"time":0,"x":1,"y":1},{"time":2,"x":1,"y":1},{"time":2.3333,"x":0.92,"y":1.06},{"time":2.7083,"x":1,"y":1},{"time":2.9166,"x":1.11,"y":0.97},{"time":3.0416,"x":1,"y":1}],"shear":[{"time":0},{"time":0.25},{"time":0.5},{"time":0.75},{"time":1},{"time":1.25},{"time":1.5},{"time":1.75},{"time":2},{"time":2.3333},{"time":2.7083},{"time":3.0416},{"time":3.3333}]},"left_foot":{"translate":[{"time":0,"x":-5.76,"y":-5.74},{"time":0.25,"x":-2.56,"y":8.43},{"time":0.5,"x":-1.84,"y":18.28},{"time":0.625,"x":-3.55,"y":21.49},{"time":0.75,"x":3.47,"y":1.05},{"time":0.9167,"x":0.37,"y":-3.28},{"time":1,"x":-5.76,"y":-5.74},{"time":1.25,"x":-2.77,"y":9.95},{"time":1.5,"x":-1.84,"y":18.28},{"time":1.625,"x":-3.48,"y":21},{"time":1.75,"x":2.25,"y":9.69},{"time":1.9167,"x":0.37,"y":-3.28},{"time":2,"x":-5.76,"y":-5.74},{"time":2.3333,"x":-2.65,"y":6.37},{"time":2.7083,"x":-3.21,"y":22.19},{"time":2.9583,"x":-2.62,"y":14.91},{"time":3.0416,"x":3.47,"y":1.05},{"time":3.2499,"x":0.37,"y":-3.28},{"time":3.3332,"x":-5.76,"y":-5.74}],"rotate":[{"time":0,"angle":17.07},{"time":0.25,"angle":3.11},{"time":0.5,"angle":-51.49},{"time":0.625,"angle":-89.18},{"time":0.75,"angle":-62.65},{"time":0.9167,"angle":24.66},{"time":1,"angle":17.07},{"time":1.25,"angle":2.78},{"time":1.5,"angle":-51.49},{"time":1.625,"angle":-89.18},{"time":1.75,"angle":-62.65},{"time":1.9167,"angle":24.66},{"time":2,"angle":17.07},{"time":2.3333,"angle":2.75},{"time":2.5833,"angle":-22.43},{"time":2.7083,"angle":-51.49},{"time":2.9583,"angle":-89.18},{"time":3.0416,"angle":-62.65},{"time":3.2499,"angle":24.66},{"time":3.3332,"angle":17.07}],"shear":[{"time":0},{"time":0.25},{"time":0.5},{"time":0.625},{"time":0.75},{"time":0.9167},{"time":1},{"time":1.25},{"time":1.5},{"time":1.625},{"time":1.75},{"time":1.9167},{"time":2},{"time":2.3333},{"time":2.5833},{"time":2.7083},{"time":2.9583},{"time":3.0416},{"time":3.2499},{"time":3.3332}]},"right_foot":{"translate":[{"time":0,"x":1.7,"y":-0.42},{"time":0.125,"x":0.53,"y":-0.86},{"time":0.3333,"x":5.89,"y":-8.62},{"time":0.5,"x":2.38,"y":-22.65},{"time":0.625,"x":-0.37,"y":-17.48},{"time":0.75,"x":0.15,"y":0.98},{"time":1,"x":1.7,"y":-0.42},{"time":1.125,"x":0.53,"y":-0.86},{"time":1.3333,"x":5.89,"y":-8.62},{"time":1.5,"x":2.38,"y":-22.65},{"time":1.625,"x":-0.66,"y":-15.45},{"time":1.75,"x":2.42,"y":1.31},{"time":2,"x":1.7,"y":-0.42},{"time":2.1667,"x":1.18,"y":-5.43},{"time":2.5,"x":-0.08,"y":-11.59},{"time":2.7083,"x":3.7,"y":-22.29},{"time":2.9583,"x":0.92,"y":-24.51},{"time":3.0416,"x":2.9,"y":-2.1},{"time":3.3333,"x":1.7,"y":-0.42}],"rotate":[{"time":0,"angle":-64.82},{"time":0.125,"angle":-82.1},{"time":0.3333,"angle":-50.01},{"time":0.5,"angle":27.8},{"time":0.625,"angle":1.39},{"time":0.75,"angle":0.18},{"time":1,"angle":-64.82},{"time":1.125,"angle":-82.1},{"time":1.3333,"angle":-50.01},{"time":1.5,"angle":27.8},{"time":1.625,"angle":1.39},{"time":1.75,"angle":0.18},{"time":2,"angle":-64.82},{"time":2.1667,"angle":-82.1},{"time":2.3334,"angle":-66.72},{"time":2.5001,"angle":-30.18},{"time":2.7084,"angle":17.42},{"time":2.9584,"angle":19.74},{"time":3.0417,"angle":0.18},{"time":3.3334,"angle":-64.82}],"shear":[{"time":0},{"time":0.125},{"time":0.3333},{"time":0.5},{"time":0.625},{"time":0.75},{"time":1},{"time":1.125},{"time":1.3333},{"time":1.5},{"time":1.625},{"time":1.75},{"time":2},{"time":2.1667},{"time":2.3334},{"time":2.5001},{"time":2.7084},{"time":2.9584},{"time":3.0417},{"time":3.3334}]},"head":{"translate":[{"time":0},{"time":2},{"time":2.5,"x":-3.55,"y":0.13},{"time":2.7083},{"time":2.9166,"x":5.04,"y":-0.59},{"time":3.0416,"x":-0.51,"y":-0.02},{"time":3.3333}],"rotate":[{"time":0,"angle":0},{"time":0.25,"angle":-9.52},{"time":0.5,"angle":0},{"time":0.75,"angle":-9.52},{"time":1,"angle":0},{"time":1.25,"angle":-9.52},{"time":1.5,"angle":0},{"time":1.75,"angle":-9.52},{"time":2,"angle":0},{"time":2.3333,"angle":4},{"time":2.7083,"angle":0},{"time":3.0416,"angle":-9.52},{"time":3.3333,"angle":0}],"shear":[{"time":0},{"time":0.25},{"time":0.5},{"time":0.75},{"time":1},{"time":1.25},{"time":1.5},{"time":1.75},{"time":2},{"time":2.3333},{"time":2.7083},{"time":3.0416},{"time":3.3333}]},"left_hand":{"rotate":[{"time":0,"angle":0},{"time":0.25,"angle":2.84},{"time":0.5,"angle":0},{"time":0.75,"angle":2.84},{"time":1,"angle":0},{"time":1.25,"angle":2.84},{"time":1.5,"angle":0},{"time":1.75,"angle":2.84},{"time":2,"angle":0},{"time":2.3333,"angle":2.84},{"time":2.7083,"angle":0},{"time":3.0416,"angle":2.84},{"time":3.3333,"angle":0}],"shear":[{"time":0},{"time":0.25},{"time":0.5},{"time":0.75},{"time":1},{"time":1.25},{"time":1.5},{"time":1.75},{"time":2},{"time":2.3333},{"time":2.7083},{"time":3.0416},{"time":3.3333}]},"righthand":{"rotate":[{"time":0,"angle":0},{"time":0.25,"angle":1.96},{"time":0.5,"angle":0},{"time":0.75,"angle":1.96},{"time":1,"angle":0},{"time":1.25,"angle":1.96},{"time":1.5,"angle":0},{"time":1.75,"angle":1.96},{"time":2,"angle":0},{"time":2.3333,"angle":1.96},{"time":2.7083,"angle":0},{"time":3.0416,"angle":1.96},{"time":3.3333,"angle":0}],"shear":[{"time":0},{"time":0.25},{"time":0.5},{"time":0.75},{"time":1},{"time":1.25},{"time":1.5},{"time":1.75},{"time":2},{"time":2.3333},{"time":2.7083},{"time":3.0416},{"time":3.3333}]},"bag":{"translate":[{"time":0},{"time":0.125,"x":2.73,"y":-0.17},{"time":0.4167,"y":-0.03},{"time":0.5},{"time":0.625,"x":2.73,"y":-0.17},{"time":0.9167,"y":-0.03},{"time":1},{"time":1.125,"x":2.73,"y":-0.17},{"time":1.4167,"y":-0.03},{"time":1.5},{"time":1.625,"x":2.73,"y":-0.17},{"time":1.9167,"y":-0.03},{"time":2},{"time":2.1667,"x":2.73,"y":-0.17},{"time":2.5834,"x":-5.89,"y":2.62},{"time":2.7084},{"time":3.1251,"x":2.73,"y":-0.17},{"time":3.2501,"y":-0.03},{"time":3.3334}],"rotate":[{"time":0,"angle":0},{"time":0.125,"angle":-3.7},{"time":0.4167,"angle":4.01},{"time":0.5,"angle":0},{"time":0.625,"angle":-3.7},{"time":0.9167,"angle":4.01},{"time":1,"angle":0},{"time":1.125,"angle":-3.7},{"time":1.4167,"angle":4.01},{"time":1.5,"angle":0},{"time":1.625,"angle":-3.7},{"time":1.9167,"angle":4.01},{"time":2,"angle":0},{"time":2.1667,"angle":13.11},{"time":2.7084,"angle":0},{"time":2.9584,"angle":-12.91},{"time":3.1251,"angle":-3.7},{"time":3.2501,"angle":4.01},{"time":3.3334,"angle":0}],"scale":[{"time":0,"x":1,"y":1},{"time":2,"x":1,"y":1},{"time":2.3333,"x":1.01,"y":0.95},{"time":2.5833,"x":1,"y":1.05},{"time":2.7083,"x":1,"y":1}],"shear":[{"time":0},{"time":0.125},{"time":0.4167},{"time":0.5},{"time":0.625},{"time":0.9167},{"time":1},{"time":1.125},{"time":1.4167},{"time":1.5},{"time":1.625},{"time":1.9167},{"time":2},{"time":2.1667},{"time":2.7084},{"time":2.9584},{"time":3.1251},{"time":3.2501},{"time":3.3334}]},"left_hand1":{"rotate":[{"time":0,"angle":0},{"time":0.25,"angle":-2.82},{"time":0.5,"angle":0},{"time":0.75,"angle":-2.82},{"time":1,"angle":0},{"time":1.25,"angle":-2.82},{"time":1.5,"angle":0},{"time":1.75,"angle":-2.82},{"time":2,"angle":0},{"time":2.3333,"angle":-2.82},{"time":2.7083,"angle":0},{"time":3.0416,"angle":-2.82},{"time":3.3333,"angle":0}],"shear":[{"time":0},{"time":0.25},{"time":0.5},{"time":0.75},{"time":1},{"time":1.25},{"time":1.5},{"time":1.75},{"time":2},{"time":2.3333},{"time":2.7083},{"time":3.0416},{"time":3.3333}]},"righthand1":{"rotate":[{"time":0,"angle":0},{"time":0.25,"angle":2.42},{"time":0.5,"angle":0},{"time":0.75,"angle":2.42},{"time":1,"angle":0},{"time":1.25,"angle":2.42},{"time":1.5,"angle":0},{"time":1.75,"angle":2.42},{"time":2,"angle":0},{"time":2.3333,"angle":2.42},{"time":2.7083,"angle":0},{"time":3.0416,"angle":2.42},{"time":3.3333,"angle":0}],"shear":[{"time":0},{"time":0.25},{"time":0.5},{"time":0.75},{"time":1},{"time":1.25},{"time":1.5},{"time":1.75},{"time":2},{"time":2.3333},{"time":2.7083},{"time":3.0416},{"time":3.3333}]},"right_eye_closed":{"translate":[{"time":0},{"time":1.4583},{"time":1.5,"x":-3.84,"y":-1.64},{"time":1.625,"x":-3.84,"y":-1.64},{"time":1.6667},{"time":2},{"time":2.7083,"x":4.66,"y":0.56},{"time":3.125}]},"left_eye_closed":{"translate":[{"time":0},{"time":1.4583},{"time":1.5,"x":-3.84,"y":-1.64},{"time":1.625,"x":-3.84,"y":-1.64},{"time":1.6667},{"time":2.5},{"time":2.7083,"x":2.87,"y":-1.86},{"time":3.125}]},"map":{"rotate":[{"time":0,"angle":0},{"time":0.125,"angle":-8.71},{"time":0.3333,"angle":0.62},{"time":0.5,"angle":0},{"time":0.625,"angle":-8.71},{"time":0.8333,"angle":0.62},{"time":1,"angle":0},{"time":1.125,"angle":-8.71},{"time":1.3333,"angle":0.62},{"time":1.5,"angle":0},{"time":1.625,"angle":-8.71},{"time":1.8333,"angle":0.62},{"time":2,"angle":0},{"time":2.1667,"angle":-8.71},{"time":2.5,"angle":0.62},{"time":2.7083,"angle":0},{"time":2.9583,"angle":-8.71},{"time":3.1666,"angle":0.62},{"time":3.3333,"angle":0}],"shear":[{"time":0},{"time":0.125},{"time":0.3333},{"time":0.5},{"time":0.625},{"time":0.8333},{"time":1},{"time":1.125},{"time":1.3333},{"time":1.5},{"time":1.625},{"time":1.8333},{"time":2},{"time":2.1667},{"time":2.5},{"time":2.7083},{"time":2.9583},{"time":3.1666},{"time":3.3333}]}},"slots":{"right_eye_closed":{"color":[{"time":0,"color":"FFFFFF00"},{"time":1.4583,"color":"FFFFFF00"},{"time":1.5,"color":"FFFFFFFF"},{"time":1.625,"color":"FFFFFFFF"},{"time":1.6667,"color":"FFFFFF00"}]},"left_eye_closed":{"color":[{"time":0,"color":"FFFFFF00"},{"time":1.4583,"color":"FFFFFF00"},{"time":1.5,"color":"FFFFFFFF"},{"time":1.625,"color":"FFFFFFFF"},{"time":1.6667,"color":"FFFFFF00"}]},"right_eye":{"color":[{"time":0,"color":"FFFFFFFF"},{"time":1.4583,"color":"FFFFFFFF"},{"time":1.5,"color":"FFFFFF00"},{"time":1.625,"color":"FFFFFF00"},{"time":1.6667,"color":"FFFFFFFF"}]},"left_eye":{"color":[{"time":0,"color":"FFFFFFFF"},{"time":1.4583,"color":"FFFFFFFF"},{"time":1.5,"color":"FFFFFF00"},{"time":1.625,"color":"FFFFFF00"},{"time":1.6667,"color":"FFFFFFFF"}]}}}}},[0]]],0,0,[0],[-1],[0]]