[1,["b4oCLV4nlE2pXdYUazaetq"],0,[["sp.SkeletonData",["_name","_atlasText","textureNames","_skeletonJson","textures"],-1,3]],[[0,0,1,2,3,4,5]],[[0,"WaiMaiXiaoGe","\nWaiMaiXiaoGe.png\nsize: 128,256\nformat: RGBA8888\nfilter: Linear,Linear\nrepeat: none\n角色文件0303-2/椭圆_1_拷贝_12\n  rotate: false\n  xy: 1, 157\n  size: 88, 10\n  orig: 88, 10\n  offset: 0, 0\n  index: -1\n角色文件0303-2/右手\n  rotate: false\n  xy: 83, 89\n  size: 19, 13\n  orig: 19, 13\n  offset: 0, 0\n  index: -1\n角色文件0303-2/摩托车_拷贝\n  rotate: false\n  xy: 1, 1\n  size: 91, 57\n  orig: 91, 57\n  offset: 0, 0\n  index: -1\n角色文件0303-2/右腿\n  rotate: false\n  xy: 67, 129\n  size: 23, 22\n  orig: 23, 22\n  offset: 0, 0\n  index: -1\n角色文件0303-2/左腿\n  rotate: false\n  xy: 67, 104\n  size: 27, 23\n  orig: 27, 23\n  offset: 0, 0\n  index: -1\n角色文件0303-2/左腿（停车时）\n  rotate: false\n  xy: 66, 60\n  size: 15, 42\n  orig: 15, 42\n  offset: 0, 0\n  index: -1\n角色文件0303-2/身体\n  rotate: false\n  xy: 83, 60\n  size: 22, 27\n  orig: 22, 27\n  offset: 0, 0\n  index: -1\n角色文件0303-2/头部\n  rotate: false\n  xy: 1, 60\n  size: 63, 59\n  orig: 63, 59\n  offset: 0, 0\n  index: -1\n角色文件0303-2/眼睛1\n  rotate: false\n  xy: 94, 41\n  size: 6, 8\n  orig: 6, 8\n  offset: 0, 0\n  index: -1\n角色文件0303-2/眼睛2\n  rotate: false\n  xy: 94, 31\n  size: 6, 8\n  orig: 6, 8\n  offset: 0, 0\n  index: -1\n角色文件0303-2/左手\n  rotate: false\n  xy: 94, 1\n  size: 26, 17\n  orig: 26, 17\n  offset: 0, 0\n  index: -1\n角色文件-道具(1)/闭眼2\n  rotate: false\n  xy: 103, 51\n  size: 6, 3\n  orig: 6, 3\n  offset: 0, 0\n  index: -1\n角色文件-道具(1)/闭眼1\n  rotate: false\n  xy: 94, 51\n  size: 7, 3\n  orig: 7, 3\n  offset: 0, 0\n  index: -1\nyan03(1)\n  rotate: false\n  xy: 1, 121\n  size: 64, 34\n  orig: 64, 34\n  offset: 0, 0\n  index: -1\nyan04(1)\n  rotate: false\n  xy: 94, 20\n  size: 11, 9\n  orig: 11, 9\n  offset: 0, 0\n  index: -1\n",["WaiMaiXiaoGe.png"],{"skeleton":{"width":181.32,"height":122,"fps":24,"hash":" ","name":"Armature"},"bones":[{"name":"root"},{"length":64,"x":-33.5,"y":4.35,"rotation":-0.7117,"name":"chelun","parent":"root"},{"x":81.5,"y":17.8,"name":"yan03(1)","parent":"root"},{"x":0.4,"y":139.65,"name":"bone","parent":"root"},{"x":131.4331,"y":29.427,"name":"yan04(1)","parent":"root"},{"x":131.6,"y":8.9,"name":"yan04(1)1","parent":"root"},{"length":63,"x":1.3229,"y":22.3182,"rotation":-0.7397,"name":"cheshen","parent":"chelun"},{"length":27,"x":40.8,"y":10.3867,"rotation":93.4517,"name":"shenti","parent":"cheshen"},{"length":10,"x":22.5672,"y":2.9641,"rotation":130.8786,"name":"youshou_shang","parent":"shenti"},{"length":13,"x":22.4174,"y":-8.4877,"rotation":154.0592,"name":"zuoshou_shang","parent":"shenti"},{"length":12,"x":-2.0442,"y":-1.2294,"rotation":161.4308,"name":"zuotui_shang","parent":"shenti"},{"length":8,"x":2.8746,"y":4.9527,"rotation":113.1145,"name":"youtui_shang","parent":"shenti"},{"length":48,"x":28.4246,"y":0.208,"rotation":-8.607,"name":"tou","parent":"shenti"},{"length":8,"x":10.9291,"y":0.0864,"rotation":-20.5727,"name":"youshou_xia","parent":"youshou_shang"},{"length":19,"x":13.5177,"y":1.2048,"rotation":19.7327,"name":"zuotui_xia","parent":"zuotui_shang"},{"x":13.8308,"y":14.4371,"name":"yanjing","parent":"tou"},{"length":13,"x":9.0178,"y":0.7428,"rotation":68.795,"name":"youtui_xia","parent":"youtui_shang"},{"length":15,"x":13.4736,"y":-0.0356,"rotation":-69.6811,"name":"zuoshou_xia","parent":"zuoshou_shang"},{"x":-0.212,"y":-9.0344,"name":"left_eye","parent":"yanjing"},{"x":-1.7261,"y":6.6455,"name":"right_eye","parent":"yanjing"}],"slots":[{"name":"椭圆_1_拷贝_12","bone":"root","attachment":"角色文件0303-2/椭圆_1_拷贝_12"},{"name":"右手","bone":"youshou_shang","attachment":"角色文件0303-2/右手"},{"name":"摩托车_拷贝","bone":"chelun","attachment":"角色文件0303-2/摩托车_拷贝"},{"name":"右腿","bone":"youtui_shang","attachment":"角色文件0303-2/右腿"},{"name":"左腿","bone":"youtui_shang","attachment":"角色文件0303-2/左腿"},{"name":"左腿（停车时）","bone":"zuotui_shang","attachment":"角色文件0303-2/左腿（停车时）"},{"name":"身体","bone":"shenti","attachment":"角色文件0303-2/身体"},{"name":"头部","bone":"tou","attachment":"角色文件0303-2/头部"},{"name":"眼睛1","bone":"left_eye","attachment":"角色文件0303-2/眼睛1"},{"name":"眼睛2","bone":"right_eye","attachment":"角色文件0303-2/眼睛2"},{"name":"左手","bone":"zuoshou_shang","attachment":"角色文件0303-2/左手"},{"name":"闭眼2","bone":"right_eye","attachment":"角色文件-道具(1)/闭眼2"},{"name":"闭眼1","bone":"left_eye","attachment":"角色文件-道具(1)/闭眼1"},{"name":"右手1","bone":"root"},{"name":"yan03(1)","bone":"yan03(1)","attachment":"yan03(1)"},{"name":"yan04(1)","bone":"yan04(1)","attachment":"yan04(1)"},{"name":"yan04(1)1","bone":"yan04(1)1","attachment":"yan04(1)"}],"skins":{"default":{"左手":{"角色文件0303-2/左手":{"name":"角色文件0303-2/左手","width":26,"height":17,"hull":8,"type":"mesh","triangles":[3,7,9,0,2,6,2,5,6,3,9,6,5,3,6,3,8,7,3,1,8,4,5,2,5,4,3,4,1,3],"uvs":[1,0,0,1,0.61923,0,0.56923,0.54412,0,0.57647,0.59423,0.29118,1,0.34412,0.94808,0.82353,0.85192,1,1,0.70294],"edges":[0,4,2,8,2,16,4,8,12,18,14,16,14,18,12,0],"vertices":[1,9,-3.89,1.5,1,1,17,17.4,2.86,1,1,9,0.12,-7.55,1,2,9,9.11,-4.98,0.576398,17,3.12,-5.81,0.423602,1,17,17.86,-4.33,1,1,9,4.91,-6.13,1,1,9,1.45,3.87,1,2,9,9.45,5.95,0.81,17,-7.01,-1.7,0.19,2,9,13.21,4.88,0.503908,17,-4.7,1.46,0.496092,2,9,7.03,6.35,0.95,17,-8.22,-3.83,0.05]}},"yan04(1)":{"yan04(1)":{"name":"yan04(1)","width":11,"height":9,"x":-0.18,"y":0.55}},"闭眼1":{"角色文件-道具(1)/闭眼1":{"name":"角色文件-道具(1)/闭眼1","width":7,"height":3,"x":1.09,"y":0.3,"rotation":-83.39}},"椭圆_1_拷贝_12":{"角色文件0303-2/椭圆_1_拷贝_12":{"name":"角色文件0303-2/椭圆_1_拷贝_12","width":88,"height":10,"x":-0.41,"y":2.57}},"yan03(1)":{"yan03(1)":{"name":"yan03(1)","width":64,"height":34,"x":0.18,"y":1.59}},"头部":{"角色文件0303-2/头部":{"name":"角色文件0303-2/头部","width":63,"height":59,"x":24.71,"y":9.77,"rotation":-83.39}},"右手":{"角色文件0303-2/右手":{"name":"角色文件0303-2/右手","width":19,"height":13,"x":9.75,"y":-1.72,"rotation":137.12}},"左腿":{"角色文件0303-2/左腿":{"name":"角色文件0303-2/左腿","width":27,"height":23,"hull":9,"type":"mesh","triangles":[4,9,8,4,8,1,9,10,3,10,12,3,8,9,3,4,10,9,6,11,4,4,11,10,11,12,10,0,6,4,6,7,11,2,12,11,7,2,11,5,7,6,0,5,6],"uvs":[0,0,1,0,0,1,1,1,0.48889,0,0,0.23043,0.19815,0.13696,0,0.42609,1,0.33696,0.82593,0.54783,0.63148,0.62609,0.36481,0.56957,0.31296,1],"edges":[0,8,2,8,2,16,4,14,4,24,6,16,6,24,10,14,10,0],"vertices":[3,7,6.14,16.36,0.104151,11,9.2,-7.48,0.484604,16,-7.6,-3.15,0.411245,3,7,5.2,-10.63,0.608432,11,-15.24,3.98,0.276877,16,-5.76,23.79,0.11469,1,16,15.34,-4.72,1,3,7,-17.78,-9.83,0.408636,16,17.19,22.22,0.329917,11,-5.48,24.8,0.261447,3,7,5.68,3.16,0.507195,11,-2.75,-1.88,0.457835,16,-6.7,10.02,0.03497,2,16,-2.31,-3.51,0.5,11,11.45,-2.68,0.5,2,11,5.7,-2.36,0.92,16,-4.09,1.97,0.08,2,16,2.17,-3.82,0.86,11,13.36,1.39,0.14,1,7,-2.54,-10.36,1,2,7,-7.23,-5.49,0.96,11,-5.64,13.39,0.04,2,7,-8.84,-0.18,0.9,11,-0.12,12.79,0.1,2,16,6.14,5.78,0.49,11,5.85,8.56,0.51,3,7,-17.14,8.71,0.053127,16,15.92,3.71,0.880873,11,11.31,16.93,0.066]}},"眼睛2":{"角色文件0303-2/眼睛2":{"name":"角色文件0303-2/眼睛2","width":6,"height":8,"x":-0.25,"y":-0.22,"rotation":-83.39}},"右腿":{"角色文件0303-2/右腿":{"name":"角色文件0303-2/右腿","width":23,"height":22,"hull":9,"type":"mesh","triangles":[5,4,1,11,5,1,4,5,3,5,7,3,7,8,3,11,6,5,6,7,5,12,2,7,0,10,11,12,7,6,10,12,6,11,10,6,2,8,7,9,12,10,0,9,10],"uvs":[0,0,1,0,0,1,1,1,1,0.22045,0.65217,0.37727,0.3587,0.475,0.31957,0.86136,0.25435,1,0,0.13182,0.15652,0.08636,0.37826,0,0,0.28864],"edges":[0,18,2,8,2,22,4,16,4,24,6,8,6,16,18,24,22,0],"vertices":[1,7,6.18,17.35,1,1,7,5.38,-5.63,1,1,16,14.28,-5.65,1,1,7,-16.61,-4.86,1,1,7,0.53,-5.46,1,3,7,-2.64,2.65,0.655259,11,0.05,5.97,0.257415,16,1.63,10.25,0.087325,2,16,3.32,3.37,0.5,11,7.07,5.06,0.5,1,16,11.74,1.89,1,1,16,14.68,0.19,1,2,11,11.34,-5.28,0.49,16,-4.78,-4.34,0.51,2,11,7.66,-4.66,0.91,16,-5.53,-0.68,0.09,1,7,5.88,8.66,1,3,7,-0.17,17.58,0.01,16,-1.34,-4.58,0.88,11,12.8,-2.16,0.11]}},"闭眼2":{"角色文件-道具(1)/闭眼2":{"name":"角色文件-道具(1)/闭眼2","width":6,"height":3,"x":-0.01,"y":-0.11,"rotation":-83.39}},"yan04(1)1":{"yan04(1)":{"name":"yan04(1)","width":11,"height":9,"x":-0.19,"y":0.13}},"左腿（停车时）":{"角色文件0303-2/左腿（停车时）":{"name":"角色文件0303-2/左腿（停车时）","width":15,"height":42,"hull":8,"type":"mesh","triangles":[6,4,5,4,7,5,6,5,1,0,6,1,5,7,3,7,2,3],"uvs":[0,0,1,0,0,1,1,1,0,0.42857,1,0.4619,0,0.35833,0,0.4881],"edges":[0,2,2,10,4,6,4,14,6,10,8,12,8,14,12,0],"vertices":[1,7,5.39,4.67,1,1,7,4.96,-9.12,1,1,14,20.24,-4.83,1,1,14,21.34,8.88,1,2,10,11.71,-3.06,0.89,14,-3.14,-3.4,0.11,2,14,-0.88,10.26,0.43,10,9.22,10.57,0.57,3,7,-9.29,5.28,0.090046,10,8.94,-3.86,0.689365,14,-6.02,-3.22,0.220589,2,10,14.05,-2.37,0.1,14,-0.71,-3.55,0.9]}},"身体":{"角色文件0303-2/身体":{"name":"角色文件0303-2/身体","width":22,"height":27,"x":15.01,"y":-1.96,"rotation":-92}},"摩托车_拷贝":{"角色文件0303-2/摩托车_拷贝":{"name":"角色文件0303-2/摩托车_拷贝","width":91,"height":57,"x":36.29,"y":24.18,"rotation":0.71}},"眼睛1":{"角色文件0303-2/眼睛1":{"name":"角色文件0303-2/眼睛1","width":6,"height":8,"x":0.07,"y":-0.43,"rotation":-83.39}}}},"animations":{"move_send":{"bones":{"chelun":{"translate":[{"time":0},{"time":0.375,"x":-2.16},{"time":0.75}],"scale":[{"time":0,"x":1,"y":1},{"time":0.0417,"x":1.01,"y":1},{"time":0.0834,"x":0.99,"y":1},{"time":0.1251,"x":1.01,"y":1},{"time":0.1668,"x":0.99,"y":1},{"time":0.2918,"x":1.01,"y":1},{"time":0.3335,"x":0.99,"y":1},{"time":0.3752,"x":1,"y":1},{"time":0.4169,"x":1.01,"y":1},{"time":0.4586,"x":0.99,"y":1},{"time":0.5419,"x":1.01,"y":1},{"time":0.5836,"x":0.99,"y":1},{"time":0.6669,"x":1.01,"y":1},{"time":0.7086,"x":0.99,"y":1},{"time":0.7503,"x":1,"y":1}]},"cheshen":{"translate":[{"time":0},{"time":0.375,"x":2.55,"y":-0.36},{"time":0.75}]},"shenti":{"rotate":[{"time":0,"angle":0},{"time":0.1667,"angle":1.04},{"time":0.375,"angle":0},{"time":0.5833,"angle":-1.25},{"time":0.75,"angle":0}],"scale":[{"time":0,"x":1,"y":1},{"time":0.0417,"x":1.01,"y":1},{"time":0.0834,"x":0.99,"y":1},{"time":0.1251,"x":1.01,"y":1},{"time":0.1668,"x":0.99,"y":1},{"time":0.2918,"x":1.01,"y":1},{"time":0.3335,"x":0.99,"y":1},{"time":0.3752,"x":1,"y":1},{"time":0.4169,"x":1.01,"y":1},{"time":0.4586,"x":0.99,"y":1},{"time":0.5419,"x":1.01,"y":1},{"time":0.5836,"x":0.99,"y":1},{"time":0.7503,"x":1,"y":1}],"shear":[{"time":0},{"time":0.1667},{"time":0.375},{"time":0.5833},{"time":0.75}]},"youtui_shang":{"rotate":[{"time":0,"angle":0},{"time":0.1667,"angle":-1.73},{"time":0.375,"angle":-1.9},{"time":0.5833,"angle":2.39},{"time":0.75,"angle":0}],"shear":[{"time":0},{"time":0.1667},{"time":0.375},{"time":0.5833},{"time":0.75}]},"youshou_shang":{"rotate":[{"time":0,"angle":0},{"time":0.375,"angle":2.19},{"time":0.75,"angle":0}],"shear":[{"time":0},{"time":0.375},{"time":0.75}]},"zuoshou_shang":{"rotate":[{"time":0,"angle":-4.47},{"time":0.1667,"angle":-10.53},{"time":0.375,"angle":-16.92},{"time":0.5833,"angle":-11.21},{"time":0.75,"angle":-4.47}],"shear":[{"time":0},{"time":0.1667},{"time":0.375},{"time":0.5833},{"time":0.75}]},"tou":{"rotate":[{"time":0,"angle":1.11},{"time":0.1667,"angle":-3.34},{"time":0.375,"angle":0.84},{"time":0.5833,"angle":4.06},{"time":0.75,"angle":1.11}],"shear":[{"time":0},{"time":0.1667},{"time":0.375},{"time":0.5833},{"time":0.75}]},"zuoshou_xia":{"rotate":[{"time":0,"angle":14.25},{"time":0.1667,"angle":20.76},{"time":0.375,"angle":30.41},{"time":0.5833,"angle":23.37},{"time":0.75,"angle":14.25}],"shear":[{"time":0},{"time":0.1667},{"time":0.375},{"time":0.5833},{"time":0.75}]},"youtui_xia":{"rotate":[{"time":0,"angle":0},{"time":0.1667,"angle":-2.93},{"time":0.375,"angle":-6.47},{"time":0.5833,"angle":-7.51},{"time":0.75,"angle":0}],"shear":[{"time":0},{"time":0.1667},{"time":0.375},{"time":0.5833},{"time":0.75}]},"youshou_xia":{"rotate":[{"time":0,"angle":0},{"time":0.375,"angle":21.03},{"time":0.75,"angle":0}],"shear":[{"time":0},{"time":0.375},{"time":0.75}]},"yan03(1)":{"translate":[{"time":0,"x":-71.97,"y":-16.45},{"time":0.0417,"x":-62.28,"y":-16.12},{"time":0.0834,"x":-34.06,"y":-7.76},{"time":0.1251,"x":-21.05,"y":-1.73},{"time":0.2084,"x":-6.29,"y":-2.37},{"time":0.3751,"x":-71.97,"y":-16.45},{"time":0.4168,"x":-56.72,"y":-15.61},{"time":0.4585,"x":-32.06,"y":-14.43},{"time":0.5002,"x":-23.05,"y":-10.4},{"time":0.5835,"x":-10.29,"y":-6.37}],"scale":[{"time":0,"x":0.01,"y":0.01},{"time":0.0417,"x":0.25,"y":0.22},{"time":0.0834,"x":0.2,"y":0.29},{"time":0.1251,"x":0.5,"y":0.36},{"time":0.2084,"x":1.35,"y":0.65},{"time":0.3751,"x":0.01,"y":0.01},{"time":0.4168,"x":0.25,"y":0.22},{"time":0.5001,"x":0.75,"y":0.36},{"time":0.5834,"x":1.35,"y":0.65}]},"yan04(1)":{"translate":[{"time":0,"x":-94.22,"y":-23.72},{"time":0.0417,"x":-116.2,"y":-30.23},{"time":0.125,"x":-68.14,"y":-11.47},{"time":0.1667,"x":-50.8,"y":-5.01},{"time":0.25,"x":-26.95,"y":-1.81},{"time":0.375,"x":-94.22,"y":-23.72},{"time":0.4167,"x":-108.88,"y":-26.98},{"time":0.5,"x":-55.11,"y":-13.1},{"time":0.5417,"x":-27.09,"y":-0.63},{"time":0.5834,"x":-11.35,"y":6.92},{"time":0.6251,"x":-18.41,"y":-1.81}],"rotate":[{"time":0,"angle":0},{"time":0.125,"angle":0},{"time":0.1667,"angle":-23.29},{"time":0.25,"angle":0},{"time":0.5,"angle":0},{"time":0.5417,"angle":-23.29},{"time":0.625,"angle":0}],"scale":[{"time":0,"x":0.01,"y":1},{"time":0.0417,"x":0.01,"y":1},{"time":0.125,"x":1,"y":1},{"time":0.1667,"x":5.25,"y":5.25},{"time":0.25,"x":7,"y":7},{"time":0.375,"x":0.01,"y":1},{"time":0.4167,"x":0.01,"y":1},{"time":0.5,"x":3.65,"y":3.65},{"time":0.5417,"x":6.75,"y":6.75},{"time":0.625,"x":6.9,"y":6.9}],"shear":[{"time":0},{"time":0.125},{"time":0.1667},{"time":0.25},{"time":0.5},{"time":0.5417},{"time":0.625}]},"yan04(1)1":{"translate":[{"time":0},{"time":0.1667,"x":-78.26,"y":5.58},{"time":0.2084,"x":-35.48,"y":23.74},{"time":0.2501,"x":28.07,"y":66.55},{"time":0.2918,"x":59.27,"y":89.3},{"time":0.3751,"x":-63.96,"y":4.76},{"time":0.5418,"x":-21.03,"y":23.8},{"time":0.5835,"x":11.93,"y":16.28},{"time":0.6668,"x":61.93,"y":34.63}],"rotate":[{"time":0,"angle":0},{"time":0.1667,"angle":0},{"time":0.2084,"angle":-44.65},{"time":0.2917,"angle":-18.46},{"time":0.375,"angle":0},{"time":0.5417,"angle":0},{"time":0.5834,"angle":-44.65},{"time":0.6667,"angle":-18.46}],"scale":[{"time":0,"x":1,"y":1},{"time":0.1667,"x":1,"y":1},{"time":0.2084,"x":1.6,"y":1.6},{"time":0.2501,"x":3.43,"y":3.43},{"time":0.2918,"x":5.45,"y":5.45},{"time":0.3751,"x":1,"y":1},{"time":0.5418,"x":1,"y":1},{"time":0.5835,"x":2.45,"y":2.45},{"time":0.6668,"x":7.2,"y":7.2}],"shear":[{"time":0},{"time":0.1667},{"time":0.2084},{"time":0.2917},{"time":0.375},{"time":0.5417},{"time":0.5834},{"time":0.6667}]}},"slots":{"椭圆_1_拷贝_12":{"color":[{"time":0,"color":"FFFFFF7F"}]},"左腿（停车时）":{"color":[{"time":0,"color":"FFFFFF00"}]},"眼睛1":{"color":[{"time":0,"color":"FFFFFFFF"},{"time":0.375,"color":"FFFFFFFF"},{"time":0.4167,"color":"FFFFFF00"},{"time":0.4584,"color":"FFFFFFFF"}]},"眼睛2":{"color":[{"time":0,"color":"FFFFFFFF"},{"time":0.375,"color":"FFFFFFFF"},{"time":0.4167,"color":"FFFFFF00"},{"time":0.4584,"color":"FFFFFFFF"}]},"闭眼2":{"color":[{"time":0,"color":"FFFFFF00"},{"time":0.375,"color":"FFFFFF00"},{"time":0.4167,"color":"FFFFFFFF"},{"time":0.4584,"color":"FFFFFF00"}]},"闭眼1":{"color":[{"time":0,"color":"FFFFFF00"},{"time":0.375,"color":"FFFFFF00"},{"time":0.4167,"color":"FFFFFFFF"},{"time":0.4584,"color":"FFFFFF00"}]},"yan03(1)":{"color":[{"time":0,"color":"FFFFFF00"},{"time":0.0417,"color":"FFFFFF3B"},{"time":0.125,"color":"FFFFFF9E"},{"time":0.2083,"color":"FFFFFF00"},{"time":0.375,"color":"FFFFFF00"},{"time":0.4167,"color":"FFFFFF3B"},{"time":0.5,"color":"FFFFFFBA"},{"time":0.5833,"color":"FFFFFF00"}]},"yan04(1)":{"color":[{"time":0,"color":"FFFFFF00"},{"time":0.0417,"color":"FFFFFF00"},{"time":0.125,"color":"FFFFFFFF"},{"time":0.1667,"color":"FFFFFFD4"},{"time":0.25,"color":"FFFFFF00"},{"time":0.4167,"color":"FFFFFF00"},{"time":0.5,"color":"FFFFFFFF"},{"time":0.5417,"color":"FFFFFFD4"},{"time":0.625,"color":"FFFFFF00"}]},"yan04(1)1":{"color":[{"time":0,"color":"FFFFFF00"},{"time":0.1667,"color":"FFFFFF00"},{"time":0.2084,"color":"FFFFFF75"},{"time":0.2501,"color":"FFFFFF70"},{"time":0.2918,"color":"FFFFFF00"},{"time":0.5418,"color":"FFFFFF00"},{"time":0.5835,"color":"FFFFFFDE"},{"time":0.6668,"color":"FFFFFF00"}]}}},"stand":{"bones":{"cheshen":{"translate":[{"time":0,"y":0.22}]},"shenti":{"translate":[{"time":0,"curve":[0.5,0,0.5,1]},{"time":0.3333,"x":0.56,"y":0.01},{"time":0.875,"x":0.56,"y":0.01},{"time":1.25}],"rotate":[{"time":0,"angle":0,"curve":[0.5,0,0.5,1]},{"time":0.625,"angle":-0.44,"curve":[0.5,0,0.5,1]},{"time":1.25,"angle":0}],"shear":[{"time":0,"curve":[0.5,0,0.5,1]},{"time":0.625,"curve":[0.5,0,0.5,1]},{"time":1.25}]},"zuotui_shang":{"translate":[{"time":0,"curve":[0.5,0,0.5,1]},{"time":0.3333,"x":0.01,"y":0.4},{"time":0.7083,"x":0.01,"y":0.24},{"time":0.875,"x":0.01,"y":0.33},{"time":1.25}]},"youtui_shang":{"rotate":[{"time":0,"angle":0,"curve":[0.5,0,0.5,1]},{"time":0.4167,"angle":-15.67,"curve":[0.5,0,0.5,1]},{"time":0.5,"angle":0,"curve":[0.5,0,0.5,1]},{"time":0.75,"angle":-32.56},{"time":0.8333,"angle":0}],"shear":[{"time":0,"curve":[0.5,0,0.5,1]},{"time":0.4167,"curve":[0.5,0,0.5,1]},{"time":0.5,"curve":[0.5,0,0.5,1]},{"time":0.75},{"time":0.8333}]},"youshou_shang":{"rotate":[{"time":0,"angle":-4.99,"curve":[0.5,0,0.5,1]},{"time":0.625,"angle":-3.77,"curve":[0.5,0,0.5,1]},{"time":1.25,"angle":-4.99}],"shear":[{"time":0,"curve":[0.5,0,0.5,1]},{"time":0.625,"curve":[0.5,0,0.5,1]},{"time":1.25}]},"zuoshou_shang":{"translate":[{"time":0,"x":0.22,"y":2.26}],"rotate":[{"time":0,"angle":58.07}],"shear":[{"time":0}]},"tou":{"translate":[{"time":0,"curve":[0.5,0,0.5,1]},{"time":1,"x":-0.42,"curve":[0.5,0,0.5,1]},{"time":1.25}],"rotate":[{"time":0,"angle":-12.22,"curve":[0.5,0,0.5,1]},{"time":0.4167,"angle":-5.72,"curve":[0.5,0,0.5,1]},{"time":1,"angle":-14.85,"curve":[0.5,0,0.5,1]},{"time":1.25,"angle":-12.22}],"shear":[{"time":0,"curve":[0.5,0,0.5,1]},{"time":0.4167,"curve":[0.5,0,0.5,1]},{"time":1,"curve":[0.5,0,0.5,1]},{"time":1.25}]},"zuoshou_xia":{"rotate":[{"time":0,"angle":33.09}],"shear":[{"time":0}]},"youtui_xia":{"rotate":[{"time":0,"angle":0,"curve":[0.5,0,0.5,1]},{"time":0.4167,"angle":21.26,"curve":[0.5,0,0.5,1]},{"time":0.5,"angle":0,"curve":[0.5,0,0.5,1]},{"time":0.75,"angle":39.36},{"time":0.8333,"angle":0}],"shear":[{"time":0,"curve":[0.5,0,0.5,1]},{"time":0.4167,"curve":[0.5,0,0.5,1]},{"time":0.5,"curve":[0.5,0,0.5,1]},{"time":0.75},{"time":0.8333}]},"youshou_xia":{"rotate":[{"time":0,"angle":-15.18}],"shear":[{"time":0}]},"bone":{"translate":[{"time":0},{"time":1.25,"x":179.14},{"time":3.25}]}},"slots":{"椭圆_1_拷贝_12":{"color":[{"time":0,"color":"FFFFFF7F"}]},"左腿":{"color":[{"time":0,"color":"FFFFFF00"}]},"眼睛1":{"color":[{"time":0,"color":"FFFFFFFF","curve":[0.5,0,0.5,1]},{"time":0.5,"color":"FFFFFFFF"},{"time":0.5417,"color":"FFFFFF00"},{"time":0.625,"color":"FFFFFFFF"}]},"眼睛2":{"color":[{"time":0,"color":"FFFFFFFF","curve":[0.5,0,0.5,1]},{"time":0.5,"color":"FFFFFFFF"},{"time":0.5417,"color":"FFFFFF00"},{"time":0.625,"color":"FFFFFFFF"}]},"闭眼2":{"color":[{"time":0,"color":"FFFFFF00"},{"time":0.5,"color":"FFFFFF00"},{"time":0.5417,"color":"FFFFFFFF"},{"time":0.625,"color":"FFFFFF00"}]},"闭眼1":{"color":[{"time":0,"color":"FFFFFF00"},{"time":0.5,"color":"FFFFFF00"},{"time":0.5417,"color":"FFFFFFFF"},{"time":0.625,"color":"FFFFFF00"}]},"yan03(1)":{"color":[{"time":0,"color":"FFFFFF00"}]},"yan04(1)":{"color":[{"time":0,"color":"FFFFFF00"}]},"yan04(1)1":{"color":[{"time":0,"color":"FFFFFF00"}]}}}}},[0]]],0,0,[0],[-1],[0]]