[1,["d4klU1Co1C/rlPVwWIyadb","f9MrP2p/hDhINDWLkyKHMV","b9OJPRk0ZBfpqH3sL2RJKp","83f7k0lLxCFqZF5ZiL30Rv","day4aul91CEZt34MRmhHZc","51n41eC8ZEj7F/oOIs/+zl","e4ue8pFnlBX4jnc/St7R48","03u9RHpK9OCrBafI3bzhvv","ebcpLlx1dAQ4hKS6S6DHYp"],["value"],[["cc.AnimationClip",["_name","_duration","speed","curveData"],0,11]],[[0,0,1,2,3,4]],[[0,"bomb",0.7666666666666667,1.4,[{"paths":{}},"comps",11,[{},"cc.Sprite",11,[{},"spriteFrame",12,[[[{"frame":0},"value",6,0],[{"frame":0.08333333333333333},"value",6,1],[{"frame":0.16666666666666666},"value",6,2],[{"frame":0.25},"value",6,3],[{"frame":0.3333333333333333},"value",6,4],[{"frame":0.4166666666666667},"value",6,5],[{"frame":0.5},"value",6,6],[{"frame":0.5833333333333334},"value",6,7],[{"frame":0.6666666666666666},"value",6,8],[{"frame":0.75},"value",6,9]],11,11,11,11,11,11,11,11,11,11]]]]]],0,0,[0,0,0,0,0,0,0,0,0,0],[0,0,0,0,0,0,0,0,0,0],[1,2,3,0,0,4,5,6,7,8]]