[1,["84Phcm+P5DzIqlUnswE0Mc","fcJZOlQ1ZAVomAtyCqOW7P","94zNCsfF5DdrayiT9syg8x","beX2S/XFNAmbjDZLhMDXp2","f3dESWZcNDbrzb6pv6gkbj","60D/R5NU1Af5abzY32YLYF","27C8d/cTNLLbXaH6ZFnSNS","3cdyzah+lN5o4pvONDhluY","e1257CaeBOz7PUz/ALHMi3","e6amVvySVJapCIwWvMwDxZ","1cBuK6psdMyLNj5welFpix","a8IwYySPJMqqXOCsV+ZvP5","23kVd4IDZAVbrAGx50eM27","85CSy+6B9ODq2EwhqyDv68","d9i9k0JDNAu6O3htAEVfPW"],["value"],[["cc.AnimationClip",["_name","_duration","wrapMode","curveData"],0,11]],[[0,0,1,2,3,4]],[[0,"food_make_normal",0.7333333333333333,2,[{},"comps",11,[{},"cc.Sprite",11,[{},"spriteFrame",12,[[[{"frame":0},"value",6,0],[{"frame":0.05},"value",6,1],[{"frame":0.1},"value",6,2],[{"frame":0.15},"value",6,3],[{"frame":0.2},"value",6,4],[{"frame":0.25},"value",6,5],[{"frame":0.3},"value",6,6],[{"frame":0.36666666666666664},"value",6,7],[{"frame":0.4166666666666667},"value",6,8],[{"frame":0.4666666666666667},"value",6,9],[{"frame":0.5166666666666667},"value",6,10],[{"frame":0.5666666666666667},"value",6,11],[{"frame":0.6166666666666667},"value",6,12],[{"frame":0.6666666666666666},"value",6,13],[{"frame":0.7166666666666667},"value",6,14]],11,11,11,11,11,11,11,11,11,11,11,11,11,11,11]]]]]],0,0,[0,0,0,0,0,0,0,0,0,0,0,0,0,0,0],[0,0,0,0,0,0,0,0,0,0,0,0,0,0,0],[0,1,2,3,4,5,6,7,8,9,10,11,12,13,14]]