[1,["ecpdLyjvZBwrvm+cedCcQy","d2J1VIZPhCJpchlvoFlIPG","fcnjxOBFdF7IBBXG491DzG","8c20Sso/ZEn7NUfNSM+EBh","e8ihN3aFlCLZzf36/xQg8c"],["node","_spriteFrame","root","data","_defaultClip","_textureSetter"],[["cc.Node",["_name","_components","_prefab","_contentSize","_children","_parent"],2,9,4,5,2,1],["cc.Sprite",["_dstBlendFactor","node","_materials","_spriteFrame"],2,1,3,6],"cc.SpriteFrame",["cc.Prefab",["_name"],2],["cc.Animation",["playOnLoad","node","_clips","_defaultClip"],2,1,3,6],["cc.PrefabInfo",["fileId","root"],2,1]],[[5,0,1,2],[3,0,2],[0,0,4,1,2,3,2],[0,0,5,1,2,3,2],[1,1,2,3,1],[1,0,1,2,3,2],[4,0,1,2,3,2]],[[[[1,"food_make_good_once"],[2,"food_make_good_once",[-4],[[4,-2,[2],3],[6,true,-3,[5],4]],[0,"0epYSrPf9EzoegLGhGFq36",-1],[5,40,36]],[3,"11",1,[[5,1,-5,[0],1]],[0,"a1zBlyKn9I7Z9JgSvaAxHY",1],[5,475,100]]],0,[0,2,1,0,0,1,0,0,1,0,-1,2,0,0,2,0,3,1,5],[0,0,0,0,0,0],[-1,1,-1,1,4,-1],[0,2,0,3,1,1]],[[{"name":"11","rect":[9,29,475,95],"offset":[-3.5,-1.5],"originalSize":[500,150],"capInsets":[0,0,0,0]}],[2],0,[0],[5],[4]]]]