[1,["228NJyP9RG+qLtwqVDpK2s"],0,[["sp.SkeletonData",["_name","_atlasText","textureNames","_skeletonJson","textures"],-1,3]],[[0,0,1,2,3,4,5]],[[0,"BaoFaHu","\nBaoFaHu.png\nsize: 256,128\nformat: RGBA8888\nfilter: Linear,Linear\nrepeat: none\n角色文件(1)/椭圆_1\n  rotate: false\n  xy: 1, 109\n  size: 53, 11\n  orig: 55, 13\n  offset: 1, 1\n  index: -1\n角色文件(2)/右腿_2\n  rotate: false\n  xy: 56, 104\n  size: 10, 21\n  orig: 10, 21\n  offset: 0, 0\n  index: -1\n角色文件(2)/图层_119\n  rotate: false\n  xy: 150, 1\n  size: 13, 14\n  orig: 13, 14\n  offset: 0, 0\n  index: -1\n角色文件(2)/图层_120\n  rotate: false\n  xy: 153, 60\n  size: 13, 23\n  orig: 13, 23\n  offset: 0, 0\n  index: -1\n角色文件(2)/左腿_2\n  rotate: false\n  xy: 111, 100\n  size: 23, 24\n  orig: 23, 24\n  offset: 0, 0\n  index: -1\n角色文件(2)/身体_2\n  rotate: false\n  xy: 68, 72\n  size: 41, 46\n  orig: 41, 46\n  offset: 0, 0\n  index: -1\n角色文件(2)/头部_2\n  rotate: false\n  xy: 68, 1\n  size: 65, 69\n  orig: 65, 69\n  offset: 0, 0\n  index: -1\n角色文件(2)/皮包\n  rotate: false\n  xy: 135, 40\n  size: 21, 18\n  orig: 21, 18\n  offset: 0, 0\n  index: -1\n奶茶图标及厨师制作完成/奶茶2\n  rotate: false\n  xy: 36, 73\n  size: 23, 29\n  orig: 23, 29\n  offset: 0, 0\n  index: -1\n角色文件(2)/左手_2\n  rotate: false\n  xy: 135, 1\n  size: 13, 37\n  orig: 13, 37\n  offset: 0, 0\n  index: -1\nicon_sq02\n  rotate: false\n  xy: 136, 100\n  size: 23, 24\n  orig: 23, 24\n  offset: 0, 0\n  index: -1\n角色文件-发怒表情/头\n  rotate: false\n  xy: 1, 1\n  size: 65, 70\n  orig: 65, 70\n  offset: 0, 0\n  index: -1\nicon_sq01\n  rotate: false\n  xy: 1, 73\n  size: 33, 34\n  orig: 33, 34\n  offset: 0, 0\n  index: -1\n角色文件-吃蛋糕/cake_m\n  rotate: false\n  xy: 111, 72\n  size: 40, 26\n  orig: 40, 26\n  offset: 0, 0\n  index: -1\n",["BaoFaHu.png"],{"skeleton":{"width":144.97,"height":162.25,"fps":24,"hash":" ","name":"Armature"},"bones":[{"name":"root"},{"length":11,"x":-1.2,"y":35.9,"rotation":-90,"name":"qun_zi","parent":"root"},{"x":-43.35,"y":143.75,"name":"icon_sq01","parent":"root"},{"x":50.05,"y":118.55,"name":"icon_sq02","parent":"root"},{"length":10,"x":7.3,"y":-6,"rotation":9.6824,"name":"youtui_shang","parent":"qun_zi"},{"length":28,"x":-3.1,"y":0.25,"rotation":177.572,"name":"shen_ti","parent":"qun_zi"},{"length":12,"x":6.85,"y":7.1,"rotation":4.98,"name":"zuotui_shang","parent":"qun_zi"},{"length":10,"x":11.1072,"y":0.5888,"rotation":3.6295,"name":"youtui_xia","parent":"youtui_shang"},{"length":17,"x":5.7625,"y":4.5482,"rotation":124.2792,"name":"duzi","parent":"shen_ti"},{"length":16,"x":25.8817,"y":5.7016,"rotation":174.6956,"name":"youshou_shang","parent":"shen_ti"},{"length":12,"x":13.0355,"y":0.4184,"rotation":6.357,"name":"zuotui_xia","parent":"zuotui_shang"},{"inheritScale":false,"length":57,"x":32.3245,"y":-0.9066,"rotation":-7.2392,"name":"tou","parent":"shen_ti","transform":"noScale"},{"inheritScale":false,"length":17,"x":26.3858,"y":-6.1877,"rotation":-157.8291,"name":"zuoshou_shang","parent":"shen_ti","transform":"noScale"},{"length":14,"x":16.753,"rotation":13.9521,"name":"youshou_xia","parent":"youshou_shang"},{"length":7,"x":27.4897,"y":8.6389,"rotation":-58.3841,"name":"tou221","parent":"tou"},{"length":6,"x":27.372,"y":18.56,"rotation":56.932,"name":"tou223","parent":"tou"},{"length":17,"x":17.5605,"y":0.2317,"rotation":-12.5973,"name":"zuoshou_xia","parent":"zuoshou_shang"},{"x":5.3995,"y":11.7739,"name":"tou2234","parent":"tou"},{"length":20,"x":18.1179,"y":7.4542,"rotation":-99.6291,"name":"tea2","parent":"zuoshou_xia"},{"x":32.8374,"y":49.7013,"rotation":82.8544,"name":"cake_m","parent":"zuoshou_xia"}],"slots":[{"name":"shadow","bone":"root","attachment":"shadow"},{"name":"youtui_xia","bone":"youtui_xia","attachment":"youtui_xia"},{"name":"youtui_shang","bone":"youtui_shang","attachment":"youtui_shang"},{"name":"zuotui_xia","bone":"zuotui_xia","attachment":"zuotui_xia"},{"name":"zuotui_shang","bone":"zuotui_shang","attachment":"zuotui_shang"},{"name":"shen_ti","bone":"shen_ti","attachment":"shen_ti"},{"name":"tou2","bone":"tou","attachment":"tou2"},{"name":"bag","bone":"zuoshou_shang","attachment":"bag"},{"name":"tea2","bone":"tea2","attachment":"tea2"},{"name":"zuoshou_shang","bone":"zuoshou_shang","attachment":"zuoshou_shang"},{"name":"icon_sq02","bone":"icon_sq02","attachment":"icon_sq02"},{"name":"tou","bone":"tou","attachment":"tou"},{"name":"icon_sq01","bone":"icon_sq01","attachment":"icon_sq01"},{"name":"cake_m","bone":"cake_m","attachment":"角色文件-吃蛋糕/cake_m"}],"skins":{"default":{"icon_sq02":{"icon_sq02":{"name":"icon_sq02","width":23,"height":24,"x":0.59,"y":0.63}},"shadow":{"shadow":{"name":"shadow","width":53,"height":11,"x":0.98,"y":5.24,"path":"角色文件(1)/椭圆_1"}},"tea2":{"tea2":{"name":"tea2","width":23,"height":29,"x":11.84,"y":-0.69,"rotation":-87.53,"path":"奶茶图标及厨师制作完成/奶茶2"}},"tou":{"tou":{"name":"tou","width":65,"height":70,"hull":15,"path":"角色文件-发怒表情/头","type":"mesh","triangles":[4,3,2,22,4,2,21,22,2,1,21,2,22,30,4,0,21,1,30,5,4,30,6,5,29,37,6,0,20,21,18,22,21,22,29,30,29,6,30,37,38,6,25,29,22,20,18,21,18,25,22,14,13,20,37,34,38,14,20,0,38,7,6,25,28,29,38,8,7,28,37,29,18,17,25,20,17,18,17,28,25,34,33,38,33,9,8,33,8,38,20,15,17,24,28,17,28,34,37,15,24,17,28,27,34,27,31,34,31,33,34,24,27,28,32,9,33,31,32,33,35,31,27,13,19,20,19,16,20,16,15,20,15,27,24,12,19,13,23,26,27,23,27,15,16,23,15,26,35,27,32,10,9,36,32,31,26,11,35,11,36,35,35,36,31,36,10,32,19,23,16,11,10,36,11,26,23,19,11,23,12,11,19],"uvs":[0.49538,0,0.90692,0.06929,0.98462,0.51429,0.93692,0.72857,0.83077,0.74286,0.78846,0.865,0.52308,0.94286,0.50769,0.98571,0.43077,0.98571,0.18769,0.99999,0.02769,0.915,0,0.67143,0.04615,0.17143,0.16923,0.14286,0.2,0.06572,0.21585,0.51558,0.13431,0.4579,0.37046,0.53915,0.45739,0.50058,0.06892,0.34646,0.32277,0.34058,0.60277,0.35915,0.59431,0.57058,0.07508,0.55386,0.28354,0.57773,0.47585,0.59844,0.07277,0.64414,0.20969,0.66058,0.35892,0.67772,0.50123,0.69058,0.63046,0.71415,0.15662,0.78058,0.13431,0.87987,0.35277,0.90415,0.36277,0.81558,0.15662,0.70701,0.07508,0.83558,0.41431,0.7513,0.42969,0.92058],"edges":[0,2,2,4,4,6,6,8,8,10,10,12,12,14,14,16,16,18,18,20,20,22,22,24,24,26,26,28,28,0],"vertices":[1,11,65.79,6.17,1,1,11,65.5,-21.02,1,1,11,35.64,-31.23,1,1,11,20.14,-30.73,1,1,11,18.19,-24.06,1,1,11,9.3,-22.78,1,1,11,1.03,-6.69,1,1,11,-2.98,-6.97,1,1,11,-2.94,-1.28,1,1,11,-6.58,14.13,1,1,11,-2.46,25.38,1,1,11,14.05,30.02,1,1,11,48.91,32.91,1,1,11,52.37,25.38,1,1,11,57.95,24.81,1,1,15,-0.57,-0.12,1,1,15,6.04,0.54,1,1,14,0.55,-0.65,1,1,14,6.8,-0.26,1,1,11,37.14,29.4,1,1,11,40.4,13.22,1,1,11,42.18,-4.94,1,1,11,27.5,-6.88,1,1,11,22.96,26.58,1,3,11,23.61,12.95,0.91,14,-5.7,-1.04,0.03,15,-6.75,0.09,0.06,1,11,24.28,0.38,1,1,11,16.73,25.67,1,1,11,17.09,16.71,1,1,11,17.53,6.94,1,1,11,18.2,-2.33,1,1,11,17.98,-10.88,1,1,17,2.83,6.92,1,1,17,-4.27,7.19,1,1,17,-3.56,-7.1,1,1,17,2.66,-6.7,1,2,11,13.3,19.56,0.84,17,7.9,7.79,0.16,2,11,3.54,23.28,0.84,17,-1.86,11.5,0.16,2,11,13.06,2.53,0.84,17,7.66,-9.24,0.16,2,11,1.55,-0.45,0.84,17,-3.85,-12.22,0.16]}},"tou2":{"tou2":{"name":"tou2","width":65,"height":69,"hull":5,"path":"角色文件(2)/头部_2","type":"mesh","triangles":[21,22,37,0,39,1,39,40,1,40,36,1,36,37,1,5,4,3,19,5,3,22,19,3,37,22,3,1,37,3,33,21,37,36,35,37,35,33,37,40,35,36,21,20,22,20,19,22,39,35,40,33,27,18,18,20,21,33,18,21,20,6,19,6,5,19,30,27,33,39,38,35,18,6,20,11,2,4,30,33,35,29,30,35,27,9,18,9,6,18,38,29,35,9,7,6,26,9,27,6,4,5,38,28,29,9,8,7,8,11,4,29,24,30,7,4,6,30,24,27,24,26,27,0,38,39,34,28,38,7,8,4,9,14,8,28,24,29,28,23,24,15,14,9,14,13,8,13,11,8,25,10,15,23,25,24,24,25,26,25,15,26,26,15,9,10,12,15,15,13,14,12,13,15,12,11,13,28,31,23,17,25,23,31,17,23,34,32,28,10,11,12,16,11,10,17,10,25,32,31,28,17,16,10,0,34,38,16,2,11,0,32,34,32,17,31,16,17,32,0,16,32,0,2,16],"uvs":[0,0,1,0,0,1,1,1,0.46672,1,0.5698,0.98156,0.54595,0.95329,0.44518,0.96706,0.37364,0.94315,0.36211,0.7975,0.17441,0.79025,0.16211,0.9388,0.22518,0.84387,0.24287,0.89387,0.2898,0.88518,0.27134,0.84677,0.02287,0.80982,0.0598,0.63735,0.62134,0.75185,0.6798,0.91779,0.65364,0.83156,0.78518,0.72938,0.86595,0.7888,0.24057,0.61416,0.33057,0.61779,0.20211,0.683,0.35826,0.70982,0.54364,0.66779,0.18287,0.47866,0.43057,0.50909,0.52672,0.54315,0.08903,0.50692,0.04672,0.45619,0.60903,0.51779,0.10211,0.31054,0.60441,0.36271,0.93595,0.30982,0.95134,0.49895,0.19211,0.16489,0.53595,0.02576,0.84441,0.15112],"edges":[0,2,2,6,4,8,6,8,4,0],"vertices":[59.73,37.47,70.64,-26.6,-8.29,25.89,2.62,-38.19,-3.2,-4.02,-0.82,-10.41,0.84,-8.56,-1.2,-2.26,-0.35,2.6,9.43,5.03,7.87,17.14,-2.36,16.21,4.78,13.26,1.57,11.55,2.68,8.64,5.09,10.27,4.89,26.62,17.02,26.25,15.36,-11.05,4.72,-16.72,10.3,-14.05,18.68,-21.29,15.52,-27.16,20.57,14.94,21.31,9.13,15.47,16.61,15.35,6.29,20.23,-5.1,29.16,20.21,29.79,3.98,28.53,-2.57,26.21,25.89,29.2,29.19,31.15,-7.55,39.71,27.33,41.65,-5.46,48.87,-26.09,36.17,-29.27,50.6,23.25,63.82,2.83,58.66,-18.39]}},"zuotui_xia":{"zuotui_xia":{"name":"zuotui_xia","width":13,"height":23,"x":2.06,"y":1.63,"rotation":78.66,"path":"角色文件(2)/图层_120"}},"bag":{"bag":{"name":"bag","width":21,"height":18,"x":10.12,"y":3.74,"rotation":70.26,"path":"角色文件(2)/皮包"}},"cake_m":{"角色文件-吃蛋糕/cake_m":{"name":"角色文件-吃蛋糕/cake_m","width":40,"height":26,"x":0.21,"y":8.66}},"icon_sq01":{"icon_sq01":{"name":"icon_sq01","width":33,"height":34,"x":0.99,"y":0.23}},"youtui_xia":{"youtui_xia":{"name":"youtui_xia","width":10,"height":21,"x":1.52,"y":0.12,"rotation":75.74,"path":"角色文件(2)/右腿_2"}},"zuotui_shang":{"zuotui_shang":{"name":"zuotui_shang","width":23,"height":24,"x":-1.26,"y":-0.26,"rotation":85.02,"path":"角色文件(2)/左腿_2"}},"shen_ti":{"shen_ti":{"name":"shen_ti","width":41,"height":46,"hull":7,"path":"角色文件(2)/身体_2","type":"mesh","triangles":[0,5,1,5,4,1,6,2,3,1,4,3,4,6,3],"uvs":[0,0,1,0,0,1,1,1,0,0.67174,0,0.24457,0,0.89674],"edges":[0,2,2,6,4,6,4,12,8,10,8,12,10,0],"vertices":[1,5,30.68,22.31,1,1,5,32.42,-18.65,1,1,5,-15.28,20.36,1,1,5,-13.54,-20.6,1,1,8,16.95,-4.35,1,2,5,19.44,21.83,0.86,8,6.58,-21.04,0.14,2,5,-10.53,20.56,0.2,8,22.41,4.44,0.8]}},"zuoshou_shang":{"zuoshou_shang":{"name":"zuoshou_shang","width":13,"height":37,"hull":8,"path":"角色文件(2)/左手_2","type":"mesh","triangles":[0,4,7,7,4,5,4,6,5,0,7,1,6,4,3,4,2,3],"uvs":[0,0,1,0,0,1,1,1,0,0.55405,1,0.48378,1,0.55405,1,0.41892],"edges":[0,2,2,14,4,6,4,8,6,12,10,12,10,14,8,0],"vertices":[1,12,-1.67,2.83,1,1,12,2.72,15.07,1,1,16,17.38,-6.26,1,1,16,18.99,6.64,1,2,16,1,-4.21,0.49,12,17.62,-4.09,0.51,2,16,0.04,9.01,0.48,12,19.57,9.02,0.52,2,16,2.62,8.64,0.65,12,22,8.1,0.35,2,16,-2.34,9.31,0.34,12,17.31,9.83,0.66]}},"youtui_shang":{"youtui_shang":{"name":"youtui_shang","width":13,"height":14,"x":2.04,"y":0.66,"rotation":80.32,"path":"角色文件(2)/图层_119"}}}},"animations":{"move":{"bones":{"qun_zi":{"translate":[{"time":0,"curve":[0.5,0,0.5,1]},{"time":0.375,"y":1.02,"curve":[0.5,0,0.5,1]},{"time":0.6667,"curve":[0.5,0,0.5,1]},{"time":1.0417,"y":1.02,"curve":[0.5,0,0.5,1]},{"time":1.3334}],"rotate":[{"time":0,"angle":0,"curve":[0.5,0,0.5,1]},{"time":0.625,"angle":0.01},{"time":0.6667,"angle":0}],"shear":[{"time":0,"curve":[0.5,0,0.5,1]},{"time":0.625},{"time":0.6667}]},"shen_ti":{"translate":[{"time":0,"curve":[0,0,0.5,1]},{"time":0.2917,"x":-1,"curve":[0,0,0.5,1]},{"time":0.7084,"x":-0.17,"curve":[0,0,0.5,1]},{"time":1.0001,"x":-1,"curve":[0,0,0.5,1]},{"time":1.3334}],"rotate":[{"time":0,"angle":0,"curve":[0.5,0,0.5,1]},{"time":0.2917,"angle":0.09},{"time":0.7084,"angle":0,"curve":[0.5,0,0.5,1]},{"time":1.0001,"angle":0.61},{"time":1.3334,"angle":0}],"shear":[{"time":0,"curve":[0.5,0,0.5,1]},{"time":0.2917},{"time":0.7084,"curve":[0.5,0,0.5,1]},{"time":1.0001},{"time":1.3334}]},"tou":{"rotate":[{"time":0,"angle":-9.91,"curve":[0.5,0,0.5,1]},{"time":0.3333,"angle":-13.16},{"time":0.6666,"angle":-9.91,"curve":[0.5,0,0.5,1]},{"time":0.9999,"angle":-13.16},{"time":1.3332,"angle":-9.91}],"shear":[{"time":0,"curve":[0.5,0,0.5,1]},{"time":0.3333},{"time":0.6666,"curve":[0.5,0,0.5,1]},{"time":0.9999},{"time":1.3332}]},"youshou_shang":{"translate":[{"time":0,"curve":[0.5,0,1,1]},{"time":0.2917,"x":1.28,"y":0.16},{"time":0.6667,"curve":[0.5,0,1,1]},{"time":1,"x":0.97,"y":-0.03},{"time":1.3333}],"rotate":[{"time":0,"angle":20.21},{"time":0.6667,"angle":-22.1},{"time":1.3334,"angle":20.21}],"shear":[{"time":0},{"time":0.6667},{"time":1.3334}]},"youshou_xia":{"rotate":[{"time":0,"angle":0,"curve":[0.5,0,0.5,1]},{"time":0.375,"angle":5.36,"curve":[0.5,0,0.5,1]},{"time":1,"angle":-22.64,"curve":[0.5,0,0.5,1]},{"time":1.3333,"angle":0}],"shear":[{"time":0,"curve":[0.5,0,0.5,1]},{"time":0.375,"curve":[0.5,0,0.5,1]},{"time":1,"curve":[0.5,0,0.5,1]},{"time":1.3333}]},"zuoshou_shang":{"translate":[{"time":0,"x":0.63,"y":-1.04}],"rotate":[{"time":0,"angle":-10.58,"curve":[0.5,0,0.5,1]},{"time":0.3333,"angle":-8.65,"curve":[0.5,0,0.5,1]},{"time":0.6666,"angle":-10.58,"curve":[0.5,0,0.5,1]},{"time":0.9999,"angle":-11.93,"curve":[0.5,0,0.5,1]},{"time":1.3332,"angle":-10.58}],"shear":[{"time":0,"curve":[0.5,0,0.5,1]},{"time":0.3333,"curve":[0.5,0,0.5,1]},{"time":0.6666,"curve":[0.5,0,0.5,1]},{"time":0.9999,"curve":[0.5,0,0.5,1]},{"time":1.3332}]},"zuoshou_xia":{"rotate":[{"time":0,"angle":2.28},{"time":0.4167,"angle":4.65},{"time":0.6667,"angle":2.28},{"time":1.0834,"angle":-3.76},{"time":1.3334,"angle":2.28}],"shear":[{"time":0},{"time":0.4167},{"time":0.6667},{"time":1.0834},{"time":1.3334}]},"youtui_shang":{"translate":[{"time":0,"x":4.42,"y":-3.2},{"time":0.6667,"x":4.77,"y":2.89},{"time":0.9584,"x":4.94,"y":0.15},{"time":1.3334,"x":4.42,"y":-3.2}],"rotate":[{"time":0,"angle":-28.65},{"time":0.6667,"angle":13.58},{"time":1.3334,"angle":-28.65}],"shear":[{"time":0},{"time":0.6667},{"time":1.3334}]},"youtui_xia":{"translate":[{"time":0},{"time":0.9583,"x":0.12,"y":1.44},{"time":1.3333}],"rotate":[{"time":0,"angle":0},{"time":0.4167,"angle":-3.18},{"time":0.6667,"angle":5.16},{"time":0.9584,"angle":29.24},{"time":1.3334,"angle":0}],"shear":[{"time":0},{"time":0.4167},{"time":0.6667},{"time":0.9584},{"time":1.3334}]},"zuotui_shang":{"translate":[{"time":0,"x":4.2,"y":-1.53},{"time":0.25,"x":3.05,"y":-3.64},{"time":0.6667,"x":4.2,"y":-7.17},{"time":1.3334,"x":4.2,"y":-1.53}],"rotate":[{"time":0,"angle":13.98},{"time":0.6667,"angle":-29.81},{"time":1.3334,"angle":13.98}],"shear":[{"time":0},{"time":0.6667},{"time":1.3334}]},"zuotui_xia":{"translate":[{"time":0},{"time":0.25,"x":0.09,"y":2.06},{"time":0.75,"x":0.53,"y":-0.25},{"time":1.3333}],"rotate":[{"time":0,"angle":0},{"time":0.25,"angle":22.48},{"time":0.75,"angle":-3.77},{"time":1.3333,"angle":0}],"shear":[{"time":0},{"time":0.25},{"time":0.75},{"time":1.3333}]},"duzi":{"rotate":[{"time":0,"angle":0},{"time":0.1667,"angle":15.81},{"time":0.3334,"angle":-6.03},{"time":0.5001,"angle":-10.75},{"time":0.6668,"angle":0},{"time":0.8335,"angle":15.81},{"time":1.0002,"angle":-6.03},{"time":1.1669,"angle":-10.75},{"time":1.3336,"angle":0}],"shear":[{"time":0},{"time":0.1667},{"time":0.3334},{"time":0.5001},{"time":0.6668},{"time":0.8335},{"time":1.0002},{"time":1.1669},{"time":1.3336}]}},"slots":{"shadow":{"color":[{"time":0,"color":"FFFFFF7F"}]},"tou":{"color":[{"time":0,"color":"FFFFFF00"}]},"icon_sq01":{"color":[{"time":0,"color":"FFFFFF00"}]},"icon_sq02":{"color":[{"time":0,"color":"FFFFFF00"}]},"tea2":{"color":[{"time":0,"color":"FFFFFF00"}]},"cake_m":{"color":[{"time":0,"color":"FFFFFF00"}]}}},"stand":{"bones":{"qun_zi":{"translate":[{"time":0,"x":2.93,"y":-2.24}],"rotate":[{"time":0,"angle":-8.33}],"shear":[{"time":0}]},"youtui_shang":{"translate":[{"time":0,"x":0.27,"y":4.66}],"rotate":[{"time":0,"angle":-20.57}],"shear":[{"time":0}]},"zuotui_shang":{"translate":[{"time":0,"x":-2.69,"y":-4.84}],"rotate":[{"time":0,"angle":-57.14}],"shear":[{"time":0}]},"shen_ti":{"rotate":[{"time":0,"angle":-10.79},{"time":0.625,"angle":-13.54},{"time":0.6667,"angle":-13.36},{"time":1.25,"angle":-10.79},{"time":1.875,"angle":-13.54},{"time":2.5,"angle":-10.79},{"time":3.4583,"angle":-9.07},{"time":5,"angle":-9.23},{"time":5.6667,"angle":-10.79}],"shear":[{"time":0},{"time":0.625},{"time":0.6667},{"time":1.25},{"time":1.875},{"time":2.5},{"time":3.4583},{"time":5},{"time":5.6667}]},"zuotui_xia":{"translate":[{"time":0,"x":1.27,"y":3.19}],"rotate":[{"time":0,"angle":31.35}],"shear":[{"time":0}]},"zuoshou_shang":{"rotate":[{"time":0,"angle":0},{"time":3.3333,"angle":0},{"time":3.9166,"angle":-34.46},{"time":4.1666,"angle":-20.08},{"time":4.3333,"angle":-22.3},{"time":4.5,"angle":-22.92},{"time":5,"angle":-20.88},{"time":5.25,"angle":0}],"shear":[{"time":0},{"time":3.3333},{"time":3.9166},{"time":4.1666},{"time":4.3333},{"time":4.5},{"time":5},{"time":5.25}]},"tou":{"translate":[{"time":0},{"time":2.5},{"time":3.0833,"x":-3.06,"y":-1.14},{"time":5,"x":-3.43,"y":-1.25},{"time":5.6667}],"rotate":[{"time":0,"angle":-3.36},{"time":0.625,"angle":0.53},{"time":0.6667,"angle":0.27},{"time":1.25,"angle":-3.36},{"time":1.875,"angle":0.53},{"time":2.5,"angle":-3.36},{"time":3.0833,"angle":31.89},{"time":5,"angle":34.23},{"time":5.6667,"angle":-3.36}],"shear":[{"time":0},{"time":0.625},{"time":0.6667},{"time":1.25},{"time":1.875},{"time":2.5},{"time":3.0833},{"time":5},{"time":5.6667}]},"youtui_xia":{"rotate":[{"time":0,"angle":44.82}],"shear":[{"time":0}]},"duzi":{"rotate":[{"time":0,"angle":0},{"time":0.625,"angle":1.92},{"time":0.6667,"angle":1.79},{"time":1.25,"angle":0},{"time":1.875,"angle":1.92},{"time":2.5,"angle":0},{"time":4.0833,"angle":0},{"time":4.2083,"angle":12.6},{"time":4.375,"angle":1.54},{"time":4.5417,"angle":9.43},{"time":4.8334,"angle":2.85},{"time":5.6251,"angle":0}],"scale":[{"time":0,"x":1,"y":1},{"time":0.625,"x":1.1,"y":1.1},{"time":0.6667,"x":1.09,"y":1.09},{"time":1.25,"x":1,"y":1},{"time":1.875,"x":1.1,"y":1.1},{"time":2.5,"x":1,"y":1}],"shear":[{"time":0},{"time":0.625},{"time":0.6667},{"time":1.25},{"time":1.875},{"time":2.5},{"time":4.0833},{"time":4.2083},{"time":4.375},{"time":4.5417},{"time":4.8334},{"time":5.6251}]},"zuoshou_xia":{"rotate":[{"time":0,"angle":-77.73},{"time":3.3333,"angle":-77.73},{"time":3.9166,"angle":-99.68},{"time":4.1666,"angle":-65.96},{"time":4.3333,"angle":-79.76},{"time":4.5,"angle":-65.62},{"time":5,"angle":-69.58},{"time":5.25,"angle":-77.73}],"scale":[{"time":0,"x":0.8,"y":1}],"shear":[{"time":0},{"time":3.3333},{"time":3.9166},{"time":4.1666},{"time":4.3333},{"time":4.5},{"time":5},{"time":5.25}]},"icon_sq01":{"translate":[{"time":0,"curve":"stepped"},{"time":5.6667},{"time":7.0417,"x":136.43}]}},"slots":{"shadow":{"color":[{"time":0,"color":"FFFFFF00"}]},"tou":{"color":[{"time":0,"color":"FFFFFF00"}]},"icon_sq01":{"color":[{"time":0,"color":"FFFFFF00"}]},"icon_sq02":{"color":[{"time":0,"color":"FFFFFF00"}]},"tea2":{"color":[{"time":0,"color":"FFFFFF00"}]},"cake_m":{"color":[{"time":0,"color":"FFFFFF00"}]}},"deform":{"default":{"zuoshou_shang":{"zuoshou_shang":[{"time":0,"offset":10,"vertices":[1.82,0.87]}]}}}},"angry":{"bones":{"qun_zi":{"translate":[{"time":0,"x":-22.72,"y":-2.49}],"rotate":[{"time":0,"angle":-8.33}],"scale":[{"time":0,"x":1,"y":-1}],"shear":[{"time":0}]},"youtui_shang":{"translate":[{"time":0,"x":-9.3,"y":-7.28}],"rotate":[{"time":0,"angle":-94.41}],"shear":[{"time":0}]},"zuotui_shang":{"translate":[{"time":0,"x":0.84,"y":-4.32}],"rotate":[{"time":0,"angle":-8.24}],"shear":[{"time":0}]},"shen_ti":{"rotate":[{"time":0,"angle":-11.72}],"scale":[{"time":0,"x":1,"y":1},{"time":0.2083,"x":1.05,"y":1.05},{"time":0.4166,"x":1,"y":1}],"shear":[{"time":0}]},"zuotui_xia":{"rotate":[{"time":0,"angle":8.8}],"shear":[{"time":0}]},"zuoshou_shang":{"rotate":[{"time":0,"angle":6.71},{"time":0.2083,"angle":5.31},{"time":0.4166,"angle":6.71}],"shear":[{"time":0},{"time":0.2083},{"time":0.4166}]},"tou":{"translate":[{"time":0,"x":0.99,"y":0.85}],"rotate":[{"time":0,"angle":2.12},{"time":0.125,"angle":5.45},{"time":0.3333,"angle":-5.92},{"time":0.4166,"angle":2.12}],"shear":[{"time":0},{"time":0.125},{"time":0.3333},{"time":0.4166}]},"youtui_xia":{"translate":[{"time":0,"x":-1.24,"y":2.15}],"rotate":[{"time":0,"angle":30.57}],"shear":[{"time":0}]},"duzi":{"scale":[{"time":0,"x":0.8,"y":0.8},{"time":0.1667,"x":0.84,"y":1.19},{"time":0.2084,"x":0.96,"y":1.28},{"time":0.2917,"x":0.91,"y":1.07},{"time":0.4167,"x":0.8,"y":0.8}]},"zuoshou_xia":{"rotate":[{"time":0,"angle":-28.32},{"time":0.0417,"angle":-31.51},{"time":0.0834,"angle":-26.36},{"time":0.1667,"angle":-31.51},{"time":0.2084,"angle":-26.36},{"time":0.2501,"angle":-31.51},{"time":0.2918,"angle":-26.36},{"time":0.4168,"angle":-28.32}],"shear":[{"time":0},{"time":0.0417},{"time":0.0834},{"time":0.1667},{"time":0.2084},{"time":0.2501},{"time":0.2918},{"time":0.4168}]},"tou223":{"rotate":[{"time":0,"angle":0},{"time":0.0833,"angle":8.75},{"time":0.1666,"angle":-0.53},{"time":0.2499,"angle":8.75},{"time":0.3332,"angle":-0.53},{"time":0.4165,"angle":0}],"shear":[{"time":0},{"time":0.0833},{"time":0.1666},{"time":0.2499},{"time":0.3332},{"time":0.4165}]},"tou221":{"rotate":[{"time":0,"angle":0},{"time":0.0833,"angle":-13.35},{"time":0.1666,"angle":-5.02},{"time":0.2499,"angle":-13.35},{"time":0.3332,"angle":-5.02},{"time":0.4165,"angle":0}],"shear":[{"time":0},{"time":0.0833},{"time":0.1666},{"time":0.2499},{"time":0.3332},{"time":0.4165}]},"tou2234":{"scale":[{"time":0,"x":1,"y":1},{"time":0.0417,"x":1.25,"y":1.25},{"time":0.0834,"x":1.27,"y":1.27},{"time":0.1251,"x":0.99,"y":0.99},{"time":0.1668,"x":1.24,"y":1.24},{"time":0.2085,"x":1,"y":1},{"time":0.2502,"x":0.9,"y":0.9},{"time":0.2919,"x":1.08,"y":1.08},{"time":0.3336,"x":1.15,"y":1.15},{"time":0.4169,"x":1,"y":1}]},"icon_sq01":{"translate":[{"time":0,"x":28.02,"y":-32.99},{"time":0.0833,"x":34.12,"y":-26.02},{"time":0.1666,"x":53.62,"y":1.59},{"time":0.2916,"x":59.75,"y":11.34}],"rotate":[{"time":0,"angle":47.54},{"time":0.0833,"angle":-80.49},{"time":0.1666,"angle":-82.86}],"scale":[{"time":0,"x":0.01,"y":0.01},{"time":0.1667,"x":1,"y":1},{"time":0.2917,"x":1.35,"y":1.35}],"shear":[{"time":0},{"time":0.0833},{"time":0.1666}]},"icon_sq02":{"translate":[{"time":0,"x":-99.84,"y":-5.07},{"time":0.125,"x":-99.84,"y":-5.07},{"time":0.2083,"x":-116.59,"y":7.49},{"time":0.2916,"x":-135.14,"y":21.99},{"time":0.4166,"x":-139.55,"y":26.71}],"rotate":[{"time":0,"angle":83.46}],"scale":[{"time":0,"x":0,"y":0.01},{"time":0.125,"x":0.01,"y":0.01},{"time":0.2917,"x":1,"y":1},{"time":0.4167,"x":1.4,"y":1.4}],"shear":[{"time":0}]}},"slots":{"shadow":{"color":[{"time":0,"color":"FFFFFF00"}]},"icon_sq01":{"color":[{"time":0,"color":"FFFFFF00"},{"time":0.1667,"color":"FFFFFFFF"},{"time":0.2917,"color":"FFFFFF00"}]},"icon_sq02":{"color":[{"time":0,"color":"FFFFFF00"},{"time":0.125,"color":"FFFFFF00"},{"time":0.2917,"color":"FFFFFFFF"},{"time":0.4167,"color":"FFFFFF00"}]},"tea2":{"color":[{"time":0,"color":"FFFFFF00"}]},"cake_m":{"color":[{"time":0,"color":"FFFFFF00"}]}},"deform":{"default":{"zuoshou_shang":{"zuoshou_shang":[{"time":0,"offset":10,"vertices":[1.82,0.87]}]}}}},"drink":{"bones":{"qun_zi":{"translate":[{"time":0,"x":2.93,"y":-2.24}],"rotate":[{"time":0,"angle":-8.33}],"shear":[{"time":0}]},"youtui_shang":{"translate":[{"time":0,"x":0.27,"y":4.66}],"rotate":[{"time":0,"angle":-20.57}],"shear":[{"time":0}]},"zuotui_shang":{"translate":[{"time":0,"x":-2.69,"y":-4.84}],"rotate":[{"time":0,"angle":-57.14}],"shear":[{"time":0}]},"shen_ti":{"rotate":[{"time":0,"angle":-0.14},{"time":2.9167,"angle":-10.79},{"time":3.75,"angle":-0.14}],"scale":[{"time":0,"x":1,"y":1},{"time":3.75,"x":1,"y":1},{"time":4.2917,"x":1.07,"y":1.07},{"time":4.7917,"x":1,"y":1},{"time":5.3334,"x":1.07,"y":1.07},{"time":5.8334,"x":1,"y":1}],"shear":[{"time":0},{"time":2.9167},{"time":3.75}]},"zuotui_xia":{"translate":[{"time":0,"x":1.27,"y":3.19}],"rotate":[{"time":0,"angle":31.35}],"shear":[{"time":0}]},"zuoshou_shang":{"rotate":[{"time":0,"angle":-34.17},{"time":0.125,"angle":-40.66},{"time":0.6667,"angle":-60.41},{"time":1.2917,"angle":-82.07},{"time":2.4167,"angle":-99.99},{"time":2.9167,"angle":-105.64},{"time":3.25,"angle":-71.64},{"time":3.75,"angle":-34.17},{"time":4.2917,"angle":-37.22},{"time":4.7917,"angle":-34.17},{"time":5.3334,"angle":-37.22},{"time":5.8334,"angle":-34.17}],"shear":[{"time":0},{"time":0.125},{"time":0.6667},{"time":1.2917},{"time":2.4167},{"time":2.9167},{"time":3.25},{"time":3.75},{"time":4.2917},{"time":4.7917},{"time":5.3334},{"time":5.8334}]},"tou":{"rotate":[{"time":0,"angle":7.04},{"time":0.3333,"angle":33.26},{"time":1.2083,"angle":23.72},{"time":2.4583,"angle":-3.96},{"time":2.9166,"angle":-10.96},{"time":3.7499,"angle":7.04},{"time":4.0832,"angle":13.48},{"time":4.5415,"angle":2.73},{"time":4.7915,"angle":7.04},{"time":5.1248,"angle":13.48},{"time":5.5831,"angle":2.73},{"time":5.8331,"angle":7.04}],"shear":[{"time":0},{"time":0.3333},{"time":1.2083},{"time":2.4583},{"time":2.9166},{"time":3.7499},{"time":4.0832},{"time":4.5415},{"time":4.7915},{"time":5.1248},{"time":5.5831},{"time":5.8331}]},"youtui_xia":{"rotate":[{"time":0,"angle":44.82}],"shear":[{"time":0}]},"zuoshou_xia":{"rotate":[{"time":0,"angle":-30.29},{"time":0.125,"angle":-37.81},{"time":0.5833,"angle":-56.13},{"time":1.2916,"angle":-40.91},{"time":2.4166,"angle":-36.1},{"time":2.9166,"angle":-35.72},{"time":3.2499,"angle":-66.12},{"time":3.7499,"angle":-30.29},{"time":4.2916,"angle":-27.62},{"time":4.7916,"angle":-30.29},{"time":5.3333,"angle":-27.62},{"time":5.8333,"angle":-30.29}],"shear":[{"time":0},{"time":0.125},{"time":0.5833},{"time":1.2916},{"time":2.4166},{"time":2.9166},{"time":3.2499},{"time":3.7499},{"time":4.2916},{"time":4.7916},{"time":5.3333},{"time":5.8333}]},"tea2":{"rotate":[{"time":0,"angle":0},{"time":2.9167,"angle":0},{"time":3.3334,"angle":12.78},{"time":3.7501,"angle":0}],"scale":[{"time":0,"x":0.9,"y":0.9}],"shear":[{"time":0},{"time":2.9167},{"time":3.3334},{"time":3.7501}]}},"slots":{"shadow":{"color":[{"time":0,"color":"FFFFFF00"}]},"tou":{"color":[{"time":0,"color":"FFFFFF00"}]},"icon_sq01":{"color":[{"time":0,"color":"FFFFFF00"}]},"icon_sq02":{"color":[{"time":0,"color":"FFFFFF00"}]},"cake_m":{"color":[{"time":0,"color":"FFFFFF00"}]}},"deform":{"default":{"zuoshou_shang":{"zuoshou_shang":[{"time":0,"offset":10,"vertices":[1.82,0.87]}]}}}},"eat":{"bones":{"qun_zi":{"translate":[{"time":0,"x":2.93,"y":-2.24}],"rotate":[{"time":0,"angle":-8.33}],"shear":[{"time":0}]},"youtui_shang":{"translate":[{"time":0,"x":0.27,"y":4.66}],"rotate":[{"time":0,"angle":-20.57}],"shear":[{"time":0}]},"zuotui_shang":{"translate":[{"time":0,"x":-2.69,"y":-4.84}],"rotate":[{"time":0,"angle":-57.14}],"shear":[{"time":0}]},"shen_ti":{"rotate":[{"time":0,"angle":-0.14},{"time":0.4167,"angle":7.75},{"time":0.625,"angle":8.6},{"time":0.8333,"angle":9.71},{"time":1.0416,"angle":8.6},{"time":1.2499,"angle":9.71},{"time":1.4582,"angle":8.6},{"time":1.6665,"angle":9.71},{"time":2.3748,"angle":-0.93},{"time":2.7081,"angle":-0.14}],"shear":[{"time":0},{"time":0.4167},{"time":0.625},{"time":0.8333},{"time":1.0416},{"time":1.2499},{"time":1.4582},{"time":1.6665},{"time":2.3748},{"time":2.7081}]},"zuotui_xia":{"translate":[{"time":0,"x":1.27,"y":3.19}],"rotate":[{"time":0,"angle":31.35}],"shear":[{"time":0}]},"zuoshou_shang":{"rotate":[{"time":0,"angle":-34.17},{"time":0.4167,"angle":-41.43},{"time":2.0834,"angle":-41.43},{"time":2.7084,"angle":-34.17}],"shear":[{"time":0},{"time":0.4167},{"time":2.0834},{"time":2.7084}]},"tou":{"translate":[{"time":0},{"time":0.4167},{"time":0.625,"x":-0.9,"y":0.83},{"time":0.8333,"x":-0.11,"y":0.59},{"time":1.0416,"x":-0.79,"y":0.5},{"time":1.2499,"y":0.62},{"time":1.4582,"x":-0.88,"y":0.85},{"time":2.7082}],"rotate":[{"time":0,"angle":7.04},{"time":0.4167,"angle":16.4},{"time":0.625,"angle":22.34},{"time":0.8333,"angle":17.99},{"time":1.0416,"angle":22.34},{"time":1.2499,"angle":17.99},{"time":1.4582,"angle":22.34},{"time":1.6665,"angle":17.99},{"time":2.7082,"angle":7.04}],"shear":[{"time":0},{"time":0.4167},{"time":0.625},{"time":0.8333},{"time":1.0416},{"time":1.2499},{"time":1.4582},{"time":1.6665},{"time":2.7082}]},"youtui_xia":{"rotate":[{"time":0,"angle":44.82}],"shear":[{"time":0}]},"duzi":{"scale":[{"time":0,"x":1,"y":1},{"time":0.4167,"x":1,"y":1},{"time":0.8334,"x":1.1,"y":1.1},{"time":1.2501,"x":1,"y":1},{"time":1.6668,"x":1.1,"y":1.1},{"time":2.0835,"x":1,"y":1}]},"zuoshou_xia":{"rotate":[{"time":0,"angle":-30.29},{"time":0.4167,"angle":-95.93},{"time":2.0834,"angle":-95.93},{"time":2.7084,"angle":-30.29}],"shear":[{"time":0},{"time":0.4167},{"time":2.0834},{"time":2.7084}]},"tea2":{"scale":[{"time":0,"x":0.9,"y":0.9}]},"cake_m":{"translate":[{"time":0,"x":-13.48,"y":-44.56},{"time":0.4167,"x":-18.48,"y":-44.55},{"time":2.0834,"x":-18.48,"y":-44.55},{"time":2.7084,"x":-13.48,"y":-44.56}],"rotate":[{"time":0,"angle":69.95},{"time":0.4167,"angle":134.34},{"time":2.0834,"angle":134.34},{"time":2.7084,"angle":69.95}],"shear":[{"time":0},{"time":0.4167},{"time":2.0834},{"time":2.7084}]}},"slots":{"shadow":{"color":[{"time":0,"color":"FFFFFF00"}]},"tou":{"color":[{"time":0,"color":"FFFFFF00"}]},"icon_sq01":{"color":[{"time":0,"color":"FFFFFF00"}]},"icon_sq02":{"color":[{"time":0,"color":"FFFFFF00"}]},"tea2":{"color":[{"time":0,"color":"FFFFFF00"}]}},"deform":{"default":{"zuoshou_shang":{"zuoshou_shang":[{"time":0,"offset":10,"vertices":[1.82,0.87]}]},"tou2":{"tou2":[{"time":0,"offset":81,"vertices":[0]},{"time":0.4167,"offset":81,"vertices":[0]},{"time":0.625,"offset":12,"vertices":[0.9,0.1,1.27,0.17,1.18,2.04,-2.2,2.25,-2.2,-0.88,1.65,-0.63,-1,-1.46,1.28,-0.45,0.44,1.9,-0.89,0.36,0.42,-1.73,0,0,-0.2,0.45,0,0,-0.07,1.25,0,0,0,0,0,0,0,0,-0.34,0.07,-0.1,0.02,-0.22,0.16]},{"time":0.8333,"offset":81,"vertices":[0]},{"time":1.0416,"offset":12,"vertices":[0.9,0.1,1.27,0.17,1.18,2.04,-2.2,2.25,-2.2,-0.88,1.65,-0.63,-1,-1.46,1.28,-0.45,0.44,1.9,-0.89,0.36,0.42,-1.73,0,0,-0.2,0.45,0,0,-0.07,1.25,0,0,0,0,0,0,0,0,-0.34,0.07,-0.1,0.02,-0.22,0.16]},{"time":1.2499,"offset":81,"vertices":[0]},{"time":1.4582,"offset":12,"vertices":[0.9,0.1,1.27,0.17,1.18,2.04,-2.2,2.25,-2.2,-0.88,1.65,-0.63,-1,-1.46,1.28,-0.45,0.44,1.9,-0.89,0.36,0.42,-1.73,0,0,-0.2,0.45,0,0,-0.07,1.25,0,0,0,0,0,0,0,0,-0.34,0.07,-0.1,0.02,-0.22,0.16]},{"time":1.6665,"offset":81,"vertices":[0]}]}}}}}},[0]]],0,0,[0],[-1],[0]]