[1,0,0,[],0,[{"_name":"GeShou","_uuid":"09d5b92c-2264-414b-b116-254cd2c13665","skeleton":{"width":372,"height":170.98,"fps":24,"hash":" ","name":"Armature"},"bones":[{"name":"root"},{"x":-2.85,"y":31.6,"name":"one","parent":"root"},{"x":-123.7,"y":1.8,"name":"three-dengzi","parent":"root"},{"x":124.35,"y":0.65,"name":"two-DengZi","parent":"root"},{"length":19,"x":-8.5,"y":4.5,"rotation":-84.3043,"name":"one-youTui1","parent":"one"},{"length":11,"x":0.1,"y":1.6,"rotation":91.6847,"name":"one-body1","parent":"one"},{"x":-7.6,"y":30.9,"name":"two","parent":"two-DengZi"},{"x":-62.1,"y":102.8,"name":"yinFu31","parent":"three-dengzi"},{"length":22,"x":6.15,"y":4.05,"rotation":-86.4708,"name":"one-zuoTui1","parent":"one"},{"x":-6.05,"y":31.75,"name":"three","parent":"three-dengzi"},{"x":-74.75,"y":126.5,"name":"yinFu32","parent":"three-dengzi"},{"x":-63.35,"y":149.25,"name":"yinFu33","parent":"three-dengzi"},{"length":18,"x":23.1048,"y":0.1781,"rotation":4.8412,"name":"one-zuoTui11","parent":"one-zuoTui1"},{"length":15,"x":19.9505,"y":0.0201,"rotation":5.1059,"name":"one-youTui11","parent":"one-youTui1"},{"length":12,"x":-0.2,"y":3.25,"rotation":90,"name":"two-body","parent":"two"},{"length":12,"x":-1.1,"y":2.45,"rotation":92.5499,"name":"three-body3","parent":"three"},{"length":18,"x":-8.65,"y":1.25,"rotation":-121.4296,"name":"two-youtui","parent":"two"},{"length":23,"x":11.9051,"rotation":-4.851,"name":"one-body11","parent":"one-body1"},{"length":22,"x":6.65,"y":-0.6,"rotation":-132.4336,"name":"two-zuoTui","parent":"two"},{"inheritRotation":false,"inheritScale":false,"length":20,"x":4.1,"y":-1.25,"rotation":-134.1246,"name":"three-zuoTui","parent":"three","transform":"onlyTranslation"},{"inheritRotation":false,"inheritScale":false,"length":18,"x":-8.4,"y":1.65,"rotation":-129.1824,"name":"three-youTui","parent":"three","transform":"onlyTranslation"},{"length":84,"x":-21.65,"y":-5.35,"rotation":45.0477,"name":"three-Jita2","parent":"three"},{"length":25,"x":18.7692,"y":0.3977,"rotation":84.1824,"name":"three-youTui1","parent":"three-youTui"},{"inheritScale":false,"length":24,"x":13.2047,"y":-0.1877,"rotation":-2.2055,"name":"three-body31","parent":"three-body3","transform":"noScale"},{"inheritScale":false,"length":22,"x":13.3,"y":-0.25,"rotation":-2.3373,"name":"two-body1","parent":"two-body","transform":"noScale"},{"length":21,"x":20.4395,"y":0.112,"rotation":50.302,"name":"three-zuoTui1","parent":"three-zuoTui"},{"length":19,"x":22.7608,"y":0.8909,"rotation":48.7094,"name":"two-zuoTui1","parent":"two-zuoTui"},{"length":22,"x":19.1633,"y":1.3392,"rotation":76.8865,"name":"two-youtui1","parent":"two-youtui"},{"length":76,"x":24.7479,"y":-0.1833,"rotation":2.1487,"name":"one-head","parent":"one-body11"},{"length":17,"x":22.9827,"y":6.3792,"rotation":155.2604,"name":"one-youshou1","parent":"one-body11"},{"length":65,"x":-0.0308,"y":10.5143,"rotation":-54.275,"name":"one-jita1","parent":"one-body11"},{"length":16,"x":24.4182,"y":-10.5173,"rotation":-158.0656,"name":"one-zuoShou1","parent":"one-body11"},{"inheritScale":false,"length":72,"x":25.3001,"y":-0.0521,"rotation":-1.294,"name":"three-head","parent":"three-body31","transform":"noScale"},{"inheritScale":false,"length":66,"x":-4.067,"y":12.5946,"rotation":-53.0741,"name":"two-Jita","parent":"two-body1","transform":"noScale"},{"length":12,"x":28.1687,"y":18.9033,"rotation":57.3909,"name":"one-youMei","parent":"one-head"},{"inheritScale":false,"length":68,"x":22.8035,"y":0.3803,"rotation":2.3373,"name":"two-head","parent":"two-body1","transform":"noScale"},{"length":17,"x":28.538,"y":6.5579,"rotation":-80.1478,"name":"one-zuoMei","parent":"one-head"},{"x":22.4317,"y":-4.4023,"name":"one-zuoyan","parent":"one-head"},{"inheritScale":false,"length":17,"x":17.67,"y":12.1307,"rotation":165.4836,"name":"two-youshou","parent":"two-body1","transform":"noScale"},{"x":22.6666,"y":24.6064,"name":"one-youyanClosed","parent":"one-head"},{"inheritScale":false,"length":18,"x":21.519,"y":-13.5296,"rotation":-145.4923,"name":"three-zuoShou22","parent":"three-body31","transform":"noScale"},{"inheritScale":false,"length":14,"x":20.2095,"y":9.8287,"rotation":154.3282,"name":"three-youShou3","parent":"three-body31","transform":"noScale"},{"length":14,"x":18.245,"y":0.2705,"rotation":21.5016,"name":"one-youshou11","parent":"one-youshou1"},{"x":18.3226,"y":12.9676,"name":"one-yanJing","parent":"one-head"},{"length":15,"x":17.0751,"y":-0.2574,"rotation":-99.3366,"name":"one-zuoShou11","parent":"one-zuoShou1"},{"inheritScale":false,"length":18,"x":21.424,"y":-13.6376,"rotation":-159.2277,"name":"two-head_0","parent":"two-body1","transform":"noScale"},{"x":7.7921,"y":14.5907,"name":"one-mouth","parent":"one-head"},{"length":22,"x":18.4241,"y":0.2088,"rotation":133.5178,"name":"three-zuoShou21","parent":"three-zuoShou22"},{"length":14,"x":19.1792,"y":-0.4902,"rotation":-105.277,"name":"two-head_01","parent":"two-head_0"},{"x":16.8322,"y":22.332,"name":"three-youyanClosed","parent":"three-head"},{"x":5.35,"y":13.1,"name":"two-mouth","parent":"two-head"},{"x":17.7,"y":23,"name":"two-youyanClosed","parent":"two-head"},{"length":16,"x":17.7107,"y":-0.1726,"rotation":-98.051,"name":"two-youshou1","parent":"two-youshou"},{"x":15.6,"y":12.9,"name":"two-yanJing","parent":"two-head"},{"length":13,"x":25.05,"y":18.8,"rotation":72.8015,"name":"two-youMei","parent":"two-head"},{"length":18,"x":26.85,"y":7.75,"rotation":-75.4378,"name":"two-zuoMei","parent":"two-head"},{"x":19.5,"y":-3.65,"name":"two-zuoyanClosed","parent":"two-head"},{"length":15,"x":14.4648,"y":0.7611,"rotation":31.7484,"name":"three-youShou31","parent":"three-youShou3"},{"x":18.6229,"y":-4.242,"name":"three-zuoyanClosed","parent":"three-head"},{"x":3.6039,"y":11.8614,"name":"three-mouth2","parent":"three-head"},{"length":18,"x":26.1019,"y":6.1334,"rotation":-74.0104,"name":"three-zuoMei","parent":"three-head"},{"length":14,"x":24.0492,"y":18.3511,"rotation":73.0769,"name":"three-youMei","parent":"three-head"},{"x":15.5639,"y":11.3595,"name":"three-yanJing","parent":"three-head"},{"x":14.1315,"y":-4.0783,"name":"shouJi","parent":"two-youshou1"}],"slots":[{"name":"three-dengzi","bone":"three-dengzi","attachment":"Singer/three-dengzi"},{"name":"three-youTui","bone":"three-youTui","attachment":"Singer/three-youTui"},{"name":"three-zuoTui","bone":"three-zuoTui","attachment":"Singer/three-zuoTui"},{"name":"three-body3","bone":"three-body3","attachment":"Singer/three-body3"},{"name":"three-zuoShou22","bone":"three-zuoShou22","attachment":"Singer/three-zuoShou22"},{"name":"three-Jita2","bone":"three-Jita2","attachment":"Singer/three-Jita2"},{"name":"three-youShou3","bone":"three-youShou3","attachment":"Singer/three-youShou3"},{"name":"three-zuoShou21","bone":"three-zuoShou21","attachment":"Singer/three-zuoShou21"},{"name":"three-head","bone":"three-head","attachment":"Singer/three-head"},{"name":"three-mouth2","bone":"three-mouth2","attachment":"Singer/three-mouth2"},{"name":"three-youyan","bone":"three-youyanClosed","attachment":"Singer/three-youyan"},{"name":"three-zuoyan","bone":"three-zuoyanClosed","attachment":"Singer/three-zuoyan"},{"name":"three-zuoyanClosed","bone":"three-zuoyanClosed","attachment":"Singer/three-zuoyanClosed"},{"name":"three-youyanClosed","bone":"three-youyanClosed","attachment":"Singer/three-youyanClosed"},{"name":"three-yanJing","bone":"three-yanJing","attachment":"Singer/three-yanJing"},{"name":"three-zuoMei","bone":"three-zuoMei","attachment":"Singer/three-zuoMei"},{"name":"three-youMei","bone":"three-youMei","attachment":"Singer/three-youMei"},{"name":"yinFu31","bone":"yinFu31","attachment":"Singer/yinFu31"},{"name":"yinFu32","bone":"yinFu32","attachment":"Singer/yinFu32"},{"name":"yinFu33","bone":"yinFu33","attachment":"Singer/yinFu33"},{"name":"two-DengZi","bone":"two-DengZi","attachment":"Singer/two-DengZi"},{"name":"two-Jita","bone":"two-Jita","attachment":"Singer/two-Jita"},{"name":"two-youtui","bone":"two-youtui","attachment":"Singer/two-youtui"},{"name":"two-zuoTui","bone":"two-zuoTui","attachment":"Singer/two-zuoTui"},{"name":"two-youshou","bone":"two-youshou","attachment":"Singer/two-youshou"},{"name":"shouJi","bone":"shouJi","attachment":"Singer/shouJi"},{"name":"two-body","bone":"two-body","attachment":"Singer/two-body"},{"name":"two-head_0","bone":"two-head_0","attachment":"Singer/two-head_0"},{"name":"two-head","bone":"two-head","attachment":"Singer/two-head"},{"name":"two-mouth","bone":"two-mouth","attachment":"Singer/two-mouth"},{"name":"two-youyan","bone":"two-youyanClosed","attachment":"Singer/two-youyan"},{"name":"two-zuoyan","bone":"two-zuoyanClosed","attachment":"Singer/two-zuoyan"},{"name":"two-zuoyanClosed","bone":"two-zuoyanClosed","attachment":"Singer/two-zuoyanClosed"},{"name":"two-youyanClosed","bone":"two-youyanClosed","attachment":"Singer/two-youyanClosed"},{"name":"two-yanJing","bone":"two-yanJing","attachment":"Singer/two-yanJing"},{"name":"two-zuoMei","bone":"two-zuoMei","attachment":"Singer/two-zuoMei"},{"name":"two-youMei","bone":"two-youMei","attachment":"Singer/two-youMei"},{"name":"shadow","bone":"root","attachment":"Singer/shadow"},{"name":"one-jita1","bone":"one-jita1","attachment":"Singer/one-jita1"},{"name":"one-youTui1","bone":"one-youTui1","attachment":"Singer/one-youTui1"},{"name":"one-zuoTui1","bone":"one-zuoTui1","attachment":"Singer/one-zuoTui1"},{"name":"one-youshou1","bone":"one-youshou1","attachment":"Singer/one-youshou1"},{"name":"one-body1","bone":"one-body1","attachment":"Singer/one-body1"},{"name":"one-zuoShou1","bone":"one-zuoShou1","attachment":"Singer/one-zuoShou1"},{"name":"one-head","bone":"one-head","attachment":"Singer/one-head"},{"name":"one-mouth","bone":"one-mouth","attachment":"Singer/one-mouth"},{"name":"one-youyan","bone":"one-youyanClosed","attachment":"Singer/one-youyan"},{"name":"one-zuoyan","bone":"one-zuoyan","attachment":"Singer/one-zuoyan"},{"name":"one-zuoyanClosed","bone":"one-zuoyan","attachment":"Singer/one-zuoyanClosed"},{"name":"one-youyanClosed","bone":"one-youyanClosed","attachment":"Singer/one-youyanClosed"},{"name":"one-yanJing","bone":"one-yanJing","attachment":"Singer/one-yanJing"},{"name":"one-zuoMei","bone":"one-zuoMei","attachment":"Singer/one-zuoMei"},{"name":"one-youMei","bone":"one-youMei","attachment":"Singer/one-youMei"}],"skins":{"default":{"one-zuoyanClosed":{"Singer/one-zuoyanClosed":{"name":"Singer/one-zuoyanClosed","width":18,"height":4,"x":-2.37,"y":1.78,"rotation":-88.98}},"one-youshou1":{"Singer/one-youshou1":{"name":"Singer/one-youshou1","width":15,"height":35,"hull":13,"type":"mesh","triangles":[11,3,2,1,0,2,0,11,2,12,5,4,10,4,3,11,10,3,12,8,5,10,9,4,9,12,4,8,6,5,8,7,6],"uvs":[0.76333,0,1,0,1,0.14286,0.88667,0.3,0.70667,0.45714,0.56667,0.84571,0.50667,1,0,1,0,0.82857,0.10667,0.46,0.18667,0.36286,0.58667,0.06,0.08828,0.52352],"edges":[0,2,2,4,4,6,6,8,8,10,10,12,12,14,14,16,16,24,18,20,18,24,20,22,22,0],"vertices":[1,29,-1.24,-2.83,1,1,29,-2.9,0.31,1,1,29,1.52,2.65,1,2,29,7.17,3.72,0.96,42,-9.04,7.27,0.04,2,29,15.46,5.05,0.49,42,-0.84,5.47,0.51,1,42,10.48,4.63,1,1,42,15.95,4.34,1,1,42,16.79,-3.22,1,1,42,10.83,-3.89,1,2,29,17.6,-4,0.49,42,-2.17,-3.74,0.51,2,29,14.03,-4.53,0.88,42,-5.68,-2.92,0.12,1,29,1.86,-4.19,1,2,42,0.07,-3.77,0.88,29,19.69,-3.21,0.12]}},"two-yanJing":{"Singer/two-yanJing":{"name":"Singer/two-yanJing","width":32,"height":15,"x":-1.18,"y":-2.93,"rotation":-90}},"two-head_0":{"Singer/two-head_0":{"name":"Singer/two-head_0","width":21,"height":26,"hull":14,"type":"mesh","triangles":[12,5,4,12,4,3,2,12,3,12,6,5,1,13,2,13,12,2,0,13,1,12,11,6,11,7,6,10,7,11,9,8,7,9,7,10],"uvs":[0.3881,0,0.68333,0,0.91429,0.38269,1,0.60962,1,0.75769,0.89762,0.90385,0.6619,0.99808,0.22143,0.99615,0,1,0,0.56731,0.25238,0.55577,0.47619,0.55192,0.55952,0.55577,0.55238,0.47115],"edges":[0,2,2,4,4,6,6,8,8,10,10,12,12,14,14,16,16,18,18,20,20,22,22,24,24,26,26,0],"vertices":[1,45,-1.69,-2.31,1,1,45,0.28,3.58,1,1,45,11.25,5.03,1,2,45,17.41,4.87,0.92,48,-4.71,-3.12,0.08,2,45,21.07,3.66,0.56,48,-4.5,0.73,0.44,2,48,-2.14,4.4,0.92,45,23.99,0.41,0.08,1,48,2.94,6.58,1,1,48,12.17,6.02,1,1,48,16.82,5.86,1,1,48,16.2,-5.37,1,1,48,10.89,-5.38,1,2,48,6.19,-5.22,0.88,45,12.51,-5.09,0.12,2,45,13.16,-3.46,0.56,48,4.45,-5.02,0.44,2,45,11.03,-2.91,0.88,48,4.48,-7.23,0.12]}},"two-DengZi":{"Singer/two-DengZi":{"name":"Singer/two-DengZi","width":32,"height":34,"x":0.08,"y":13.17}},"three-youyanClosed":{"Singer/three-youyanClosed":{"name":"Singer/three-youyanClosed","width":13,"height":4,"x":0.11,"y":0.67,"rotation":-89.05}},"three-youShou3":{"Singer/three-youShou3":{"name":"Singer/three-youShou3","width":10,"height":33,"hull":15,"type":"mesh","triangles":[11,10,9,14,3,2,0,14,2,0,2,1,6,11,7,9,8,7,11,9,7,12,11,6,12,6,5,3,14,4,14,13,4,12,5,4,13,12,4],"uvs":[0.675,0,1,0,1,0.1,0.795,0.41364,0.76,0.45152,0.76,0.50455,0.855,0.68333,1,0.7303,1,1,0.205,1,0,0.91364,0,0.82273,0,0.48182,0.045,0.40152,0.12,0.34848],"edges":[0,2,2,4,4,6,6,8,8,10,10,12,12,14,14,16,16,18,18,20,20,22,22,24,24,26,26,28,28,0],"vertices":[1,41,-2.44,-2.95,1,1,41,-3.83,-0.01,1,1,41,-0.85,1.4,1,2,41,9.43,4,0.9,57,-2.58,5.4,0.1,2,41,11.58,4.46,0.5,57,-0.5,4.67,0.5,2,57,1.16,4.68,0.9,41,12.99,5.35,0.1,1,57,6.28,5.01,1,1,57,7.98,6.28,1,1,57,16.83,5.28,1,1,57,15.94,-2.62,1,1,57,12.88,-4.34,1,1,57,9.89,-4,1,2,57,0.03,-3.09,0.9,41,16.12,-1.85,0.1,2,41,14.29,-2.66,0.5,57,-1.95,-2.82,0.5,2,41,11.78,-3.19,0.9,57,-4.36,-1.94,0.1]}},"two-Jita":{"Singer/two-Jita":{"name":"Singer/two-Jita","width":80,"height":60,"x":19.57,"y":-2.24,"rotation":-34.59}},"one-body1":{"Singer/one-body1":{"name":"Singer/one-body1","width":36,"height":54,"hull":25,"type":"mesh","triangles":[6,38,7,7,38,8,38,9,8,38,19,9,29,33,4,34,25,6,25,38,6,29,32,33,5,35,34,35,25,34,27,35,5,32,27,5,32,5,33,3,29,4,19,20,9,18,29,3,2,16,18,16,29,18,19,21,20,38,22,19,22,21,19,15,29,16,24,22,38,24,38,25,35,24,25,0,15,1,15,16,2,1,15,2,27,36,35,36,24,35,28,31,32,26,36,27,32,31,27,31,26,27,28,32,29,15,28,29,14,17,15,17,28,15,0,14,15,17,13,28,12,31,28,12,30,31,13,12,28,24,39,22,10,21,22,39,10,22,31,30,26,36,23,24,23,39,24,37,23,36,30,11,26,37,36,26,11,37,26],"uvs":[0.34861,0,0.60139,0,0.60694,0.07037,0.79028,0.13611,0.86111,0.23519,0.8875,0.55833,0.93611,0.74074,1,0.81667,1,0.87037,0.8125,1,0,1,0,0.61481,0.0875,0.3037,0.10417,0.16852,0.32639,0.07315,0.39492,0.10771,0.56714,0.10863,0.21481,0.12104,0.70749,0.10643,0.63797,0.93734,0.67964,1,0.26019,1,0.24492,0.90401,0,0.78178,0.22964,0.78826,0.60186,0.77067,0.22269,0.61141,0.54353,0.58456,0.24631,0.30493,0.51714,0.28826,0.02891,0.51202,0.22964,0.50215,0.54353,0.47993,0.87877,0.45146,0.90966,0.64148,0.57686,0.6716,0.22686,0.69752,0,0.69382,0.61714,0.84845,0,0.89104],"edges":[0,2,2,4,4,36,6,8,6,36,8,66,10,66,10,68,12,14,12,68,14,16,16,18,18,40,20,42,20,78,22,60,22,74,24,26,24,60,26,34,28,34,40,42,46,74,46,78,28,0],"vertices":[1,17,33.56,3.78,1,1,17,34.07,-5.31,1,1,17,30.28,-5.72,1,1,17,27.1,-12.5,1,1,17,21.9,-15.34,1,2,17,4.53,-17.26,0.52,5,14.96,-17.58,0.48,2,5,5.06,-19.04,0.95,17,-5.21,-19.55,0.05,1,5,0.9,-21.22,1,1,5,-2,-21.13,1,1,5,-8.8,-14.18,1,1,5,-7.94,15.06,1,2,17,-0.28,14.48,0.52,5,12.85,14.45,0.48,1,17,16.67,12.26,1,1,17,23.99,12.06,1,1,17,29.57,4.36,1,1,17,27.84,1.79,1,1,17,28.14,-4.4,1,1,17,26.77,8.23,1,1,17,28.53,-9.44,1,1,5,-5.24,-8,1,1,5,-8.66,-9.4,1,1,5,-8.22,5.69,1,1,5,-3.02,6.09,1,2,5,3.83,14.71,0.95,17,-9.29,13.98,0.05,2,5,3.24,6.46,0.95,17,-9.18,5.7,0.05,2,5,3.8,-6.96,0.95,17,-7.49,-7.63,0.05,2,17,0.34,6.48,0.52,5,12.79,6.43,0.48,2,17,2.43,-4.97,0.52,5,13.9,-5.16,0.48,1,17,16.91,6.54,1,1,17,18.35,-3.14,1,2,17,5.32,13.74,0.91,5,18.37,13.25,0.09,2,17,6.25,6.56,0.91,5,18.68,6,0.09,2,17,8.07,-4.66,0.91,5,19.55,-5.33,0.09,2,17,10.27,-16.63,0.91,5,20.74,-17.44,0.09,2,5,10.45,-18.25,0.88,17,0.09,-18.3,0.12,2,5,9.17,-6.22,0.88,17,-2.2,-6.43,0.12,2,5,8.14,6.41,0.88,17,-4.29,6.07,0.12,2,5,8.58,14.57,0.88,17,-4.54,14.24,0.12,1,5,-0.42,-7.39,1,1,5,-2.06,14.89,1]}},"three-zuoShou21":{"Singer/three-zuoShou21":{"name":"Singer/three-zuoShou21","width":13,"height":25,"x":10.72,"y":0.08,"rotation":-78.37}},"three-dengzi":{"Singer/three-dengzi":{"name":"Singer/three-dengzi","width":32,"height":34,"x":1.13,"y":15.02}},"one-youyanClosed":{"Singer/one-youyanClosed":{"name":"Singer/one-youyanClosed","width":12,"height":6,"x":-0.08,"y":-0.18,"rotation":-88.98}},"three-yanJing":{"Singer/three-yanJing":{"name":"Singer/three-yanJing","width":32,"height":15,"x":-1.89,"y":-2.57,"rotation":-89.05}},"two-zuoMei":{"Singer/two-zuoMei":{"name":"Singer/two-zuoMei","width":20,"height":8,"x":9.07,"y":-0.22,"rotation":-14.56}},"two-head":{"Singer/two-head":{"name":"Singer/two-head","width":82,"height":79,"x":36.42,"y":-4.08,"rotation":-90}},"one-yanJing":{"Singer/one-yanJing":{"name":"Singer/one-yanJing","width":31,"height":17,"x":-1.01,"y":-1.6,"rotation":-88.98}},"three-zuoMei":{"Singer/three-zuoMei":{"name":"Singer/three-zuoMei","width":21,"height":8,"x":8.26,"y":-0.03,"rotation":-15.04}},"two-youMei":{"Singer/two-youMei":{"name":"Singer/two-youMei","width":15,"height":7,"x":7.02,"y":-0.3,"rotation":-162.8}},"two-mouth":{"Singer/two-mouth":{"name":"Singer/two-mouth","width":5,"height":4,"x":-0.43,"y":0.32,"rotation":-90}},"two-youtui":{"Singer/two-youtui":{"name":"Singer/two-youtui","width":28,"height":39,"hull":16,"type":"mesh","triangles":[11,10,9,1,4,3,11,9,8,7,11,8,2,1,3,12,11,7,6,12,7,0,4,1,13,12,6,0,15,4,13,6,5,15,5,4,14,13,5,15,14,5],"uvs":[0.40357,0,0.56786,0,0.96429,0.08205,0.96429,0.1359,0.52857,0.48974,0.5,0.53077,0.52857,0.57436,0.85714,0.74231,1,0.81667,1,1,0.75893,1,0.73571,0.91154,0.4375,0.84359,0.04643,0.63462,0,0.50769,0.04286,0.39487],"edges":[0,2,2,4,4,6,6,8,8,10,10,12,12,14,14,16,16,18,18,20,20,22,22,24,24,26,26,28,28,30,30,0],"vertices":[1,16,-1.15,-5.83,1,1,16,-3.55,-1.9,1,1,16,-6.61,9.24,1,1,16,-4.82,10.34,1,2,16,13.32,7.12,0.92,27,4.31,7,0.08,2,16,15.1,7.27,0.49,27,4.86,5.3,0.51,2,27,6.62,4.65,0.92,16,16.14,8.84,0.08,1,27,17.77,6.43,1,1,27,22.66,7.17,1,1,27,27.67,2.08,1,1,27,22.86,-2.66,1,1,27,19.98,-0.65,1,1,27,12.17,-4.62,1,2,27,-1.35,-6.49,0.92,16,25.18,-1.45,0.08,2,16,21.64,-5.14,0.49,27,-5.75,-3.88,0.51,2,16,17.26,-6.41,0.92,27,-7.98,0.1,0.08]}},"one-zuoShou1":{"Singer/one-zuoShou1":{"name":"Singer/one-zuoShou1","width":20,"height":26,"hull":16,"type":"mesh","triangles":[2,10,3,14,4,13,3,10,13,10,14,13,10,5,14,1,11,2,11,10,2,10,15,5,9,15,10,0,12,1,12,11,1,7,15,9,7,6,15,8,7,9],"uvs":[0.405,0,0.685,0,0.915,0.3,1,0.54231,1,0.84231,0.775,0.96923,0,1,0,0.60769,0.0825,0.54231,0.28,0.54615,0.5425,0.54231,0.4325,0.23462,0.3675,0.09231,1,0.67178,0.89048,0.90409,0.29726,0.9882],"edges":[0,2,2,4,4,6,6,26,8,26,8,28,10,28,10,30,12,14,12,30,14,16,16,18,18,20,20,22,22,24,24,0],"vertices":[1,31,-1.59,-1.81,1,1,31,0.22,3.5,1,1,31,9.08,5.34,1,2,31,15.59,4.92,0.88,44,-4.87,-2.3,0.12,2,44,-3.6,5.39,0.85,31,22.98,2.42,0.15,1,44,1.38,7.91,1,1,44,16.81,6.16,1,1,44,15.14,-3.9,1,1,44,13.23,-5.31,1,1,44,9.35,-4.56,1,2,31,12.65,-3.74,0.5,44,4.15,-3.8,0.5,1,31,4.37,-3.25,1,1,31,0.45,-3.29,1,2,31,18.78,3.84,0.467016,44,-4.32,1.02,0.532984,2,44,-1.17,6.62,0.96,31,23.8,-0.18,0.04,1,44,10.89,6.83,1]}},"three-head":{"Singer/three-head":{"name":"Singer/three-head","width":82,"height":79,"x":35.91,"y":-5.19,"rotation":-89.05}},"three-youTui":{"Singer/three-youTui":{"name":"Singer/three-youTui","width":28,"height":38,"hull":18,"type":"mesh","triangles":[8,7,9,7,12,9,12,10,9,1,4,3,1,3,2,12,11,10,6,12,7,0,17,4,0,4,1,6,13,12,14,13,5,17,5,4,5,13,6,15,14,5,16,15,5,17,16,5],"uvs":[0.39821,0,0.60536,0,0.95714,0.08158,0.96071,0.13684,0.56429,0.47368,0.50357,0.53816,0.56607,0.59211,0.88571,0.75921,1,0.81842,1,0.90789,0.89643,1,0.76429,1,0.74643,0.92368,0.43571,0.86579,0.07143,0.65526,0,0.53421,0.025,0.40789,0.11786,0.30395],"edges":[0,2,2,4,4,6,6,8,8,10,10,12,12,14,14,16,16,18,18,20,20,22,22,24,24,26,26,28,28,30,30,32,32,34,34,0],"vertices":[1,20,0.38,-7.78,1,1,20,-3.28,-3.28,1,1,20,-7.1,6.31,1,1,20,-5.54,7.71,1,2,20,11.39,7.2,0.92,22,6.02,8.03,0.08,2,20,14.37,7.43,0.52,22,6.55,5.09,0.48,2,22,9.23,4.88,0.92,20,14.85,10.08,0.08,1,22,20.05,6.72,1,1,22,23.91,7.39,1,1,22,26.31,4.99,1,1,22,26.74,0.46,1,1,22,24.12,-2.16,1,1,22,21.72,-0.46,1,1,22,14.01,-5.06,1,2,22,1.14,-6.61,0.92,20,25.46,0.86,0.08,2,20,23.16,-3.6,0.52,22,-3.53,-4.77,0.48,2,20,19,-6.09,0.92,22,-6.43,-0.88,0.08,1,20,14.29,-6.57,1]}},"two-zuoTui":{"Singer/two-zuoTui":{"name":"Singer/two-zuoTui","width":28,"height":46,"hull":15,"type":"mesh","triangles":[1,0,2,0,3,2,14,4,3,0,14,3,10,7,6,13,5,4,14,13,4,11,10,6,13,12,5,11,6,5,12,11,5,9,8,7,10,9,7],"uvs":[0.475,0,1,0,1,0.24565,0.73571,0.44674,0.52321,0.5413,0.45893,0.56304,0.45,0.61304,0.42679,0.84674,0.40536,1,0.19464,1,0.1375,0.86087,0,0.57935,0,0.49022,0.04821,0.4,0.18214,0.23261],"edges":[0,2,2,4,4,6,6,8,8,10,10,12,12,14,14,16,16,18,18,20,20,22,22,24,24,26,26,28,28,0],"vertices":[1,18,-0.57,-9.56,1,1,18,-10.49,1.29,1,1,18,-2.15,8.92,1,1,18,9.67,9.7,1,2,18,16.9,8.24,0.92,26,1.65,9.25,0.08,2,18,18.85,7.59,0.5,26,2.45,7.36,0.5,2,26,4.71,6.86,0.92,18,20.72,8.95,0.08,1,26,15.32,5.04,1,1,26,22.26,3.67,1,1,26,21.62,-2.2,1,1,26,15.08,-3.09,1,2,26,1.79,-5.5,0.92,18,28.07,-1.39,0.08,2,18,25.05,-4.16,0.5,26,-2.29,-5.05,0.5,2,18,21.07,-5.96,0.92,26,-6.26,-3.25,0.08,1,18,12.86,-8.39,1]}},"three-youMei":{"Singer/three-youMei":{"name":"Singer/three-youMei","width":16,"height":7,"x":6.72,"y":-0.42,"rotation":-162.13}},"three-mouth2":{"Singer/three-mouth2":{"name":"Singer/three-mouth2","width":8,"height":5,"hull":8,"type":"mesh","triangles":[8,5,7,8,7,1,4,8,1,7,5,3,6,2,5,6,5,8,0,6,8,0,8,4],"uvs":[0,0,1,0,0,1,1,1,0.49588,0,0.48338,1,0,0.51326,1,0.51326,0.49588,0.47326],"edges":[0,8,2,8,2,14,4,10,4,12,6,10,6,14,12,0],"vertices":[2.46,3.46,2.59,-4.54,-2.54,3.38,-2.41,-4.62,2.53,-0.51,-2.48,-0.49,-0.11,3.42,0.02,-4.58,0.16,-0.55]}},"three-zuoTui":{"Singer/three-zuoTui":{"name":"Singer/three-zuoTui","width":28,"height":45,"hull":15,"type":"mesh","triangles":[14,3,2,0,14,2,1,0,2,14,4,3,13,5,4,14,13,4,10,9,8,13,12,5,11,6,5,12,11,5,10,8,7,6,11,7,11,10,7],"uvs":[0.38036,0,1,0,1,0.19667,0.81964,0.38667,0.52143,0.53556,0.4375,0.56778,0.43214,0.64778,0.42679,0.83,0.40893,1,0.1375,1,0.12679,0.88667,0.02679,0.63444,0,0.50333,0.05536,0.40556,0.2875,0.10556],"edges":[0,2,2,4,4,6,6,8,8,10,10,12,12,14,14,16,16,18,18,20,20,22,22,24,24,26,26,28,28,0],"vertices":[1,19,-1.05,-11.15,1,1,19,-13.13,1.3,1,1,19,-6.78,7.47,1,1,19,2.87,9.79,1,2,19,13.5,8.46,0.9,25,1.99,10.68,0.1,2,19,16.17,7.79,0.5,25,3.18,8.19,0.5,2,25,6.74,7.65,0.92,19,18.86,10.19,0.08,1,25,14.88,6.62,1,1,25,22.43,5.3,1,1,25,21.61,-2.26,1,1,25,16.51,-2.01,1,2,25,4.92,-3.57,0.92,19,26.33,1.62,0.08,2,19,22.62,-3.03,0.5,25,-1.02,-3.68,0.5,2,19,18.38,-4.98,0.9,25,-5.23,-1.67,0.1,1,19,4.17,-9.71,1]}},"one-zuoMei":{"Singer/one-zuoMei":{"name":"Singer/one-zuoMei","width":21,"height":5,"x":8.56,"y":-0.45,"rotation":-8.83}},"one-head":{"Singer/one-head":{"name":"Singer/one-head","width":81,"height":79,"x":38.64,"y":-6.8,"rotation":-88.98}},"shadow":{"Singer/shadow":{"name":"Singer/shadow","width":70,"height":15,"x":1.43,"y":-0.68}},"two-youyan":{"Singer/two-youyan":{"name":"Singer/two-youyan","width":13,"height":11,"x":0.72,"y":1.42,"rotation":-90}},"two-youshou":{"Singer/two-youshou":{"name":"Singer/two-youshou","width":23,"height":23,"hull":18,"type":"mesh","triangles":[16,15,3,16,3,2,17,16,2,1,0,2,0,17,2,5,4,3,15,5,3,15,6,5,6,15,14,7,6,14,13,7,14,12,11,13,11,7,13,8,7,11,10,9,11,9,8,11],"uvs":[0.90435,0,1,0,1,0.18696,0.86087,0.89565,0.80435,1,0.65217,1,0.53478,1,0.15217,0.81304,0,0.68261,0,0.43913,0.10435,0.34348,0.28696,0.39565,0.42174,0.4087,0.46957,0.51304,0.56087,0.60435,0.5913,0.63478,0.61304,0.58261,0.72174,0.25217],"edges":[0,2,2,4,4,6,6,8,8,10,10,12,12,14,14,16,16,18,18,20,20,22,22,24,24,26,26,28,28,30,30,32,32,34,34,0],"vertices":[1,38,-3.37,-1.2,1,1,38,-4.01,0.91,1,1,38,0.11,2.15,1,2,38,16.64,3.82,0.91,52,-3.8,-1.62,0.09,2,38,19.31,3.27,0.51,52,-3.63,1.1,0.49,2,52,-1.27,2.2,0.9,38,20.07,0.78,0.1,1,52,1.99,3.71,1,1,52,11.78,3.52,1,1,52,16.22,2.27,1,1,52,18.58,-2.81,1,1,52,17.33,-5.81,1,1,52,13.01,-6.49,1,1,52,10.08,-7.53,1,1,52,8.07,-5.81,1,2,52,5.28,-4.79,0.94,38,12.23,-4.73,0.06,2,38,13.18,-2.71,0.51,52,3.15,-4.13,0.49,2,38,11.17,-2.96,0.88,52,3.68,-6.09,0.12,1,38,3.4,-3.54,1]}},"yinFu31":{"Singer/yinFu31":{"name":"Singer/yinFu31","width":18,"height":22,"hull":4,"type":"mesh","triangles":[1,0,3,0,2,3],"uvs":[0,0,1,0,0,1,1,1],"edges":[0,2,2,6,4,6,4,0],"vertices":[-9.77,8.22,8.23,8.22,-9.77,-13.78,8.23,-13.78]}},"three-youyan":{"Singer/three-youyan":{"name":"Singer/three-youyan","width":13,"height":11,"x":0.61,"y":0.68,"rotation":-89.05}},"two-zuoyan":{"Singer/two-zuoyan":{"name":"Singer/two-zuoyan","width":18,"height":12,"x":0.42,"y":1.57,"rotation":-90}},"one-youMei":{"Singer/one-youMei":{"name":"Singer/one-youMei","width":14,"height":9,"x":6.35,"y":0.6,"rotation":-146.37}},"one-mouth":{"Singer/one-mouth":{"name":"Singer/one-mouth","width":5,"height":5,"x":-0.53,"y":0.06,"rotation":-88.98}},"one-jita1":{"Singer/one-jita1":{"name":"Singer/one-jita1","width":81,"height":59,"x":20.82,"y":-1.83,"rotation":-32.56}},"three-body3":{"Singer/three-body3":{"name":"Singer/three-body3","width":42,"height":54,"hull":27,"type":"mesh","triangles":[25,24,7,5,26,6,25,7,6,26,25,6,3,38,4,32,26,5,25,8,24,23,8,25,31,26,32,4,34,32,34,31,32,38,34,4,26,9,25,9,23,25,2,40,3,40,38,3,28,9,26,31,28,26,1,40,2,42,40,1,28,10,9,34,35,31,31,29,28,29,10,28,36,35,34,35,29,31,41,39,40,36,34,38,37,36,38,40,39,38,41,40,42,39,37,38,30,27,35,33,30,35,33,35,36,37,33,36,11,10,29,27,11,29,35,27,29,0,39,41,20,37,39,0,20,39,17,30,33,18,17,33,20,19,37,18,33,37,19,18,37,16,27,30,13,12,11,22,13,11,27,22,11,17,16,30,16,22,27,22,21,13,14,21,22,15,14,22,16,15,22],"uvs":[0.2119,0,0.65595,0,0.74881,0.04722,0.82262,0.11204,0.87262,0.35648,0.91786,0.59074,1,0.75463,1,0.83056,0.72619,1,0.60476,0.82037,0.37143,0.82593,0.21429,0.7963,0.21905,0.85926,0.15238,0.86667,0,0.80556,0,0.74815,0.05952,0.67407,0.0619,0.56852,0.0619,0.37778,0.07143,0.20741,0.15,0.07593,0.07376,0.83514,0.11112,0.76975,0.65995,0.902,0.89604,0.89489,0.82541,0.8253,0.77898,0.70586,0.20874,0.70586,0.5635,0.70956,0.37779,0.71049,0.21231,0.59567,0.52302,0.57901,0.89947,0.49555,0.22302,0.39845,0.48136,0.39197,0.36469,0.58641,0.35398,0.3966,0.24802,0.23086,0.51112,0.21882,0.30755,0.09845,0.52302,0.09567,0.32898,0,0.51588,0],"edges":[0,40,2,4,2,84,4,6,6,8,8,64,10,12,10,64,12,14,14,48,16,46,16,48,18,20,18,46,20,22,22,24,24,26,26,42,28,30,28,42,30,32,32,34,34,36,36,38,38,40,82,84,82,0],"vertices":[1,23,28.66,7.24,1,1,23,28.55,-11.41,1,1,23,25.98,-15.3,1,1,23,22.46,-18.38,1,1,23,9.25,-20.4,1,2,15,8.94,-22.26,0.87,23,-3.41,-22.22,0.13,1,15,-0.06,-25.31,1,1,15,-4.15,-25.13,1,1,15,-12.78,-13.23,1,1,15,-2.86,-8.57,1,1,15,-2.73,1.23,1,1,15,-0.84,7.75,1,1,15,-4.24,7.71,1,1,15,-4.52,10.52,1,1,15,-0.93,16.77,1,1,15,2.16,16.63,1,2,15,6.05,13.95,0.96,23,-7.7,13.86,0.04,2,15,13.14,13.54,0.51,23,-0.6,13.71,0.49,1,23,8.3,13.66,1,1,23,17.5,13.21,1,1,23,24.58,9.86,1,1,15,-2.67,13.75,1,1,15,0.79,12.03,1,1,15,-7.37,-10.68,1,1,15,-7.42,-20.61,1,1,15,-3.55,-17.81,1,2,15,2.98,-16.15,0.96,23,-9.6,-16.34,0.04,2,15,4.05,7.78,0.96,23,-9.45,7.61,0.04,2,15,3.19,-7.1,0.96,23,-9.74,-7.29,0.04,2,15,3.48,0.7,0.96,23,-9.75,0.51,0.04,2,15,11.94,7.28,0.51,23,-1.56,7.41,0.49,2,15,11.9,-5.79,0.51,23,-1.08,-5.64,0.49,2,15,13.8,-21.85,0.51,23,1.43,-21.62,0.49,1,23,7.14,6.91,1,1,23,7.43,-3.94,1,2,15,11.6,0.88,0.51,23,-1.64,1.01,0.49,1,23,7.21,1.41,1,1,23,16.19,5.8,1,1,23,16.77,-5.25,1,1,23,23.32,3.26,1,1,23,23.42,-5.79,1,1,23,28.63,2.33,1,1,23,28.59,-5.52,1]}},"shouJi":{"Singer/shouJi":{"name":"Singer/shouJi","width":17,"height":19,"x":-0.71,"y":-0.68,"rotation":-155.1}},"one-youyan":{"Singer/one-youyan":{"name":"Singer/one-youyan","width":13,"height":11,"x":-0.59,"y":0.31,"rotation":-88.98}},"one-youTui1":{"Singer/one-youTui1":{"name":"Singer/one-youTui1","width":13,"height":37,"hull":15,"type":"mesh","triangles":[14,13,4,12,11,3,4,13,3,13,12,3,3,11,5,11,10,5,5,10,6,10,7,6,1,0,2,0,14,2,14,4,2,10,8,7,9,8,10],"uvs":[0,0,0.72308,0,1,0.13784,1,0.55946,1,0.51622,1,0.59865,1,0.9,0.80385,1,0.31154,1,0.26154,0.91892,0.40769,0.85541,0.15,0.65946,0.09231,0.61486,0.04615,0.55946,0,0.47973],"edges":[0,2,2,4,4,8,6,8,6,10,10,12,12,14,14,16,16,18,18,20,20,22,22,24,24,26,26,28,28,0],"vertices":[1,4,-2.13,-4.03,1,1,4,-1.2,5.33,1,1,4,4.23,8.4,1,2,4,19.76,6.85,0.49,13,0.42,6.82,0.51,2,4,18.17,7.01,0.87,13,-1.16,7.12,0.13,2,13,1.84,6.55,0.87,4,21.2,6.71,0.13,1,13,12.79,4.46,1,1,13,15.95,1.26,1,1,13,14.75,-5.02,1,1,13,11.68,-5.1,1,1,13,9.73,-2.79,1,2,13,2.11,-4.04,0.94,4,22.41,-3.81,0.06,2,13,0.35,-4.46,0.9,4,20.7,-4.4,0.1,2,4,18.6,-4.79,0.47,13,-1.78,-4.67,0.53,2,4,15.6,-5.09,0.91,13,-4.79,-4.71,0.09]}},"three-zuoShou22":{"Singer/three-zuoShou22":{"name":"Singer/three-zuoShou22","width":16,"height":20,"x":9.32,"y":1.17,"rotation":55.15}},"yinFu32":{"Singer/yinFu32":{"name":"Singer/yinFu32","width":18,"height":14,"hull":4,"type":"mesh","triangles":[1,0,3,0,2,3],"uvs":[0,0,1,0,0,1,1,1],"edges":[0,2,2,6,4,6,4,0],"vertices":[-11.12,6.52,6.88,6.52,-11.12,-7.48,6.88,-7.48]}},"three-zuoyan":{"Singer/three-zuoyan":{"name":"Singer/three-zuoyan","width":18,"height":12,"x":0.75,"y":0.78,"rotation":-89.05}},"two-zuoyanClosed":{"Singer/two-zuoyanClosed":{"name":"Singer/two-zuoyanClosed","width":17,"height":7,"x":-0.08,"y":2.07,"rotation":-90}},"two-body":{"Singer/two-body":{"name":"Singer/two-body","width":42,"height":54,"hull":27,"type":"mesh","triangles":[26,25,9,7,27,8,27,26,8,26,9,8,5,29,6,29,27,6,6,27,7,31,29,5,4,33,5,33,31,5,26,10,25,11,10,26,12,11,26,3,35,4,35,33,4,27,12,26,2,35,3,29,12,27,1,35,2,37,35,1,29,13,12,32,31,33,28,13,29,31,30,29,30,28,29,34,33,35,37,36,35,36,34,35,34,32,33,32,30,31,28,24,13,21,32,34,0,34,36,20,19,30,21,20,32,20,30,32,22,21,34,0,22,34,18,28,30,19,18,30,23,14,13,24,23,13,17,24,28,18,17,28,17,16,24,15,23,24,16,15,24],"uvs":[0.21786,0,0.62262,0,0.7369,0.03981,0.80357,0.09907,0.82857,0.24167,0.8619,0.45926,0.92143,0.58519,0.91786,0.63611,1,0.78889,1,0.84259,0.74524,1,0.69762,1,0.59167,0.83333,0.23333,0.81852,0.2,0.90093,0,0.83056,0,0.7463,0.04881,0.64259,0.03095,0.575,0.04881,0.49259,0.05833,0.30556,0.0619,0.18148,0.13095,0.09444,0.08629,0.86092,0.11231,0.77901,0.86948,0.92324,0.8016,0.82623,0.76231,0.73919,0.19326,0.63826,0.51231,0.63363,0.21707,0.48641,0.4766,0.47715,0.22898,0.31049,0.4885,0.2966,0.26231,0.12808,0.51826,0.13734,0.30755,0,0.48255,0],"edges":[0,44,2,4,2,74,4,6,6,8,8,10,10,12,12,14,14,16,16,18,18,50,20,22,20,50,22,24,24,26,26,28,28,46,30,32,30,46,32,34,34,36,36,38,38,40,40,42,42,44,72,74,72,0],"vertices":[1,24,26.4,8.3,1,1,24,27.1,-8.68,1,1,24,25.14,-13.57,1,1,24,22.06,-16.49,1,2,24,14.41,-17.86,0.94,14,26.97,-18.68,0.06,2,14,15.22,-20.08,0.5,24,2.73,-19.74,0.5,2,14,8.42,-22.58,0.88,24,-3.97,-22.51,0.12,2,14,5.67,-22.43,0.91,24,-6.72,-22.47,0.09,1,14,-2.58,-25.88,1,1,14,-5.48,-25.88,1,1,14,-13.98,-15.18,1,1,14,-13.98,-13.18,1,1,14,-4.98,-8.73,1,1,14,-4.18,6.32,1,1,14,-8.63,7.72,1,1,14,-4.83,16.12,1,1,14,-0.28,16.12,1,2,14,5.32,14.07,0.91,24,-8.56,13.98,0.09,2,14,8.97,14.82,0.88,24,-4.94,14.88,0.12,2,14,13.42,14.07,0.5,24,-0.46,14.31,0.5,2,24,9.64,14.33,0.94,14,23.52,13.67,0.06,1,24,16.34,14.45,1,1,24,21.16,11.74,1,1,14,-6.47,12.5,1,1,14,-2.05,11.4,1,1,14,-9.83,-20.4,1,1,14,-4.6,-17.55,1,1,14,0.1,-15.9,1,2,14,5.55,8,0.91,24,-8.08,7.93,0.09,2,14,5.8,-5.4,0.91,24,-7.28,-5.45,0.09,2,14,13.75,7,0.5,24,0.15,7.26,0.5,2,14,14.25,-3.9,0.5,24,1.1,-3.61,0.5,2,24,9.67,7.15,0.94,14,23.25,6.5,0.06,2,24,10.86,-3.71,0.94,14,24,-4.4,0.06,1,24,19.57,6.15,1,1,24,19.5,-4.61,1,1,24,26.56,4.54,1,1,24,26.86,-2.81,1]}},"yinFu33":{"Singer/yinFu33":{"name":"Singer/yinFu33","width":15,"height":17,"hull":4,"type":"mesh","triangles":[1,0,3,0,2,3],"uvs":[0,0,1,0,0,1,1,1],"edges":[0,2,2,6,4,6,4,0],"vertices":[-8.52,10.77,6.48,10.77,-8.52,-6.23,6.48,-6.23]}},"three-zuoyanClosed":{"Singer/three-zuoyanClosed":{"name":"Singer/three-zuoyanClosed","width":17,"height":7,"x":0.25,"y":1.27,"rotation":-89.05}},"three-Jita2":{"Singer/three-Jita2":{"name":"Singer/three-Jita2","width":76,"height":67,"x":36.74,"y":3,"rotation":-45.05}},"one-zuoyan":{"Singer/one-zuoyan":{"name":"Singer/one-zuoyan","width":18,"height":12,"x":-0.37,"y":1.81,"rotation":-88.98}},"one-zuoTui1":{"Singer/one-zuoTui1":{"name":"Singer/one-zuoTui1","width":21,"height":43,"hull":16,"type":"mesh","triangles":[9,8,3,11,10,14,9,3,14,10,9,14,7,4,15,8,7,15,3,8,15,11,14,2,1,11,2,7,6,5,7,5,4,12,11,1,0,12,1,13,12,0],"uvs":[0.1381,0,0.53333,0,1,0.11395,1,0.55581,0.89524,0.91047,0.8881,1,0.46667,1,0.50476,0.88372,0.41667,0.60581,0.39048,0.56395,0.34762,0.51047,0.1619,0.3093,0,0.21163,0,0.05,1,0.50154,0.98447,0.60837],"edges":[0,2,2,4,4,28,6,28,6,30,8,10,8,30,10,12,12,14,14,16,16,18,18,20,20,22,22,24,24,26,26,0],"vertices":[1,8,-1.66,-7.88,1,1,8,-1.15,0.4,1,1,8,4.35,9.88,1,2,8,23.31,8.71,0.48,12,0.93,8.49,0.52,1,12,15.69,4.09,1,1,12,19.48,3.38,1,1,12,18.19,-5.38,1,1,12,13.36,-3.86,1,2,12,1.27,-3.95,0.9,8,24.7,-3.65,0.1,2,8,22.87,-4.09,0.48,12,-0.59,-4.23,0.52,2,8,20.52,-4.84,0.9,12,-3,-4.78,0.1,1,8,11.65,-8.2,1,1,8,7.25,-11.34,1,1,8,0.31,-10.91,1,2,8,20.98,8.86,0.9,12,-1.38,8.82,0.1,2,12,3.11,7.83,0.9,8,25.55,8.24,0.1]}},"two-youyanClosed":{"Singer/two-youyanClosed":{"name":"Singer/two-youyanClosed","width":13,"height":4,"x":0.22,"y":0.42,"rotation":-90}}}},"animations":{"move":{"bones":{"one":{"translate":[{"time":0},{"time":0.2917,"y":-4.1},{"time":0.5834},{"time":0.8751,"y":-4.1},{"time":1.1668}]},"one-youTui1":{"translate":[{"time":0,"x":3.96},{"time":0.2917,"x":8.35,"y":-2.29},{"time":0.5834,"x":10.57,"y":-4.59},{"time":0.8751,"x":7.27,"y":-0.55},{"time":1.1668,"x":3.96}],"rotate":[{"time":0,"angle":0},{"time":0.2917,"angle":18.06},{"time":0.5834,"angle":-31.65},{"time":0.8751,"angle":-31.02},{"time":1.1668,"angle":0}],"shear":[{"time":0},{"time":0.2917},{"time":0.5834},{"time":0.8751},{"time":1.1668}]},"one-zuoTui1":{"translate":[{"time":0},{"time":0.2917,"x":-2.96,"y":2.47},{"time":0.5834,"x":-5.92,"y":4.95},{"time":0.8751,"x":-2.96,"y":2.47},{"time":1.1668}],"rotate":[{"time":0,"angle":-22.67},{"time":0.2917,"angle":-44.69},{"time":0.5834,"angle":-7.3},{"time":0.8751,"angle":29.5},{"time":1.1668,"angle":-22.67}],"shear":[{"time":0},{"time":0.2917},{"time":0.5834},{"time":0.8751},{"time":1.1668}]},"one-youTui11":{"rotate":[{"time":0,"angle":0},{"time":0.2917,"angle":17.17},{"time":0.5834,"angle":105.11},{"time":0.8751,"angle":-5.05},{"time":1.1668,"angle":0}],"shear":[{"time":0},{"time":0.2917},{"time":0.5834},{"time":0.8751},{"time":1.1668}]},"one-zuoTui11":{"rotate":[{"time":0,"angle":87.09},{"time":0.2917,"angle":-4.4},{"time":0.5834,"angle":7.82},{"time":0.8751,"angle":-4.4},{"time":1.1668,"angle":87.09}],"shear":[{"time":0},{"time":0.2917},{"time":0.5834},{"time":0.8751},{"time":1.1668}]},"one-body11":{"translate":[{"time":0},{"time":0.2917,"x":-1.69,"y":0.05},{"time":0.5834},{"time":0.8751,"x":-1.69,"y":0.05},{"time":1.1668}],"rotate":[{"time":0,"angle":0},{"time":0.2917,"angle":-3.96},{"time":0.5834,"angle":0},{"time":0.8751,"angle":-3.96},{"time":1.1668,"angle":0}],"shear":[{"time":0},{"time":0.2917},{"time":0.5834},{"time":0.8751},{"time":1.1668}]},"one-head":{"translate":[{"time":0},{"time":0.2917,"x":-1.61,"y":-0.2},{"time":0.5834},{"time":0.8751,"x":-1.61,"y":-0.2},{"time":1.1668}],"rotate":[{"time":0,"angle":0},{"time":0.2917,"angle":4.9},{"time":0.5834,"angle":0},{"time":0.8751,"angle":4.9},{"time":1.1668,"angle":0}],"shear":[{"time":0},{"time":0.2917},{"time":0.5834},{"time":0.8751},{"time":1.1668}]},"one-youshou1":{"rotate":[{"time":0,"angle":0},{"time":0.2917,"angle":1.27},{"time":0.5834,"angle":0},{"time":0.8751,"angle":-1.11},{"time":1.1668,"angle":0}],"shear":[{"time":0},{"time":0.2917},{"time":0.5834},{"time":0.8751},{"time":1.1668}]},"one-jita1":{"rotate":[{"time":0,"angle":0},{"time":0.1667,"angle":3.08},{"time":0.5834,"angle":0},{"time":0.7501,"angle":3.08},{"time":1.1668,"angle":0}],"shear":[{"time":0},{"time":0.1667},{"time":0.5834},{"time":0.7501},{"time":1.1668}]},"one-zuoShou1":{"rotate":[{"time":0,"angle":0},{"time":0.25,"angle":-1.58},{"time":0.5833,"angle":0},{"time":0.875,"angle":-2.97},{"time":1.1667,"angle":0}],"shear":[{"time":0},{"time":0.25},{"time":0.5833},{"time":0.875},{"time":1.1667}]},"one-youMei":{"translate":[{"time":0,"x":0.85,"y":0.01},{"time":0.75,"x":0.85,"y":0.01},{"time":0.7917,"x":-0.31,"y":0.01},{"time":0.875,"x":-0.31,"y":0.01},{"time":0.9167,"x":0.85,"y":0.01}],"rotate":[{"time":0,"angle":12.76}],"shear":[{"time":0}]},"one-zuoMei":{"translate":[{"time":0},{"time":0.75},{"time":0.7917,"x":-1.16,"y":-0.01},{"time":0.875,"x":-1.16,"y":-0.01},{"time":0.9167}],"rotate":[{"time":0,"angle":-9.06}],"shear":[{"time":0}]},"one-zuoyan":{"translate":[{"time":0,"x":-2.52,"y":3.29},{"time":0.75,"x":-2.52,"y":3.29},{"time":0.7917,"x":-5.55,"y":3.27},{"time":0.875,"x":-5.55,"y":3.27},{"time":0.9167,"x":-2.52,"y":3.29}],"rotate":[{"time":0,"angle":-7.91}],"shear":[{"time":0}]},"one-youyanClosed":{"translate":[{"time":0},{"time":0.75},{"time":0.7917,"x":-3.03,"y":-0.02},{"time":0.875,"x":-3.03,"y":-0.02},{"time":0.9167}]},"one-youshou11":{"rotate":[{"time":0,"angle":0},{"time":0.2917,"angle":1.27},{"time":0.5834,"angle":0},{"time":0.8751,"angle":-1.11},{"time":1.1668,"angle":0}],"shear":[{"time":0},{"time":0.2917},{"time":0.5834},{"time":0.8751},{"time":1.1668}]},"one-yanJing":{"translate":[{"time":0,"x":-0.02,"y":1.25}]},"one-zuoShou11":{"rotate":[{"time":0,"angle":0},{"time":0.25,"angle":8.33},{"time":0.5833,"angle":0},{"time":0.875,"angle":10.41},{"time":1.1667,"angle":0}],"shear":[{"time":0},{"time":0.25},{"time":0.5833},{"time":0.875},{"time":1.1667}]}},"slots":{"three-dengzi":{"color":[{"time":0,"color":"FFFFFF00"}]},"three-youTui":{"color":[{"time":0,"color":"FFFFFF00"}]},"three-zuoTui":{"color":[{"time":0,"color":"FFFFFF00"}]},"three-body3":{"color":[{"time":0,"color":"FFFFFF00"}]},"three-zuoShou22":{"color":[{"time":0,"color":"FFFFFF00"}]},"three-Jita2":{"color":[{"time":0,"color":"FFFFFF00"}]},"three-youShou3":{"color":[{"time":0,"color":"FFFFFF00"}]},"three-zuoShou21":{"color":[{"time":0,"color":"FFFFFF00"}]},"three-head":{"color":[{"time":0,"color":"FFFFFF00"}]},"three-mouth2":{"color":[{"time":0,"color":"FFFFFF00"}]},"three-youyan":{"color":[{"time":0,"color":"FFFFFF00"}]},"three-zuoyan":{"color":[{"time":0,"color":"FFFFFF00"}]},"three-zuoyanClosed":{"color":[{"time":0,"color":"FFFFFF00"}]},"three-youyanClosed":{"color":[{"time":0,"color":"FFFFFF00"}]},"three-yanJing":{"color":[{"time":0,"color":"FFFFFF00"}]},"three-zuoMei":{"color":[{"time":0,"color":"FFFFFF00"}]},"three-youMei":{"color":[{"time":0,"color":"FFFFFF00"}]},"yinFu31":{"color":[{"time":0,"color":"FFFFFF00"}]},"yinFu32":{"color":[{"time":0,"color":"FFFFFF00"}]},"yinFu33":{"color":[{"time":0,"color":"FFFFFF00"}]},"two-DengZi":{"color":[{"time":0,"color":"FFFFFF00"}]},"two-Jita":{"color":[{"time":0,"color":"FFFFFF00"}]},"two-youtui":{"color":[{"time":0,"color":"FFFFFF00"}]},"two-zuoTui":{"color":[{"time":0,"color":"FFFFFF00"}]},"two-youshou":{"color":[{"time":0,"color":"FFFFFF00"}]},"shouJi":{"color":[{"time":0,"color":"FFFFFF00"}]},"two-body":{"color":[{"time":0,"color":"FFFFFF00"}]},"two-head_0":{"color":[{"time":0,"color":"FFFFFF00"}]},"two-head":{"color":[{"time":0,"color":"FFFFFF00"}]},"two-mouth":{"color":[{"time":0,"color":"FFFFFF00"}]},"two-youyan":{"color":[{"time":0,"color":"FFFFFF00"}]},"two-zuoyan":{"color":[{"time":0,"color":"FFFFFF00"}]},"two-zuoyanClosed":{"color":[{"time":0,"color":"FFFFFF00"}]},"two-youyanClosed":{"color":[{"time":0,"color":"FFFFFF00"}]},"two-yanJing":{"color":[{"time":0,"color":"FFFFFF00"}]},"two-zuoMei":{"color":[{"time":0,"color":"FFFFFF00"}]},"two-youMei":{"color":[{"time":0,"color":"FFFFFF00"}]},"shadow":{"color":[{"time":0,"color":"FFFFFF7F"}]},"one-youyan":{"color":[{"time":0,"color":"FFFFFFFF"},{"time":0.75,"color":"FFFFFFFF"},{"time":0.7917,"color":"FFFFFF00"},{"time":0.875,"color":"FFFFFF00"},{"time":0.9167,"color":"FFFFFFFF"}]},"one-zuoyan":{"color":[{"time":0,"color":"FFFFFFFF"},{"time":0.75,"color":"FFFFFFFF"},{"time":0.7917,"color":"FFFFFF00"},{"time":0.875,"color":"FFFFFF00"},{"time":0.9167,"color":"FFFFFFFF"}]},"one-zuoyanClosed":{"color":[{"time":0,"color":"FFFFFF00"},{"time":0.75,"color":"FFFFFF00"},{"time":0.7917,"color":"FFFFFFFF"},{"time":0.875,"color":"FFFFFFFF"},{"time":0.9167,"color":"FFFFFF00"}]},"one-youyanClosed":{"color":[{"time":0,"color":"FFFFFF00"},{"time":0.75,"color":"FFFFFF00"},{"time":0.7917,"color":"FFFFFFFF"},{"time":0.875,"color":"FFFFFFFF"},{"time":0.9167,"color":"FFFFFF00"}]}}},"stand":{"bones":{"two-DengZi":{"translate":[{"time":0,"x":-124.35,"y":-0.65}]},"two-body":{"rotate":[{"time":0,"angle":-9.3},{"time":0.6667,"angle":-5.02},{"time":1.3334,"angle":-9.3},{"time":2.0001,"angle":-5.02},{"time":2.6668,"angle":-9.3},{"time":3.3335,"angle":-5.02},{"time":4.5835,"angle":-9.3}],"scale":[{"time":0,"x":1,"y":1},{"time":0.6667,"x":1.03,"y":1},{"time":1.3334,"x":1,"y":1},{"time":2.0001,"x":1.03,"y":1},{"time":2.6668,"x":1,"y":1},{"time":3.3335,"x":1.03,"y":1},{"time":4.5835,"x":1,"y":1}],"shear":[{"time":0},{"time":0.6667},{"time":1.3334},{"time":2.0001},{"time":2.6668},{"time":3.3335},{"time":4.5835}]},"two-zuoTui":{"rotate":[{"time":0,"angle":0},{"time":0.3333,"angle":-11.37},{"time":0.4166,"angle":0},{"time":0.6666,"angle":-13.81},{"time":0.7499,"angle":0},{"time":1.3332,"angle":0},{"time":1.6665,"angle":-11.37},{"time":1.7498,"angle":0}],"shear":[{"time":0},{"time":0.3333},{"time":0.4166},{"time":0.6666},{"time":0.7499},{"time":1.3332},{"time":1.6665},{"time":1.7498}]},"two-body1":{"rotate":[{"time":0,"angle":10.41},{"time":0.6667,"angle":3.44},{"time":1.3334,"angle":10.41},{"time":2.0001,"angle":3.44},{"time":2.6668,"angle":10.41},{"time":3.3335,"angle":3.44},{"time":4.5835,"angle":10.41}],"scale":[{"time":0,"x":1,"y":1},{"time":0.6667,"x":1.03,"y":1.02},{"time":1.3334,"x":1,"y":1},{"time":2.0001,"x":1.03,"y":1.02},{"time":2.6668,"x":1,"y":1},{"time":3.3335,"x":1.03,"y":1.02},{"time":4.5835,"x":1,"y":1}],"shear":[{"time":0},{"time":0.6667},{"time":1.3334},{"time":2.0001},{"time":2.6668},{"time":3.3335},{"time":4.5835}]},"two-zuoTui1":{"rotate":[{"time":0,"angle":0},{"time":0.3333,"angle":22.49},{"time":0.4166,"angle":0},{"time":0.6666,"angle":24.93},{"time":0.7499,"angle":0},{"time":1.3332,"angle":0},{"time":1.6665,"angle":22.49},{"time":1.7498,"angle":0}],"shear":[{"time":0},{"time":0.3333},{"time":0.4166},{"time":0.6666},{"time":0.7499},{"time":1.3332},{"time":1.6665},{"time":1.7498}]},"two-Jita":{"rotate":[{"time":0,"angle":0},{"time":0.6667,"angle":2.06},{"time":1.3334,"angle":0},{"time":2.0001,"angle":2.06},{"time":2.6668,"angle":0},{"time":3.3335,"angle":2.06},{"time":4.5835,"angle":0}],"shear":[{"time":0},{"time":0.6667},{"time":1.3334},{"time":2.0001},{"time":2.6668},{"time":3.3335},{"time":4.5835}]},"two-head":{"translate":[{"time":0},{"time":0.3333,"x":-0.4,"y":-0.02},{"time":0.8333,"x":0.59,"y":0.04},{"time":1.3333},{"time":1.6666,"x":-0.4,"y":-0.02},{"time":2.1666,"x":0.59,"y":0.04},{"time":2.6666},{"time":2.9166,"x":-0.4,"y":-0.02},{"time":3.9583,"x":0.59,"y":0.04},{"time":4.5833}],"rotate":[{"time":0,"angle":11.32},{"time":0.3333,"angle":13.89},{"time":0.8333,"angle":11.29},{"time":1.3333,"angle":11.32},{"time":1.6666,"angle":13.89},{"time":2.1666,"angle":11.29},{"time":2.6666,"angle":11.32},{"time":2.9166,"angle":13.89},{"time":3.1666,"angle":-0.19},{"time":3.9583,"angle":-0.62},{"time":4.2916,"angle":15.62},{"time":4.5833,"angle":11.32}],"shear":[{"time":0},{"time":0.3333},{"time":0.8333},{"time":1.3333},{"time":1.6666},{"time":2.1666},{"time":2.6666},{"time":2.9166},{"time":3.1666},{"time":3.9583},{"time":4.2916},{"time":4.5833}]},"two-youshou":{"rotate":[{"time":0,"angle":0},{"time":0.6667,"angle":3.66},{"time":1.3334,"angle":0},{"time":2.0001,"angle":3.66},{"time":2.6668,"angle":0},{"time":3.0001,"angle":-25.23},{"time":4.1668,"angle":-30.52},{"time":4.5835,"angle":0}],"shear":[{"time":0},{"time":0.6667},{"time":1.3334},{"time":2.0001},{"time":2.6668},{"time":3.0001},{"time":4.1668},{"time":4.5835}]},"two-head_0":{"rotate":[{"time":0,"angle":9.75},{"time":0.6667,"angle":10.41},{"time":1.3334,"angle":9.75},{"time":2.0001,"angle":10.41},{"time":2.6668,"angle":9.75},{"time":3.3335,"angle":10.41},{"time":4.5835,"angle":9.75}],"shear":[{"time":0},{"time":0.6667},{"time":1.3334},{"time":2.0001},{"time":2.6668},{"time":3.3335},{"time":4.5835}]},"two-head_01":{"rotate":[{"time":0,"angle":36.11},{"time":0.6667,"angle":38.53},{"time":1.3334,"angle":36.11},{"time":2.0001,"angle":38.53},{"time":2.6668,"angle":36.11},{"time":3.3335,"angle":38.53},{"time":4.5835,"angle":36.11}],"shear":[{"time":0},{"time":0.6667},{"time":1.3334},{"time":2.0001},{"time":2.6668},{"time":3.3335},{"time":4.5835}]},"two-youyanClosed":{"translate":[{"time":0},{"time":3.4583},{"time":3.5,"x":-2.54,"y":0.61},{"time":3.625,"x":-2.54,"y":0.61},{"time":3.7083}]},"two-youshou1":{"rotate":[{"time":0,"angle":0},{"time":0.6667,"angle":4.19},{"time":1.3334,"angle":0},{"time":2.0001,"angle":4.19},{"time":2.6668,"angle":0},{"time":3.0001,"angle":43.68},{"time":4.1668,"angle":42.05},{"time":4.5835,"angle":0}],"shear":[{"time":0},{"time":0.6667},{"time":1.3334},{"time":2.0001},{"time":2.6668},{"time":3.0001},{"time":4.1668},{"time":4.5835}]},"two-yanJing":{"translate":[{"time":0,"y":1.18}]},"two-youMei":{"translate":[{"time":0,"x":1.44},{"time":3.4583,"x":1.44},{"time":3.5,"x":-1.43,"y":0.79},{"time":3.625,"x":-1.43,"y":0.79},{"time":3.7083,"x":1.44}],"rotate":[{"time":0,"angle":13.11}],"shear":[{"time":0}]},"two-zuoMei":{"translate":[{"time":0},{"time":3.4583},{"time":3.5,"x":-2.87,"y":0.79},{"time":3.625,"x":-2.87,"y":0.79},{"time":3.7083}],"rotate":[{"time":0,"angle":-9.06}],"shear":[{"time":0}]},"two-zuoyanClosed":{"translate":[{"time":0,"x":-3.54,"y":2.23},{"time":3.4583,"x":-3.54,"y":2.23},{"time":3.5,"x":-4.34,"y":4.12},{"time":3.625,"x":-4.34,"y":4.12},{"time":3.7083,"x":-3.54,"y":2.23}],"rotate":[{"time":0,"angle":-13.95}],"shear":[{"time":0}]},"shouJi":{"rotate":[{"time":0,"angle":0},{"time":0.6667,"angle":-6.89},{"time":1.3334,"angle":0},{"time":2.0001,"angle":-6.89},{"time":2.6668,"angle":0},{"time":3.3335,"angle":-6.89},{"time":4.5835,"angle":0}],"shear":[{"time":0},{"time":0.6667},{"time":1.3334},{"time":2.0001},{"time":2.6668},{"time":3.3335},{"time":4.5835}]}},"slots":{"three-dengzi":{"color":[{"time":0,"color":"FFFFFF00"}]},"three-youTui":{"color":[{"time":0,"color":"FFFFFF00"}]},"three-zuoTui":{"color":[{"time":0,"color":"FFFFFF00"}]},"three-body3":{"color":[{"time":0,"color":"FFFFFF00"}]},"three-zuoShou22":{"color":[{"time":0,"color":"FFFFFF00"}]},"three-Jita2":{"color":[{"time":0,"color":"FFFFFF00"}]},"three-youShou3":{"color":[{"time":0,"color":"FFFFFF00"}]},"three-zuoShou21":{"color":[{"time":0,"color":"FFFFFF00"}]},"three-head":{"color":[{"time":0,"color":"FFFFFF00"}]},"three-mouth2":{"color":[{"time":0,"color":"FFFFFF00"}]},"three-youyan":{"color":[{"time":0,"color":"FFFFFF00"}]},"three-zuoyan":{"color":[{"time":0,"color":"FFFFFF00"}]},"three-zuoyanClosed":{"color":[{"time":0,"color":"FFFFFF00"}]},"three-youyanClosed":{"color":[{"time":0,"color":"FFFFFF00"}]},"three-yanJing":{"color":[{"time":0,"color":"FFFFFF00"}]},"three-zuoMei":{"color":[{"time":0,"color":"FFFFFF00"}]},"three-youMei":{"color":[{"time":0,"color":"FFFFFF00"}]},"yinFu31":{"color":[{"time":0,"color":"FFFFFF00"}]},"yinFu32":{"color":[{"time":0,"color":"FFFFFF00"}]},"yinFu33":{"color":[{"time":0,"color":"FFFFFF00"}]},"two-youyan":{"color":[{"time":0,"color":"FFFFFFFF"},{"time":3.4583,"color":"FFFFFFFF"},{"time":3.5,"color":"FFFFFF00"},{"time":3.625,"color":"FFFFFF00"},{"time":3.7083,"color":"FFFFFFFF"}]},"two-zuoyan":{"color":[{"time":0,"color":"FFFFFFFF"},{"time":3.4583,"color":"FFFFFFFF"},{"time":3.5,"color":"FFFFFF00"},{"time":3.625,"color":"FFFFFF00"},{"time":3.7083,"color":"FFFFFFFF"}]},"two-zuoyanClosed":{"color":[{"time":0,"color":"FFFFFF00"},{"time":3.4583,"color":"FFFFFF00"},{"time":3.5,"color":"FFFFFFFF"},{"time":3.625,"color":"FFFFFFFF"},{"time":3.7083,"color":"FFFFFF00"}]},"two-youyanClosed":{"color":[{"time":0,"color":"FFFFFF00"},{"time":3.4583,"color":"FFFFFF00"},{"time":3.5,"color":"FFFFFFFF"},{"time":3.625,"color":"FFFFFFFF"},{"time":3.7083,"color":"FFFFFF00"}]},"shadow":{"color":[{"time":0,"color":"FFFFFF7F"}]},"one-jita1":{"color":[{"time":0,"color":"FFFFFF00"}]},"one-youTui1":{"color":[{"time":0,"color":"FFFFFF00"}]},"one-zuoTui1":{"color":[{"time":0,"color":"FFFFFF00"}]},"one-youshou1":{"color":[{"time":0,"color":"FFFFFF00"}]},"one-body1":{"color":[{"time":0,"color":"FFFFFF00"}]},"one-zuoShou1":{"color":[{"time":0,"color":"FFFFFF00"}]},"one-head":{"color":[{"time":0,"color":"FFFFFF00"}]},"one-mouth":{"color":[{"time":0,"color":"FFFFFF00"}]},"one-youyan":{"color":[{"time":0,"color":"FFFFFF00"}]},"one-zuoyan":{"color":[{"time":0,"color":"FFFFFF00"}]},"one-zuoyanClosed":{"color":[{"time":0,"color":"FFFFFF00"}]},"one-youyanClosed":{"color":[{"time":0,"color":"FFFFFF00"}]},"one-yanJing":{"color":[{"time":0,"color":"FFFFFF00"}]},"one-zuoMei":{"color":[{"time":0,"color":"FFFFFF00"}]},"one-youMei":{"color":[{"time":0,"color":"FFFFFF00"}]}}},"singSong":{"bones":{"three-dengzi":{"translate":[{"time":0,"x":123.18,"y":-3.94}]},"yinFu31":{"translate":[{"time":0,"x":53.92,"y":-70.53},{"time":1.875,"x":-3.05,"y":-21.87},{"time":3.3333}],"rotate":[{"time":0,"angle":-180},{"time":1.875,"angle":0}],"scale":[{"time":0,"x":0.1,"y":0.1},{"time":1.1667,"x":1,"y":1}],"shear":[{"time":0},{"time":1.875}]},"three":{"translate":[{"time":0},{"time":0.4167,"x":5.46},{"time":2.0834,"x":5.46},{"time":2.5001}]},"yinFu32":{"translate":[{"time":0,"x":63.69,"y":-97.12},{"time":1,"x":46.15,"y":-75.61},{"time":2.4583,"x":-1.87,"y":0.83},{"time":3.3333}],"scale":[{"time":0,"x":1,"y":1},{"time":1,"x":0.1,"y":0.1},{"time":1.5417,"x":1,"y":1}]},"yinFu33":{"translate":[{"time":0,"x":55.1,"y":-115.77},{"time":0.8333,"x":37.47,"y":-91.1},{"time":2.7083,"x":11.27,"y":27.9},{"time":3.3333}],"rotate":[{"time":0,"angle":0},{"time":0.4167,"angle":-180},{"time":1.6667,"angle":0},{"time":2.7084,"angle":-180},{"time":3.3334,"angle":0}],"scale":[{"time":0,"x":1,"y":1},{"time":1.25,"x":0.3,"y":0.3},{"time":1.6667,"x":1,"y":1}],"shear":[{"time":0},{"time":0.4167},{"time":1.6667},{"time":2.7084},{"time":3.3334}]},"three-body3":{"rotate":[{"time":0,"angle":8.23},{"time":0.4167,"angle":-20.01},{"time":0.8334,"angle":-10.58},{"time":1.2501,"angle":-20.01},{"time":1.6668,"angle":-10.58},{"time":2.0835,"angle":-21.06},{"time":2.5002,"angle":8.83},{"time":2.9169,"angle":-1.44},{"time":3.3336,"angle":8.23}],"scale":[{"time":0,"x":1,"y":1},{"time":0.4167,"x":0.9,"y":1},{"time":0.8334,"x":1.02,"y":1},{"time":1.2501,"x":0.9,"y":1},{"time":1.6668,"x":1,"y":1},{"time":2.0835,"x":0.9,"y":1},{"time":2.5002,"x":1,"y":1},{"time":2.9169,"x":0.9,"y":1},{"time":3.3336,"x":1,"y":1}],"shear":[{"time":0},{"time":0.4167},{"time":0.8334},{"time":1.2501},{"time":1.6668},{"time":2.0835},{"time":2.5002},{"time":2.9169},{"time":3.3336}]},"three-zuoTui":{"rotate":[{"time":0,"angle":0},{"time":0.4167,"angle":-0.29},{"time":2.0834,"angle":-0.29},{"time":2.5001,"angle":0}],"shear":[{"time":0},{"time":0.4167},{"time":2.0834},{"time":2.5001}]},"three-Jita2":{"rotate":[{"time":0,"angle":5.98},{"time":0.2083,"angle":-0.51},{"time":0.4166,"angle":-9.64},{"time":0.8333,"angle":-9.78},{"time":1.25,"angle":-10.98},{"time":1.6667,"angle":-6.73},{"time":2.0834,"angle":-7.82},{"time":2.2917,"angle":0.72},{"time":2.5,"angle":5.27},{"time":2.9167,"angle":2.11},{"time":3.3334,"angle":5.98}],"shear":[{"time":0},{"time":0.2083},{"time":0.4166},{"time":0.8333},{"time":1.25},{"time":1.6667},{"time":2.0834},{"time":2.2917},{"time":2.5},{"time":2.9167},{"time":3.3334}]},"three-body31":{"rotate":[{"time":0,"angle":-8.94},{"time":0.4167,"angle":16.37},{"time":0.8334,"angle":-0.64},{"time":1.2501,"angle":14.04},{"time":1.6668,"angle":6.46},{"time":2.0835,"angle":20.19},{"time":2.5002,"angle":-8.22},{"time":2.9169,"angle":4.03},{"time":3.3336,"angle":-8.94}],"scale":[{"time":0,"x":1,"y":1},{"time":0.4167,"x":1,"y":1},{"time":0.8334,"x":1.05,"y":1},{"time":1.2501,"x":1,"y":1},{"time":2.5001,"x":1,"y":1},{"time":2.9168,"x":0.95,"y":1},{"time":3.3335,"x":1,"y":1}],"shear":[{"time":0},{"time":0.4167},{"time":0.8334},{"time":1.2501},{"time":1.6668},{"time":2.0835},{"time":2.5002},{"time":2.9169},{"time":3.3336}]},"three-zuoTui1":{"rotate":[{"time":0,"angle":0},{"time":0.4167,"angle":-13.45},{"time":2.0834,"angle":-13.45},{"time":2.5001,"angle":0}],"shear":[{"time":0},{"time":0.4167},{"time":2.0834},{"time":2.5001}]},"three-head":{"translate":[{"time":0},{"time":0.2083,"x":2.17,"y":2.34},{"time":0.4166,"x":1.13,"y":-1.24},{"time":0.8333},{"time":1.0416,"x":1.98,"y":-0.08},{"time":1.2499,"x":-0.41,"y":-0.7},{"time":1.6666,"x":2.07,"y":-1.42},{"time":2.0833,"x":0.71,"y":-0.65},{"time":2.5,"x":-0.01,"y":-1.13},{"time":2.9167,"x":2.18,"y":-1.14},{"time":3.3334}],"rotate":[{"time":0,"angle":18.87},{"time":0.2083,"angle":23.48},{"time":0.4166,"angle":19.48},{"time":0.8333,"angle":-15.53},{"time":1.0416,"angle":-7.97},{"time":1.6666,"angle":-10.14},{"time":1.9583,"angle":25.67},{"time":2.0833,"angle":21.18},{"time":2.9166,"angle":24.79},{"time":3.3333,"angle":18.87}],"shear":[{"time":0},{"time":0.2083},{"time":0.4166},{"time":0.8333},{"time":1.0416},{"time":1.6666},{"time":1.9583},{"time":2.0833},{"time":2.9166},{"time":3.3333}]},"three-zuoShou22":{"rotate":[{"time":0,"angle":12.97},{"time":0.2083,"angle":-6.62},{"time":0.4166,"angle":-0.84},{"time":2.0833,"angle":-0.84},{"time":2.2916,"angle":9.91},{"time":2.4999,"angle":2.54},{"time":3.3332,"angle":12.97}],"shear":[{"time":0},{"time":0.2083},{"time":0.4166},{"time":2.0833},{"time":2.2916},{"time":2.4999},{"time":3.3332}]},"three-youShou3":{"rotate":[{"time":0,"angle":-10.46},{"time":0.4167,"angle":7.02},{"time":0.625,"angle":16.53},{"time":0.7083,"angle":7.51},{"time":0.8333,"angle":8.74},{"time":1.2083,"angle":-12.13},{"time":1.6666,"angle":15.64},{"time":1.8749,"angle":-2.81},{"time":2.4582,"angle":-14.54},{"time":2.6249,"angle":-11.3},{"time":2.7499,"angle":-14.54},{"time":2.8749,"angle":-11.3},{"time":2.9999,"angle":-14.54},{"time":3.1249,"angle":-11.3},{"time":3.2082,"angle":-2.84},{"time":3.3332,"angle":-10.46}],"shear":[{"time":0},{"time":0.4167},{"time":0.625},{"time":0.7083},{"time":0.8333},{"time":1.2083},{"time":1.6666},{"time":1.8749},{"time":2.4582},{"time":2.6249},{"time":2.7499},{"time":2.8749},{"time":2.9999},{"time":3.1249},{"time":3.2082},{"time":3.3332}]},"three-zuoShou21":{"rotate":[{"time":0,"angle":29.03},{"time":0.2083,"angle":17.76},{"time":0.4166,"angle":-13.18},{"time":2.0833,"angle":-13.18},{"time":2.2916,"angle":7.65},{"time":2.4999,"angle":21.55},{"time":3.3332,"angle":29.03}],"shear":[{"time":0},{"time":0.2083},{"time":0.4166},{"time":2.0833},{"time":2.2916},{"time":2.4999},{"time":3.3332}]},"three-youyanClosed":{"translate":[{"time":0},{"time":0.5},{"time":0.6667,"x":1.95,"y":0.14},{"time":1.6667,"x":1.95,"y":0.14},{"time":1.875}]},"three-youShou31":{"rotate":[{"time":0,"angle":87.8},{"time":0.4167,"angle":129.62},{"time":0.625,"angle":-28.74},{"time":0.7083,"angle":-28.74},{"time":0.8333,"angle":23.99},{"time":1.2083,"angle":106.38},{"time":1.6666,"angle":119.33},{"time":1.8749,"angle":10.27},{"time":2.4582,"angle":121.05},{"time":2.6249,"angle":26.24},{"time":2.7499,"angle":121.05},{"time":2.8749,"angle":26.24},{"time":2.9999,"angle":121.05},{"time":3.1249,"angle":26.24},{"time":3.2082,"angle":5.53},{"time":3.3332,"angle":87.8}],"shear":[{"time":0},{"time":0.4167},{"time":0.625},{"time":0.7083},{"time":0.8333},{"time":1.2083},{"time":1.6666},{"time":1.8749},{"time":2.4582},{"time":2.6249},{"time":2.7499},{"time":2.8749},{"time":2.9999},{"time":3.1249},{"time":3.2082},{"time":3.3332}]},"three-zuoyanClosed":{"translate":[{"time":0,"x":-2.43,"y":2.51},{"time":0.5,"x":-2.43,"y":2.51},{"time":0.6667,"x":-0.48,"y":2.65},{"time":1.6667,"x":-0.48,"y":2.65},{"time":1.875,"x":-2.43,"y":2.51}],"rotate":[{"time":0,"angle":-14.75}],"shear":[{"time":0}]},"three-mouth2":{"scale":[{"time":0,"x":0.4,"y":0.4},{"time":0.4167,"x":0.5,"y":0.5},{"time":0.625,"x":1.2,"y":1.2},{"time":1.25,"x":1.3,"y":1.3},{"time":1.6667,"x":0.35,"y":0.35},{"time":2,"x":0.28,"y":1.34},{"time":2.25,"x":1.38,"y":0.83},{"time":2.5417,"x":0.98,"y":1.18},{"time":2.7917,"x":0.44,"y":0.37},{"time":3.0417,"x":1.2,"y":1.13},{"time":3.3334,"x":0.4,"y":0.4}]},"three-zuoMei":{"translate":[{"time":0,"x":-0.66,"y":-0.01},{"time":0.4167,"x":-0.66,"y":-0.01},{"time":0.625,"x":3.26,"y":0.05},{"time":1.0417,"x":4.33,"y":0.39},{"time":1.6667,"x":3.26,"y":0.05},{"time":1.875,"x":-0.66,"y":-0.01},{"time":2.2917,"x":-0.66,"y":-0.01},{"time":2.5,"x":-0.89,"y":1.63},{"time":2.9167,"x":-0.89,"y":1.63},{"time":3.0834,"x":-0.66,"y":-0.01}],"rotate":[{"time":0,"angle":-10.62},{"time":0.4167,"angle":-10.62},{"time":0.625,"angle":-27.54},{"time":1.0417,"angle":-31.52},{"time":1.6667,"angle":-27.54},{"time":1.875,"angle":-10.62},{"time":2.2917,"angle":-1.19},{"time":3.0834,"angle":-1.19},{"time":3.3334,"angle":-10.62}],"shear":[{"time":0},{"time":0.4167},{"time":0.625},{"time":1.0417},{"time":1.6667},{"time":1.875},{"time":2.2917},{"time":3.0834},{"time":3.3334}]},"three-youMei":{"translate":[{"time":0,"x":1.1,"y":0.02},{"time":0.4167,"x":1.1,"y":0.02},{"time":0.625,"x":4.85,"y":0.07},{"time":1.0417,"x":5.93,"y":0.41},{"time":1.6667,"x":4.85,"y":0.07},{"time":1.875,"x":1.1,"y":0.02},{"time":2.2917,"x":1.1,"y":0.02},{"time":2.5,"x":0.54,"y":-1.38},{"time":2.9167,"x":0.54,"y":-1.38},{"time":3.0834,"x":1.1,"y":0.02}],"rotate":[{"time":0,"angle":12.67},{"time":0.4167,"angle":12.67},{"time":0.625,"angle":26.92},{"time":1.0417,"angle":32.55},{"time":1.6667,"angle":26.92},{"time":1.875,"angle":12.67},{"time":2.2917,"angle":0.85},{"time":3.0834,"angle":0.85},{"time":3.3334,"angle":12.67}],"shear":[{"time":0},{"time":0.4167},{"time":0.625},{"time":1.0417},{"time":1.6667},{"time":1.875},{"time":2.2917},{"time":3.0834},{"time":3.3334}]},"three-yanJing":{"translate":[{"time":0,"x":-0.03,"y":1.91}]}},"slots":{"three-youyan":{"color":[{"time":0,"color":"FFFFFF00"},{"time":0.5,"color":"FFFFFF00"},{"time":0.6667,"color":"FFFFFFFF"},{"time":1.6667,"color":"FFFFFFFF"},{"time":1.875,"color":"FFFFFF00"}]},"three-zuoyan":{"color":[{"time":0,"color":"FFFFFF00"},{"time":0.5,"color":"FFFFFF00"},{"time":0.6667,"color":"FFFFFFFF"},{"time":1.6667,"color":"FFFFFFFF"},{"time":1.875,"color":"FFFFFF00"}]},"three-zuoyanClosed":{"color":[{"time":0,"color":"FFFFFFFF"},{"time":0.5,"color":"FFFFFFFF"},{"time":0.6667,"color":"FFFFFF00"},{"time":1.6667,"color":"FFFFFF00"},{"time":1.875,"color":"FFFFFFFF"}]},"three-youyanClosed":{"color":[{"time":0,"color":"FFFFFFFF"},{"time":0.5,"color":"FFFFFFFF"},{"time":0.6667,"color":"FFFFFF00"},{"time":1.6667,"color":"FFFFFF00"},{"time":1.875,"color":"FFFFFFFF"}]},"yinFu31":{"color":[{"time":0,"color":"FFFFFF00"},{"time":0.4167,"color":"FFFFFF00"},{"time":0.7917,"color":"FFFFFFFF"},{"time":1.7084,"color":"FFFFFFFF"},{"time":1.8751,"color":"FFFFFF00"}]},"yinFu32":{"color":[{"time":0,"color":"FFFFFF00"},{"time":0.7917,"color":"FFFFFF00"},{"time":1,"color":"FFFFFFFF"},{"time":2.25,"color":"FFFFFFFF"},{"time":2.4583,"color":"FFFFFF00"}]},"yinFu33":{"color":[{"time":0,"color":"FFFFFF00"},{"time":0.625,"color":"FFFFFF00"},{"time":1.0417,"color":"FFFFFFFF"},{"time":2.5,"color":"FFFFFFFF"},{"time":2.7083,"color":"FFFFFF00"}]},"two-DengZi":{"color":[{"time":0,"color":"FFFFFF00"}]},"two-Jita":{"color":[{"time":0,"color":"FFFFFF00"}]},"two-youtui":{"color":[{"time":0,"color":"FFFFFF00"}]},"two-zuoTui":{"color":[{"time":0,"color":"FFFFFF00"}]},"two-youshou":{"color":[{"time":0,"color":"FFFFFF00"}]},"shouJi":{"color":[{"time":0,"color":"FFFFFF00"}]},"two-body":{"color":[{"time":0,"color":"FFFFFF00"}]},"two-head_0":{"color":[{"time":0,"color":"FFFFFF00"}]},"two-head":{"color":[{"time":0,"color":"FFFFFF00"}]},"two-mouth":{"color":[{"time":0,"color":"FFFFFF00"}]},"two-youyan":{"color":[{"time":0,"color":"FFFFFF00"}]},"two-zuoyan":{"color":[{"time":0,"color":"FFFFFF00"}]},"two-zuoyanClosed":{"color":[{"time":0,"color":"FFFFFF00"}]},"two-youyanClosed":{"color":[{"time":0,"color":"FFFFFF00"}]},"two-yanJing":{"color":[{"time":0,"color":"FFFFFF00"}]},"two-zuoMei":{"color":[{"time":0,"color":"FFFFFF00"}]},"two-youMei":{"color":[{"time":0,"color":"FFFFFF00"}]},"shadow":{"color":[{"time":0,"color":"FFFFFF7F"}]},"one-jita1":{"color":[{"time":0,"color":"FFFFFF00"}]},"one-youTui1":{"color":[{"time":0,"color":"FFFFFF00"}]},"one-zuoTui1":{"color":[{"time":0,"color":"FFFFFF00"}]},"one-youshou1":{"color":[{"time":0,"color":"FFFFFF00"}]},"one-body1":{"color":[{"time":0,"color":"FFFFFF00"}]},"one-zuoShou1":{"color":[{"time":0,"color":"FFFFFF00"}]},"one-head":{"color":[{"time":0,"color":"FFFFFF00"}]},"one-mouth":{"color":[{"time":0,"color":"FFFFFF00"}]},"one-youyan":{"color":[{"time":0,"color":"FFFFFF00"}]},"one-zuoyan":{"color":[{"time":0,"color":"FFFFFF00"}]},"one-zuoyanClosed":{"color":[{"time":0,"color":"FFFFFF00"}]},"one-youyanClosed":{"color":[{"time":0,"color":"FFFFFF00"}]},"one-yanJing":{"color":[{"time":0,"color":"FFFFFF00"}]},"one-zuoMei":{"color":[{"time":0,"color":"FFFFFF00"}]},"one-youMei":{"color":[{"time":0,"color":"FFFFFF00"}]}},"deform":{"default":{"three-mouth2":{"Singer/three-mouth2":[{"time":0,"offset":17,"vertices":[0]},{"time":0.4167,"offset":17,"vertices":[0]},{"time":0.625,"offset":12,"vertices":[-0.02,1.25,0.03,-1.67]},{"time":1.25,"vertices":[-0.39,-0.33,-0.28,0.02,0,0,0,0,0.09,-0.06,-0.64,0.21,-0.02,0.96,0.02,-1.28]},{"time":1.6667,"vertices":[-0.32,-0.27,-0.22,0.01,0,0,0,0,0.07,-0.05,-0.51,0.16,-0.01,0.77,0.02,-1.03]},{"time":2,"vertices":[-2.59,-0.84,-3.66,0.63,-2.33,-0.64,-3.48,0.61,-6.37,0.08,-6.78,0.32,1.4,0.56,0.15,-0.87,-6.36,0.19]},{"time":2.25,"vertices":[-0.9,-0.95,-1.51,0,0.26,0.16,0.31,-1.41,-0.48,-0.46,-0.82,-0.26,1.13,0.46,0.13,-0.7,-0.47,-0.37]},{"time":2.5417,"vertices":[-0.66,-0.69,-1.11,0,0.19,0.11,0.23,-1.04,-0.35,-0.34,-0.6,-0.19,0.83,0.33,0.1,-0.51,-0.35,-0.27]},{"time":2.7917,"vertices":[-0.45,-0.47,-0.76,0.01,0.13,0.08,0.15,-0.71,-0.24,-0.23,-0.41,-0.13,0.57,0.23,0.07,-0.35,-0.24,-0.18]},{"time":3.0417,"vertices":[-0.3,-0.33,-0.68,0.1,0.21,-0.2,0.29,-0.14,0.31,0.01,-0.54,-0.1,0.38,1.17,0.01,-1.49,-0.13,-0.1]},{"time":3.3334,"offset":17,"vertices":[0]}]}}}}}}],[-1],0,[],[],[]]