[1,["b5GPFp6/BJ1rUfM2/J5UeR","6d27FdRN9HoLuSZ62a3inb","5bMu3pRU1OoJnLoNCX8gh5","b5Ipc44kNDw5cwAZsHW+rO","bdVTuBmGBMoZQL7m7o4V9V","43rT8bOCND7blRWggk5LK/","d3edqh3m5K+IuEKv0BTFD3","06iex/gl5EPbP++nCOTvzF","d1KmfQhqxD1qTfn2hQ2AFb","3dpfl64GBB7aljMAYFiWoa","29Znw7YjlL+KmB/87rD2gL"],["_textureSetter","Mask","bg_juese","btn_jiahao","icon_suipian","label_xuanzhong","mask_weijiesuo","mask_yizhuangban","word_zb","word_zbcg","xzk"],["cc.SpriteFrame",["cc.SpriteAtlas",["_name","_spriteFrames"],2,11]],[[1,0,1,2]],[[[{"name":"mask_yizhuangban","rect":[715,1,116,155],"offset":[0,0],"originalSize":[116,155],"capInsets":[0,0,0,0]}],[0],0,[0],[0],[0]],[[{"name":"xzk","rect":[732,238,57,57],"offset":[0,0],"originalSize":[57,57],"capInsets":[0,0,0,0]}],[0],0,[0],[0],[0]],[[{"name":"word_zbcg","rect":[575,1,332,138],"offset":[0,0],"originalSize":[332,138],"rotated":1,"capInsets":[0,0,0,0]}],[0],0,[0],[0],[0]],[[{"name":"label_xuanzhong","rect":[715,158,78,78],"offset":[0,0],"originalSize":[78,78],"capInsets":[0,0,0,0]}],[0],0,[0],[0],[0]],[[{"name":"bg_juese","rect":[1,1,572,498],"offset":[0,0],"originalSize":[572,498],"capInsets":[0,0,0,0]}],[0],0,[0],[0],[0]],[[{"name":"Mask","rect":[745,297,49,41],"offset":[0,0],"originalSize":[49,41],"rotated":1,"capInsets":[0,0,0,0]}],[0],0,[0],[0],[0]],[[{"name":"btn_jiahao","rect":[795,158,38,41],"offset":[0,0],"originalSize":[38,41],"rotated":1,"capInsets":[0,0,0,0]}],[0],0,[0],[0],[0]],[[{"name":"icon_suipian","rect":[715,297,28,27],"offset":[0,0],"originalSize":[28,27],"capInsets":[0,0,0,0]}],[0],0,[0],[0],[0]],[[[0,"uiIcons5.plist",[{},"Mask",6,0,"bg_juese",6,1,"btn_jiahao",6,2,"icon_suipian",6,3,"label_xuanzhong",6,4,"mask_weijiesuo",6,5,"mask_yizhuangban",6,6,"word_zb",6,7,"word_zbcg",6,8,"xzk",6,9]]],0,0,[0,0,0,0,0,0,0,0,0,0],[1,2,3,4,5,6,7,8,9,10],[1,2,3,4,5,6,7,8,9,10]],[[{"name":"word_zb","rect":[791,238,73,32],"offset":[0,0],"originalSize":[73,32],"rotated":1,"capInsets":[0,0,0,0]}],[0],0,[0],[0],[0]],[[{"name":"mask_weijiesuo","rect":[575,335,116,155],"offset":[0,0],"originalSize":[116,155],"rotated":1,"capInsets":[0,0,0,0]}],[0],0,[0],[0],[0]]]]