[1,0,0,[],0,[{"_name":"WenYiNv","_uuid":"b8ae249e-69fd-4a63-b64e-50a073b2f778","skeleton":{"width":155.99,"height":181.88,"fps":24,"hash":" ","name":"Armature"},"bones":[{"name":"root"},{"length":11,"x":-1.2,"y":35.9,"rotation":-90,"name":"qun_zi","parent":"root"},{"x":51.45,"y":132.2,"name":"icon_sq02","parent":"root"},{"x":-46.3,"y":163.25,"name":"icon_sq01","parent":"root"},{"length":12,"x":6.85,"y":7.1,"rotation":4.98,"name":"zuotui_shang","parent":"qun_zi"},{"length":28,"x":-3.1,"y":0.25,"rotation":177.572,"name":"shen_ti","parent":"qun_zi"},{"length":10,"x":7.3,"y":-6,"rotation":9.6824,"name":"youtui_shang","parent":"qun_zi"},{"length":10,"x":11.1072,"y":0.5888,"rotation":3.6295,"name":"youtui_xia","parent":"youtui_shang"},{"inheritScale":false,"length":57,"x":32.9607,"y":0.4468,"rotation":-7.2392,"name":"tou","parent":"shen_ti","transform":"noScale"},{"inheritScale":false,"length":16,"x":25.8817,"y":5.7016,"rotation":174.6956,"name":"youshou_shang","parent":"shen_ti","transform":"noScale"},{"inheritScale":false,"length":17,"x":33.1582,"y":-10.7172,"rotation":-162.8352,"name":"zuoshou_shang","parent":"shen_ti","transform":"noScale"},{"length":12,"x":13.0355,"y":0.4184,"rotation":6.357,"name":"zuotui_xia","parent":"zuotui_shang"},{"inheritScale":false,"length":14,"x":16.753,"rotation":13.9521,"name":"youshou_xia","parent":"youshou_shang","transform":"noScale"},{"x":11.8383,"y":15.6603,"rotation":9.6672,"name":"tou22","parent":"tou"},{"inheritScale":false,"x":23.6734,"y":16.1548,"rotation":9.6672,"name":"yanjing","parent":"tou","transform":"noScale"},{"inheritScale":false,"length":17,"x":17.5605,"y":0.2317,"rotation":-12.5973,"name":"zuoshou_xia","parent":"zuoshou_shang","transform":"noScale"},{"inheritScale":false,"x":0.4,"y":9.3,"name":"right_eye","parent":"yanjing","transform":"noScale"},{"length":24,"x":38.8928,"y":-59.8619,"rotation":171.0157,"name":"tea1","parent":"youshou_xia"},{"inheritScale":false,"x":-2.35,"y":-9.95,"name":"left_eye","parent":"yanjing","transform":"noScale"},{"x":34.0357,"y":70.4815,"rotation":83.7803,"name":"cake_m","parent":"youshou_xia"},{"length":27,"x":50.0058,"y":55.2085,"rotation":-90.0337,"name":"saozi","parent":"zuoshou_xia"},{"length":9,"x":25.4645,"y":-0.7226,"rotation":-51.6618,"name":"tea11","parent":"tea1"}],"slots":[{"name":"shadow","bone":"root","attachment":"shadow"},{"name":"youtui_xia","bone":"youtui_xia","attachment":"youtui_xia"},{"name":"youtui_shang","bone":"youtui_shang","attachment":"youtui_shang"},{"name":"zuotui_xia","bone":"zuotui_xia","attachment":"zuotui_xia"},{"name":"zuotui_shang","bone":"zuotui_shang","attachment":"zuotui_shang"},{"name":"youshou_shang","bone":"youshou_shang","attachment":"youshou_shang"},{"name":"shen_ti","bone":"shen_ti","attachment":"shen_ti"},{"name":"tou2","bone":"tou","attachment":"tou2"},{"name":"cake_m","bone":"cake_m","attachment":"角色文件-吃蛋糕/cake_m"},{"name":"saozi","bone":"saozi","attachment":"角色文件-吃蛋糕/saozi"},{"name":"zuoshou_shang","bone":"zuoshou_shang","attachment":"zuoshou_shang"},{"name":"left_eye2_61","bone":"left_eye","attachment":"left_eye2_61"},{"name":"right_eye2","bone":"right_eye","attachment":"right_eye2"},{"name":"left_eye2_6","bone":"left_eye","attachment":"left_eye2_6"},{"name":"right_eye","bone":"right_eye","attachment":"right_eye"},{"name":"icon_sq02","bone":"icon_sq02","attachment":"icon_sq02"},{"name":"tou","bone":"tou","attachment":"tou"},{"name":"icon_sq01","bone":"icon_sq01","attachment":"icon_sq01"},{"name":"tea1","bone":"tea1","attachment":"奶茶图标及厨师制作完成/奶茶1"}],"skins":{"default":{"left_eye2_61":{"left_eye2_61":{"name":"left_eye2_61","width":7,"height":3,"x":0.31,"y":-0.27,"rotation":-90,"path":"角色文件-道具(1)/闭眼1"}},"shadow":{"shadow":{"name":"shadow","width":53,"height":11,"x":0.98,"y":5.24,"path":"角色文件(1)/椭圆_1"}},"zuoshou_shang":{"zuoshou_shang":{"name":"zuoshou_shang","width":11,"height":34,"hull":10,"path":"角色文件(2)/左手_3","type":"mesh","triangles":[5,10,7,10,3,7,7,3,2,8,9,1,0,8,1,9,8,6,10,5,6,8,10,6],"uvs":[0,0,1,0,1,1,0.47323,1,0.3005,0.58644,1,0.52908,1,0.45261,1,0.6085,0.09635,0.20361,1,0.1776,0.31062,0.58577],"edges":[0,2,2,18,4,6,4,14,6,20,10,12,10,14,12,18,16,20,16,0],"vertices":[1,10,-3.2,-3.27,1,1,10,-0.4,7.37,1,1,15,14.89,1.78,1,1,15,14.67,-4,1,2,15,0.55,-5.38,0.49,10,16.92,-5.14,0.51,2,15,-1.11,2.38,0.49,10,16.99,2.8,0.51,2,15,-3.71,2.48,0.05,10,14.48,3.46,0.95,2,15,1.59,2.28,0.92,10,19.61,2.11,0.08,1,10,3.76,-4,1,1,10,5.44,5.84,1,2,10,16.86,-5.32,0.51,15,0.52,-5.57,0.49]}},"right_eye":{"right_eye":{"name":"right_eye","width":6,"height":9,"x":-0.12,"y":-0.22,"rotation":-90,"path":"角色文件-道具(1)/眼睛睁1_6"}},"tea1":{"奶茶图标及厨师制作完成/奶茶1":{"name":"奶茶图标及厨师制作完成/奶茶1","width":23,"height":35,"hull":10,"type":"mesh","triangles":[6,0,7,7,0,8,0,9,8,4,3,5,3,6,5,1,0,6,2,6,3,2,1,6],"uvs":[0,0.36,0.25217,0.16429,0.41522,0.08571,0.80435,0,1,0,1,0.11857,0.73913,0.19571,1,0.36,1,1,0,1],"edges":[0,2,2,4,4,6,6,8,8,10,10,12,12,14,14,16,16,18,18,0],"vertices":[1,17,18.64,11.25,1,2,17,25.76,5.79,0.85,21,-4.92,4.27,0.15,2,21,-0.27,4.33,0.92,17,28.69,2.18,0.08,1,21,8.75,1.56,1,1,21,12.41,-1.06,1,1,21,10,-4.43,1,2,17,25.2,-5.45,0.8,21,3.55,-3.14,0.2,1,17,19.75,-11.72,1,1,17,-2.63,-12.8,1,1,17,-3.73,10.17,1]}},"icon_sq01":{"icon_sq01":{"name":"icon_sq01","width":33,"height":34,"x":-0.94,"y":0.37}},"right_eye2":{"right_eye2":{"name":"right_eye2","width":6,"height":3,"x":0.45,"y":-0.47,"rotation":-90,"path":"角色文件-道具(1)/闭眼2"}},"tou":{"tou":{"name":"tou","width":68,"height":68,"hull":27,"path":"角色文件-发怒表情/头部_7","type":"mesh","triangles":[6,5,4,33,3,2,1,0,2,0,33,2,3,34,4,34,6,4,33,34,3,34,7,6,9,8,7,34,9,7,0,26,33,26,32,33,35,9,34,36,10,9,35,36,9,33,47,34,47,49,34,49,35,34,36,11,10,49,36,35,37,11,36,49,37,36,37,12,11,48,37,49,37,13,12,32,47,33,48,27,37,32,46,47,47,46,49,46,48,49,26,22,32,25,22,26,22,31,32,28,38,14,28,14,37,27,28,37,37,14,13,22,21,31,38,15,14,44,27,46,46,27,48,32,43,46,43,44,46,28,15,38,29,30,27,44,29,27,30,28,27,39,15,28,42,43,32,31,42,32,21,20,31,30,29,28,29,39,28,24,22,25,39,16,15,40,39,29,44,45,29,45,40,29,23,22,24,42,45,43,43,45,44,42,41,45,40,16,39,20,19,31,31,41,42,41,17,45,17,40,45,31,19,41,19,18,41,18,17,41,17,16,40],"uvs":[0.47059,0,0.99999,0.00001,0.98529,0.44485,0.95588,0.52941,0.98529,0.63235,0.98417,0.76471,0.91774,0.78999,0.82728,0.90305,0.70724,0.91416,0.67647,0.86765,0.66176,0.92941,0.59706,0.95074,0.57353,0.99999,0.47059,0.98529,0.40809,0.97426,0.27941,0.99999,0.03529,0.84044,0.04632,0.70588,0.00001,0.57353,0.04265,0.51471,0,0.42983,0.00147,0.27941,0.01471,0.23529,0,0.19118,0.04191,0.07126,0.23015,0.05402,0.30441,0.05882,0.3486,0.81623,0.32213,0.87889,0.26992,0.82444,0.31404,0.83985,0.12139,0.52435,0.33683,0.54673,0.56845,0.55294,0.68278,0.70406,0.6164,0.78755,0.60389,0.88027,0.48001,0.93666,0.35742,0.95778,0.19492,0.88936,0.10668,0.78951,0.11551,0.62611,0.17433,0.58677,0.24124,0.6382,0.23021,0.70618,0.17213,0.70438,0.40668,0.65065,0.50376,0.61467,0.43098,0.74632,0.51411,0.72942],"edges":[0,2,2,4,4,6,6,8,8,10,10,12,12,14,14,16,16,18,18,20,20,22,22,24,24,26,26,28,28,30,30,32,32,34,34,36,36,38,38,40,40,42,42,44,44,46,46,48,48,50,50,52,52,0],"vertices":[1,8,68.78,13.85,1,1,8,74.83,-21.64,1,1,8,45.01,-26.72,1,1,8,38.83,-24.73,1,1,8,32.44,-28.86,1,1,8,23.09,-29.69,1,1,8,20.74,-25.07,1,1,8,12.22,-20.34,1,1,8,10.22,-12.46,1,1,8,12.97,-9.86,1,1,8,8.93,-8.77,1,1,8,6.49,-5.49,1,1,8,3.06,-5.26,1,1,8,1.67,2.87,1,1,8,2.76,6.91,1,1,8,-0.44,15.24,1,1,8,7.47,33.43,1,1,8,16.82,34.26,1,1,8,24.78,38.81,1,1,8,29.29,36.64,1,1,8,34.49,40.47,1,1,8,43.51,41.9,1,1,8,46.96,42.59,1,1,8,50.59,43.21,1,1,8,59.4,41.82,1,1,8,63.23,29.49,1,1,8,62.94,24.31,1,1,13,0.3,-3.05,1,1,13,-3.95,-1.25,1,1,13,-0.25,2.3,1,1,13,-1.3,-0.7,1,1,8,29.57,31.26,1,1,8,30.55,16.57,1,1,8,32.8,0.97,1,1,8,23.95,-8.4,1,1,8,17.62,-4.91,1,1,8,11.27,-5.13,1,1,8,5.42,2.7,1,1,8,3.28,10.5,1,1,8,6.01,22.17,1,1,8,11.81,29.25,1,1,8,22.75,30.5,1,2,8,26.03,27.01,0.9,16,3.75,1,0.1,2,8,23.35,21.93,0.8,16,0.25,-3.55,0.2,1,16,-4.35,-2.8,1,1,16,-4.2,1.15,1,2,8,24.4,10.7,0.78,18,2.15,4.45,0.22,2,8,27.92,4.6,0.88,18,4.6,-2.15,0.12,1,18,-4.35,2.8,1,1,18,-3.2,-2.85,1]}},"cake_m":{"角色文件-吃蛋糕/cake_m":{"name":"角色文件-吃蛋糕/cake_m","width":40,"height":26,"x":-0.61,"y":7.83}},"zuotui_shang":{"zuotui_shang":{"name":"zuotui_shang","width":15,"height":16,"x":0.71,"y":1.2,"rotation":85.02,"path":"角色文件(2)/图层_122"}},"tou2":{"tou2":{"name":"tou2","width":68,"height":68,"hull":6,"path":"角色文件-道具(1)/头部_7","type":"mesh","triangles":[8,2,4,0,19,1,19,17,1,10,5,3,1,17,3,17,10,3,0,18,19,6,5,10,11,10,17,19,11,17,19,16,11,11,6,10,16,6,11,16,7,6,6,4,5,18,20,19,20,16,19,7,4,6,22,9,16,16,9,7,9,8,4,7,9,4,20,22,16,22,8,9,15,21,20,12,2,8,21,8,22,20,21,22,14,15,20,18,14,20,21,12,8,15,12,21,13,2,12,13,12,15,14,13,15,0,14,18,2,13,14,0,2,14],"uvs":[0,0,1,0,0,1,1,1,0.4878,1,0.58044,1,0.5628,0.93937,0.47824,0.96584,0.31868,0.97467,0.43339,0.97026,0.64809,0.88864,0.60912,0.80629,0.18118,0.90776,0.08559,0.79452,0.10986,0.68643,0.17309,0.76658,0.45397,0.79893,0.67089,0.70555,0.14,0.52393,0.5753,0.57173,0.31794,0.68937,0.25471,0.8482,0.34,0.85923],"edges":[0,2,2,6,4,8,6,10,8,10,4,0],"vertices":[62.95,43.91,74.37,-23.12,-4.09,32.5,7.33,-34.54,1.48,-0.2,2.54,-6.41,6.4,-4.54,3.66,0.83,1.25,11.42,2.85,3.78,10.78,-9.68,15.85,-6.13,4.16,21.4,10.66,29.1,18.18,28.71,13.53,23.56,14.57,4.36,23.31,-9.12,29.42,28.55,31.19,-1.18,20.36,14.73,8.99,17.15,9.23,11.31]}},"saozi":{"角色文件-吃蛋糕/saozi":{"name":"角色文件-吃蛋糕/saozi","width":30,"height":7,"x":13.34,"y":0.61,"rotation":172.89}},"icon_sq02":{"icon_sq02":{"name":"icon_sq02","width":23,"height":24,"x":0.08,"y":-0.24}},"youtui_xia":{"youtui_xia":{"name":"youtui_xia","width":9,"height":17,"hull":6,"path":"角色文件(2)/右腿_3","type":"mesh","triangles":[0,4,5,0,5,1,5,4,3,4,2,3],"uvs":[0.00011,0,1,0,0,1,1,1,0,0.43235,1,0.35882],"edges":[0,2,2,10,4,6,4,8,6,10,8,0],"vertices":[1,6,3.97,-1.46,1,1,6,5.46,6.45,1,1,7,9.64,-4.03,1,1,7,10.63,1.9,1,2,7,-0.19,-3.44,0.5,6,11.14,-2.85,0.5,1,7,0.75,5.09,1]}},"youshou_shang":{"youshou_shang":{"name":"youshou_shang","width":12,"height":31,"x":8.79,"y":-2.06,"rotation":97.73,"path":"角色文件(2)/右手_2"}},"left_eye2_6":{"left_eye2_6":{"name":"left_eye2_6","width":6,"height":9,"x":-0.24,"y":-0.22,"rotation":-90,"path":"角色文件-道具(1)/眼睛睁2_6"}},"zuotui_xia":{"zuotui_xia":{"name":"zuotui_xia","width":13,"height":23,"hull":8,"path":"角色文件(2)/左腿_3","type":"mesh","triangles":[6,4,5,4,7,5,6,5,1,0,6,1,5,7,3,7,2,3],"uvs":[0,0,1,0,0,1,1,1,0,0.44348,1,0.44348,0,0.38913,0,0.49565],"edges":[0,2,2,10,4,6,4,14,6,10,8,12,8,14,12,0],"vertices":[1,4,2.81,-4.01,1,1,4,3.8,7.3,1,1,11,11.9,-7.79,1,1,11,14.18,3.58,1,2,11,-0.65,-5.27,0.5,4,12.97,-4.89,0.5,2,11,1.73,6.59,0.5,4,14.02,7.16,0.5,2,4,11.73,-4.79,0.95,11,-1.87,-5.03,0.05,1,11,0.53,-5.51,1]}},"youtui_shang":{"youtui_shang":{"name":"youtui_shang","width":10,"height":12,"x":3.11,"y":2.26,"rotation":80.32,"path":"角色文件(2)/图层_121"}},"shen_ti":{"shen_ti":{"name":"shen_ti","width":40,"height":51,"x":12.44,"y":-2.83,"rotation":-87.57,"path":"角色文件(2)/身体_3"}}}},"animations":{"move":{"bones":{"qun_zi":{"translate":[{"time":0,"curve":[0.5,0,0.5,1]},{"time":0.375,"x":-1.22,"y":2,"curve":[0.5,0,0.5,1]},{"time":0.6667,"x":-3.05,"curve":[0.5,0,0.5,1]},{"time":1.0834,"x":-1.62,"y":2,"curve":[0.5,0,0.5,1]},{"time":1.3334}],"rotate":[{"time":0,"angle":0,"curve":[0.5,0,0.5,1]},{"time":0.625,"angle":0.01},{"time":0.6667,"angle":0}],"shear":[{"time":0,"curve":[0.5,0,0.5,1]},{"time":0.625},{"time":0.6667}]},"shen_ti":{"translate":[{"time":0,"curve":[0,0,0.5,1]},{"time":0.2917,"x":-3,"curve":[0,0,0.5,1]},{"time":0.7084,"x":-0.17,"curve":[0,0,0.5,1]},{"time":1.0001,"x":-1,"curve":[0,0,0.5,1]},{"time":1.3334}],"rotate":[{"time":0,"angle":0,"curve":[0.5,0,0.5,1]},{"time":0.2917,"angle":-4.85},{"time":0.7084,"angle":0,"curve":[0.5,0,0.5,1]},{"time":1.0001,"angle":0.27},{"time":1.3334,"angle":0}],"shear":[{"time":0,"curve":[0.5,0,0.5,1]},{"time":0.2917},{"time":0.7084,"curve":[0.5,0,0.5,1]},{"time":1.0001},{"time":1.3334}]},"tou":{"translate":[{"time":0,"curve":[0,0,0.5,1]},{"time":0.2917,"x":-1.35,"y":-1.07},{"time":0.5417,"x":-0.29,"y":-0.67},{"time":1.3334}],"rotate":[{"time":0,"angle":8.54,"curve":[0.5,0,0.5,1]},{"time":0.2917,"angle":15.58},{"time":0.5417,"angle":7.06},{"time":0.7917,"angle":3.49},{"time":1.3334,"angle":8.54}],"shear":[{"time":0,"curve":[0.5,0,0.5,1]},{"time":0.2917},{"time":0.5417},{"time":0.7917},{"time":1.3334}]},"youshou_shang":{"translate":[{"time":0,"curve":[0.5,0,1,1]},{"time":0.2917,"x":1.28,"y":0.16},{"time":0.6667,"curve":[0.5,0,1,1]},{"time":1,"x":0.97,"y":-0.03},{"time":1.3333}],"rotate":[{"time":0,"angle":20.21},{"time":0.6667,"angle":-22.1},{"time":1.3334,"angle":20.21}],"shear":[{"time":0},{"time":0.6667},{"time":1.3334}]},"youshou_xia":{"rotate":[{"time":0,"angle":0,"curve":[0.5,0,0.5,1]},{"time":0.375,"angle":5.36,"curve":[0.5,0,0.5,1]},{"time":1,"angle":-22.64,"curve":[0.5,0,0.5,1]},{"time":1.3333,"angle":0}],"shear":[{"time":0,"curve":[0.5,0,0.5,1]},{"time":0.375,"curve":[0.5,0,0.5,1]},{"time":1,"curve":[0.5,0,0.5,1]},{"time":1.3333}]},"zuoshou_shang":{"translate":[{"time":0,"x":-0.31,"y":2.82}],"rotate":[{"time":0,"angle":10.43}],"shear":[{"time":0}]},"zuoshou_xia":{"rotate":[{"time":0,"angle":-40.25}],"shear":[{"time":0}]},"youtui_shang":{"translate":[{"time":0,"x":-1.25,"y":-0.55},{"time":0.6667,"x":-1.25,"y":6.61},{"time":0.9584,"x":-3.15,"y":3.47},{"time":1.3334,"x":-1.25,"y":-0.55}],"rotate":[{"time":0,"angle":-27.23},{"time":0.6667,"angle":17.29},{"time":0.9584,"angle":-10.78},{"time":1.3334,"angle":-27.23}],"shear":[{"time":0},{"time":0.6667},{"time":0.9584},{"time":1.3334}]},"youtui_xia":{"translate":[{"time":0,"x":3.21,"y":-0.53}],"rotate":[{"time":0,"angle":0},{"time":0.9583,"angle":30.3},{"time":1.3333,"angle":0}],"shear":[{"time":0},{"time":0.9583},{"time":1.3333}]},"zuotui_shang":{"translate":[{"time":0,"x":-1.74},{"time":0.2917,"x":-1.13,"y":-2.84},{"time":0.6667,"x":-1.74,"y":-6.49},{"time":1.3334,"x":-1.74}],"rotate":[{"time":0,"angle":9.09},{"time":0.2917,"angle":-16.46},{"time":0.6667,"angle":-22.04},{"time":1.3334,"angle":9.09}],"shear":[{"time":0},{"time":0.2917},{"time":0.6667},{"time":1.3334}]},"zuotui_xia":{"rotate":[{"time":0,"angle":0},{"time":0.2917,"angle":42.39},{"time":0.6667,"angle":2.5},{"time":1.3334,"angle":0}],"shear":[{"time":0},{"time":0.2917},{"time":0.6667},{"time":1.3334}]}},"slots":{"shadow":{"color":[{"time":0,"color":"FFFFFF7F"}]},"left_eye2_61":{"color":[{"time":0,"color":"FFFFFF00"},{"time":0.5417,"color":"FFFFFF00"},{"time":0.5834,"color":"FFFFFFFF"},{"time":0.7084,"color":"FFFFFF00"}]},"right_eye2":{"color":[{"time":0,"color":"FFFFFF00"},{"time":0.5417,"color":"FFFFFF00"},{"time":0.5834,"color":"FFFFFFFF"},{"time":0.7084,"color":"FFFFFF00"}]},"left_eye2_6":{"color":[{"time":0,"color":"FFFFFFFF"},{"time":0.5417,"color":"FFFFFFFF"},{"time":0.5834,"color":"FFFFFF00"},{"time":0.7084,"color":"FFFFFFFF"}]},"right_eye":{"color":[{"time":0,"color":"FFFFFFFF"},{"time":0.5417,"color":"FFFFFFFF"},{"time":0.5834,"color":"FFFFFF00"},{"time":0.7084,"color":"FFFFFFFF"}]},"icon_sq01":{"color":[{"time":0,"color":"FFFFFF00"}]},"icon_sq02":{"color":[{"time":0,"color":"FFFFFF00"}]},"tou":{"color":[{"time":0,"color":"FFFFFF00"}]},"tea1":{"color":[{"time":0,"color":"FFFFFF00"}]},"cake_m":{"color":[{"time":0,"color":"FFFFFF00"}]},"saozi":{"color":[{"time":0,"color":"FFFFFF00"}]}}},"stand":{"bones":{"qun_zi":{"translate":[{"time":0,"x":4.47,"y":-5.58}],"rotate":[{"time":0,"angle":-25.31}],"shear":[{"time":0}]},"youtui_shang":{"translate":[{"time":0,"x":2.31,"y":1.06}],"rotate":[{"time":0,"angle":-12.66}],"shear":[{"time":0}]},"zuotui_shang":{"translate":[{"time":0,"x":-3.35,"y":-6.08}],"rotate":[{"time":0,"angle":0},{"time":2.5,"angle":0},{"time":2.9167,"angle":-58.96},{"time":3.0834,"angle":-43.3},{"time":3.2917,"angle":-43.3},{"time":3.9167,"angle":-48.61},{"time":4.1667,"angle":0}],"shear":[{"time":0},{"time":2.5},{"time":2.9167},{"time":3.0834},{"time":3.2917},{"time":3.9167},{"time":4.1667}]},"shen_ti":{"translate":[{"time":0,"x":3.23,"y":0.49}],"rotate":[{"time":0,"angle":28.67},{"time":2.5,"angle":28.67},{"time":2.9167,"angle":26.41},{"time":3.0834,"angle":27.09},{"time":3.2917,"angle":27.09},{"time":3.9167,"angle":25.84},{"time":4.1667,"angle":28.67}],"scale":[{"time":0,"x":1,"y":1},{"time":0.625,"x":1.02,"y":1.02},{"time":1.25,"x":1,"y":1},{"time":1.875,"x":1.02,"y":1.02},{"time":2.5,"x":1,"y":1}],"shear":[{"time":0},{"time":2.5},{"time":2.9167},{"time":3.0834},{"time":3.2917},{"time":3.9167},{"time":4.1667}]},"youtui_xia":{"rotate":[{"time":0,"angle":42.85}],"shear":[{"time":0}]},"zuoshou_shang":{"translate":[{"time":0,"x":-2.59,"y":0.94}],"rotate":[{"time":0,"angle":9.05}],"shear":[{"time":0}]},"zuotui_xia":{"rotate":[{"time":0,"angle":21.07},{"time":2.5,"angle":21.07},{"time":2.6667,"angle":45.37},{"time":3.1667,"angle":25.13},{"time":3.2917,"angle":23.43},{"time":3.9167,"angle":23.43},{"time":4,"angle":37.68},{"time":4.1667,"angle":21.07}],"shear":[{"time":0},{"time":2.5},{"time":2.6667},{"time":3.1667},{"time":3.2917},{"time":3.9167},{"time":4},{"time":4.1667}]},"youshou_shang":{"rotate":[{"time":0,"angle":-7.95}],"shear":[{"time":0}]},"tou":{"rotate":[{"time":0,"angle":0},{"time":0.375,"angle":1.15},{"time":0.875,"angle":-0.09},{"time":1.25,"angle":0},{"time":1.625,"angle":1.15},{"time":2.125,"angle":-0.09},{"time":2.5,"angle":0},{"time":2.9167,"angle":4.29},{"time":3.0834,"angle":0.67},{"time":3.2917,"angle":2.74},{"time":3.9167,"angle":4.52},{"time":4.1667,"angle":0}],"shear":[{"time":0},{"time":0.375},{"time":0.875},{"time":1.25},{"time":1.625},{"time":2.125},{"time":2.5},{"time":2.9167},{"time":3.0834},{"time":3.2917},{"time":3.9167},{"time":4.1667}]},"zuoshou_xia":{"rotate":[{"time":0,"angle":-48.39}],"shear":[{"time":0}]},"icon_sq01":{"translate":[{"time":0},{"time":4.1667,"x":249.88},{"time":6.1667}]}},"slots":{"shadow":{"color":[{"time":0,"color":"FFFFFF00"}]},"left_eye2_61":{"color":[{"time":0,"color":"FFFFFF00"},{"time":1.25,"color":"FFFFFF00"},{"time":1.2917,"color":"FFFFFFFF"},{"time":1.4167,"color":"FFFFFF00"}]},"right_eye2":{"color":[{"time":0,"color":"FFFFFF00"},{"time":1.25,"color":"FFFFFF00"},{"time":1.2917,"color":"FFFFFFFF"},{"time":1.4167,"color":"FFFFFF00"}]},"left_eye2_6":{"color":[{"time":0,"color":"FFFFFFFF"},{"time":1.25,"color":"FFFFFFFF"},{"time":1.2917,"color":"FFFFFF00"},{"time":1.4167,"color":"FFFFFFFF"}]},"right_eye":{"color":[{"time":0,"color":"FFFFFFFF"},{"time":1.25,"color":"FFFFFFFF"},{"time":1.2917,"color":"FFFFFF00"},{"time":1.4167,"color":"FFFFFFFF"}]},"icon_sq01":{"color":[{"time":0,"color":"FFFFFF00"}]},"icon_sq02":{"color":[{"time":0,"color":"FFFFFF00"}]},"tou":{"color":[{"time":0,"color":"FFFFFF00"}]},"tea1":{"color":[{"time":0,"color":"FFFFFF00"}]},"cake_m":{"color":[{"time":0,"color":"FFFFFF00"}]},"saozi":{"color":[{"time":0,"color":"FFFFFF00"}]}}},"angry":{"bones":{"qun_zi":{"rotate":[{"time":0,"angle":-8.91},{"time":0.2083,"angle":-6.97},{"time":0.4166,"angle":-8.91}],"shear":[{"time":0},{"time":0.2083},{"time":0.4166}]},"youtui_shang":{"translate":[{"time":0,"x":2.88,"y":0.45},{"time":0.2083,"x":2.75,"y":0.44},{"time":0.4166,"x":2.88,"y":0.45}],"rotate":[{"time":0,"angle":0},{"time":0.2083,"angle":-3.21},{"time":0.4166,"angle":0}],"shear":[{"time":0},{"time":0.2083},{"time":0.4166}]},"zuotui_shang":{"rotate":[{"time":0,"angle":0},{"time":0.2083,"angle":-2.74},{"time":0.4166,"angle":0}],"shear":[{"time":0},{"time":0.2083},{"time":0.4166}]},"shen_ti":{"rotate":[{"time":0,"angle":17.97},{"time":0.2083,"angle":16.57},{"time":0.4166,"angle":17.97}],"scale":[{"time":0,"x":1,"y":1},{"time":0.2083,"x":1.05,"y":1.05},{"time":0.4166,"x":1,"y":1}],"shear":[{"time":0},{"time":0.2083},{"time":0.4166}]},"zuoshou_shang":{"translate":[{"time":0,"x":-2.79,"y":0.25}],"rotate":[{"time":0,"angle":8.25},{"time":0.0833,"angle":5.46},{"time":0.1666,"angle":9.07},{"time":0.2499,"angle":5.46},{"time":0.3332,"angle":9.07},{"time":0.4165,"angle":8.25}],"shear":[{"time":0},{"time":0.0833},{"time":0.1666},{"time":0.2499},{"time":0.3332},{"time":0.4165}]},"youshou_shang":{"translate":[{"time":0,"x":2,"y":1.8}],"rotate":[{"time":0,"angle":-14.39},{"time":0.125,"angle":-11.18},{"time":0.2083,"angle":-16.71},{"time":0.2916,"angle":-13.01},{"time":0.4166,"angle":-14.39}],"shear":[{"time":0},{"time":0.125},{"time":0.2083},{"time":0.2916},{"time":0.4166}]},"tou":{"translate":[{"time":0,"x":0.35,"y":-1.76},{"time":0.125,"x":-0.56,"y":-1.66},{"time":0.4167,"x":0.35,"y":-1.76}],"rotate":[{"time":0,"angle":-15.69},{"time":0.125,"angle":-19.55},{"time":0.3333,"angle":-14.66},{"time":0.4166,"angle":-15.69}],"shear":[{"time":0},{"time":0.125},{"time":0.3333},{"time":0.4166}]},"zuoshou_xia":{"rotate":[{"time":0,"angle":5.75}],"shear":[{"time":0}]},"yanjing":{"translate":[{"time":0},{"time":0.0833,"x":1.07,"y":0.33},{"time":0.1666,"x":-1.06,"y":-0.36},{"time":0.2499,"x":1.07,"y":0.33},{"time":0.3332,"x":-0.78,"y":-0.22},{"time":0.4165}]},"icon_sq01":{"translate":[{"time":0,"x":28.63,"y":-49.52},{"time":0.125,"x":9.17,"y":-28.8},{"time":0.2083,"x":-9.79,"y":-17.21},{"time":0.3333,"x":-26,"y":-6.44}],"scale":[{"time":0,"x":0.01,"y":0.01},{"time":0.2083,"x":1,"y":1},{"time":0.3333,"x":1.25,"y":1.25}]},"icon_sq02":{"translate":[{"time":0,"x":-36.66,"y":-14.88},{"time":0.125,"x":-30.39,"y":-26.16},{"time":0.25,"x":-2.21,"y":3.73},{"time":0.4167,"x":2.57,"y":17.37}],"scale":[{"time":0,"x":0.01,"y":0.01},{"time":0.125,"x":0.01,"y":0.01},{"time":0.25,"x":1,"y":1},{"time":0.4167,"x":1.25,"y":1.25}]},"tou22":{"scale":[{"time":0,"x":1,"y":1},{"time":0.125,"x":0.66,"y":0.66},{"time":0.2083,"x":0.91,"y":0.91},{"time":0.2916,"x":1.3,"y":1.3},{"time":0.4166,"x":1,"y":1}]}},"slots":{"shadow":{"color":[{"time":0,"color":"FFFFFF00"}]},"icon_sq01":{"color":[{"time":0,"color":"FFFFFF00"},{"time":0.2083,"color":"FFFFFFFF"},{"time":0.3333,"color":"FFFFFF00"}]},"icon_sq02":{"color":[{"time":0,"color":"FFFFFF00"},{"time":0.125,"color":"FFFFFF00"},{"time":0.25,"color":"FFFFFFFF"},{"time":0.4167,"color":"FFFFFF00"}]},"tou2":{"color":[{"time":0,"color":"FFFFFF00"}]},"tea1":{"color":[{"time":0,"color":"FFFFFF00"}]},"cake_m":{"color":[{"time":0,"color":"FFFFFF00"}]},"saozi":{"color":[{"time":0,"color":"FFFFFF00"}]}}},"drink":{"bones":{"qun_zi":{"translate":[{"time":0,"x":4.47,"y":-5.58}],"rotate":[{"time":0,"angle":-25.31}],"shear":[{"time":0}]},"youtui_shang":{"translate":[{"time":0,"x":2.31,"y":1.06}],"rotate":[{"time":0,"angle":-12.66}],"shear":[{"time":0}]},"zuotui_shang":{"translate":[{"time":0,"x":-3.35,"y":-6.08}]},"shen_ti":{"translate":[{"time":0,"x":3.23,"y":0.49}],"rotate":[{"time":0,"angle":28.67},{"time":0.8333,"angle":23.7},{"time":1.6666,"angle":28.67}],"shear":[{"time":0},{"time":0.8333},{"time":1.6666}]},"youtui_xia":{"rotate":[{"time":0,"angle":42.85}],"shear":[{"time":0}]},"zuoshou_shang":{"translate":[{"time":0,"x":-3.07,"y":0.96}],"rotate":[{"time":0,"angle":10.37}],"shear":[{"time":0}]},"zuotui_xia":{"rotate":[{"time":0,"angle":21.07}],"shear":[{"time":0}]},"youshou_shang":{"rotate":[{"time":0,"angle":-40.03},{"time":0.5,"angle":-30.7},{"time":1.1667,"angle":-40.43},{"time":1.6667,"angle":-40.03}],"shear":[{"time":0},{"time":0.5},{"time":1.1667},{"time":1.6667}]},"tou":{"rotate":[{"time":0,"angle":0},{"time":0.5,"angle":7.65},{"time":1.1667,"angle":-1.29},{"time":1.6667,"angle":0}],"shear":[{"time":0},{"time":0.5},{"time":1.1667},{"time":1.6667}]},"zuoshou_xia":{"rotate":[{"time":0,"angle":-51.78}],"shear":[{"time":0}]},"left_eye":{"translate":[{"time":0,"x":-1.08,"y":0.06}],"rotate":[{"time":0,"angle":-17.53}],"shear":[{"time":0}]},"right_eye":{"translate":[{"time":0,"x":-2.01,"y":-0.97}],"rotate":[{"time":0,"angle":-1.2}],"shear":[{"time":0}]},"tea1":{"translate":[{"time":0,"x":-29.53,"y":55.35}],"rotate":[{"time":0,"angle":33.41}],"scale":[{"time":0,"x":1,"y":1},{"time":0.5833,"x":1.05,"y":1.05},{"time":1.0833,"x":1.13,"y":0.98},{"time":1.6666,"x":1,"y":1}],"shear":[{"time":0}]},"tea11":{"rotate":[{"time":0,"angle":31.62},{"time":0.5833,"angle":20.85},{"time":0.8333,"angle":13.08},{"time":1.1666,"angle":17.55},{"time":1.6666,"angle":31.62}],"scale":[{"time":0,"x":1.37,"y":1},{"time":0.5833,"x":1.22,"y":1},{"time":0.8333,"x":1.19,"y":1},{"time":1.1666,"x":1.05,"y":1},{"time":1.6666,"x":1.37,"y":1}],"shear":[{"time":0},{"time":0.5833},{"time":0.8333},{"time":1.1666},{"time":1.6666}]}},"slots":{"shadow":{"color":[{"time":0,"color":"FFFFFF00"}]},"left_eye2_6":{"color":[{"time":0,"color":"FFFFFF00"}]},"right_eye":{"color":[{"time":0,"color":"FFFFFF00"}]},"icon_sq01":{"color":[{"time":0,"color":"FFFFFF00"}]},"icon_sq02":{"color":[{"time":0,"color":"FFFFFF00"}]},"tou":{"color":[{"time":0,"color":"FFFFFF00"}]},"cake_m":{"color":[{"time":0,"color":"FFFFFF00"}]},"saozi":{"color":[{"time":0,"color":"FFFFFF00"}]}}},"eat":{"bones":{"qun_zi":{"translate":[{"time":0,"x":4.47,"y":-5.58}],"rotate":[{"time":0,"angle":-25.31}],"shear":[{"time":0}]},"youtui_shang":{"translate":[{"time":0,"x":2.31,"y":1.06}],"rotate":[{"time":0,"angle":-12.66}],"shear":[{"time":0}]},"zuotui_shang":{"translate":[{"time":0,"x":-3.35,"y":-6.08}],"rotate":[{"time":0,"angle":0},{"time":2.0833,"angle":0},{"time":2.5,"angle":-58.96},{"time":2.6667,"angle":-43.3},{"time":2.875,"angle":-43.3},{"time":3.5,"angle":-48.61},{"time":3.75,"angle":0}],"shear":[{"time":0},{"time":2.0833},{"time":2.5},{"time":2.6667},{"time":2.875},{"time":3.5},{"time":3.75}]},"shen_ti":{"translate":[{"time":0,"x":3.23,"y":0.49}],"rotate":[{"time":0,"angle":28.67},{"time":0.4167,"angle":30.07},{"time":0.8334,"angle":28.67},{"time":1.5001,"angle":27.46},{"time":2.0834,"angle":28.67},{"time":2.5001,"angle":26.41},{"time":2.6668,"angle":27.09},{"time":2.8751,"angle":27.09},{"time":3.5001,"angle":25.84},{"time":3.7501,"angle":28.67}],"shear":[{"time":0},{"time":0.4167},{"time":0.8334},{"time":1.5001},{"time":2.0834},{"time":2.5001},{"time":2.6668},{"time":2.8751},{"time":3.5001},{"time":3.7501}]},"youtui_xia":{"rotate":[{"time":0,"angle":42.85}],"shear":[{"time":0}]},"zuoshou_shang":{"translate":[{"time":0,"x":-3.33,"y":0.68},{"time":0.8333,"x":-2.13,"y":0.75},{"time":1.6666,"x":-2.13,"y":0.75},{"time":2.2916,"x":-3.33,"y":0.68}],"rotate":[{"time":0,"angle":4.69},{"time":0.3333,"angle":-64.11},{"time":0.8333,"angle":-47.71},{"time":1.6666,"angle":-47.71},{"time":2.2916,"angle":4.69}],"shear":[{"time":0},{"time":0.3333},{"time":0.8333},{"time":1.6666},{"time":2.2916}]},"zuotui_xia":{"rotate":[{"time":0,"angle":21.07},{"time":2.0833,"angle":21.07},{"time":2.25,"angle":45.37},{"time":2.75,"angle":25.13},{"time":2.875,"angle":23.43},{"time":3.5,"angle":23.43},{"time":3.5833,"angle":37.68},{"time":3.75,"angle":21.07}],"shear":[{"time":0},{"time":2.0833},{"time":2.25},{"time":2.75},{"time":2.875},{"time":3.5},{"time":3.5833},{"time":3.75}]},"youshou_shang":{"rotate":[{"time":0,"angle":-25.79}],"shear":[{"time":0}]},"tou":{"translate":[{"time":0},{"time":0.8333},{"time":1.0416,"x":0.01,"y":0.92},{"time":1.2083,"x":0.25,"y":-0.12},{"time":1.4583,"x":0.44,"y":1.13},{"time":2.0833}],"rotate":[{"time":0,"angle":0},{"time":0.25,"angle":1.15},{"time":0.5833,"angle":-0.09},{"time":0.8333,"angle":17.3},{"time":1.2083,"angle":21.88},{"time":1.7083,"angle":25.64},{"time":2.0833,"angle":9.65},{"time":2.5,"angle":4.29},{"time":2.6667,"angle":-0.7},{"time":2.875,"angle":2.74},{"time":3.5,"angle":4.52},{"time":3.75,"angle":0}],"shear":[{"time":0},{"time":0.25},{"time":0.5833},{"time":0.8333},{"time":1.2083},{"time":1.7083},{"time":2.0833},{"time":2.5},{"time":2.6667},{"time":2.875},{"time":3.5},{"time":3.75}]},"zuoshou_xia":{"rotate":[{"time":0,"angle":-82.47},{"time":0.3333,"angle":-35.38},{"time":0.8333,"angle":-94.9},{"time":1.6666,"angle":-94.9},{"time":2.2916,"angle":-82.47}],"shear":[{"time":0},{"time":0.3333},{"time":0.8333},{"time":1.6666},{"time":2.2916}]},"left_eye":{"rotate":[{"time":0,"angle":0},{"time":2.0833,"angle":0},{"time":2.1666,"angle":-17.65},{"time":3.3333,"angle":-17.65},{"time":3.5,"angle":0}],"shear":[{"time":0},{"time":2.0833},{"time":2.1666},{"time":3.3333},{"time":3.5}]},"icon_sq01":{"translate":[{"time":0},{"time":3.75,"x":249.88}]},"cake_m":{"translate":[{"time":0,"x":-29.5,"y":-76.48}],"rotate":[{"time":0,"angle":20.66}],"shear":[{"time":0}]},"saozi":{"translate":[{"time":0,"x":-39.07,"y":-55.11},{"time":0.8333,"x":-39.7,"y":-57.24},{"time":1.6666,"x":-39.7,"y":-57.24},{"time":2.2916,"x":-39.07,"y":-55.11}],"rotate":[{"time":0,"angle":61.22},{"time":0.3333,"angle":90.17},{"time":0.8333,"angle":90.05},{"time":1.6666,"angle":90.05},{"time":2.2916,"angle":61.22}],"scale":[{"time":0,"x":0.7,"y":0.7}],"shear":[{"time":0},{"time":0.3333},{"time":0.8333},{"time":1.6666},{"time":2.2916}]}},"slots":{"shadow":{"color":[{"time":0,"color":"FFFFFF00"}]},"left_eye2_61":{"color":[{"time":0,"color":"FFFFFF00"},{"time":0.8333,"color":"FFFFFF00"},{"time":0.875,"color":"FFFFFFFF"},{"time":1,"color":"FFFFFF00"},{"time":2.0833,"color":"FFFFFF00"},{"time":2.1666,"color":"FFFFFFFF"},{"time":3.3333,"color":"FFFFFFFF"},{"time":3.5,"color":"FFFFFF00"}]},"right_eye2":{"color":[{"time":0,"color":"FFFFFF00"},{"time":0.8333,"color":"FFFFFF00"},{"time":0.875,"color":"FFFFFFFF"},{"time":1,"color":"FFFFFF00"},{"time":2.0833,"color":"FFFFFF00"},{"time":2.1666,"color":"FFFFFFFF"},{"time":3.3333,"color":"FFFFFFFF"},{"time":3.5,"color":"FFFFFF00"}]},"left_eye2_6":{"color":[{"time":0,"color":"FFFFFFFF"},{"time":0.8333,"color":"FFFFFFFF"},{"time":0.875,"color":"FFFFFF00"},{"time":1,"color":"FFFFFFFF"},{"time":2.0833,"color":"FFFFFFFF"},{"time":2.1666,"color":"FFFFFF00"},{"time":3.3333,"color":"FFFFFF00"},{"time":3.5,"color":"FFFFFFFF"}]},"right_eye":{"color":[{"time":0,"color":"FFFFFFFF"},{"time":0.8333,"color":"FFFFFFFF"},{"time":0.875,"color":"FFFFFF00"},{"time":1,"color":"FFFFFFFF"},{"time":2.0833,"color":"FFFFFFFF"},{"time":2.1666,"color":"FFFFFF00"},{"time":3.3333,"color":"FFFFFF00"},{"time":3.5,"color":"FFFFFFFF"}]},"icon_sq01":{"color":[{"time":0,"color":"FFFFFF00"}]},"icon_sq02":{"color":[{"time":0,"color":"FFFFFF00"}]},"tou":{"color":[{"time":0,"color":"FFFFFF00"}]},"tea1":{"color":[{"time":0,"color":"FFFFFF00"}]}},"deform":{"default":{"tou2":{"tou2":[{"time":0,"offset":8,"vertices":[-2.33,-0.81,-1.42,1]},{"time":0.8333,"offset":8,"vertices":[-2.04,-0.52,-1.54,0.46]},{"time":1.0416,"offset":8,"vertices":[-3.32,-1.89,-1.98,-0.77,0.51,0.86,0.8,0.09,0.8,0.09,0.8,0.09,0.24,0.63,-0.8,2.47,0.63,0.28,-0.16,-1.97,0,0,-1.31,-1.67,-2.13,2.08,0.26,2.77,0,0,0,0,-1.09,-0.05,0,-1.91,-0.22,2.09]},{"time":1.2499,"offset":8,"vertices":[-3.3,-0.92,-2.15,0.11]},{"time":1.4582,"offset":8,"vertices":[-3.32,-1.89,-1.98,-0.77,0.51,0.86,0.8,0.09,0.8,0.09,0.8,0.09,0.24,0.63,-0.8,2.47,0.63,0.28,-0.16,-1.97,0,0,-1.31,-1.67,-2.13,2.08,0.26,2.77,0,0,0,0,-1.09,-0.05,0,-1.91,-0.22,2.09]},{"time":1.6665,"offset":8,"vertices":[-4.04,-2.99,-2.97,-0.23]},{"time":3.7498,"offset":8,"vertices":[-2.33,-0.81,-1.42,1]}]}}}}}}],[-1],0,[],[],[]]