[1,["29bsgzs4xBp6ZJG/66DFC3","1bjX17O1NDo5kl31pNDOj5","f2N77VVNVGyqFt77+D+X2O","02DeqzpKZOuogfK5t7YF+2","3dM95aM7pAX6goPoopDtqS","72Lad71lxJeL7ED+4MGiTs","f6cxVbfzFE+bl2kx5adwe2","562I2hmeFM2Jypxn4eUStz","6eGAb4CHlKm44F4StrTY06","d5jX1p7lNHFqYv32wn+1yW","e78lTXw0dPWqu0fE+5wMiz","63zymCNQRGKohpjYX7/eX8","c734hp/elMEKywCAmAqXoX","d5Wt5gogJKj4aXb/WrK1Lz","f08n47yn5IdZyh3Ald45qP","79PiWiTbZGnJE7c+4wYDLH","bcijoBiQxLiJBX+slozCSb","d9U3x4TqpA85Wr4y20GFni","08AkCcj5VK1J3zeXGPLjgL","c8eEbZY8ZFeq4nhrwzTozJ","e33dGGvn5KDaF3D4x7nVWf","06X9fIw+FOV7XZ/4X+NVdk","ffZPnV46REOaIIVKJarPs3","e9DGyXnMJPhbnZt/woVr/N","a1Ns9wGqBI+pTC4Qeraq5E","37S1ThC+pAWI0KvPWipjQN","8fEi8CowlCF76/EWoUDS0c","70QBB6TPVDR54TmbIZK/C2","97OoPEMMNKrZ8UJgTz1ViR","cfhVTXpDdJBYhOaWBRkNlk","40qniR3DVFiLOpm3zdHPGY","24uxx+D11NTKRT+2gBxUMf","44h8MsyKFHtKBjKU4RtoIq","d54nbPTglGAaezI5ztD3eH","8fyM7e4PNLYpjATrySJuZ6","d38VoUpaZJFoA37VJd+/sg","6b+615HytF95Ymi6FTEZjy","6f7fzGdSRLMIDKADKdCn0U","5fB6yOlKRLq7g0vqfYUuOq","fa3BFlQyJM4JGhEgqidJjv","bbZzD6oUlDmqSSPVIf2jd0","ceJNnydEBA2Yff+SHSERvt","3b/+8IwrpCDaJpE+x074T5","05QhGLHPlBL6uCW6Ir0qTk","9aAKpZX3NOtqhso8U7tn/g","7e4T/1T/lCXojWAHrrgJEJ","58xq4zprdJ3JsErTmOX9Ln","2eE7rS8m1Mgqr5n1PQ/klw","26shzMnFJDlr387IkENew9","e4lQHa+yZMYbzG85cBQAmD","7aiY/klR1NKbNqOJj9m5O/","64A/OE4kRPCpDQqJp92WwY","5f228PMc5LFqH/LNkz0mCS","0328nhMZVFPI97ULDyTgM/","59E7Nun85CXLSJoWTXtd35","22d/WERL1MyJP0gCADgHzA"],["_textureSetter","bg_bt","bg_chenghao","bg_chenghao03","bg_chenghao04","bg_chengjiu","bg_clearance2","bg_exp02","bg_gonggao","bg_jiangli","bg_jiedan","bg_jindu","bg_jindutiao","bg_jindutiao02","bg_jingying","bg_wmxx","bg_xinxi","bg_xinxi2","btn2_close","btn_close","btn_wenhao","btn_zhizhao","gou","icon","icon2","icon_bao","icon_jiqi","icon_laike","icon_remai_start","icon_shangcai","icon_yinzhang2","icon_yinzhang3","jiantou","jindu","jindu_bg","role01","role03","wenzi_lv","word_bt","word_bt02","word_bt03","word_bt04","word_bt05","word_bt06","word_bt07","word_bt08","word_bt09","word_bt10","word_chenghao","word_dachoubing","word_reimai","word_renwu","word_waimai","word_xingongneng","word_xinneirong","wpk"],["cc.SpriteFrame",["cc.SpriteAtlas",["_name","_spriteFrames"],2,11]],[[1,0,1,2]],[[[{"name":"bg_chenghao03","rect":[118,806,116,92],"offset":[0,0],"originalSize":[116,92],"rotated":1,"capInsets":[0,0,0,0]}],[0],0,[0],[0],[0]],[[{"name":"word_xingongneng","rect":[343,1,421,150],"offset":[0,0],"originalSize":[421,150],"capInsets":[0,0,0,0]}],[0],0,[0],[0],[0]],[[{"name":"word_bt06","rect":[685,347,66,20],"offset":[0,0],"originalSize":[66,20],"rotated":1,"capInsets":[0,0,0,0]}],[0],0,[0],[0],[0]],[[{"name":"btn_zhizhao","rect":[1,523,153,150],"offset":[0,0],"originalSize":[153,150],"rotated":1,"capInsets":[0,0,0,0]}],[0],0,[0],[0],[0]],[[{"name":"btn2_close","rect":[340,617,75,79],"offset":[0,0],"originalSize":[75,79],"rotated":1,"capInsets":[0,0,0,0]}],[0],0,[0],[0],[0]],[[{"name":"bg_bt","rect":[343,304,366,41],"offset":[0,0],"originalSize":[366,41],"capInsets":[0,0,0,0]}],[0],0,[0],[0],[0]],[[{"name":"wpk","rect":[130,678,126,126],"offset":[0,0],"originalSize":[126,126],"capInsets":[0,0,0,0]}],[0],0,[0],[0],[0]],[[{"name":"icon_yinzhang3","rect":[368,707,99,99],"offset":[0,0],"originalSize":[99,99],"capInsets":[0,0,0,0]}],[0],0,[0],[0],[0]],[[{"name":"word_chenghao","rect":[343,153,411,149],"offset":[0,0],"originalSize":[411,149],"capInsets":[0,0,0,0]}],[0],0,[0],[0],[0]],[[{"name":"word_bt10","rect":[896,656,85,20],"offset":[0,0],"originalSize":[85,20],"capInsets":[0,0,0,0]}],[0],0,[0],[0],[0]],[[{"name":"icon_bao","rect":[469,772,91,96],"offset":[0,0],"originalSize":[91,96],"rotated":1,"capInsets":[0,0,0,0]}],[0],0,[0],[0],[0]],[[{"name":"word_bt05","rect":[970,678,39,20],"offset":[0,0],"originalSize":[39,20],"capInsets":[0,0,0,0]}],[0],0,[0],[0],[0]],[[{"name":"bg_chenghao04","rect":[258,523,116,92],"offset":[0,0],"originalSize":[116,92],"capInsets":[0,0,0,0]}],[0],0,[0],[0],[0]],[[{"name":"icon_yinzhang2","rect":[1,905,99,99],"offset":[0,0],"originalSize":[99,99],"capInsets":[0,0,0,0]}],[0],0,[0],[0],[0]],[[{"name":"jiantou","rect":[665,562,39,40],"offset":[0,0],"originalSize":[39,40],"capInsets":[0,0,0,0]}],[0],0,[0],[0],[0]],[[{"name":"bg_exp02","rect":[258,707,108,108],"offset":[0,0],"originalSize":[108,108],"capInsets":[0,0,0,0]}],[0],0,[0],[0],[0]],[[{"name":"word_bt09","rect":[925,273,86,20],"offset":[0,0],"originalSize":[86,20],"capInsets":[0,0,0,0]}],[0],0,[0],[0],[0]],[[[0,"panelIcons1.plist",[{},"bg_bt",6,0,"bg_chenghao",6,1,"bg_chenghao03",6,2,"bg_chenghao04",6,3,"bg_chengjiu",6,4,"bg_clearance2",6,5,"bg_exp02",6,6,"bg_gonggao",6,7,"bg_jiangli",6,8,"bg_jiedan",6,9,"bg_jindu",6,10,"bg_jindutiao",6,11,"bg_jindutiao02",6,12,"bg_jingying",6,13,"bg_wmxx",6,14,"bg_xinxi",6,15,"bg_xinxi2",6,16,"btn2_close",6,17,"btn_close",6,18,"btn_wenhao",6,19,"btn_zhizhao",6,20,"gou",6,21,"icon",6,22,"icon2",6,23,"icon_bao",6,24,"icon_jiqi",6,25,"icon_laike",6,26,"icon_remai_start",6,27,"icon_shangcai",6,28,"icon_yinzhang2",6,29,"icon_yinzhang3",6,30,"jiantou",6,31,"jindu",6,32,"jindu_bg",6,33,"role01",6,34,"role03",6,35,"wenzi_lv",6,36,"word_bt",6,37,"word_bt02",6,38,"word_bt03",6,39,"word_bt04",6,40,"word_bt05",6,41,"word_bt06",6,42,"word_bt07",6,43,"word_bt08",6,44,"word_bt09",6,45,"word_bt10",6,46,"word_chenghao",6,47,"word_dachoubing",6,48,"word_reimai",6,49,"word_renwu",6,50,"word_waimai",6,51,"word_xingongneng",6,52,"word_xinneirong",6,53,"wpk",6,54]]],0,0,[0,0,0,0,0,0,0,0,0,0,0,0,0,0,0,0,0,0,0,0,0,0,0,0,0,0,0,0,0,0,0,0,0,0,0,0,0,0,0,0,0,0,0,0,0,0,0,0,0,0,0,0,0,0,0],[1,2,3,4,5,6,7,8,9,10,11,12,13,14,15,16,17,18,19,20,21,22,23,24,25,26,27,28,29,30,31,32,33,34,35,36,37,38,39,40,41,42,43,44,45,46,47,48,49,50,51,52,53,54,55],[1,2,3,4,5,6,7,8,9,10,11,12,13,14,15,16,17,18,19,20,21,22,23,24,25,26,27,28,29,30,31,32,33,34,35,36,37,38,39,40,41,42,43,44,45,46,47,48,49,50,51,52,53,54,55]],[[{"name":"word_xinneirong","rect":[896,297,357,60],"offset":[0,0],"originalSize":[357,60],"rotated":1,"capInsets":[0,0,0,0]}],[0],0,[0],[0],[0]],[[{"name":"word_bt","rect":[896,678,72,23],"offset":[0,0],"originalSize":[72,23],"capInsets":[0,0,0,0]}],[0],0,[0],[0],[0]],[[{"name":"word_waimai","rect":[561,660,70,33],"offset":[0,0],"originalSize":[70,33],"capInsets":[0,0,0,0]}],[0],0,[0],[0],[0]],[[{"name":"bg_jindu","rect":[991,1,30,102],"offset":[0,0],"originalSize":[30,102],"capInsets":[0,0,0,0]}],[0],0,[0],[0],[0]],[[{"name":"word_renwu","rect":[936,165,71,33],"offset":[0,0],"originalSize":[71,33],"capInsets":[0,0,0,0]}],[0],0,[0],[0],[0]],[[{"name":"role03","rect":[561,489,102,137],"offset":[0,0],"originalSize":[102,137],"capInsets":[0,0,0,0]}],[0],0,[0],[0],[0]],[[{"name":"bg_gonggao","rect":[946,787,55,62],"offset":[0,0],"originalSize":[55,62],"rotated":1,"capInsets":[0,0,0,0]}],[0],0,[0],[0],[0]],[[{"name":"wenzi_lv","rect":[561,628,81,30],"offset":[0,0],"originalSize":[81,30],"capInsets":[0,0,0,0]}],[0],0,[0],[0],[0]],[[{"name":"icon_laike","rect":[1,780,115,123],"offset":[0,0],"originalSize":[115,123],"capInsets":[0,0,0,0]}],[0],0,[0],[0],[0]],[[{"name":"bg_chengjiu","rect":[1,1,340,348],"offset":[0,0],"originalSize":[340,348],"capInsets":[0,0,0,0]}],[0],0,[0],[0],[0]],[[{"name":"bg_wmxx","rect":[936,1,53,162],"offset":[0,0],"originalSize":[53,162],"capInsets":[0,0,0,0]}],[0],0,[0],[0],[0]],[[{"name":"word_reimai","rect":[561,703,325,67],"offset":[0,0],"originalSize":[325,67],"capInsets":[0,0,0,0]}],[0],0,[0],[0],[0]],[[{"name":"word_bt08","rect":[958,362,65,20],"offset":[0,0],"originalSize":[65,20],"rotated":1,"capInsets":[0,0,0,0]}],[0],0,[0],[0],[0]],[[{"name":"icon_jiqi","rect":[561,347,140,122],"offset":[0,0],"originalSize":[140,122],"rotated":1,"capInsets":[0,0,0,0]}],[0],0,[0],[0],[0]],[[{"name":"jindu_bg","rect":[756,217,220,28],"offset":[0,0],"originalSize":[220,28],"capInsets":[0,0,0,0]}],[0],0,[0],[0],[0]],[[{"name":"icon_remai_start","rect":[711,304,397,183],"offset":[0,0],"originalSize":[397,183],"rotated":1,"capInsets":[0,0,0,0]}],[0],0,[0],[0],[0]],[[{"name":"word_bt07","rect":[958,295,65,20],"offset":[0,0],"originalSize":[65,20],"rotated":1,"capInsets":[0,0,0,0]}],[0],0,[0],[0],[0]],[[{"name":"icon2","rect":[376,523,112,92],"offset":[0,0],"originalSize":[112,92],"capInsets":[0,0,0,0]}],[0],0,[0],[0],[0]],[[{"name":"word_bt03","rect":[974,247,47,24],"offset":[0,0],"originalSize":[47,24],"capInsets":[0,0,0,0]}],[0],0,[0],[0],[0]],[[{"name":"bg_xinxi","rect":[766,1,168,214],"offset":[0,0],"originalSize":[168,214],"capInsets":[0,0,0,0]}],[0],0,[0],[0],[0]],[[{"name":"bg_jindutiao","rect":[756,273,167,22],"offset":[0,0],"originalSize":[167,22],"capInsets":[0,0,0,0]}],[0],0,[0],[0],[0]],[[{"name":"btn_close","rect":[258,617,80,78],"offset":[0,0],"originalSize":[80,78],"capInsets":[0,0,0,0]}],[0],0,[0],[0],[0]],[[{"name":"word_bt04","rect":[991,105,48,23],"offset":[0,0],"originalSize":[48,23],"rotated":1,"capInsets":[0,0,0,0]}],[0],0,[0],[0],[0]],[[{"name":"icon_shangcai","rect":[910,862,143,103],"offset":[0,0],"originalSize":[143,103],"rotated":1,"capInsets":[0,0,0,0]}],[0],0,[0],[0],[0]],[[{"name":"role01","rect":[1,678,100,127],"offset":[0,0],"originalSize":[100,127],"rotated":1,"capInsets":[0,0,0,0]}],[0],0,[0],[0],[0]],[[{"name":"bg_jindutiao02","rect":[888,703,165,20],"offset":[0,0],"originalSize":[165,20],"rotated":1,"capInsets":[0,0,0,0]}],[0],0,[0],[0],[0]],[[{"name":"bg_jiangli","rect":[368,808,94,94],"offset":[0,0],"originalSize":[94,94],"capInsets":[0,0,0,0]}],[0],0,[0],[0],[0]],[[{"name":"jindu","rect":[756,247,216,24],"offset":[0,0],"originalSize":[216,24],"capInsets":[0,0,0,0]}],[0],0,[0],[0],[0]],[[{"name":"bg_xinxi2","rect":[910,703,157,34],"offset":[0,0],"originalSize":[157,34],"rotated":1,"capInsets":[0,0,0,0]}],[0],0,[0],[0],[0]],[[{"name":"btn_wenhao","rect":[978,200,44,44],"offset":[0,0],"originalSize":[44,44],"capInsets":[0,0,0,0]}],[0],0,[0],[0],[0]],[[{"name":"word_dachoubing","rect":[500,347,358,59],"offset":[0,0],"originalSize":[358,59],"rotated":1,"capInsets":[0,0,0,0]}],[0],0,[0],[0],[0]],[[{"name":"bg_jiedan","rect":[685,415,24,65],"offset":[0,0],"originalSize":[24,65],"capInsets":[0,0,0,0]}],[0],0,[0],[0],[0]],[[{"name":"icon","rect":[153,523,112,93],"offset":[0,0],"originalSize":[112,93],"rotated":1,"capInsets":[0,0,0,0]}],[0],0,[0],[0],[0]],[[{"name":"bg_jingying","rect":[644,628,54,52],"offset":[0,0],"originalSize":[54,52],"rotated":1,"capInsets":[0,0,0,0]}],[0],0,[0],[0],[0]],[[{"name":"bg_chenghao","rect":[1,351,497,170],"offset":[0,0],"originalSize":[497,170],"capInsets":[0,0,0,0]}],[0],0,[0],[0],[0]],[[{"name":"bg_clearance2","rect":[936,200,14,14],"offset":[0,0],"originalSize":[14,14],"capInsets":[0,0,0,0]}],[0],0,[0],[0],[0]],[[{"name":"word_bt02","rect":[665,489,71,23],"offset":[0,0],"originalSize":[71,23],"rotated":1,"capInsets":[0,0,0,0]}],[0],0,[0],[0],[0]],[[{"name":"gou","rect":[946,703,82,77],"offset":[0,0],"originalSize":[82,77],"rotated":1,"capInsets":[0,0,0,0]}],[0],0,[0],[0],[0]]]]