[1,["22sCJTk8NH74Q+XQLYJxau"],["_textureSetter"],["cc.SpriteFrame"],0,[[[{"name":"chuxian_06","rect":[505,378,250,375],"offset":[0,0],"originalSize":[250,375],"capInsets":[0,0,0,0]}],[0],0,[0],[0],[0]],[[{"name":"chuxian_08","rect":[757,1,250,375],"offset":[0,0],"originalSize":[250,375],"capInsets":[0,0,0,0]}],[0],0,[0],[0],[0]],[[{"name":"chuxian_01","rect":[1,378,250,375],"offset":[0,0],"originalSize":[250,375],"capInsets":[0,0,0,0]}],[0],0,[0],[0],[0]],[[{"name":"chuxian_09","rect":[757,378,250,375],"offset":[0,0],"originalSize":[250,375],"capInsets":[0,0,0,0]}],[0],0,[0],[0],[0]],[[{"name":"chuxian_04","rect":[1,755,250,375],"offset":[0,0],"originalSize":[250,375],"rotated":1,"capInsets":[0,0,0,0]}],[0],0,[0],[0],[0]],[[{"name":"chuxian_00","rect":[1,1,250,375],"offset":[0,0],"originalSize":[250,375],"capInsets":[0,0,0,0]}],[0],0,[0],[0],[0]],[[{"name":"chuxian_05","rect":[505,1,250,375],"offset":[0,0],"originalSize":[250,375],"capInsets":[0,0,0,0]}],[0],0,[0],[0],[0]],[[{"name":"chuxian_07","rect":[378,755,250,375],"offset":[0,0],"originalSize":[250,375],"rotated":1,"capInsets":[0,0,0,0]}],[0],0,[0],[0],[0]],[[{"name":"chuxian_02","rect":[253,1,250,375],"offset":[0,0],"originalSize":[250,375],"capInsets":[0,0,0,0]}],[0],0,[0],[0],[0]],[[{"name":"chuxian_03","rect":[253,378,250,375],"offset":[0,0],"originalSize":[250,375],"capInsets":[0,0,0,0]}],[0],0,[0],[0],[0]]]]