[1,0,0,[],0,[{"_name":"DaWeiWang","_uuid":"0625f634-a53b-4c0b-8c34-82119284af45","skeleton":{"width":568.11,"height":389.87,"fps":24,"hash":" ","name":"Armature"},"bones":[{"name":"root"},{"x":-82.35,"y":43.85,"name":"yanwu1","parent":"root"},{"length":26,"rotation":90,"name":"body2","parent":"root"},{"length":1,"x":69.5,"y":29.1,"rotation":108.4349,"name":"yanwu2","parent":"root"},{"length":34,"x":-14.8,"y":2.7,"rotation":-0.6623,"name":"yingzi","parent":"root"},{"length":136,"x":119.2,"y":-26.4968,"rotation":90.37,"name":"shouji","parent":"root"},{"x":57.85,"y":121.15,"rotation":90,"name":"hanshui1","parent":"root"},{"x":384.45,"y":289.05,"name":"huoxing1","parent":"root"},{"x":229.45,"y":208.95,"name":"qian_2","parent":"root"},{"x":219.75,"y":129.45,"name":"qian_6","parent":"root"},{"x":221.5,"y":92.55,"name":"huoxing_15","parent":"root"},{"x":284.7,"y":284.75,"name":"guang","parent":"root"},{"length":42,"x":-0.8,"y":-4.7,"rotation":-1.5409,"name":"liewen","parent":"root"},{"x":385.45,"y":334.8,"name":"qian_8","parent":"root"},{"x":385,"y":256.1,"name":"huoxing_5","parent":"root"},{"x":-60.6,"y":118.45,"name":"hanshui_1","parent":"root"},{"x":222.6,"y":170.9,"name":"qian_7","parent":"root"},{"length":28,"x":0.35,"y":68.75,"rotation":-0.8084,"name":"panzi2","parent":"root"},{"x":215.25,"y":63.05,"name":"qian1","parent":"root"},{"x":213.55,"y":34.1,"name":"huoxing_4","parent":"root"},{"x":289.05,"y":210.65,"name":"qian16","parent":"root"},{"x":282.8,"y":174.9,"name":"qian5","parent":"root"},{"x":269.75,"y":135.7,"name":"qian14","parent":"root"},{"x":252.15,"y":102.2,"name":"qian142","parent":"root"},{"x":255,"y":67.6,"name":"huoxing_12","parent":"root"},{"x":248.15,"y":42.6,"name":"qian9","parent":"root"},{"x":243.6,"y":20.45,"name":"huoxxing_3","parent":"root"},{"x":339.6,"y":207.25,"name":"qian10","parent":"root"},{"x":381.05,"y":216.35,"name":"qian103","parent":"root"},{"x":328.25,"y":163.55,"name":"qian1031","parent":"root"},{"x":379.9,"y":175.45,"name":"qian10314","parent":"root"},{"x":318.6,"y":127.2,"name":"qian10314_3","parent":"root"},{"x":373.65,"y":131.2,"name":"qian10314_35","parent":"root"},{"x":303.8,"y":92,"name":"qian10314_3513","parent":"root"},{"x":278.85,"y":97.1,"name":"qian10314_351312","parent":"root"},{"x":335.05,"y":96.55,"name":"qian10314_351312_5","parent":"root"},{"x":374.8,"y":95.95,"name":"huoxing_41","parent":"root"},{"x":283.95,"y":60.75,"name":"huoxing_41_7","parent":"root"},{"x":277.7,"y":32.95,"name":"huoxing_41_72","parent":"root"},{"x":299.85,"y":17.6,"name":"huoxing_41_72_8","parent":"root"},{"x":329.95,"y":39.75,"name":"huoxing_41_72_8_11","parent":"root"},{"x":330.5,"y":67.6,"name":"huoxing_41_72_8_116","parent":"root"},{"x":364.55,"y":60.75,"name":"huoxing_41_72_8_11610","parent":"root"},{"x":357.2,"y":38.6,"name":"huoxing_41_72_8_11610_9","parent":"root"},{"x":332.75,"y":16.5,"name":"huoxing_41_72_8_11610_913","parent":"root"},{"x":353.2,"y":15.35,"name":"huoxing_41_72_8_11610_9134","parent":"root"},{"inheritScale":false,"length":47,"x":34.3,"y":-0.4,"rotation":0.9132,"name":"body1","parent":"body2","transform":"noScale"},{"inheritScale":false,"length":31,"x":21.25,"y":42.55,"rotation":117.797,"name":"body21","parent":"body2","transform":"noScale"},{"inheritScale":false,"length":32,"x":19.4,"y":-37.35,"rotation":-143.5057,"name":"body22","parent":"body2","transform":"noScale"},{"inheritScale":false,"length":56,"x":53.0433,"y":-0.8455,"rotation":-3.5715,"name":"head","parent":"body1","transform":"noScale"},{"inheritScale":false,"length":26,"x":44.1345,"y":-53.0956,"rotation":-140.0142,"name":"shangbi","parent":"body1","transform":"noScale"},{"inheritScale":false,"length":25,"x":47.4025,"y":43.7,"rotation":140.7638,"name":"shuangbi","parent":"body1","transform":"noScale"},{"inheritScale":false,"length":34,"x":25.9715,"y":-0.4494,"rotation":-107.5606,"name":"qianbi","parent":"shangbi","transform":"noScale"},{"x":14.2532,"y":-27.7688,"rotation":-87.3417,"name":"head2","parent":"head"},{"inheritScale":false,"length":6,"x":34.4194,"y":-5.0091,"rotation":-73.0847,"name":"zuoyan","parent":"head","transform":"noScale"},{"inheritScale":false,"length":12,"x":18.0634,"y":4.4425,"rotation":-88.2695,"name":"mouse","parent":"head","transform":"noScale"},{"inheritScale":false,"length":8,"x":45.9557,"y":8.4905,"rotation":101.7884,"name":"youmei","parent":"head","transform":"noScale"},{"inheritScale":false,"x":11.9953,"y":29.4881,"name":"head1","parent":"head","transform":"noScale"},{"length":6,"x":31.4825,"y":3.2636,"rotation":-90.6837,"name":"bizi","parent":"head"},{"inheritScale":false,"length":6,"x":46.9926,"y":-9.5308,"rotation":-113.1505,"name":"zuomei","parent":"head","transform":"noScale"},{"inheritScale":false,"length":5,"x":34.4957,"y":5.2055,"rotation":76.4381,"name":"youyan","parent":"head","transform":"noScale"},{"inheritScale":false,"length":34,"x":26.0745,"y":0.1513,"rotation":106.5216,"name":"qianbi1","parent":"shuangbi","transform":"noScale"}],"slots":[{"name":"yingzi","bone":"yingzi","attachment":"yingzi"},{"name":"liewen","bone":"liewen","attachment":"liewen"},{"name":"body1","bone":"body1","attachment":"body1"},{"name":"body2","bone":"body2","attachment":"body2"},{"name":"head","bone":"head","attachment":"head"},{"name":"youmei","bone":"youmei","attachment":"youmei"},{"name":"zuomei","bone":"zuomei","attachment":"zuomei"},{"name":"youyan","bone":"youyan","attachment":"youyan"},{"name":"zuoyan","bone":"zuoyan","attachment":"zuoyan"},{"name":"bizi","bone":"bizi","attachment":"bizi"},{"name":"mouse1","bone":"mouse","attachment":"mouse1"},{"name":"panzi21","bone":"panzi2","attachment":"panzi21"},{"name":"panzi2","bone":"panzi2","attachment":"panzi2"},{"name":"shuangbi","bone":"shuangbi","attachment":"shuangbi"},{"name":"qianbi1","bone":"qianbi1","attachment":"qianbi1"},{"name":"shangbi","bone":"shangbi","attachment":"shangbi"},{"name":"qianbi","bone":"qianbi","attachment":"qianbi"},{"name":"yanwu1","bone":"yanwu1","attachment":"yanwu1"},{"name":"yanwu2","bone":"yanwu2","attachment":"yanwu2"},{"name":"hanshui1","bone":"hanshui1","attachment":"hanshui1"},{"name":"hanshui_1","bone":"hanshui_1","attachment":"hanshui_1"},{"name":"mouse","bone":"mouse","attachment":"mouse"},{"name":"deng","bone":"shouji","attachment":"shouji"},{"name":"shouji","bone":"shouji","attachment":"shouji"},{"name":"huoxing_41_72_8_11610_9134","bone":"huoxing_41_72_8_11610_9134","attachment":"huoxing_41_72_8_11610_9134"},{"name":"huoxing_41_72","bone":"huoxing_41_72","attachment":"huoxing_41_72"},{"name":"huoxxing_3","bone":"huoxxing_3","attachment":"huoxxing_3"},{"name":"huoxing_41","bone":"huoxing_41","attachment":"huoxing_41"},{"name":"huoxing_15","bone":"huoxing_15","attachment":"huoxing_15"},{"name":"huoxing_5","bone":"huoxing_5","attachment":"huoxing_5"},{"name":"huoxing_41_72_8_116","bone":"huoxing_41_72_8_116","attachment":"huoxing_41_72_8_116"},{"name":"huoxing_41_7","bone":"huoxing_41_7","attachment":"huoxing_41_7"},{"name":"huoxing_41_72_8","bone":"huoxing_41_72_8","attachment":"huoxing_41_72_8"},{"name":"huoxing_41_72_8_11610_9","bone":"huoxing_41_72_8_11610_9","attachment":"huoxing_41_72_8_11610_9"},{"name":"huoxing1","bone":"huoxing1","attachment":"huoxing1"},{"name":"huoxing_41_72_8_11610","bone":"huoxing_41_72_8_11610","attachment":"huoxing_41_72_8_11610"},{"name":"huoxing_41_72_8_11","bone":"huoxing_41_72_8_11","attachment":"huoxing_41_72_8_11"},{"name":"huoxing_12","bone":"huoxing_12","attachment":"huoxing_12"},{"name":"huoxing_41_72_8_11610_913","bone":"huoxing_41_72_8_11610_913","attachment":"huoxing_41_72_8_11610_913"},{"name":"huoxing_4","bone":"huoxing_4","attachment":"huoxing_4"},{"name":"qian1","bone":"qian1","attachment":"qian1"},{"name":"qian142","bone":"qian142","attachment":"qian142"},{"name":"qian103","bone":"qian103","attachment":"qian103"},{"name":"qian10314","bone":"qian10314","attachment":"qian10314"},{"name":"qian5","bone":"qian5","attachment":"qian5"},{"name":"qian_6","bone":"qian_6","attachment":"qian_6"},{"name":"qian_7","bone":"qian_7","attachment":"qian_7"},{"name":"qian_8","bone":"qian_8","attachment":"qian_8"},{"name":"qian9","bone":"qian9","attachment":"qian9"},{"name":"qian10","bone":"qian10","attachment":"qian10"},{"name":"qian1031","bone":"qian1031","attachment":"qian1031"},{"name":"qian10314_351312","bone":"qian10314_351312","attachment":"qian10314_351312"},{"name":"qian10314_3513","bone":"qian10314_3513","attachment":"qian10314_3513"},{"name":"qian14","bone":"qian14","attachment":"qian14"},{"name":"qian10314_35","bone":"qian10314_35","attachment":"qian10314_35"},{"name":"qian16","bone":"qian16","attachment":"qian16"},{"name":"qian10314_351312_5","bone":"qian10314_351312_5","attachment":"qian10314_351312_5"},{"name":"qian10314_3","bone":"qian10314_3","attachment":"qian10314_3"},{"name":"qian_2","bone":"qian_2","attachment":"qian_2"},{"name":"guang","bone":"guang","attachment":"guang"}],"skins":{"default":{"huoxing_41_72":{"huoxing_41_72":{"name":"huoxing_41_72","width":16,"height":19,"x":-1.74,"y":0.06,"path":"大胃王动作(1)/形状_4_拷贝_2"}},"huoxing_12":{"huoxing_12":{"name":"huoxing_12","width":22,"height":16,"x":-3.06,"y":1.91,"path":"大胃王动作(1)/形状_4_拷贝_12"}},"deng":{"shouji":{"name":"shouji","width":189,"height":189,"x":141.2,"y":86.98,"rotation":-90.37,"path":"大胃王动作1/闪光灯"}},"mouse1":{"mouse1":{"name":"mouse1","width":29,"height":16,"x":4.66,"y":0.27,"rotation":0.93,"path":"大胃王动作1/嘴"}},"huoxing_41_72_8_11610_9134":{"huoxing_41_72_8_11610_9134":{"name":"huoxing_41_72_8_11610_9134","width":15,"height":12,"x":1.25,"y":0.17,"path":"大胃王动作(1)/形状_4_拷贝"}},"qianbi1":{"qianbi1":{"name":"qianbi1","width":55,"height":36,"x":13.77,"y":-0.59,"rotation":21.8,"path":"大胃王动作1/前臂_0"}},"huoxing_41_72_8":{"huoxing_41_72_8":{"name":"huoxing_41_72_8","width":18,"height":13,"x":3.13,"y":-0.57,"path":"大胃王动作(1)/形状_4_拷贝_8"}},"huoxing_5":{"huoxing_5":{"name":"huoxing_5","width":18,"height":23,"x":-0.07,"y":-1.06,"path":"大胃王动作(1)/形状_4_拷贝_5"}},"yanwu1":{"yanwu1":{"name":"yanwu1","width":163,"height":105,"x":-8.34,"y":8.29,"path":"大胃王动作1/烟雾1"}},"hanshui1":{"hanshui1":{"name":"hanshui1","width":20,"height":37,"x":0.85,"y":-2.15,"rotation":-90,"path":"大胃王动作1/形状_1_拷贝"}},"guang":{"guang":{"name":"guang","width":160,"height":120,"x":1.24,"y":8.77,"path":"大胃王动作(1)/图层_11"}},"bizi":{"bizi":{"name":"bizi","width":11,"height":4,"x":2.93,"y":-0.99,"rotation":3.34,"path":"大胃王动作1/鼻子"}},"qian1031":{"qian1031":{"name":"qian1031","width":35,"height":33,"x":0.2,"y":0.46,"path":"大胃王动作(1)/钱11"}},"qian10314_35":{"qian10314_35":{"name":"qian10314_35","width":32,"height":34,"x":-1.71,"y":1.33,"path":"大胃王动作(1)/钱15"}},"youyan":{"youyan":{"name":"youyan","width":9,"height":5,"x":3.27,"y":0.7,"rotation":-163.78,"path":"大胃王动作1/右眼"}},"zuoyan":{"zuoyan":{"name":"zuoyan","width":8,"height":4,"x":2.95,"y":-0.45,"rotation":-14.26,"path":"大胃王动作1/左眼"}},"mouse":{"mouse":{"name":"mouse","width":27,"height":15,"x":4.1,"y":-1.09,"rotation":0.93,"path":"大胃王动作1/嘴_0"}},"yingzi":{"yingzi":{"name":"yingzi","width":180,"height":30,"x":9.64,"y":-1.95,"rotation":0.66,"path":"大胃王动作1/椭圆_992_拷贝"}},"qian_8":{"qian_8":{"name":"qian_8","width":20,"height":37,"x":0.48,"y":0.22,"path":"大胃王动作(1)/钱8"}},"zuomei":{"zuomei":{"name":"zuomei","width":12,"height":6,"x":3.47,"y":-0.6,"rotation":25.81,"path":"大胃王动作1/左眉"}},"huoxing_41_72_8_11610_9":{"huoxing_41_72_8_11610_9":{"name":"huoxing_41_72_8_11610_9","width":26,"height":12,"x":4.76,"y":-1.08,"path":"大胃王动作(1)/形状_4_拷贝_9"}},"shuangbi":{"shuangbi":{"name":"shuangbi","width":32,"height":33,"x":18.97,"y":-0.28,"rotation":128.32,"path":"大胃王动作1/上臂_0"}},"body1":{"body1":{"name":"body1","width":146,"height":114,"hull":20,"path":"大胃王动作1/身体","type":"mesh","triangles":[27,13,12,10,24,11,24,27,11,27,12,11,7,9,8,23,9,7,29,14,13,9,24,10,24,32,27,27,29,13,32,35,27,6,23,7,22,24,9,23,22,9,35,29,27,22,32,24,6,22,23,25,32,22,6,36,22,35,14,29,37,36,6,18,25,22,36,18,22,34,38,14,32,30,35,30,34,35,34,14,35,25,30,32,31,30,25,33,15,38,33,38,34,30,33,34,20,18,36,37,5,36,5,20,36,18,20,25,20,31,25,31,33,30,5,19,20,28,15,33,26,33,31,21,26,31,20,21,31,26,28,33,2,21,20,19,2,20,28,16,15,1,26,21,4,19,5,1,0,26,4,2,19,26,16,28,2,1,21,17,16,26,3,2,4,0,17,26],"uvs":[0,0.51667,0.06301,0.34825,0.16062,0.23421,0.09418,0.17281,0.16199,0.05482,0.26233,0,0.74349,0,0.87089,0.06228,0.95,0.16886,0.85788,0.25965,0.93151,0.37193,1,0.54035,1,0.73772,0.91336,0.87763,0.66267,1,0.28082,1,0.06301,0.88465,0,0.72325,0.49726,0.25219,0.23116,0.11447,0.28938,0.23947,0.23288,0.35921,0.73904,0.24518,0.78733,0.14561,0.79589,0.37719,0.50719,0.3864,0.16062,0.62719,0.86233,0.70351,0.22705,0.82675,0.75479,0.81754,0.49007,0.63465,0.35582,0.49693,0.64007,0.50965,0.33048,0.76316,0.50719,0.8193,0.68116,0.76886,0.51575,0.11667,0.51267,0,0.50719,1],"edges":[0,2,2,4,4,6,6,8,8,10,10,74,12,14,12,74,14,16,16,18,18,20,20,22,22,24,24,26,26,28,28,76,30,32,30,76,32,34,34,0],"vertices":[2,46,8.76,73.31,0.95,51,48.66,1.51,0.05,2,46,27.81,63.8,0.48,51,27.89,-3.18,0.52,1,51,8.86,-0.06,1,1,51,9.38,-12.01,1,2,46,61.03,48.82,0.2,51,-7.31,-12.59,0.8,2,46,67.04,34.08,0.75,51,-21.3,-4.97,0.25,2,46,65.92,-36.17,0.79,50,-27.57,1.03,0.21,2,46,58.53,-54.65,0.2,50,-10.03,10.44,0.8,1,50,6.72,11.21,1,1,50,5.73,-5.73,1,2,46,23.09,-62.94,0.5,50,22.45,-5.98,0.5,2,46,3.73,-72.63,0.94,50,43.51,-11,0.06,1,46,-18.76,-72.27,1,1,46,-34.51,-59.37,1,1,46,-47.88,-22.55,1,1,46,-46.99,33.19,1,1,46,-33.33,64.78,1,1,46,-14.79,73.69,1,1,46,37.75,0.24,1,2,46,54.07,38.83,0.68,51,-8.24,-0.45,0.32,2,46,39.68,30.56,0.68,51,-2.33,15.06,0.32,2,46,26.17,39.03,0.6,51,13.49,17.05,0.4,2,46,37.99,-35.07,0.7,50,-6.87,-17.76,0.3,2,46,49.22,-42.3,0.7,50,-10.84,-5,0.3,2,46,22.81,-43.13,0.58,50,9.94,-21.34,0.42,1,46,22.43,-0.97,1,2,46,-4.21,50.06,0.95,51,44,27.72,0.05,2,46,-14.54,-52.23,0.94,50,44.41,-38.37,0.06,1,46,-27.11,40.73,1,1,46,-27.29,-36.33,1,1,46,-5.83,1.98,1,2,46,10.18,21.33,0.95,51,14.68,40.87,0.05,2,46,8.07,-20.14,0.94,50,6.46,-48.42,0.06,1,46,-20.11,25.51,1,1,46,-26.92,-0.18,1,1,46,-21.57,-25.67,1,1,46,53.15,-2.71,1,1,46,66.46,-2.47,1,1,46,-47.51,0.15,1]}},"shangbi":{"shangbi":{"name":"shangbi","width":31,"height":28,"x":15.87,"y":-2.27,"rotation":49.1,"path":"大胃王动作1/上臂"}},"qian9":{"qian9":{"name":"qian9","width":27,"height":15,"x":-3.7,"y":1.4,"path":"大胃王动作(1)/钱9"}},"qian_2":{"qian_2":{"name":"qian_2","width":45,"height":24,"x":-0.01,"y":1.55,"path":"大胃王动作(1)/形状_2"}},"yanwu2":{"yanwu2":{"name":"yanwu2","width":163,"height":105,"x":10.85,"y":10.28,"rotation":-108.43,"path":"大胃王动作1/烟雾2"}},"qianbi":{"qianbi":{"name":"qianbi","width":53,"height":34,"x":17.8,"y":-1.63,"rotation":156.66,"path":"大胃王动作1/前臂"}},"huoxing_15":{"huoxing_15":{"name":"huoxing_15","width":25,"height":19,"x":-3.06,"y":1.48,"path":"大胃王动作(1)/形状_4_拷贝_15"}},"qian142":{"qian142":{"name":"qian142","width":24,"height":28,"x":0.79,"y":-0.67,"path":"大胃王动作(1)/钱2"}},"shouji":{"shouji":{"name":"shouji","width":47,"height":140,"x":69.15,"y":1.44,"rotation":-90.37,"path":"大胃王动作1/自拍手机"}},"qian14":{"qian14":{"name":"qian14","width":37,"height":22,"x":-0.32,"y":0.82,"path":"大胃王动作(1)/钱14"}},"qian10314_3":{"qian10314_3":{"name":"qian10314_3","width":36,"height":17,"x":-1.66,"y":0.83,"path":"大胃王动作(1)/形状_3"}},"huoxing1":{"huoxing1":{"name":"huoxing1","width":17,"height":30,"x":-0.02,"y":2.46,"path":"大胃王动作(1)/形状_4_拷贝_14"}},"qian10314_3513":{"qian10314_3513":{"name":"qian10314_3513","width":21,"height":30,"x":-1.33,"y":1.5,"path":"大胃王动作(1)/钱13"}},"huoxing_41_72_8_11":{"huoxing_41_72_8_11":{"name":"huoxing_41_72_8_11","width":28,"height":13,"x":-5,"y":0.28,"path":"大胃王动作(1)/形状_4_拷贝_11"}},"qian10314_351312_5":{"qian10314_351312_5":{"name":"qian10314_351312_5","width":23,"height":24,"x":-0.6,"y":-0.05,"path":"大胃王动作(1)/图层_5"}},"qian1":{"qian1":{"name":"qian1","width":15,"height":23,"x":-1.81,"y":-0.05,"path":"大胃王动作(1)/钱1"}},"panzi2":{"panzi2":{"name":"panzi2","width":68,"height":45,"x":-0.09,"y":-0.75,"rotation":0.81,"path":"大胃王动作1/盘子2"}},"qian_7":{"qian_7":{"name":"qian_7","width":35,"height":33,"x":0.84,"y":0.09,"path":"大胃王动作(1)/钱7"}},"head":{"head":{"name":"head","width":90,"height":81,"hull":21,"path":"大胃王动作1/头","type":"mesh","triangles":[29,12,13,14,29,13,17,14,15,17,15,16,17,24,14,24,29,14,29,30,12,30,11,12,22,30,29,24,22,29,18,24,17,2,28,18,28,32,18,32,24,18,22,31,30,31,11,30,24,32,22,32,31,22,20,2,18,19,20,18,31,10,11,32,10,31,27,10,32,28,27,32,0,2,20,27,9,10,0,1,2,3,23,28,2,3,28,27,8,9,26,8,27,28,21,27,21,26,27,3,6,23,23,21,28,5,6,3,4,5,3,25,26,21,25,21,23,6,25,23,7,8,26,25,7,26,6,7,25],"uvs":[0.13111,0,0.05667,0.14506,0.14722,0.28025,0.11,0.37407,0,0.38889,0,0.5679,0.02722,0.60494,0.01944,0.77716,0.11556,0.90556,0.32944,0.99938,0.65278,0.99691,0.80556,0.93827,0.96667,0.82901,0.99222,0.70309,0.96667,0.5963,1,0.55926,1,0.40864,0.89611,0.37593,0.82556,0.26049,0.75889,0.05123,0.63333,0,0.16039,0.7277,0.82484,0.71659,0.15428,0.6493,0.81539,0.6314,0.07817,0.6993,0.14262,0.80609,0.27206,0.78202,0.2465,0.66844,0.91706,0.71659,0.83873,0.7993,0.7565,0.78881,0.72317,0.70547],"edges":[0,2,2,4,4,6,6,8,8,10,10,12,12,14,14,16,16,18,18,20,20,22,22,24,24,26,26,28,28,30,30,32,32,34,34,36,36,38,38,40,40,0],"vertices":[1,49,66.9,34.78,1,1,49,54.85,40.93,1,1,49,44.29,32.28,1,1,49,36.54,35.27,1,1,49,34.89,45.11,1,2,49,20.4,44.43,0.97,57,8.41,14.95,0.03,2,49,17.52,41.85,0.97,57,5.52,12.36,0.03,2,49,3.55,41.9,0.97,57,-8.44,12.41,0.03,2,49,-6.44,32.78,0.97,57,-18.43,3.29,0.03,1,49,-13.14,13.19,1,1,49,-11.59,-15.86,1,2,49,-6.2,-29.38,0.96,53,0.66,-20.51,0.04,2,49,3.31,-43.45,0.96,53,15.16,-11.66,0.04,2,49,13.6,-45.28,0.96,53,17.46,-1.46,0.04,2,49,22.14,-42.58,0.96,53,15.16,7.19,0.04,1,49,25.27,-45.44,1,1,49,37.46,-44.87,1,1,49,39.67,-35.41,1,1,49,48.72,-28.63,1,1,49,65.37,-21.85,1,1,49,69,-10.37,1,2,57,-3.85,-0.08,0.7,49,8.14,29.41,0.3,2,49,11.82,-30.28,0.3,53,2.4,-2.55,0.7,2,57,2.47,0.77,0.7,49,14.46,30.25,0.3,2,49,18.67,-29.12,0.3,53,1.55,4.35,0.7,2,57,-1.9,7.42,0.7,49,10.1,36.91,0.3,2,49,1.73,30.71,0.4,57,-10.27,1.23,0.6,2,49,4.22,19.17,0.4,57,-7.78,-10.32,0.6,2,57,1.3,-7.6,0.7,49,13.3,21.89,0.3,2,49,12.2,-38.58,0.4,53,10.7,-2.55,0.6,2,49,5.18,-31.84,0.4,53,3.65,-9.25,0.6,2,49,5.69,-24.41,0.3,53,-3.75,-8.4,0.7,2,49,12.29,-21.1,0.3,53,-6.75,-1.65,0.7]}},"liewen":{"liewen":{"name":"liewen","width":291,"height":73,"x":-0.56,"y":6.33,"rotation":1.54,"path":"大胃王动作1/裂纹"}},"hanshui_1":{"hanshui_1":{"name":"hanshui_1","width":20,"height":38,"x":0.6,"y":3.55,"path":"大胃王动作1/形状_1"}},"body2":{"body2":{"name":"body2","width":153,"height":58,"hull":21,"path":"大胃王动作1/下半身","type":"mesh","triangles":[27,11,10,9,27,10,27,12,11,27,26,12,26,13,12,8,27,9,25,26,27,28,25,27,8,7,27,7,28,27,26,14,13,31,14,26,25,31,26,6,28,7,31,15,14,6,24,28,24,23,28,23,25,28,23,31,25,23,15,31,29,22,24,24,22,23,23,30,15,30,16,15,5,29,24,22,30,23,21,30,22,29,21,22,30,17,16,4,29,5,20,21,29,21,17,30,4,20,29,18,17,21,3,20,4,19,18,21,20,0,21,0,19,21,2,20,3,1,0,20,2,1,20],"uvs":[-0.00033,0.29483,0.04739,0.14655,0.11961,0,0.21928,0,0.25098,0.04828,0.32516,0,0.68007,0,0.76634,0.07155,0.8768,0.08879,0.9451,0.28103,0.99967,0.53793,0.99771,0.75948,0.92647,1,0.79052,1,0.71993,0.88621,0.54641,0.93017,0.3232,0.8931,0.23693,0.80172,0.14869,0.89052,-0.00033,0.77069,0.18203,0.225,0.23922,0.53793,0.32745,0.41293,0.5281,0.43534,0.52059,0,0.70033,0.43793,0.77157,0.65172,0.88791,0.43793,0.70686,0.23362,0.30392,0.225,0.31797,0.63448,0.66046,0.69655],"edges":[0,2,2,4,4,6,6,8,8,10,10,48,12,14,12,48,14,16,16,18,18,20,20,22,22,24,24,26,26,28,28,30,30,32,32,34,34,36,36,38,38,0],"vertices":[1,47,35.7,-17.06,1,1,47,25.24,-21.26,1,1,47,11.5,-23.63,1,2,2,36.79,48.49,0.74,47,-1.99,-16.52,0.26,2,2,33.99,43.64,0.85,47,-4.98,-11.78,0.15,2,2,36.79,32.29,0.95,47,-16.32,-8.96,0.05,2,2,36.79,-22.01,0.95,48,-23.1,-1.99,0.05,2,2,32.64,-35.21,0.8,48,-11.92,6.15,0.2,2,2,31.64,-52.11,0.17,48,-1.06,19.15,0.83,1,48,14.12,20.92,1,1,48,31.06,18.77,1,1,48,41.21,10.88,1,1,48,45.95,-6.18,1,1,48,33.57,-22.9,1,1,48,21.85,-27.66,1,1,2,-17.16,-1.56,1,2,2,-15.01,32.59,0.95,47,8.1,36.72,0.05,1,47,17.3,25.88,1,1,47,31.65,24.14,1,1,47,48.58,7.36,1,1,47,9.14,-7.63,1,1,47,9.86,12.51,1,2,2,12.84,31.94,0.85,47,-5.46,12.39,0.15,1,2,11.54,1.24,1,1,2,36.79,2.39,1,2,2,11.39,-25.11,0.8,48,-0.84,-14.6,0.2,1,48,15.61,-13.22,1,1,48,16.23,8.47,1,2,2,23.24,-26.11,0.8,48,-9.77,-6.75,0.2,2,2,23.74,35.54,0.85,47,-7.36,1.07,0.15,2,2,-0.01,33.39,0.85,47,1.81,23.08,0.15,2,2,-3.61,-19.01,0.8,48,7.59,-28.43,0.2]}},"huoxing_41_72_8_11610":{"huoxing_41_72_8_11610":{"name":"huoxing_41_72_8_11610","width":28,"height":22,"x":5.39,"y":3.75,"path":"大胃王动作(1)/形状_4_拷贝_10"}},"qian16":{"qian16":{"name":"qian16","width":47,"height":25,"x":-2.61,"y":0.35,"path":"大胃王动作(1)/钱16"}},"huoxing_4":{"huoxing_4":{"name":"huoxing_4","width":15,"height":14,"x":-0.11,"y":0.41,"path":"大胃王动作(1)/形状_4"}},"panzi21":{"panzi21":{"name":"panzi21","width":73,"height":45,"x":-0.09,"y":-0.75,"rotation":0.81,"path":"大胃王动作1/盘子1"}},"qian_6":{"qian_6":{"name":"qian_6","width":25,"height":31,"x":-1.31,"y":-0.44,"path":"大胃王动作(1)/钱6"}},"huoxing_41":{"huoxing_41":{"name":"huoxing_41","width":30,"height":20,"x":-3.86,"y":-0.41,"path":"大胃王动作(1)/形状_4_拷贝_4"}},"qian103":{"qian103":{"name":"qian103","width":9,"height":32,"x":-0.62,"y":1.14,"path":"大胃王动作(1)/钱3"}},"qian10314_351312":{"qian10314_351312":{"name":"qian10314_351312","width":7,"height":32,"x":-0.41,"y":2.43,"path":"大胃王动作(1)/钱12"}},"huoxxing_3":{"huoxxing_3":{"name":"huoxxing_3","width":20,"height":13,"x":-2.65,"y":-0.4,"path":"大胃王动作(1)/形状_4_拷贝_3"}},"huoxing_41_72_8_11610_913":{"huoxing_41_72_8_11610_913":{"name":"huoxing_41_72_8_11610_913","width":15,"height":13,"x":-3.31,"y":0.53,"path":"大胃王动作(1)/形状_4_拷贝_13"}},"qian10314":{"qian10314":{"name":"qian10314","width":27,"height":32,"x":0.54,"y":0.06,"path":"大胃王动作(1)/钱4"}},"qian10":{"qian10":{"name":"qian10","width":37,"height":33,"x":-1.17,"y":-0.25,"path":"大胃王动作(1)/钱10"}},"huoxing_41_7":{"huoxing_41_7":{"name":"huoxing_41_7","width":28,"height":16,"x":2.98,"y":-0.22,"path":"大胃王动作(1)/形状_4_拷贝_7"}},"youmei":{"youmei":{"name":"youmei","width":11,"height":7,"x":4.74,"y":0.61,"rotation":170.87,"path":"大胃王动作1/右眉"}},"huoxing_41_72_8_116":{"huoxing_41_72_8_116":{"name":"huoxing_41_72_8_116","width":18,"height":18,"x":1.45,"y":-2.1,"path":"大胃王动作(1)/形状_4_拷贝_6"}},"qian5":{"qian5":{"name":"qian5","width":38,"height":31,"x":-0.86,"y":-1.9,"path":"大胃王动作(1)/钱5"}}}},"animations":{"start":{"bones":{"yanwu1":{"translate":[{"time":0},{"time":0.8333,"x":43.84,"y":-39.62},{"time":0.875,"y":-18.2},{"time":1.0417,"x":-51.43,"y":9.78},{"time":2.4167,"x":-76.72,"y":49.74}],"scale":[{"time":0,"x":1,"y":1},{"time":0.8333,"x":0.01,"y":0.01},{"time":0.875,"x":0.5,"y":0.5},{"time":1.0417,"x":1.2,"y":1.2},{"time":2.4167,"x":1.5,"y":1.5}]},"body2":{"translate":[{"time":0,"y":937.63},{"time":0.625,"y":937.63},{"time":0.6667},{"time":0.75},{"time":0.8333,"y":14.58},{"time":0.9166}],"scale":[{"time":0,"x":1,"y":1},{"time":0.6667,"x":1,"y":1},{"time":0.75,"x":0.66,"y":1.08},{"time":0.8333,"x":1,"y":1}]},"yanwu2":{"translate":[{"time":0},{"time":0.75,"x":-41.31,"y":-27.82},{"time":0.7917,"y":-6.26},{"time":1,"x":33.72,"y":18.5},{"time":2.3333,"x":82.62,"y":71.66}],"scale":[{"time":0,"x":1,"y":1},{"time":0.75,"x":0.01,"y":0.01},{"time":0.7917,"x":0.5,"y":0.5},{"time":1,"x":1.5,"y":1.5}]},"yingzi":{"translate":[{"time":0,"x":13.55,"y":-2.7,"curve":[0.5,0,1,1]},{"time":0.6667,"x":2.8,"y":-2.7}],"scale":[{"time":0,"x":0.05,"y":0.05,"curve":[0.5,0,1,1]},{"time":0.6667,"x":1,"y":1}]},"shouji":{"translate":[{"time":0,"y":1019.85},{"time":1.0417,"y":1019.85,"curve":[0.5,0,1,1]},{"time":1.125,"y":-2.85}],"scale":[{"time":0,"x":1,"y":1},{"time":1.0417,"x":1,"y":1,"curve":[0.5,0,1,1]},{"time":1.125,"x":1.2,"y":1,"curve":[0.5,0,1,1]},{"time":1.1667,"x":0.9,"y":1.6,"curve":[0.5,0,1,1]},{"time":1.25,"x":1.1,"y":0.87},{"time":1.2917,"x":1,"y":1}]},"liewen":{"scale":[{"time":0,"x":1,"y":1},{"time":0.6667,"x":0.01,"y":0.01},{"time":0.7084,"x":1,"y":1},{"time":0.7917,"x":1.4,"y":1.4}]},"body1":{"translate":[{"time":0},{"time":0.625},{"time":0.6667,"x":28.63},{"time":0.75,"x":9.69},{"time":0.8333,"x":24.89},{"time":0.9166,"x":7.42},{"time":0.9999,"x":-1.23},{"time":1.1666},{"time":2.9583},{"time":3.1666,"x":2.57},{"time":3.8333}],"rotate":[{"time":0,"angle":0},{"time":2.5833,"angle":0},{"time":2.9583,"angle":-14.37},{"time":3.1666,"angle":-4.21},{"time":3.3333,"angle":2.92},{"time":3.8333,"angle":-8.56},{"time":4.5416,"angle":-8.56},{"time":5.2083,"angle":0}],"scale":[{"time":0,"x":1,"y":1},{"time":0.625,"x":1,"y":1},{"time":0.6667,"x":1.61,"y":1},{"time":0.75,"x":0.82,"y":1.32},{"time":0.8333,"x":1.22,"y":1},{"time":0.9166,"x":1,"y":1},{"time":0.9999,"x":1,"y":1.03},{"time":1.1666,"x":1,"y":1},{"time":1.3333,"x":1,"y":1},{"time":1.9166,"x":1.05,"y":1.1},{"time":2.5833,"x":1,"y":1},{"time":2.9583,"x":1,"y":1},{"time":3.1666,"x":1.1,"y":1},{"time":3.3333,"x":1,"y":1.05},{"time":3.8333,"x":1,"y":1}],"shear":[{"time":0},{"time":2.5833},{"time":2.9583},{"time":3.1666},{"time":3.3333},{"time":3.8333},{"time":4.5416},{"time":5.2083}]},"body21":{"rotate":[{"time":0,"angle":0},{"time":0.625,"angle":0},{"time":0.6667,"angle":-24.16},{"time":0.75,"angle":35.31},{"time":0.8333,"angle":24.1},{"time":0.9166,"angle":-32.42},{"time":0.9999,"angle":0}],"shear":[{"time":0},{"time":0.625},{"time":0.6667},{"time":0.75},{"time":0.8333},{"time":0.9166},{"time":0.9999}]},"body22":{"rotate":[{"time":0,"angle":0},{"time":0.625,"angle":0},{"time":0.6667,"angle":-2.97},{"time":0.75,"angle":38.76},{"time":0.8333,"angle":-6.64},{"time":0.9166,"angle":31.67},{"time":0.9999,"angle":0}],"shear":[{"time":0},{"time":0.625},{"time":0.6667},{"time":0.75},{"time":0.8333},{"time":0.9166},{"time":0.9999}]},"head":{"translate":[{"time":0},{"time":0.625},{"time":0.6667,"x":5.92,"y":-0.14},{"time":0.75,"x":5.92,"y":-0.14},{"time":0.8333,"x":2.09,"y":-0.06},{"time":0.9166,"x":7.64,"y":-0.16},{"time":0.9999,"x":2.09,"y":-0.06},{"time":1.0832,"x":2.41,"y":-0.07},{"time":1.1665}],"rotate":[{"time":0,"angle":0},{"time":2.5833,"angle":0},{"time":2.9166,"angle":-17.69},{"time":3.0416,"angle":1.38},{"time":3.0833,"angle":-3.06},{"time":3.3333,"angle":-3.47},{"time":3.5,"angle":-15.89},{"time":3.75,"angle":0.6},{"time":3.8333,"angle":-1.34},{"time":4.5416,"angle":-1.34},{"time":5.2083,"angle":0}],"scale":[{"time":0,"x":1,"y":1},{"time":0.625,"x":1,"y":1},{"time":0.6667,"x":1.16,"y":1},{"time":0.75,"x":1.37,"y":0.95},{"time":0.8333,"x":1.03,"y":1.01},{"time":0.9166,"x":1.43,"y":0.93},{"time":0.9999,"x":1,"y":1}],"shear":[{"time":0},{"time":2.5833},{"time":2.9166},{"time":3.0416},{"time":3.0833},{"time":3.3333},{"time":3.5},{"time":3.75},{"time":3.8333},{"time":4.5416},{"time":5.2083}]},"shangbi":{"rotate":[{"time":0,"angle":0},{"time":0.625,"angle":-26},{"time":0.6667,"angle":-16.13},{"time":0.7084,"angle":-7.55},{"time":0.7501,"angle":-36.03},{"time":0.8334,"angle":-25.74},{"time":0.9584,"angle":-39.96},{"time":1.0001,"angle":-33.51},{"time":1.0418,"angle":-35.71},{"time":1.1668,"angle":-26},{"time":1.3335,"angle":-26},{"time":1.6252,"angle":-30.64},{"time":2.1669,"angle":-29.65},{"time":2.5836,"angle":-26}],"shear":[{"time":0},{"time":0.625},{"time":0.6667},{"time":0.7084},{"time":0.7501},{"time":0.8334},{"time":0.9584},{"time":1.0001},{"time":1.0418},{"time":1.1668},{"time":1.3335},{"time":1.6252},{"time":2.1669},{"time":2.5836}]},"shuangbi":{"rotate":[{"time":0,"angle":0},{"time":0.625,"angle":0},{"time":0.6667,"angle":-21.48},{"time":0.75,"angle":-19.29},{"time":0.8333,"angle":3.26},{"time":0.9583,"angle":12.03},{"time":1,"angle":14.86},{"time":1.0417,"angle":8.16},{"time":1.125,"angle":13.05},{"time":1.1667,"angle":11.95},{"time":1.3334,"angle":11.95},{"time":1.9584,"angle":17.19},{"time":2.5834,"angle":11.95},{"time":3.0834,"angle":11.95},{"time":3.2084,"angle":-4.22},{"time":3.3334,"angle":-61.57},{"time":3.5001,"angle":-63.09},{"time":3.6251,"angle":-58.71},{"time":3.7501,"angle":-60.13},{"time":3.8334,"angle":-58.69},{"time":4.5417,"angle":-58.69},{"time":4.9167,"angle":-13.83},{"time":5,"angle":14.54},{"time":5.2083,"angle":11.95}],"shear":[{"time":0},{"time":0.625},{"time":0.6667},{"time":0.75},{"time":0.8333},{"time":0.9583},{"time":1},{"time":1.0417},{"time":1.125},{"time":1.1667},{"time":1.3334},{"time":1.9584},{"time":2.5834},{"time":3.0834},{"time":3.2084},{"time":3.3334},{"time":3.5001},{"time":3.6251},{"time":3.7501},{"time":3.8334},{"time":4.5417},{"time":4.9167},{"time":5},{"time":5.2083}]},"head2":{"translate":[{"time":0},{"time":0.625},{"time":0.6667,"x":-1.05,"y":-0.06},{"time":0.75,"x":19.11,"y":1.29},{"time":0.875,"x":-12.46,"y":-0.65},{"time":1},{"time":1.0417,"x":3.15,"y":0.15},{"time":1.0834,"x":-26.09,"y":-1.21},{"time":1.1667,"x":-4.26,"y":-0.2},{"time":1.3334},{"time":1.7501,"x":-11.25,"y":-0.52},{"time":2.5834},{"time":2.8334,"x":11.47,"y":7.24},{"time":3.0001,"x":-2.76,"y":-7.63},{"time":3.1668,"x":5.13,"y":-1.11},{"time":3.2501,"x":-1.37,"y":-0.97},{"time":3.4584,"x":6.01,"y":3.24},{"time":3.5834,"x":-4.28,"y":-7.49},{"time":3.7501,"x":1.58,"y":2.56},{"time":3.8334},{"time":4.5417},{"time":4.75,"x":-6.75,"y":-9.45},{"time":5.0417,"x":-2.55,"y":4.21},{"time":5.2084}]},"zuomei":{"translate":[{"time":0},{"time":0.6667},{"time":0.75,"x":4.18,"y":0.44},{"time":1.3333}],"rotate":[{"time":0,"angle":0},{"time":2.5833,"angle":0},{"time":2.9583,"angle":23.83}],"shear":[{"time":0},{"time":2.5833},{"time":2.9583}]},"head1":{"translate":[{"time":0},{"time":0.625},{"time":0.6667,"x":-1.05,"y":-0.06},{"time":0.75,"x":19.11,"y":1.29},{"time":0.875,"x":-12.46,"y":-0.65},{"time":1},{"time":1.0417,"x":3.15,"y":0.15},{"time":1.0834,"x":-26.09,"y":-1.21},{"time":1.1667,"x":-4.26,"y":-0.2},{"time":1.3334},{"time":1.7501,"x":-11.25,"y":-0.52},{"time":2.5834},{"time":2.8334,"x":11.47,"y":7.24},{"time":3.0001,"x":-2.76,"y":-7.63},{"time":3.1668,"x":5.13,"y":-1.11},{"time":3.2501,"x":-1.37,"y":-0.97},{"time":3.4584,"x":6.01,"y":3.24},{"time":3.5834,"x":-4.28,"y":-7.49},{"time":3.7501,"x":1.58,"y":2.56},{"time":3.8334},{"time":4.5417},{"time":4.75,"x":-6.75,"y":-9.45},{"time":5.0417,"x":-2.55,"y":4.21},{"time":5.2084}]},"zuoyan":{"translate":[{"time":0},{"time":0.6667},{"time":0.75,"x":2.27,"y":-6.32},{"time":1.3333,"x":1.4,"y":-3.08},{"time":2.5833,"x":1.4,"y":-3.08},{"time":2.9583,"x":1.74,"y":-5.3}],"rotate":[{"time":0,"angle":0},{"time":0.6667,"angle":0},{"time":0.75,"angle":-57.82},{"time":1.3333,"angle":-55.47},{"time":2.5833,"angle":-55.47},{"time":2.9583,"angle":-19.63}],"shear":[{"time":0},{"time":0.6667},{"time":0.75},{"time":1.3333},{"time":2.5833},{"time":2.9583}]},"youmei":{"translate":[{"time":0},{"time":0.6667},{"time":0.75,"x":4.18,"y":0.44},{"time":1.3333},{"time":2.5833},{"time":2.9583,"x":0.25,"y":0.04}],"rotate":[{"time":0,"angle":0},{"time":2.5833,"angle":0},{"time":2.9583,"angle":-20.68}],"shear":[{"time":0},{"time":2.5833},{"time":2.9583}]},"qianbi1":{"rotate":[{"time":0,"angle":0},{"time":0.625,"angle":0},{"time":0.6667,"angle":11.95},{"time":0.75,"angle":71.93},{"time":0.8333,"angle":-12.16},{"time":0.9583,"angle":-17.33},{"time":1,"angle":-30.3},{"time":1.0417,"angle":-5.16},{"time":1.125,"angle":-26.99},{"time":1.1667,"angle":-25.09},{"time":1.3334,"angle":-25.09},{"time":1.9584,"angle":-30.1},{"time":2.5834,"angle":-25.09},{"time":3.0834,"angle":-25.09},{"time":3.2084,"angle":72.89},{"time":3.3334,"angle":-173.3},{"time":3.5001,"angle":153.11},{"time":3.6251,"angle":-167.43},{"time":3.7501,"angle":162.83},{"time":3.8334,"angle":177.09},{"time":3.9167,"angle":174.98},{"time":4.5417,"angle":174.98},{"time":4.9167,"angle":55.09},{"time":5,"angle":-29.98},{"time":5.2083,"angle":-25.09}],"shear":[{"time":0},{"time":0.625},{"time":0.6667},{"time":0.75},{"time":0.8333},{"time":0.9583},{"time":1},{"time":1.0417},{"time":1.125},{"time":1.1667},{"time":1.3334},{"time":1.9584},{"time":2.5834},{"time":3.0834},{"time":3.2084},{"time":3.3334},{"time":3.5001},{"time":3.6251},{"time":3.7501},{"time":3.8334},{"time":3.9167},{"time":4.5417},{"time":4.9167},{"time":5},{"time":5.2083}]},"youyan":{"translate":[{"time":0},{"time":0.6667},{"time":0.75,"x":1.72,"y":5.51},{"time":1.3333,"x":1.75,"y":2.91},{"time":2.5833,"x":1.75,"y":2.91},{"time":2.9583,"x":1.37,"y":5.38}],"rotate":[{"time":0,"angle":0},{"time":0.6667,"angle":0},{"time":0.75,"angle":58.88},{"time":1.3333,"angle":49.6},{"time":2.5833,"angle":49.6},{"time":2.9583,"angle":8.05}],"shear":[{"time":0},{"time":0.6667},{"time":0.75},{"time":1.3333},{"time":2.5833},{"time":2.9583}]},"qianbi":{"rotate":[{"time":0,"angle":0},{"time":0.625,"angle":59.46},{"time":0.6667,"angle":43.35},{"time":0.7084,"angle":-12.21},{"time":0.7501,"angle":-5.28},{"time":0.8334,"angle":51.47},{"time":0.9584,"angle":70.27},{"time":1.0001,"angle":40.14},{"time":1.0418,"angle":63.94},{"time":1.1668,"angle":59.46},{"time":1.3335,"angle":59.46},{"time":1.6252,"angle":67.51},{"time":2.1669,"angle":65.06},{"time":2.5836,"angle":59.46}],"shear":[{"time":0},{"time":0.625},{"time":0.6667},{"time":0.7084},{"time":0.7501},{"time":0.8334},{"time":0.9584},{"time":1.0001},{"time":1.0418},{"time":1.1668},{"time":1.3335},{"time":1.6252},{"time":2.1669},{"time":2.5836}]}},"slots":{"yingzi":{"color":[{"time":0,"color":"FFFFFF1A","curve":[0.5,0,1,1]},{"time":0.6667,"color":"FFFFFFA6"}]},"liewen":{"color":[{"time":0,"color":"FFFFFF00"},{"time":0.6667,"color":"FFFFFF00"},{"time":0.7084,"color":"FFFFFFFF"},{"time":1.0417,"color":"FFFFFFFF"},{"time":1.9167,"color":"FFFFFF00"}]},"mouse1":{"color":[{"time":0,"color":"FFFFFF00"},{"time":2.5833,"color":"FFFFFF00"},{"time":2.9583,"color":"FFFFFFFF"}]},"yanwu1":{"color":[{"time":0,"color":"FFFFFF00"},{"time":0.8333,"color":"FFFFFF00"},{"time":0.875,"color":"FFFFFFFF"},{"time":1.1667,"color":"FFFFFFFF"},{"time":2.4167,"color":"FFFFFF00"}]},"yanwu2":{"color":[{"time":0,"color":"FFFFFF00"},{"time":0.75,"color":"FFFFFF00"},{"time":0.7917,"color":"FFFFFFFF"},{"time":1.1667,"color":"FFFFFFFF"},{"time":2.3334,"color":"FFFFFF00"}]},"hanshui1":{"color":[{"time":0,"color":"FFFFFF00"}]},"hanshui_1":{"color":[{"time":0,"color":"FFFFFF00"}]},"mouse":{"color":[{"time":0,"color":"FFFFFFFF"},{"time":2.5833,"color":"FFFFFFFF"},{"time":2.9583,"color":"FFFFFF00"}]},"panzi21":{"color":[{"time":0,"color":"FFFFFF00"}]},"panzi2":{"color":[{"time":0,"color":"FFFFFF00"}]},"deng":{"color":[{"time":0,"color":"FFFFFF00"},{"time":4.375,"color":"FFFFFF00"},{"time":4.4167,"color":"FFFFFFFF"},{"time":4.4584,"color":"FFFFFF00"}]},"huoxing_41_72_8_11610_9134":{"color":[{"time":0,"color":"FFFFFF00"}]},"huoxing_41_72":{"color":[{"time":0,"color":"FFFFFF00"}]},"huoxxing_3":{"color":[{"time":0,"color":"FFFFFF00"}]},"huoxing_41":{"color":[{"time":0,"color":"FFFFFF00"}]},"huoxing_15":{"color":[{"time":0,"color":"FFFFFF00"}]},"huoxing_5":{"color":[{"time":0,"color":"FFFFFF00"}]},"huoxing_41_72_8_116":{"color":[{"time":0,"color":"FFFFFF00"}]},"huoxing_41_7":{"color":[{"time":0,"color":"FFFFFF00"}]},"huoxing_41_72_8":{"color":[{"time":0,"color":"FFFFFF00"}]},"huoxing_41_72_8_11610_9":{"color":[{"time":0,"color":"FFFFFF00"}]},"huoxing1":{"color":[{"time":0,"color":"FFFFFF00"}]},"huoxing_41_72_8_11610":{"color":[{"time":0,"color":"FFFFFF00"}]},"huoxing_41_72_8_11":{"color":[{"time":0,"color":"FFFFFF00"}]},"huoxing_12":{"color":[{"time":0,"color":"FFFFFF00"}]},"huoxing_41_72_8_11610_913":{"color":[{"time":0,"color":"FFFFFF00"}]},"huoxing_4":{"color":[{"time":0,"color":"FFFFFF00"}]},"qian1":{"color":[{"time":0,"color":"FFFFFF00"}]},"qian142":{"color":[{"time":0,"color":"FFFFFF00"}]},"qian103":{"color":[{"time":0,"color":"FFFFFF00"}]},"qian10314":{"color":[{"time":0,"color":"FFFFFF00"}]},"qian5":{"color":[{"time":0,"color":"FFFFFF00"}]},"qian_6":{"color":[{"time":0,"color":"FFFFFF00"}]},"qian_7":{"color":[{"time":0,"color":"FFFFFF00"}]},"qian_8":{"color":[{"time":0,"color":"FFFFFF00"}]},"qian9":{"color":[{"time":0,"color":"FFFFFF00"}]},"qian10":{"color":[{"time":0,"color":"FFFFFF00"}]},"qian1031":{"color":[{"time":0,"color":"FFFFFF00"}]},"qian10314_351312":{"color":[{"time":0,"color":"FFFFFF00"}]},"qian10314_3513":{"color":[{"time":0,"color":"FFFFFF00"}]},"qian14":{"color":[{"time":0,"color":"FFFFFF00"}]},"qian10314_35":{"color":[{"time":0,"color":"FFFFFF00"}]},"qian16":{"color":[{"time":0,"color":"FFFFFF00"}]},"qian10314_351312_5":{"color":[{"time":0,"color":"FFFFFF00"}]},"qian10314_3":{"color":[{"time":0,"color":"FFFFFF00"}]},"qian_2":{"color":[{"time":0,"color":"FFFFFF00"}]},"guang":{"color":[{"time":0,"color":"FFFFFF00"}]}}},"eating":{"bones":{"hanshui1":{"translate":[{"time":0,"x":26.12,"y":-30.73},{"time":1,"x":-11.11},{"time":1.0833,"x":13.44,"y":-4.61},{"time":1.2083,"x":-11.11},{"time":1.2916,"x":13.44,"y":-4.61},{"time":1.3749,"x":-11.11},{"time":1.4999,"x":13.44,"y":-4.61},{"time":1.5832,"x":-11.11},{"time":1.6665,"x":13.44,"y":-4.61},{"time":1.7498,"x":-11.11},{"time":1.8748,"x":13.44,"y":-4.61},{"time":1.9581,"x":-11.11},{"time":2.0414,"x":13.44,"y":-4.61},{"time":2.1247,"x":-11.11},{"time":2.2497,"x":13.44,"y":-4.61},{"time":2.4997,"x":26.12,"y":-30.73}],"rotate":[{"time":0,"angle":-52.29},{"time":1,"angle":0},{"time":1.0833,"angle":-26.77},{"time":1.2083,"angle":0},{"time":1.2916,"angle":-26.77},{"time":1.3749,"angle":0},{"time":1.4999,"angle":-26.77},{"time":1.5832,"angle":0},{"time":1.6665,"angle":-26.77},{"time":1.7498,"angle":0},{"time":1.8748,"angle":-26.77},{"time":1.9581,"angle":0},{"time":2.0414,"angle":-26.77},{"time":2.1247,"angle":0},{"time":2.2497,"angle":-26.77},{"time":2.4997,"angle":-52.29}],"shear":[{"time":0},{"time":1},{"time":1.0833},{"time":1.2083},{"time":1.2916},{"time":1.3749},{"time":1.4999},{"time":1.5832},{"time":1.6665},{"time":1.7498},{"time":1.8748},{"time":1.9581},{"time":2.0414},{"time":2.1247},{"time":2.2497},{"time":2.4997}]},"panzi2":{"translate":[{"time":0},{"time":0.25,"y":38.6},{"time":0.5,"y":29.58},{"time":0.875,"y":29.58},{"time":1.0417}]},"hanshui_1":{"translate":[{"time":0,"x":-31.76,"y":-41.49},{"time":1.0417,"x":13.39},{"time":1.1667,"x":-22.26,"y":-19.98},{"time":1.25,"x":13.39},{"time":1.3333,"x":-22.26,"y":-19.98},{"time":1.4166,"x":13.39},{"time":1.5416,"x":-22.26,"y":-19.98},{"time":1.6249,"x":13.39},{"time":1.7082,"x":-22.26,"y":-19.98},{"time":1.8332,"x":13.39},{"time":1.9165,"x":-22.26,"y":-19.98},{"time":1.9998,"x":13.39},{"time":2.0831,"x":-22.26,"y":-19.98},{"time":2.2081,"x":13.39},{"time":2.2914,"x":-22.26,"y":-19.98},{"time":2.4997,"x":-31.76,"y":-41.49}],"rotate":[{"time":0,"angle":34.08},{"time":1.0417,"angle":0},{"time":1.1667,"angle":37.15},{"time":1.25,"angle":0},{"time":1.3333,"angle":37.15},{"time":1.4166,"angle":0},{"time":1.5416,"angle":37.15},{"time":1.6249,"angle":0},{"time":1.7082,"angle":37.15},{"time":1.8332,"angle":0},{"time":1.9165,"angle":37.15},{"time":1.9998,"angle":0},{"time":2.0831,"angle":37.15},{"time":2.2081,"angle":0},{"time":2.2914,"angle":37.15},{"time":2.4997,"angle":34.08}],"shear":[{"time":0},{"time":1.0417},{"time":1.1667},{"time":1.25},{"time":1.3333},{"time":1.4166},{"time":1.5416},{"time":1.6249},{"time":1.7082},{"time":1.8332},{"time":1.9165},{"time":1.9998},{"time":2.0831},{"time":2.2081},{"time":2.2914},{"time":2.4997}]},"body1":{"translate":[{"time":0},{"time":0.25,"x":6.58},{"time":0.5,"x":1.04},{"time":0.625}],"scale":[{"time":0,"x":1,"y":1},{"time":0.25,"x":1.13,"y":1},{"time":0.5,"x":0.95,"y":1},{"time":0.625,"x":1,"y":1},{"time":0.9167,"x":1,"y":1},{"time":1.0834,"x":1.03,"y":1.03},{"time":1.2917,"x":1,"y":1},{"time":1.5,"x":1.03,"y":1.03},{"time":1.6667,"x":1,"y":1},{"time":1.875,"x":1.03,"y":1.03},{"time":2.0417,"x":1,"y":1},{"time":2.25,"x":1.03,"y":1.03},{"time":2.5,"x":1,"y":1}]},"head":{"scale":[{"time":0,"x":1,"y":1},{"time":0.125,"x":1.25,"y":0.95},{"time":0.25,"x":1,"y":1}]},"shangbi":{"rotate":[{"time":0,"angle":0},{"time":0.1667,"angle":-7.61},{"time":0.25,"angle":-12.57},{"time":0.5,"angle":-3.21},{"time":0.875,"angle":-3.21},{"time":1.0417,"angle":-5.16},{"time":1.0834,"angle":0}],"shear":[{"time":0},{"time":0.1667},{"time":0.25},{"time":0.5},{"time":0.875},{"time":1.0417},{"time":1.0834}]},"shuangbi":{"rotate":[{"time":0,"angle":0},{"time":0.1667,"angle":-25.35},{"time":0.25,"angle":-12.2},{"time":0.5,"angle":-8.62},{"time":0.875,"angle":-8.62},{"time":1.0417,"angle":4.47},{"time":1.0834,"angle":0}],"shear":[{"time":0},{"time":0.1667},{"time":0.25},{"time":0.5},{"time":0.875},{"time":1.0417},{"time":1.0834}]},"head2":{"scale":[{"time":0,"x":1,"y":1},{"time":0.9583,"x":1,"y":1},{"time":1.0833,"x":1.9,"y":1.9},{"time":1.2916,"x":0.83,"y":0.83},{"time":1.4999,"x":1.9,"y":1.9},{"time":1.6666,"x":0.83,"y":0.83},{"time":1.8749,"x":1.9,"y":1.9},{"time":2.0416,"x":0.83,"y":0.83},{"time":2.2916,"x":1.9,"y":1.9},{"time":2.4999,"x":1,"y":1}]},"zuomei":{"rotate":[{"time":0,"angle":0},{"time":0.9167,"angle":0},{"time":1.0834,"angle":22.36},{"time":1.2917,"angle":0},{"time":1.5,"angle":22.36},{"time":1.6667,"angle":0},{"time":1.875,"angle":22.36},{"time":2.0417,"angle":0},{"time":2.25,"angle":22.36},{"time":2.5,"angle":0}],"shear":[{"time":0},{"time":0.9167},{"time":1.0834},{"time":1.2917},{"time":1.5},{"time":1.6667},{"time":1.875},{"time":2.0417},{"time":2.25},{"time":2.5}]},"head1":{"scale":[{"time":0,"x":1,"y":1},{"time":0.9583,"x":1,"y":1},{"time":1.0833,"x":0.6,"y":0.6},{"time":1.2916,"x":1.5,"y":1.5},{"time":1.4999,"x":0.6,"y":0.6},{"time":1.6666,"x":1.5,"y":1.5},{"time":1.8749,"x":0.6,"y":0.6},{"time":2.0416,"x":1.5,"y":1.5},{"time":2.2916,"x":0.6,"y":0.6},{"time":2.4999,"x":1,"y":1}]},"zuoyan":{"rotate":[{"time":0,"angle":0},{"time":0.9167,"angle":0},{"time":1.0834,"angle":29.46},{"time":1.2917,"angle":0},{"time":1.5,"angle":29.46},{"time":1.6667,"angle":0},{"time":1.875,"angle":29.46},{"time":2.0417,"angle":0},{"time":2.25,"angle":29.46},{"time":2.5,"angle":0}],"shear":[{"time":0},{"time":0.9167},{"time":1.0834},{"time":1.2917},{"time":1.5},{"time":1.6667},{"time":1.875},{"time":2.0417},{"time":2.25},{"time":2.5}]},"mouse":{"translate":[{"time":0},{"time":0.9583},{"time":1.0833,"x":3.96,"y":-3.38},{"time":1.2916,"x":0.22,"y":1.09},{"time":1.4999,"x":3.96,"y":-3.38},{"time":1.6666,"x":0.22,"y":1.09},{"time":1.8749,"x":3.96,"y":-3.38},{"time":2.0416,"x":0.22,"y":1.09},{"time":2.2916,"x":3.96,"y":-3.38},{"time":2.4999}],"rotate":[{"time":0,"angle":0},{"time":0.9583,"angle":0},{"time":1.0833,"angle":8.19},{"time":1.2916,"angle":-12.13},{"time":1.4999,"angle":8.19},{"time":1.6666,"angle":-12.13},{"time":1.8749,"angle":8.19},{"time":2.0416,"angle":-12.13},{"time":2.2916,"angle":8.19},{"time":2.4999,"angle":0}],"scale":[{"time":0,"x":1,"y":1},{"time":0.2083,"x":1.3,"y":1.3},{"time":0.9583,"x":1,"y":1}],"shear":[{"time":0},{"time":0.9583},{"time":1.0833},{"time":1.2916},{"time":1.4999},{"time":1.6666},{"time":1.8749},{"time":2.0416},{"time":2.2916},{"time":2.4999}]},"youmei":{"rotate":[{"time":0,"angle":0},{"time":0.9167,"angle":0},{"time":1.0834,"angle":-19.11},{"time":1.2917,"angle":0},{"time":1.5,"angle":-19.11},{"time":1.6667,"angle":0},{"time":1.875,"angle":-19.11},{"time":2.0417,"angle":0},{"time":2.25,"angle":-19.11},{"time":2.5,"angle":0}],"shear":[{"time":0},{"time":0.9167},{"time":1.0834},{"time":1.2917},{"time":1.5},{"time":1.6667},{"time":1.875},{"time":2.0417},{"time":2.25},{"time":2.5}]},"bizi":{"translate":[{"time":0},{"time":0.9167},{"time":1.0834,"x":1.03,"y":0.05},{"time":1.2917},{"time":1.5,"x":1.03,"y":0.05},{"time":1.6667},{"time":1.875,"x":1.03,"y":0.05},{"time":2.0417},{"time":2.25,"x":1.03,"y":0.05},{"time":2.5}]},"qianbi1":{"rotate":[{"time":0,"angle":0},{"time":0.1667,"angle":46.11},{"time":0.25,"angle":58.05},{"time":0.5,"angle":63.02},{"time":0.875,"angle":63.02},{"time":1.0417,"angle":-6.6},{"time":1.0834,"angle":0}],"shear":[{"time":0},{"time":0.1667},{"time":0.25},{"time":0.5},{"time":0.875},{"time":1.0417},{"time":1.0834}]},"youyan":{"rotate":[{"time":0,"angle":0},{"time":0.9167,"angle":0},{"time":1.0834,"angle":-22.97},{"time":1.2917,"angle":0},{"time":1.5,"angle":-22.97},{"time":1.6667,"angle":0},{"time":1.875,"angle":-22.97},{"time":2.0417,"angle":0},{"time":2.25,"angle":-22.97},{"time":2.5,"angle":0}],"shear":[{"time":0},{"time":0.9167},{"time":1.0834},{"time":1.2917},{"time":1.5},{"time":1.6667},{"time":1.875},{"time":2.0417},{"time":2.25},{"time":2.5}]},"qianbi":{"rotate":[{"time":0,"angle":0},{"time":0.1667,"angle":-25.42},{"time":0.25,"angle":-34.58},{"time":0.5,"angle":-33.78},{"time":0.875,"angle":-33.78},{"time":1.0417,"angle":4.72},{"time":1.0834,"angle":0}],"shear":[{"time":0},{"time":0.1667},{"time":0.25},{"time":0.5},{"time":0.875},{"time":1.0417},{"time":1.0834}]},"guang":{"translate":[{"time":0,"x":-284.7,"y":-284.75},{"time":0.5833,"x":-284.7,"y":-284.75,"curve":[0,0,0.5,1]},{"time":0.625,"x":-283.99,"y":-181.48,"curve":[0,0,0.5,1]},{"time":0.6667,"x":-285.38,"y":-146.13,"curve":[0,0,0.5,1]},{"time":0.7084,"x":-285.38,"y":-99.93}],"scale":[{"time":0,"x":1,"y":1},{"time":0.5833,"x":1,"y":1,"curve":[0,0,0.5,1]},{"time":0.625,"x":0.37,"y":2.59,"curve":[0,0,0.5,1]},{"time":0.6667,"x":1,"y":1,"curve":[0,0,0.5,1]},{"time":0.7084,"x":1.38,"y":1.38,"curve":[0,0,0.5,1]},{"time":0.7917,"x":2.29,"y":2.29}]},"qian_8":{"translate":[{"time":0,"x":-385.45,"y":-334.8},{"time":0.5833,"x":-385.45,"y":-334.8},{"time":0.6666,"x":-385.45,"y":-183.77},{"time":0.7083,"x":-385.45,"y":-155.59},{"time":0.75,"x":-379.95,"y":-126.83},{"time":1.0833,"x":-374.06,"y":-101.9},{"time":1.3333,"x":-335.62,"y":-46.65},{"time":1.6666,"x":-316.75,"y":-106.07}],"rotate":[{"time":0,"angle":0},{"time":0.7083,"angle":0},{"time":0.9166,"angle":148.92},{"time":1.0833,"angle":-22.04},{"time":1.3333,"angle":-124.42},{"time":1.6666,"angle":115.56}],"shear":[{"time":0},{"time":0.7083},{"time":0.9166},{"time":1.0833},{"time":1.3333},{"time":1.6666}]},"huoxing1":{"translate":[{"time":0,"x":-384.45,"y":-289.05},{"time":0.5833,"x":-384.45,"y":-289.05},{"time":0.75,"x":-384.45,"y":-36.51},{"time":0.7917,"x":-405.68,"y":-121.2},{"time":0.8334,"x":-416.06,"y":-167.39},{"time":1.1667,"x":-446.31,"y":-291.93}]},"huoxing_5":{"translate":[{"time":0,"x":-385,"y":-256.1},{"time":0.5833,"x":-385,"y":-256.1},{"time":0.7083,"x":-397.49,"y":-63.59},{"time":0.75,"x":-429.75,"y":-28.79},{"time":1,"x":-466.12,"y":9.13}]},"qian_2":{"translate":[{"time":0,"x":-229.45,"y":-208.95},{"time":0.5833,"x":-229.45,"y":-208.95},{"time":0.7083,"x":-229.45,"y":-142.14},{"time":0.75,"x":-229.45,"y":-48.3},{"time":0.7917,"x":-229.45,"y":-12.47},{"time":0.8334,"x":-221.44,"y":37.04},{"time":1.0834,"x":-206.7,"y":58.01},{"time":1.5417,"x":-203.07,"y":57.25},{"time":2.125,"x":-167.33,"y":66.09}],"rotate":[{"time":0,"angle":0},{"time":0.7917,"angle":0},{"time":0.8334,"angle":-132.13},{"time":1.0834,"angle":73.12},{"time":1.5417,"angle":-81.58},{"time":1.8334,"angle":-144.12},{"time":2.1251,"angle":94.77}],"shear":[{"time":0},{"time":0.7917},{"time":0.8334},{"time":1.0834},{"time":1.5417},{"time":1.8334},{"time":2.1251}]},"qian_7":{"translate":[{"time":0,"x":-222.6,"y":-170.9},{"time":0.5833,"x":-222.6,"y":-170.9},{"time":0.7083,"x":-222.6,"y":-80.85},{"time":0.7916,"x":-222.6,"y":28.45},{"time":0.8333,"x":-222.6,"y":88.68},{"time":0.875,"x":-238.83,"y":105.16},{"time":1.375,"x":-295.4,"y":110.2},{"time":1.7083,"x":-307.82,"y":25.64}],"rotate":[{"time":0,"angle":-46.42},{"time":0.5833,"angle":0},{"time":0.8333,"angle":0},{"time":0.875,"angle":76.39},{"time":1.375,"angle":-142.77},{"time":1.7083,"angle":6.03}],"shear":[{"time":0},{"time":0.5833},{"time":0.8333},{"time":0.875},{"time":1.375},{"time":1.7083}]},"qian_6":{"translate":[{"time":0,"x":-219.75,"y":-129.45},{"time":0.5833,"x":-219.75,"y":-129.45},{"time":0.7083,"x":-219.75,"y":-55.96},{"time":0.7916,"x":-219.75,"y":82.49},{"time":0.8333,"x":-219.75,"y":112.16},{"time":1.0416,"x":-244.97,"y":179.39},{"time":1.2916,"x":-247.66,"y":202.82},{"time":1.6249,"x":-274.29,"y":169.93}],"rotate":[{"time":0,"angle":0},{"time":0.8333,"angle":0},{"time":1.0416,"angle":173.93},{"time":1.2916,"angle":-27.06},{"time":1.6249,"angle":132.48}],"shear":[{"time":0},{"time":0.8333},{"time":1.0416},{"time":1.2916},{"time":1.6249}]},"huoxing_15":{"translate":[{"time":0,"x":-221.5,"y":-92.55},{"time":0.6667,"x":-221.5,"y":-92.55},{"time":0.7084,"x":-221.5,"y":99.95}]},"qian1":{"translate":[{"time":0,"x":-215.25,"y":-63.05},{"time":0.5833,"x":-215.25,"y":-63.05},{"time":0.7083,"x":-215.25,"y":37.1},{"time":0.75,"x":-215.25,"y":90.58},{"time":0.7917,"x":-204.69,"y":164.04},{"time":1,"x":-174.78,"y":204.29},{"time":1.5,"x":-169.2,"y":255.59}],"rotate":[{"time":0,"angle":0},{"time":0.75,"angle":0},{"time":0.7917,"angle":-137.33},{"time":1,"angle":75.26},{"time":1.5,"angle":-87.86}],"shear":[{"time":0},{"time":0.75},{"time":0.7917},{"time":1},{"time":1.5}]},"huoxing_4":{"translate":[{"time":0,"x":-213.55,"y":-34.1},{"time":0.5833,"x":-213.55,"y":-34.1},{"time":0.6666,"x":-213.55,"y":3.29},{"time":0.7083,"x":-235.38,"y":143.44},{"time":0.75,"x":-264.45,"y":106.96},{"time":1,"x":-322.22,"y":36.9}]},"qian16":{"translate":[{"time":0,"x":-289.05,"y":-210.65},{"time":0.5833,"x":-289.05,"y":-210.65},{"time":0.7083,"x":-289.05,"y":-169.28},{"time":0.8333,"x":-289.05,"y":-20.57},{"time":0.875,"x":-271.35,"y":56.95},{"time":1,"x":-252.65,"y":71.29},{"time":1.7917,"x":-229.4,"y":89.95}],"rotate":[{"time":0,"angle":0},{"time":0.875,"angle":0},{"time":1,"angle":-143.32},{"time":1.4167,"angle":76.08},{"time":1.7917,"angle":-78.22}],"shear":[{"time":0},{"time":0.875},{"time":1},{"time":1.4167},{"time":1.7917}]},"qian5":{"translate":[{"time":0,"x":-282.8,"y":-174.9},{"time":0.5833,"x":-282.8,"y":-174.9},{"time":0.7083,"x":-282.8,"y":-96.07},{"time":0.7916,"x":-282.8,"y":45.93},{"time":0.8333,"x":-269.78,"y":130.17},{"time":0.9583,"x":-246.62,"y":132.05},{"time":1.4166,"x":-221.24,"y":6.14}],"rotate":[{"time":0,"angle":0},{"time":0.7917,"angle":0},{"time":0.8334,"angle":6.32},{"time":0.9584,"angle":-154.8},{"time":1.4167,"angle":51.33}],"shear":[{"time":0},{"time":0.7917},{"time":0.8334},{"time":0.9584},{"time":1.4167}]},"qian14":{"translate":[{"time":0,"x":-269.75,"y":-135.7},{"time":0.5833,"x":-269.75,"y":-135.7},{"time":0.7083,"x":-269.75,"y":-80.35},{"time":0.8333,"x":-269.75,"y":82.34},{"time":0.875,"x":-265.53,"y":136.9},{"time":1.0417,"x":-263.98,"y":132.78},{"time":1.5417,"x":-243.32,"y":165.13}],"rotate":[{"time":0,"angle":0},{"time":0.8333,"angle":0},{"time":0.875,"angle":-100.73},{"time":1.0417,"angle":149.57},{"time":1.5417,"angle":39.4}],"shear":[{"time":0},{"time":0.8333},{"time":0.875},{"time":1.0417},{"time":1.5417}]},"qian142":{"translate":[{"time":0,"x":-252.15,"y":-102.2},{"time":0.5833,"x":-252.15,"y":-102.2},{"time":0.7083,"x":-252.15,"y":-14.98},{"time":0.7916,"x":-252.15,"y":132.62},{"time":0.8333,"x":-262.07,"y":194.03},{"time":1.0833,"x":-290.32,"y":187.12},{"time":1.4583,"x":-392.76,"y":135.46}],"rotate":[{"time":0,"angle":0},{"time":0.8333,"angle":0},{"time":1.0833,"angle":-151.29},{"time":1.4583,"angle":111.39}],"shear":[{"time":0},{"time":0.8333},{"time":1.0833},{"time":1.4583}]},"huoxing_12":{"translate":[{"time":0,"x":-255,"y":-67.6},{"time":0.5833,"x":-255,"y":-67.6},{"time":0.7083,"x":-195.69,"y":132.38},{"time":1.0833,"x":-88.15,"y":63.59}]},"qian9":{"translate":[{"time":0,"x":-248.15,"y":-42.6},{"time":0.5833,"x":-248.15,"y":-42.6},{"time":0.7083,"x":-248.15,"y":57.82},{"time":0.75,"x":-248.15,"y":162.86},{"time":0.7917,"x":-251.48,"y":220.2},{"time":1.25,"x":-318.11,"y":239.8},{"time":1.5,"x":-355.83,"y":218.79}],"rotate":[{"time":0,"angle":0},{"time":0.7917,"angle":0},{"time":1,"angle":148.8},{"time":1.25,"angle":-115},{"time":1.5,"angle":20.86}],"shear":[{"time":0},{"time":0.7917},{"time":1},{"time":1.25},{"time":1.5}]},"huoxxing_3":{"translate":[{"time":0,"x":-243.6,"y":-20.45},{"time":0.5833,"x":-243.6,"y":-20.45},{"time":0.6666,"x":-243.6,"y":119.64},{"time":0.7083,"x":-190.41,"y":145.15},{"time":1.125,"x":-96.89,"y":115.14}]},"qian10":{"translate":[{"time":0,"x":-339.6,"y":-207.25},{"time":0.5833,"x":-339.6,"y":-207.25},{"time":0.7083,"x":-339.6,"y":-51.27},{"time":0.75,"x":-355.36,"y":9.32},{"time":1.125,"x":-371.77,"y":49.48},{"time":1.75,"x":-430.53,"y":80.71}],"rotate":[{"time":0,"angle":0},{"time":0.75,"angle":0},{"time":1.125,"angle":150.32},{"time":1.75,"angle":-35.13}],"shear":[{"time":0},{"time":0.75},{"time":1.125},{"time":1.75}]},"qian103":{"translate":[{"time":0,"x":-381.05,"y":-216.35},{"time":0.5833,"x":-381.05,"y":-216.35},{"time":0.7083,"x":-381.05,"y":-102.3},{"time":0.75,"x":-381.05,"y":7.28},{"time":0.7917,"x":-368.46,"y":7.86},{"time":1,"x":-365.6,"y":34.91},{"time":1.3333,"x":-340.83,"y":33.58}],"rotate":[{"time":0,"angle":0},{"time":0.7917,"angle":0},{"time":1,"angle":174.43},{"time":1.3333,"angle":-47.4}],"shear":[{"time":0},{"time":0.7917},{"time":1},{"time":1.3333}]},"qian1031":{"translate":[{"time":0,"x":-328.25,"y":-163.55},{"time":0.5833,"x":-328.25,"y":-163.55},{"time":0.7083,"x":-328.25,"y":-79.54},{"time":0.8333,"x":-328.25,"y":111.81},{"time":0.875,"x":-352.46,"y":139.82},{"time":1.0833,"x":-366.67,"y":95.94},{"time":1.5416,"x":-400.91,"y":14.69}],"rotate":[{"time":0,"angle":0},{"time":0.875,"angle":0},{"time":1.0833,"angle":-100.9},{"time":1.5416,"angle":66.89}],"shear":[{"time":0},{"time":0.875},{"time":1.0833},{"time":1.5416}]},"qian10314":{"translate":[{"time":0,"x":-379.9,"y":-175.45},{"time":0.5833,"x":-379.9,"y":-175.45},{"time":0.7083,"x":-379.9,"y":-63.07},{"time":0.7916,"x":-379.9,"y":101.31},{"time":0.8333,"x":-417.13,"y":139.07},{"time":1.0833,"x":-439.96,"y":109.44},{"time":1.5833,"x":-484.65,"y":36.2}],"rotate":[{"time":0,"angle":0},{"time":0.8333,"angle":0},{"time":1.0833,"angle":141.2},{"time":1.5833,"angle":-57.25}],"shear":[{"time":0},{"time":0.8333},{"time":1.0833},{"time":1.5833}]},"qian10314_3":{"translate":[{"time":0,"x":-318.6,"y":-127.2}]},"qian10314_35":{"translate":[{"time":0,"x":-373.65,"y":-131.2},{"time":0.5833,"x":-373.65,"y":-131.2},{"time":0.7083,"x":-373.65,"y":-3.52},{"time":0.75,"x":-373.65,"y":22.05},{"time":0.7917,"x":-385.63,"y":74.63},{"time":0.9167,"x":-384.47,"y":100.38},{"time":1.25,"x":-394.17,"y":122.45},{"time":1.625,"x":-425.11,"y":92.64},{"time":1.875,"x":-447.12,"y":25.66}],"rotate":[{"time":0,"angle":0},{"time":0.7917,"angle":0},{"time":0.9167,"angle":129.89},{"time":1.25,"angle":-94},{"time":1.4583,"angle":-12.41},{"time":1.625,"angle":108.17},{"time":1.875,"angle":-142.78}],"shear":[{"time":0},{"time":0.7917},{"time":0.9167},{"time":1.25},{"time":1.4583},{"time":1.625},{"time":1.875}]},"qian10314_3513":{"translate":[{"time":0,"x":-303.8,"y":-92},{"time":0.5833,"x":-303.8,"y":-92},{"time":0.7083,"x":-303.8,"y":-145.67},{"time":0.75,"x":-303.8,"y":80.27},{"time":0.875,"x":-304.06,"y":137.31},{"time":1.0417,"x":-304.06,"y":202.23},{"time":1.4584,"x":-304.06,"y":212.31}],"rotate":[{"time":0,"angle":0},{"time":0.75,"angle":0},{"time":0.875,"angle":-143.94},{"time":1.0417,"angle":85.61},{"time":1.4584,"angle":-160.68}],"shear":[{"time":0},{"time":0.75},{"time":0.875},{"time":1.0417},{"time":1.4584}]},"qian10314_351312":{"translate":[{"time":0,"x":-278.85,"y":-97.1},{"time":0.5833,"x":-278.85,"y":-97.1},{"time":0.7083,"x":-278.85,"y":-150.77},{"time":0.7916,"x":-278.85,"y":-97.1},{"time":0.8333,"x":-274.97,"y":166.18},{"time":0.875,"x":-255.45,"y":182.49},{"time":1.4167,"x":-210.33,"y":219.71}],"rotate":[{"time":0,"angle":0},{"time":0.8333,"angle":0},{"time":0.875,"angle":-136.28},{"time":1.4167,"angle":78.21}],"shear":[{"time":0},{"time":0.8333},{"time":0.875},{"time":1.4167}]},"qian10314_351312_5":{"translate":[{"time":0,"x":-335.05,"y":-96.55},{"time":0.5833,"x":-335.05,"y":-96.55},{"time":0.7083,"x":-335.05,"y":-150.22},{"time":0.7916,"x":-335.05,"y":-96.55},{"time":0.8333,"x":-327.25,"y":85.69},{"time":1.1666,"x":-301.5,"y":103.69},{"time":1.4999,"x":-281.01,"y":118.55}],"rotate":[{"time":0,"angle":0},{"time":0.7917,"angle":0},{"time":1.1667,"angle":131.61},{"time":1.5,"angle":-69.53}],"shear":[{"time":0},{"time":0.7917},{"time":1.1667},{"time":1.5}]},"huoxing_41":{"translate":[{"time":0,"x":-374.8,"y":-95.95},{"time":0.5833,"x":-374.8,"y":-95.95,"curve":[0,0,0.5,1]},{"time":0.6666,"x":-374.8,"y":39.52,"curve":[0,0,0.5,1]},{"time":0.7083,"x":-338.05,"y":96.1,"curve":[0,0,0.5,1]},{"time":1.0416,"x":-237.28,"y":128.42}]},"huoxing_41_7":{"translate":[{"time":0,"x":-283.95,"y":-60.75},{"time":0.5833,"x":-283.95,"y":-60.75,"curve":[0,0,0.5,1]},{"time":0.6666,"x":-283.95,"y":120.28,"curve":[0,0,0.5,1]},{"time":0.7083,"x":-344.66,"y":132.33,"curve":[0,0,0.5,1]},{"time":1.0416,"x":-447.88,"y":185.88}]},"huoxing_41_72":{"translate":[{"time":0,"x":-277.7,"y":-32.95},{"time":0.5833,"x":-277.7,"y":-32.95,"curve":[0,0,0.5,1]},{"time":0.6666,"x":-277.7,"y":102.55,"curve":[0,0,0.5,1]},{"time":0.7083,"x":-252.68,"y":177.17,"curve":[0,0,0.5,1]},{"time":0.9583,"x":-173.86,"y":228.55}]},"huoxing_41_72_8":{"translate":[{"time":0,"x":-299.85,"y":-17.6},{"time":0.5833,"x":-299.85,"y":-17.6,"curve":[0,0,0.5,1]},{"time":0.6666,"x":-299.85,"y":122.67,"curve":[0,0,0.5,1]},{"time":0.7083,"x":-339.48,"y":174.82,"curve":[0,0,0.5,1]},{"time":1.0416,"x":-418.4,"y":216.11}]},"huoxing_41_72_8_11":{"translate":[{"time":0,"x":-329.95,"y":-39.75},{"time":0.5833,"x":-329.95,"y":-39.75,"curve":[0,0,0.5,1]},{"time":0.6666,"x":-329.95,"y":97.26,"curve":[0,0,0.5,1]},{"time":0.7083,"x":-273.07,"y":138.91,"curve":[0,0,0.5,1]},{"time":1,"x":-184.18,"y":152.33}]},"huoxing_41_72_8_116":{"translate":[{"time":0,"x":-330.5,"y":-67.6},{"time":0.5833,"x":-330.5,"y":-67.6,"curve":[0,0,0.5,1]},{"time":0.7083,"x":-366.96,"y":143.05,"curve":[0,0,0.5,1]},{"time":1.0416,"x":-460.12,"y":213.2}]},"huoxing_41_72_8_11610":{"translate":[{"time":0,"x":-364.55,"y":-60.75},{"time":0.5833,"x":-364.55,"y":-60.75,"curve":[0,0,0.5,1]},{"time":0.6666,"x":-364.55,"y":189.99,"curve":[0,0,0.5,1]},{"time":0.7083,"x":-409.97,"y":99.65,"curve":[0,0,0.5,1]},{"time":1,"x":-551.21,"y":75.92}]},"huoxing_41_72_8_11610_9":{"translate":[{"time":0,"x":-357.2,"y":-38.6},{"time":0.5833,"x":-357.2,"y":-38.6,"curve":[0,0,0.5,1]},{"time":0.625,"x":-356.4,"y":105.6},{"time":0.6667,"x":-387.49,"y":103.34,"curve":[0,0,0.5,1]},{"time":1.0834,"x":-462.14,"y":115.29}]},"huoxing_41_72_8_11610_913":{"translate":[{"time":0,"x":-332.75,"y":-16.5},{"time":0.5833,"x":-332.75,"y":-16.5,"curve":[0,0,0.5,1]},{"time":0.6666,"x":-298.92,"y":134.77,"curve":[0,0,0.5,1]},{"time":1.0416,"x":-211.3,"y":193.87}]},"huoxing_41_72_8_11610_9134":{"translate":[{"time":0,"x":-353.2,"y":-15.35},{"time":0.5833,"x":-353.2,"y":-15.35,"curve":[0,0,0.5,1]},{"time":0.6666,"x":-359.23,"y":119.42},{"time":0.7083,"x":-398.41,"y":126.79,"curve":[0,0,0.5,1]},{"time":0.9583,"x":-484.78,"y":92.67}]}},"slots":{"yingzi":{"color":[{"time":0,"color":"FFFFFFA6"}]},"liewen":{"color":[{"time":0,"color":"FFFFFF00"}]},"mouse1":{"color":[{"time":0,"color":"FFFFFFFF"},{"time":0.8333,"color":"FFFFFFFF"},{"time":0.9166,"color":"FFFFFF00"},{"time":2.2916,"color":"FFFFFF00"},{"time":2.4999,"color":"FFFFFFFF"}]},"yanwu1":{"color":[{"time":0,"color":"FFFFFF00"}]},"yanwu2":{"color":[{"time":0,"color":"FFFFFF00"}]},"hanshui1":{"color":[{"time":0,"color":"FFFFFF00"},{"time":1,"color":"FFFFFF00"},{"time":1.0833,"color":"FFFFFFFF"},{"time":1.2083,"color":"FFFFFF00"},{"time":1.2916,"color":"FFFFFFFF"},{"time":1.3749,"color":"FFFFFF00"},{"time":1.4999,"color":"FFFFFFFF"},{"time":1.5832,"color":"FFFFFF00"},{"time":1.6665,"color":"FFFFFFFF"},{"time":1.7498,"color":"FFFFFF00"},{"time":1.8748,"color":"FFFFFFFF"},{"time":1.9581,"color":"FFFFFF00"},{"time":2.0414,"color":"FFFFFFFF"},{"time":2.1247,"color":"FFFFFF00"},{"time":2.2497,"color":"FFFFFFFF"},{"time":2.4997,"color":"FFFFFF00"}]},"hanshui_1":{"color":[{"time":0,"color":"FFFFFF00"},{"time":1.0417,"color":"FFFFFF00"},{"time":1.1667,"color":"FFFFFFFF"},{"time":1.25,"color":"FFFFFF00"},{"time":1.3333,"color":"FFFFFFFF"},{"time":1.4166,"color":"FFFFFF00"},{"time":1.5416,"color":"FFFFFFFF"},{"time":1.6249,"color":"FFFFFF00"},{"time":1.7082,"color":"FFFFFFFF"},{"time":1.8332,"color":"FFFFFF00"},{"time":1.9165,"color":"FFFFFFFF"},{"time":1.9998,"color":"FFFFFF00"},{"time":2.0831,"color":"FFFFFFFF"},{"time":2.2081,"color":"FFFFFF00"},{"time":2.2914,"color":"FFFFFFFF"},{"time":2.4997,"color":"FFFFFF00"}]},"mouse":{"color":[{"time":0,"color":"FFFFFF00"},{"time":0.9167,"color":"FFFFFF00"},{"time":0.9584,"color":"FFFFFFFF"},{"time":2.2917,"color":"FFFFFFFF"},{"time":2.5,"color":"FFFFFF00"}]},"panzi2":{"color":[{"time":0,"color":"FFFFFF00"},{"time":0.2083,"color":"FFFFFF00"},{"time":0.25,"color":"FFFFFFFF"},{"time":0.9167,"color":"FFFFFFFF"},{"time":0.9584,"color":"FFFFFF00"}]},"deng":{"color":[{"time":0,"color":"FFFFFF00"}]},"huoxing_41_72_8_11610_9134":{"color":[{"time":0,"color":"FFFFFF00"},{"time":0.5833,"color":"FFFFFF00","curve":[0,0,0.5,1]},{"time":0.7083,"color":"FFFFFFFF","curve":[0,0,0.5,1]},{"time":0.9583,"color":"FFFFFF00"}]},"huoxing_41_72":{"color":[{"time":0,"color":"FFFFFF00"},{"time":0.6667,"color":"FFFFFF00","curve":[0,0,0.5,1]},{"time":0.7084,"color":"FFFFFFFF","curve":[0,0,0.5,1]},{"time":0.9584,"color":"FFFFFF00"}]},"huoxxing_3":{"color":[{"time":0,"color":"FFFFFF00"},{"time":0.6667,"color":"FFFFFF00"},{"time":0.7084,"color":"FFFFFFFF"},{"time":1.0001,"color":"FFFFFFFF"},{"time":1.1251,"color":"FFFFFF00"}]},"huoxing_41":{"color":[{"time":0,"color":"FFFFFF00"},{"time":0.6667,"color":"FFFFFF00","curve":[0,0,0.5,1]},{"time":0.7084,"color":"FFFFFFFF","curve":[0,0,0.5,1]},{"time":0.9584,"color":"FFFFFFFF","curve":[0,0,0.5,1]},{"time":1.0417,"color":"FFFFFF00"}]},"huoxing_15":{"color":[{"time":0,"color":"FFFFFF00"}]},"huoxing_5":{"color":[{"time":0,"color":"FFFFFF00"},{"time":0.5833,"color":"FFFFFF00"},{"time":0.7083,"color":"FFFFFFFF"},{"time":0.9166,"color":"FFFFFFFF"},{"time":0.9999,"color":"FFFFFF00"}]},"huoxing_41_72_8_116":{"color":[{"time":0,"color":"FFFFFF00"},{"time":0.5833,"color":"FFFFFF00","curve":[0,0,0.5,1]},{"time":0.7083,"color":"FFFFFFFF","curve":[0,0,0.5,1]},{"time":0.9583,"color":"FFFFFFFF","curve":[0,0,0.5,1]},{"time":1.0416,"color":"FFFFFF00"}]},"huoxing_41_7":{"color":[{"time":0,"color":"FFFFFF00"},{"time":0.6667,"color":"FFFFFF00","curve":[0,0,0.5,1]},{"time":0.7084,"color":"FFFFFFFF","curve":[0,0,0.5,1]},{"time":0.9584,"color":"FFFFFFFF","curve":[0,0,0.5,1]},{"time":1.0417,"color":"FFFFFF00"}]},"huoxing_41_72_8":{"color":[{"time":0,"color":"FFFFFF00"},{"time":0.6667,"color":"FFFFFF00","curve":[0,0,0.5,1]},{"time":0.7084,"color":"FFFFFFFF","curve":[0,0,0.5,1]},{"time":0.9584,"color":"FFFFFFFF","curve":[0,0,0.5,1]},{"time":1.0417,"color":"FFFFFF00"}]},"huoxing_41_72_8_11610_9":{"color":[{"time":0,"color":"FFFFFF00"},{"time":0.5833,"color":"FFFFFF00","curve":[0,0,0.5,1]},{"time":0.6666,"color":"FFFFFFFF","curve":[0,0,0.5,1]},{"time":0.9999,"color":"FFFFFFFF","curve":[0,0,0.5,1]},{"time":1.0832,"color":"FFFFFF00"}]},"huoxing1":{"color":[{"time":0,"color":"FFFFFF00"},{"time":0.75,"color":"FFFFFF00"},{"time":0.7917,"color":"FFFFFFFF"},{"time":1.0834,"color":"FFFFFFFF"},{"time":1.1667,"color":"FFFFFF00"}]},"huoxing_41_72_8_11610":{"color":[{"time":0,"color":"FFFFFF00"},{"time":0.6667,"color":"FFFFFF00","curve":[0,0,0.5,1]},{"time":0.7084,"color":"FFFFFFFF","curve":[0,0,0.5,1]},{"time":1.0001,"color":"FFFFFF00"}]},"huoxing_41_72_8_11":{"color":[{"time":0,"color":"FFFFFF00"},{"time":0.6667,"color":"FFFFFF00","curve":[0,0,0.5,1]},{"time":0.7084,"color":"FFFFFFFF","curve":[0,0,0.5,1]},{"time":0.8751,"color":"FFFFFFFF","curve":[0,0,0.5,1]},{"time":1.0001,"color":"FFFFFF00"}]},"huoxing_12":{"color":[{"time":0,"color":"FFFFFF00"},{"time":0.5833,"color":"FFFFFF00"},{"time":0.7083,"color":"FFFFFFFF"},{"time":1,"color":"FFFFFFFF"},{"time":1.0833,"color":"FFFFFF00"}]},"huoxing_41_72_8_11610_913":{"color":[{"time":0,"color":"FFFFFF00"},{"time":0.5833,"color":"FFFFFF00","curve":[0,0,0.5,1]},{"time":0.6666,"color":"FFFFFFFF","curve":[0,0,0.5,1]},{"time":0.9166,"color":"FFFFFFFF","curve":[0,0,0.5,1]},{"time":1.0416,"color":"FFFFFF00"}]},"huoxing_4":{"color":[{"time":0,"color":"FFFFFF00"},{"time":0.6667,"color":"FFFFFF00"},{"time":0.7084,"color":"FFFFFFFF"},{"time":0.9167,"color":"FFFFFFFF"},{"time":1,"color":"FFFFFF00"}]},"qian1":{"color":[{"time":0,"color":"FFFFFF00"},{"time":0.75,"color":"FFFFFF00"},{"time":0.7917,"color":"FFFFFFFF"},{"time":1.2084,"color":"FFFFFFFF"},{"time":1.5001,"color":"FFFFFF00"}]},"qian142":{"color":[{"time":0,"color":"FFFFFF00"},{"time":0.7917,"color":"FFFFFF00"},{"time":0.8334,"color":"FFFFFFFF"},{"time":1.2084,"color":"FFFFFFFF"},{"time":1.4584,"color":"FFFFFF00"}]},"qian103":{"color":[{"time":0,"color":"FFFFFF00"},{"time":0.75,"color":"FFFFFF00"},{"time":0.7917,"color":"FFFFFFFF"},{"time":1.2084,"color":"FFFFFFFF"},{"time":1.3334,"color":"FFFFFF00"}]},"qian10314":{"color":[{"time":0,"color":"FFFFFF00"},{"time":0.7917,"color":"FFFFFF00"},{"time":0.8334,"color":"FFFFFFFF"},{"time":1.4167,"color":"FFFFFFFF"},{"time":1.5834,"color":"FFFFFF00"}]},"qian5":{"color":[{"time":0,"color":"FFFFFF00"},{"time":0.7917,"color":"FFFFFF00"},{"time":0.8334,"color":"FFFFFFFF"},{"time":1.2084,"color":"FFFFFFFF"},{"time":1.4167,"color":"FFFFFF00"}]},"qian_6":{"color":[{"time":0,"color":"FFFFFF00"},{"time":0.7917,"color":"FFFFFF00"},{"time":0.8334,"color":"FFFFFFFF"},{"time":1.2917,"color":"FFFFFFFF"},{"time":1.625,"color":"FFFFFF00"}]},"qian_7":{"color":[{"time":0,"color":"FFFFFF00"},{"time":0.7917,"color":"FFFFFF00"},{"time":0.8334,"color":"FFFFFFFF"},{"time":1.3751,"color":"FFFFFFFF"},{"time":1.7084,"color":"FFFFFF00"}]},"qian_8":{"color":[{"time":0,"color":"FFFFFF00"},{"time":0.6667,"color":"FFFFFF00"},{"time":0.7084,"color":"FFFFFFFF"},{"time":1.3334,"color":"FFFFFFFF"},{"time":1.6667,"color":"FFFFFF00"}]},"qian9":{"color":[{"time":0,"color":"FFFFFF00"},{"time":0.75,"color":"FFFFFF00"},{"time":0.7917,"color":"FFFFFFFF"},{"time":1.25,"color":"FFFFFFFF"},{"time":1.5,"color":"FFFFFF00"}]},"qian10":{"color":[{"time":0,"color":"FFFFFF00"},{"time":0.7083,"color":"FFFFFF00"},{"time":0.75,"color":"FFFFFFFF"},{"time":1.5417,"color":"FFFFFFFF"},{"time":1.75,"color":"FFFFFF00"}]},"qian1031":{"color":[{"time":0,"color":"FFFFFF00"},{"time":0.8333,"color":"FFFFFF00"},{"time":0.875,"color":"FFFFFFFF"},{"time":1.3333,"color":"FFFFFFFF"},{"time":1.5416,"color":"FFFFFF00"}]},"qian10314_351312":{"color":[{"time":0,"color":"FFFFFF00"},{"time":0.7917,"color":"FFFFFF00"},{"time":0.8334,"color":"FFFFFFFF"},{"time":1.2084,"color":"FFFFFFFF"},{"time":1.4167,"color":"FFFFFF00"}]},"qian10314_3513":{"color":[{"time":0,"color":"FFFFFF00"},{"time":0.7083,"color":"FFFFFF00"},{"time":0.75,"color":"FFFFFFFF"},{"time":1.2917,"color":"FFFFFFFF"},{"time":1.4584,"color":"FFFFFF00"}]},"qian14":{"color":[{"time":0,"color":"FFFFFF00"},{"time":0.8333,"color":"FFFFFF00"},{"time":0.875,"color":"FFFFFFFF"},{"time":1.3333,"color":"FFFFFFFF"},{"time":1.5416,"color":"FFFFFF00"}]},"qian10314_35":{"color":[{"time":0,"color":"FFFFFF00"},{"time":0.75,"color":"FFFFFF00"},{"time":0.7917,"color":"FFFFFFFF"},{"time":1.625,"color":"FFFFFFFF"},{"time":1.875,"color":"FFFFFF00"}]},"qian16":{"color":[{"time":0,"color":"FFFFFF00"},{"time":0.8333,"color":"FFFFFF00"},{"time":0.875,"color":"FFFFFFFF"},{"time":1.5,"color":"FFFFFFFF"},{"time":1.7917,"color":"FFFFFF00"}]},"qian10314_351312_5":{"color":[{"time":0,"color":"FFFFFF00"},{"time":0.7917,"color":"FFFFFF00"},{"time":0.8334,"color":"FFFFFFFF"},{"time":1.3334,"color":"FFFFFFFF"},{"time":1.5001,"color":"FFFFFF00"}]},"qian10314_3":{"color":[{"time":0,"color":"FFFFFF00"}]},"qian_2":{"color":[{"time":0,"color":"FFFFFF00"},{"time":0.75,"color":"FFFFFF00"},{"time":0.8333,"color":"FFFFFFFF"},{"time":1.5416,"color":"FFFFFFFF"},{"time":2.1249,"color":"FFFFFF00"}]},"guang":{"color":[{"time":0,"color":"FFFFFF00"},{"time":0.5833,"color":"FFFFFF00","curve":[0,0,0.5,1]},{"time":0.6666,"color":"FFFFFFEB","curve":[0,0,0.5,1]},{"time":0.7083,"color":"FFFFFFFF","curve":[0,0,0.5,1]},{"time":0.7916,"color":"FFFFFF00"}]}}}}}],[-1],0,[],[],[]]