[1,["c0ZwgAKDRK8oVjyILcre4j","17xV7IjlRG8ILWU223T+yR","63AS8hX3BKvaYxAHWEoep9","c2comkljxDQLI554B4iHUt","dfbJSspJxBfJODj6Gi/T5R","a9NydPE3RJa5SGWFgtr8y7","b51Z2U1OZJraHvlYYoGxUH","e6tfamjcRGZ6E0UqcjKV+Q","4cyuixiwtK+7ho5CC3jYIS","cfvx/VTxtFvKoZQvjC7pbj","01lcKaleNCPYxjKh36vWHs","a1vTnuAxpFm4kgwfNGL7nU","4eNNr/3iVANbN0abAjE9K7","1876WJQQhPcpRBnUIpXzn0","77gnlTGRRDcoN6t4r8lURr","8cCl0w8K5JU55vHz1dP+lk","9af1X4BKNKDa7erxI5tstk","53k1s++uhEvpzqXr9Gqz7C","3cHKmwJD1JkKMvpcBbuth2","b0Ra0aJRxLGZK2TW00HS6i","0fj4rgdSRHA5VskGR+HDYv","5a+xg/e/tB2r5E5YO2ZApe","79To5ca/dCtZ1ylTCzrbOc"],["_textureSetter","bg01","bg02","bg_gushi","bg_gushi02","bg_gushi03","bg_gushi04","bg_gushi05","bg_juese","bg_juese_zhezhao","btn_back","btn_story01","btn_story02","jiantou","jiantou02","jiantou2","label_01","label_02","progress bar","progress bar_bg","word_gktj","word_next","word_up"],["cc.SpriteFrame",["cc.SpriteAtlas",["_name","_spriteFrames"],2,11]],[[1,0,1,2]],[[[{"name":"btn_back","rect":[176,335,76,76],"offset":[0,0],"originalSize":[76,76],"capInsets":[0,0,0,0]}],[0],0,[0],[0],[0]],[[{"name":"word_gktj","rect":[1,335,146,33],"offset":[0,0],"originalSize":[146,33],"rotated":1,"capInsets":[0,0,0,0]}],[0],0,[0],[0],[0]],[[{"name":"bg01","rect":[84,426,6,6],"offset":[0,0],"originalSize":[6,6],"capInsets":[0,0,0,0]}],[0],0,[0],[0],[0]],[[{"name":"jiantou","rect":[1,483,42,28],"offset":[0,0],"originalSize":[42,28],"capInsets":[0,0,0,0]}],[0],0,[0],[0],[0]],[[{"name":"progress bar","rect":[154,482,21,24],"offset":[0,0],"originalSize":[21,24],"capInsets":[0,0,0,0]}],[0],0,[0],[0],[0]],[[{"name":"bg_juese","rect":[1,1,250,332],"offset":[0,0],"originalSize":[250,332],"capInsets":[0,0,0,0]}],[0],0,[0],[0],[0]],[[{"name":"btn_story02","rect":[254,61,42,58],"offset":[0,0],"originalSize":[42,58],"capInsets":[0,0,0,0]}],[0],0,[0],[0],[0]],[[{"name":"label_02","rect":[300,1,192,44],"offset":[0,0],"originalSize":[192,44],"capInsets":[0,0,0,0]}],[0],0,[0],[0],[0]],[[{"name":"word_next","rect":[45,482,82,29],"offset":[0,0],"originalSize":[82,29],"capInsets":[0,0,0,0]}],[0],0,[0],[0],[0]],[[{"name":"bg02","rect":[230,413,67,68],"offset":[0,0],"originalSize":[67,68],"rotated":1,"capInsets":[0,0,0,0]}],[0],0,[0],[0],[0]],[[{"name":"jiantou02","rect":[177,482,56,18],"offset":[0,0],"originalSize":[56,18],"capInsets":[0,0,0,0]}],[0],0,[0],[0],[0]],[[{"name":"word_up","rect":[144,335,82,30],"offset":[0,0],"originalSize":[82,30],"rotated":1,"capInsets":[0,0,0,0]}],[0],0,[0],[0],[0]],[[{"name":"jiantou2","rect":[254,121,38,46],"offset":[0,0],"originalSize":[38,46],"capInsets":[0,0,0,0]}],[0],0,[0],[0],[0]],[[{"name":"label_01","rect":[36,436,192,44],"offset":[0,0],"originalSize":[192,44],"capInsets":[0,0,0,0]}],[0],0,[0],[0],[0]],[[{"name":"btn_story01","rect":[254,1,42,58],"offset":[0,0],"originalSize":[42,58],"capInsets":[0,0,0,0]}],[0],0,[0],[0],[0]],[[{"name":"bg_gushi03","rect":[84,335,46,89],"offset":[0,0],"originalSize":[46,89],"capInsets":[0,0,0,0]}],[0],0,[0],[0],[0]],[[{"name":"progress bar_bg","rect":[129,482,23,28],"offset":[0,0],"originalSize":[23,28],"capInsets":[0,0,0,0]}],[0],0,[0],[0],[0]],[[{"name":"bg_gushi04","rect":[36,335,46,99],"offset":[0,0],"originalSize":[46,99],"capInsets":[0,0,0,0]}],[0],0,[0],[0],[0]],[[{"name":"bg_gushi","rect":[300,47,182,182],"offset":[0,0],"originalSize":[182,182],"capInsets":[0,0,0,0]}],[0],0,[0],[0],[0]],[[{"name":"bg_juese_zhezhao","rect":[300,415,49,48],"offset":[0,0],"originalSize":[49,48],"rotated":1,"capInsets":[0,0,0,0]}],[0],0,[0],[0],[0]],[[{"name":"bg_gushi02","rect":[300,231,182,182],"offset":[0,0],"originalSize":[182,182],"capInsets":[0,0,0,0]}],[0],0,[0],[0],[0]],[[{"name":"bg_gushi05","rect":[132,335,10,88],"offset":[0,0],"originalSize":[10,88],"capInsets":[0,0,0,0]}],[0],0,[0],[0],[0]],[[[0,"Pictorialbook.plist",[{},"bg01",6,0,"bg02",6,1,"bg_gushi",6,2,"bg_gushi02",6,3,"bg_gushi03",6,4,"bg_gushi04",6,5,"bg_gushi05",6,6,"bg_juese",6,7,"bg_juese_zhezhao",6,8,"btn_back",6,9,"btn_story01",6,10,"btn_story02",6,11,"jiantou",6,12,"jiantou02",6,13,"jiantou2",6,14,"label_01",6,15,"label_02",6,16,"progress bar",6,17,"progress bar_bg",6,18,"word_gktj",6,19,"word_next",6,20,"word_up",6,21]]],0,0,[0,0,0,0,0,0,0,0,0,0,0,0,0,0,0,0,0,0,0,0,0,0],[1,2,3,4,5,6,7,8,9,10,11,12,13,14,15,16,17,18,19,20,21,22],[1,2,3,4,5,6,7,8,9,10,11,12,13,14,15,16,17,18,19,20,21,22]]]]