[1,["4dxiU472xP2aoIXGzDXVWD"],0,[["sp.SkeletonData",["_name","_atlasText","textureNames","_skeletonJson","textures"],-1,3]],[[0,0,1,2,3,4,5]],[[0,"ChengXuYuan","\nChengXuYuan.png\nsize: 128,256\nformat: RGBA8888\nfilter: Linear,Linear\nrepeat: none\n角色文件(1)/椭圆_1\n  rotate: false\n  xy: 68, 156\n  size: 53, 11\n  orig: 55, 13\n  offset: 1, 1\n  index: -1\nchengxuyuan-pigu/屁股\n  rotate: false\n  xy: 96, 113\n  size: 27, 21\n  orig: 27, 21\n  offset: 0, 0\n  index: -1\nchengxuyuan-pigu/右手\n  rotate: false\n  xy: 115, 1\n  size: 12, 32\n  orig: 12, 32\n  offset: 0, 0\n  index: -1\nchengxuyuan-pigu/右腿\n  rotate: false\n  xy: 113, 49\n  size: 14, 36\n  orig: 14, 36\n  offset: 0, 0\n  index: -1\nchengxuyuan-pigu/左腿\n  rotate: false\n  xy: 71, 113\n  size: 23, 41\n  orig: 23, 41\n  offset: 0, 0\n  index: -1\n角色文件(2)/身体_1\n  rotate: false\n  xy: 71, 1\n  size: 42, 46\n  orig: 42, 46\n  offset: 0, 0\n  index: -1\n角色文件-道具(1)/头部_5\n  rotate: false\n  xy: 1, 1\n  size: 68, 67\n  orig: 68, 67\n  offset: 0, 0\n  index: -1\n角色文件-道具(1)/bijiben\n  rotate: false\n  xy: 1, 139\n  size: 40, 22\n  orig: 40, 22\n  offset: 0, 0\n  index: -1\n角色文件-道具(1)/眼睛睁1\n  rotate: false\n  xy: 106, 49\n  size: 5, 9\n  orig: 5, 9\n  offset: 0, 0\n  index: -1\n角色文件-道具(1)/眼睛睁2\n  rotate: false\n  xy: 115, 35\n  size: 6, 10\n  orig: 6, 10\n  offset: 0, 0\n  index: -1\n角色文件-道具(1)/闭眼2\n  rotate: false\n  xy: 96, 150\n  size: 6, 3\n  orig: 6, 3\n  offset: 0, 0\n  index: -1\n角色文件-道具(1)/闭眼1\n  rotate: false\n  xy: 96, 145\n  size: 7, 3\n  orig: 7, 3\n  offset: 0, 0\n  index: -1\n奶茶图标及厨师制作完成/奶茶1\n  rotate: false\n  xy: 43, 139\n  size: 23, 35\n  orig: 23, 35\n  offset: 0, 0\n  index: -1\nchengxuyuan-pigu/左手\n  rotate: false\n  xy: 26, 163\n  size: 13, 34\n  orig: 13, 34\n  offset: 0, 0\n  index: -1\nicon_sq02\n  rotate: false\n  xy: 1, 163\n  size: 23, 24\n  orig: 23, 24\n  offset: 0, 0\n  index: -1\n角色文件-发怒表情/头部_5\n  rotate: false\n  xy: 1, 70\n  size: 68, 67\n  orig: 68, 67\n  offset: 0, 0\n  index: -1\nicon_sq01\n  rotate: false\n  xy: 71, 49\n  size: 33, 34\n  orig: 33, 34\n  offset: 0, 0\n  index: -1\n角色文件-吃蛋糕/cake_m\n  rotate: false\n  xy: 71, 85\n  size: 40, 26\n  orig: 40, 26\n  offset: 0, 0\n  index: -1\n角色文件-吃蛋糕/saozi\n  rotate: false\n  xy: 96, 136\n  size: 30, 7\n  orig: 30, 7\n  offset: 0, 0\n  index: -1\n",["ChengXuYuan.png"],{"skeleton":{"width":205.39,"height":150.7,"fps":24,"hash":" ","name":"Armature"},"bones":[{"name":"root"},{"x":-61.05,"y":129,"name":"icon_sq01","parent":"root"},{"length":20,"x":-41.75,"y":39.8,"rotation":-1.2364,"name":"bijiben","parent":"root"},{"x":49.8,"y":104.75,"name":"icon_sq02","parent":"root"},{"length":11,"x":-1.2,"y":35.9,"rotation":-90,"name":"qun_zi","parent":"root"},{"inheritScale":false,"length":12,"x":6.85,"y":7.1,"rotation":4.98,"name":"zuotui_shang","parent":"qun_zi","transform":"noScale"},{"inheritScale":false,"length":10,"x":7.3,"y":-6,"rotation":9.6824,"name":"youtui_shang","parent":"qun_zi","transform":"noScale"},{"inheritScale":false,"length":15,"x":7.75,"y":2.85,"rotation":88.4725,"name":"PiGu","parent":"qun_zi","transform":"noScale"},{"length":28,"x":-3.1,"y":-1.3771,"rotation":177.572,"name":"shen_ti","parent":"qun_zi"},{"inheritScale":false,"length":15,"x":28.0765,"y":-13.6935,"rotation":-164.1292,"name":"zuoshou_shang","parent":"shen_ti","transform":"noScale"},{"inheritScale":false,"length":13,"x":22.9591,"y":7.1049,"rotation":174.6956,"name":"youshou_shang","parent":"shen_ti","transform":"noScale"},{"length":19,"x":13.0355,"y":0.4184,"rotation":6.357,"name":"zuotui_xia","parent":"zuotui_shang"},{"length":15,"x":11.1072,"y":0.5888,"rotation":3.6295,"name":"youtui_xia","parent":"youtui_shang"},{"inheritScale":false,"length":57,"x":32.9607,"y":0.4468,"rotation":-7.2392,"name":"tou","parent":"shen_ti","transform":"noScale"},{"length":14,"x":14.3285,"y":-0.3292,"rotation":16.0132,"name":"youshou_xia","parent":"youshou_shang"},{"x":16.974,"y":16.1801,"name":"yanjing","parent":"tou"},{"x":2.6251,"y":18.8311,"name":"head22","parent":"tou"},{"length":17,"x":15.6185,"y":0.0487,"rotation":-8.2809,"name":"zuoshou_xia","parent":"zuoshou_shang"},{"x":-1.8637,"y":8.5586,"name":"right_eye","parent":"yanjing"},{"x":5.0309,"y":10.3649,"name":"head2","parent":"yanjing"},{"x":6.0582,"y":-10.2554,"name":"head21","parent":"yanjing"},{"x":-1.6896,"y":-7.9466,"name":"left_eye","parent":"yanjing"},{"x":32.5346,"y":69.0309,"rotation":84.8381,"name":"cake_m","parent":"zuoshou_xia"},{"length":27,"x":40.7839,"y":-109.1841,"rotation":173.353,"name":"tea1","parent":"zuoshou_xia"},{"length":28,"x":13.3,"y":-16.1,"rotation":-172.1535,"name":"saozi","parent":"cake_m"},{"length":10,"x":28.7624,"y":-0.1046,"rotation":-63.4474,"name":"tea111","parent":"tea1"}],"slots":[{"name":"shadow","bone":"root","attachment":"shadow"},{"name":"PiGu","bone":"PiGu","attachment":"chengxuyuan-pigu/屁股"},{"name":"youshou_shang","bone":"youshou_shang","attachment":"youshou_shang"},{"name":"youtui_shang","bone":"youtui_shang","attachment":"youtui_shang"},{"name":"zuotui_shang","bone":"zuotui_shang","attachment":"zuotui_shang"},{"name":"shen_ti","bone":"shen_ti","attachment":"shen_ti"},{"name":"tou52","bone":"tou","attachment":"tou52"},{"name":"bijiben","bone":"bijiben","attachment":"bijiben"},{"name":"eyeoplen1","bone":"right_eye","attachment":"eyeoplen1"},{"name":"eyeopen2","bone":"left_eye","attachment":"eyeopen2"},{"name":"right_eye","bone":"right_eye","attachment":"right_eye"},{"name":"left_eye","bone":"left_eye","attachment":"left_eye"},{"name":"tea1","bone":"tea1","attachment":"tea1"},{"name":"zuoshou_shang","bone":"zuoshou_shang","attachment":"zuoshou_shang"},{"name":"icon_sq02","bone":"icon_sq02","attachment":"icon_sq02"},{"name":"tou5","bone":"tou","attachment":"tou5"},{"name":"icon_sq01","bone":"icon_sq01","attachment":"icon_sq01"},{"name":"cake_m","bone":"cake_m","attachment":"角色文件-吃蛋糕/cake_m"},{"name":"saozi","bone":"saozi","attachment":"角色文件-吃蛋糕/saozi"}],"skins":{"default":{"left_eye":{"left_eye":{"name":"left_eye","width":7,"height":3,"x":0.67,"y":-0.72,"rotation":-80.33,"path":"角色文件-道具(1)/闭眼1"}},"zuotui_shang":{"zuotui_shang":{"name":"zuotui_shang","width":23,"height":41,"hull":7,"path":"chengxuyuan-pigu/左腿","type":"mesh","triangles":[7,8,3,9,6,10,9,10,1,0,9,1,4,7,5,10,6,5,6,4,5,7,3,5,7,2,8,4,2,7,6,2,4,9,2,6,0,2,9],"uvs":[0,0,1,0,0,1,1,1,0.38464,0.55844,1,0.53283,0.33898,0.48161,0.44768,0.63649,0.52811,1,0.12159,0.17551,1,0.18039],"edges":[0,2,2,20,4,16,6,10,6,16,10,20,4,0],"vertices":[1,4,-1.85,-5.8,1,1,4,-1.85,17.2,1,1,11,16.13,-17.97,1,1,11,20.65,4.58,1,2,11,0.13,-5.73,0.53,5,13.79,-5.27,0.47,2,5,13.98,8.92,0.5,11,1.88,8.35,0.5,2,5,10.57,-6.04,0.94,11,-3.17,-6.15,0.06,2,11,3.55,-4.94,0.91,5,17.11,-4.1,0.09,1,11,18.52,-6.06,1,2,4,5.35,-3,0.89,5,-2.37,-9.93,0.11,2,4,5.55,17.2,0.9,5,-0.42,10.17,0.1]}},"zuoshou_shang":{"zuoshou_shang":{"name":"zuoshou_shang","width":13,"height":34,"hull":7,"path":"chengxuyuan-pigu/左手","type":"mesh","triangles":[5,8,4,4,8,6,7,10,9,4,6,9,9,10,0,6,7,9,8,7,6,5,7,8,3,2,4,2,5,4,1,5,2,7,5,10,5,1,10],"uvs":[1,1,0,0.11618,0.26923,0,0.63077,0,0.8,0.12941,0.12308,0.27353,0.89231,0.44559,0.3,0.50882,0.87692,0.39559,0.91154,0.51029,0.47692,1],"edges":[0,18,2,4,2,20,4,6,6,8,8,18,20,0],"vertices":[1,17,16.53,2.42,1,1,9,0.07,-5.59,1,1,9,-2.96,-1.27,1,1,9,-1.86,3.3,1,1,9,2.93,4.42,1,1,9,5.65,-5.28,1,2,9,13.66,3.08,0.48,17,-2.37,2.72,0.52,2,9,13.96,-4.9,0.5,17,-0.92,-5.14,0.5,2,9,11.96,3.29,0.9,17,-4.08,2.68,0.1,2,17,-0.16,2.77,0.9,9,15.86,2.82,0.1,1,17,15.91,-4.35,1]}},"shen_ti":{"shen_ti":{"name":"shen_ti","width":42,"height":46,"x":12.62,"y":-7.03,"rotation":-87.57,"path":"角色文件(2)/身体_1"}},"tou52":{"tou52":{"name":"tou52","width":68,"height":67,"hull":5,"path":"角色文件-道具(1)/头部_5","type":"mesh","triangles":[0,32,1,21,20,3,20,19,3,22,21,3,30,22,3,1,32,3,32,30,3,31,27,32,0,31,32,32,28,30,28,22,30,27,28,32,28,21,22,23,11,21,27,23,28,23,21,28,11,13,21,13,20,21,24,9,23,27,24,23,9,11,23,9,5,11,5,13,11,25,24,27,8,5,9,24,8,9,12,20,13,12,13,5,4,12,5,24,25,8,25,7,8,4,5,8,7,4,8,12,19,20,26,6,25,6,10,4,10,12,4,6,4,7,25,6,7,10,18,12,18,19,12,26,10,6,26,14,10,14,15,10,15,16,10,16,18,10,18,2,19,15,14,31,17,2,18,16,17,18,0,15,31,16,15,17,15,2,17,0,2,15,26,25,27,14,26,27,31,14,27],"uvs":[0,0,1,0,0,1,1,1,0.23902,0.81487,0.33019,0.83502,0.19711,0.77233,0.23902,0.77158,0.33387,0.79248,0.38019,0.81711,0.17358,0.82382,0.39711,0.86114,0.21181,0.88427,0.34417,0.90815,0.08534,0.68875,0.02137,0.81711,0.06328,0.87308,0.05961,0.94173,0.09784,0.95367,0.13975,1,0.30961,0.98875,0.50593,0.98203,0.63461,0.93054,0.44784,0.80517,0.35814,0.76039,0.25372,0.72681,0.16917,0.71934,0.37578,0.67457,0.56696,0.77755,0.72284,0.8283,0.72284,0.8283,0.0949,0.50367,0.65667,0.59696],"edges":[0,2,2,6,4,38,6,38,4,0,30,32,34,36,28,54,60,58],"vertices":[53.84,42.1,63.05,-25.27,-12.54,33.02,-3.33,-34.35,1.94,18.6,1.45,12.27,4.38,21.81,4.82,18.99,4.3,12.41,3.1,9.07,0.75,22.93,0.33,7.53,-2.91,19.8,-3.28,10.67,8.9,30.1,-0.21,33.24,-3.54,29.91,-8.13,29.53,-8.57,26.85,-11.26,23.61,-8.95,12.26,-6.69,-0.9,-2.09,-9.1,4.51,4.62,6.66,11.07,7.92,18.41,7.64,24.17,12.52,10.66,7.44,-3.16,5.51,-14.12,5.51,-14.12,21.27,31.13,20.26,-7.56]}},"tou5":{"tou5":{"name":"tou5","width":68,"height":67,"hull":36,"path":"角色文件-发怒表情/头部_5","type":"mesh","triangles":[7,6,8,6,39,9,39,41,9,41,10,9,8,6,9,3,2,6,2,39,6,45,11,10,41,45,10,45,12,11,1,39,2,5,3,6,4,3,5,1,35,39,35,37,39,28,37,35,0,35,1,37,38,39,45,47,12,47,13,12,47,14,13,44,47,45,38,45,41,39,38,41,37,36,38,38,44,45,46,47,44,47,15,14,43,46,44,38,36,44,36,43,44,31,28,35,29,28,31,16,15,47,46,16,47,17,16,46,42,25,43,34,31,35,37,40,36,42,43,36,40,42,36,43,25,46,25,23,46,23,20,46,20,17,46,33,31,34,19,18,17,20,19,17,26,40,37,28,26,37,26,25,40,40,25,42,22,21,23,23,21,20,27,26,28,30,29,31,33,32,31,24,23,25],"uvs":[0.32353,0,0.44118,0.01493,0.61765,0,0.70588,0.0209,0.73529,0.00224,0.80882,0.03209,0.82353,0.1194,0.92647,0.12612,0.99999,0.22313,0.98529,0.51045,0.86831,0.85299,0.62279,0.95746,0.54412,0.92537,0.48235,0.98507,0.38235,0.99999,0.27941,0.98507,0.25,0.97015,0.13235,0.98507,0.0375,0.96343,0.04412,0.86567,0.05882,0.85075,0.01471,0.8209,0,0.77612,0.02941,0.73134,0.01471,0.68582,0.07353,0.65672,0.04191,0.50746,0.00001,0.34328,0.05882,0.32836,0.02941,0.25373,0,0.20746,0.04412,0.14925,0.00001,0.09894,0.05221,0.0558,0.14706,0.02985,0.20588,0.04478,0.24327,0.58099,0.16533,0.49741,0.37991,0.59144,0.48042,0.53845,0.13371,0.54442,0.50926,0.58994,0.13812,0.63099,0.2146,0.65636,0.38538,0.65785,0.48126,0.67054,0.23874,0.80412,0.32593,0.86457],"edges":[0,2,2,4,4,6,6,8,8,10,10,12,12,14,14,16,16,18,18,20,20,22,22,24,24,26,26,28,28,30,30,32,32,34,34,36,36,38,38,40,40,42,42,44,44,46,46,48,48,50,50,52,52,54,54,56,56,58,58,60,60,62,62,64,64,66,66,68,68,70,70,0],"vertices":[1,13,56.74,22,1,1,13,57.06,14.15,1,2,13,60.16,1.94,1,21,44.87,-6.29,0.01,1,13,59.6,-3.12,1,1,13,61.37,-6.07,1,1,13,60.13,-10.69,1,1,13,54.53,-12.66,1,1,13,55.36,-20.23,1,1,13,49.66,-25.48,1,1,13,30.72,-28.89,1,1,13,6.65,-24.27,1,1,13,-3.11,-8.63,1,1,13,-1.89,-3,1,1,13,-7.53,0.3,1,1,13,-8.6,6.61,1,1,13,-9.75,13.36,1,1,13,-8.21,16.21,1,1,13,-10.54,23.93,1,1,13,-10.19,30.53,1,1,13,-3.66,31.19,1,1,13,-2.51,30.37,1,1,13,-1.04,33.67,1,1,13,2.59,35.3,1,1,13,5.04,33.69,1,1,13,7.72,36.17,1,1,13,10.48,31.57,1,1,13,19.97,35.37,1,1,13,30.49,40.05,1,1,13,32,36.25,1,1,13,36.59,39.06,1,1,13,39.31,41.55,1,1,13,43.66,39.25,1,1,13,46.53,42.78,1,1,13,50.75,39.9,1,1,13,53.71,33.86,1,1,13,52.41,29.58,1,2,18,2.3,-3.69,0.93,19,-4.59,-5.5,0.07,1,19,0.04,0.67,1,2,21,3.03,3.38,0.94,20,-4.72,5.69,0.06,1,20,-0.06,-0.52,1,2,18,3.47,4.06,0.88,19,-3.43,2.26,0.12,2,21,4.61,-5.33,0.88,20,-3.14,-3.02,0.12,1,18,-2.2,2.79,1,1,18,-3,-2.62,1,1,21,-1.29,2.24,1,1,21,-1.04,-4.31,1,1,16,0,0,1,2,13,-0.36,12.24,0.85,16,-2.98,-6.59,0.15]}},"eyeoplen1":{"eyeoplen1":{"name":"eyeoplen1","width":5,"height":9,"x":0.27,"y":-0.17,"rotation":-80.33,"path":"角色文件-道具(1)/眼睛睁1"}},"shadow":{"shadow":{"name":"shadow","width":53,"height":11,"x":0.98,"y":0.28,"path":"角色文件(1)/椭圆_1"}},"PiGu":{"chengxuyuan-pigu/屁股":{"name":"chengxuyuan-pigu/屁股","width":27,"height":21,"x":2.87,"y":2.35,"rotation":1.53}},"right_eye":{"right_eye":{"name":"right_eye","width":6,"height":3,"x":-0.35,"y":-0.4,"rotation":-80.33,"path":"角色文件-道具(1)/闭眼2"}},"youshou_shang":{"youshou_shang":{"name":"youshou_shang","width":12,"height":32,"hull":10,"path":"chengxuyuan-pigu/右手","type":"mesh","triangles":[4,7,8,6,4,8,2,3,9,7,2,9,6,8,1,0,6,1,7,9,5,8,7,5],"uvs":[0.04167,0,0.95833,0,0.04167,1,0.95833,1,0.04167,0.43437,0.95833,0.52031,0.04167,0.35625,0.04167,0.51406,0.95833,0.45937,0.95833,0.5875],"edges":[0,2,2,16,4,6,4,14,6,18,8,12,8,14,10,16,10,18,12,0],"vertices":[1,10,-3.11,-9.63,1,1,10,-4.59,1.27,1,1,14,10.21,-8.02,1,1,14,11.4,2.92,1,2,10,10.66,-7.76,0.5,14,-7.78,-6.06,0.5,2,10,11.91,3.51,0.51,14,-3.86,4.58,0.49,2,10,8.18,-8.09,0.88,14,-10.27,-5.79,0.12,2,10,13.19,-7.41,0.11,14,-5.25,-6.33,0.89,2,10,9.97,3.25,0.92,14,-5.8,4.79,0.08,2,10,14.04,3.8,0.11,14,-1.72,4.35,0.89]}},"youtui_shang":{"youtui_shang":{"name":"youtui_shang","width":14,"height":36,"hull":12,"path":"chengxuyuan-pigu/右腿","type":"mesh","triangles":[7,6,9,6,8,9,11,2,3,5,11,10,11,3,10,6,7,1,0,6,1,9,8,4,8,5,4,5,10,4],"uvs":[0.03571,0.01389,0.96429,0.01389,0.03571,0.98611,0.96429,0.98611,0.96429,0.53828,0.03571,0.54938,0.03571,0.21605,0.96429,0.22578,0.03571,0.47994,0.96429,0.46605,0.96429,0.61188,0.03571,0.62439],"edges":[0,2,2,14,4,6,4,22,6,20,8,18,8,20,10,16,10,22,12,16,14,18,12,0],"vertices":[1,8,-1.5,12.45,1,1,8,-0.95,-0.54,1,1,12,12.32,-11.85,1,1,12,15.31,0.8,1,2,12,-0.37,4.51,0.5,6,10.45,5.06,0.5,2,6,8.66,-7.82,0.5,12,-2.98,-8.23,0.5,2,8,-8.77,12.14,0.95,6,-3.17,-5.8,0.05,2,8,-8.57,-0.86,0.94,6,-0.64,6.96,0.06,2,6,6.19,-7.4,0.86,12,-5.41,-7.66,0.14,2,6,7.89,5.5,0.85,12,-2.9,5.11,0.15,2,12,2.21,3.9,0.84,6,13.06,4.62,0.16,2,6,11.32,-8.27,0.14,12,-0.35,-8.86,0.86]}},"tea1":{"tea1":{"name":"tea1","width":23,"height":35,"hull":10,"path":"奶茶图标及厨师制作完成/奶茶1","type":"mesh","triangles":[6,0,7,0,9,7,7,9,8,4,3,5,3,6,5,1,0,6,2,1,6,3,2,6],"uvs":[0,0.35143,0.28913,0.14714,0.43478,0.08143,0.76087,0,1,0,0.99565,0.13857,0.73261,0.18571,1,0.35286,1,1,0,1],"edges":[0,2,2,4,4,6,6,8,8,10,10,12,12,14,14,16,16,18,18,0],"vertices":[1,23,21.44,11.78,1,2,23,28.76,5.32,0.9,25,-4.85,2.42,0.1,2,23,31.15,2.03,0.03,25,-0.84,3.09,0.97,1,25,7.16,2.49,1,1,25,12.14,0.16,1,1,25,10,-4.19,1,2,23,27.68,-4.91,0.86,25,3.82,-3.12,0.14,1,23,21.99,-11.21,1,1,23,-0.65,-11.8,1,1,23,-1.25,11.19,1]}},"cake_m":{"角色文件-吃蛋糕/cake_m":{"name":"角色文件-吃蛋糕/cake_m","width":40,"height":26,"x":0.21,"y":6.24}},"icon_sq02":{"icon_sq02":{"name":"icon_sq02","width":23,"height":24,"x":0.21,"y":-0.65}},"bijiben":{"bijiben":{"name":"bijiben","width":40,"height":22,"x":7.3,"y":2.83,"rotation":1.24,"path":"角色文件-道具(1)/bijiben"}},"icon_sq01":{"icon_sq01":{"name":"icon_sq01","width":33,"height":34,"x":0.23,"y":-1.52}},"eyeopen2":{"eyeopen2":{"name":"eyeopen2","width":6,"height":10,"x":0.1,"y":-0.79,"rotation":-80.33,"path":"角色文件-道具(1)/眼睛睁2"}},"saozi":{"角色文件-吃蛋糕/saozi":{"name":"角色文件-吃蛋糕/saozi","width":30,"height":7,"x":14.44,"y":0.28,"rotation":172.15}}}},"animations":{"move":{"bones":{"qun_zi":{"translate":[{"time":0,"curve":[0.5,0,0.5,1]},{"time":0.3333,"x":-1.32,"y":2,"curve":[0.5,0,0.5,1]},{"time":0.625,"curve":[0.5,0,0.5,1]},{"time":1,"x":-0.3,"y":2,"curve":[0.5,0,0.5,1]},{"time":1.25}],"rotate":[{"time":0,"angle":0,"curve":[0.5,0,0.5,1]},{"time":0.5833,"angle":0.01},{"time":0.625,"angle":0}],"shear":[{"time":0,"curve":[0.5,0,0.5,1]},{"time":0.5833},{"time":0.625}]},"shen_ti":{"translate":[{"time":0,"curve":[0,0,0.5,1]},{"time":0.2917,"x":-1.82,"curve":[0,0,0.5,1]},{"time":0.6667,"x":-0.17,"curve":[0,0,0.5,1]},{"time":0.9584,"x":-1.89,"curve":[0,0,0.5,1]},{"time":1.2501}],"rotate":[{"time":0,"angle":0,"curve":[0.5,0,0.5,1]},{"time":0.2917,"angle":-0.08},{"time":0.6667,"angle":0,"curve":[0.5,0,0.5,1]},{"time":0.9584,"angle":1.67},{"time":1.2501,"angle":0}],"shear":[{"time":0,"curve":[0.5,0,0.5,1]},{"time":0.2917},{"time":0.6667,"curve":[0.5,0,0.5,1]},{"time":0.9584},{"time":1.2501}]},"tou":{"rotate":[{"time":0,"angle":3.92,"curve":[0.5,0,0.5,1]},{"time":0.2083,"angle":6.8},{"time":0.4583,"angle":3.24},{"time":0.875,"angle":6.36},{"time":1.0833,"angle":4.63},{"time":1.25,"angle":3.92}],"shear":[{"time":0,"curve":[0.5,0,0.5,1]},{"time":0.2083},{"time":0.4583},{"time":0.875},{"time":1.0833},{"time":1.25}]},"youshou_shang":{"translate":[{"time":0,"x":-4.87,"y":3.74,"curve":[0.5,0,1,1]},{"time":0.2917,"x":-5.12,"y":1.81},{"time":0.625,"x":-4.16,"y":2.91,"curve":[0.5,0,1,1]},{"time":0.9583,"x":-4.6,"y":3.5},{"time":1.25,"x":-4.87,"y":3.74}],"rotate":[{"time":0,"angle":20.21},{"time":0.625,"angle":-22.1},{"time":1.25,"angle":20.21}],"shear":[{"time":0},{"time":0.625},{"time":1.25}]},"youshou_xia":{"rotate":[{"time":0,"angle":0,"curve":[0.5,0,0.5,1]},{"time":0.3333,"angle":5.36,"curve":[0.5,0,0.5,1]},{"time":0.9583,"angle":-22.64,"curve":[0.5,0,0.5,1]},{"time":1.25,"angle":0}],"shear":[{"time":0,"curve":[0.5,0,0.5,1]},{"time":0.3333,"curve":[0.5,0,0.5,1]},{"time":0.9583,"curve":[0.5,0,0.5,1]},{"time":1.25}]},"zuoshou_shang":{"translate":[{"time":0,"x":-1.97,"y":3.8}],"rotate":[{"time":0,"angle":2.11},{"time":0.25,"angle":-4.49},{"time":0.625,"angle":2.38},{"time":0.9167,"angle":-3.82},{"time":1.25,"angle":2.11}],"shear":[{"time":0},{"time":0.25},{"time":0.625},{"time":0.9167},{"time":1.25}]},"zuoshou_xia":{"rotate":[{"time":0,"angle":-13.37},{"time":0.25,"angle":-3.15},{"time":0.625,"angle":-12.35},{"time":0.9167,"angle":-6},{"time":1.25,"angle":-13.37}],"shear":[{"time":0},{"time":0.25},{"time":0.625},{"time":0.9167},{"time":1.25}]},"youtui_shang":{"translate":[{"time":0,"x":3.72,"y":0.43},{"time":0.625,"x":4.11,"y":2.95},{"time":1.25,"x":3.72,"y":0.43}],"rotate":[{"time":0,"angle":-28.57},{"time":0.625,"angle":24.76},{"time":1.25,"angle":-28.57}],"shear":[{"time":0},{"time":0.625},{"time":1.25}]},"youtui_xia":{"rotate":[{"time":0,"angle":0},{"time":0.625,"angle":0},{"time":0.9167,"angle":51.32},{"time":1.25,"angle":0}],"shear":[{"time":0},{"time":0.625},{"time":0.9167},{"time":1.25}]},"zuotui_shang":{"translate":[{"time":0},{"time":0.625,"x":3.39,"y":-4.17},{"time":1.25}],"rotate":[{"time":0,"angle":20.03},{"time":0.625,"angle":-34.21},{"time":1.25,"angle":20.03}],"shear":[{"time":0},{"time":0.625},{"time":1.25}]},"zuotui_xia":{"rotate":[{"time":0,"angle":-7.8},{"time":0.25,"angle":34.96},{"time":0.625,"angle":-3.9},{"time":1.25,"angle":-7.8}],"shear":[{"time":0},{"time":0.25},{"time":0.625},{"time":1.25}]},"PiGu":{"translate":[{"time":0,"x":-2.14,"y":-2.87},{"time":0.6667,"x":-2.42,"y":-4.15},{"time":1.25,"x":-2.14,"y":-2.87}]}},"slots":{"shadow":{"color":[{"time":0,"color":"FFFFFF7F"}]},"bijiben":{"color":[{"time":0,"color":"FFFFFF00"}]},"eyeoplen1":{"color":[{"time":0,"color":"FFFFFFFF"},{"time":0.75,"color":"FFFFFFFF"},{"time":0.7917,"color":"FFFFFF00"},{"time":0.875,"color":"FFFFFFFF"}]},"eyeopen2":{"color":[{"time":0,"color":"FFFFFFFF"},{"time":0.75,"color":"FFFFFFFF"},{"time":0.7917,"color":"FFFFFF00"},{"time":0.875,"color":"FFFFFFFF"}]},"right_eye":{"color":[{"time":0,"color":"FFFFFF00"},{"time":0.75,"color":"FFFFFF00"},{"time":0.7917,"color":"FFFFFFFF"},{"time":0.875,"color":"FFFFFF00"}]},"left_eye":{"color":[{"time":0,"color":"FFFFFF00"},{"time":0.75,"color":"FFFFFF00"},{"time":0.7917,"color":"FFFFFFFF"},{"time":0.875,"color":"FFFFFF00"}]},"tou5":{"color":[{"time":0,"color":"FFFFFF00"}]},"icon_sq01":{"color":[{"time":0,"color":"FFFFFF00"}]},"icon_sq02":{"color":[{"time":0,"color":"FFFFFF00"}]},"tea1":{"color":[{"time":0,"color":"FFFFFF00"}]},"cake_m":{"color":[{"time":0,"color":"FFFFFF00"}]},"saozi":{"color":[{"time":0,"color":"FFFFFF00"}]}}},"stand":{"bones":{"qun_zi":{"rotate":[{"time":0,"angle":-58.68}],"shear":[{"time":0}]},"bijiben":{"translate":[{"time":0,"x":21.54,"y":-5.85}],"rotate":[{"time":0,"angle":5.28}],"shear":[{"time":0}]},"youtui_shang":{"translate":[{"time":0,"x":5.69,"y":7.21}]},"shen_ti":{"rotate":[{"time":0,"angle":57.94},{"time":0.4167,"angle":57.94},{"time":0.5,"angle":57.17},{"time":0.9167,"angle":57.94},{"time":0.9584,"angle":57.03},{"time":1.1667,"angle":57.94},{"time":1.25,"angle":56.76},{"time":1.5833,"angle":53.35},{"time":3.0416,"angle":53.35},{"time":3.3333,"angle":48.2},{"time":4.4166,"angle":48.2},{"time":4.7916,"angle":57.94}],"shear":[{"time":0},{"time":0.4167},{"time":0.5},{"time":0.9167},{"time":0.9584},{"time":1.1667},{"time":1.25},{"time":1.5833},{"time":3.0416},{"time":3.3333},{"time":4.4166},{"time":4.7916}]},"zuotui_shang":{"translate":[{"time":0,"x":-0.76,"y":-0.88}]},"youtui_xia":{"rotate":[{"time":0,"angle":57.68}],"shear":[{"time":0}]},"zuotui_xia":{"rotate":[{"time":0,"angle":56.89}],"shear":[{"time":0}]},"youshou_shang":{"translate":[{"time":0,"x":-8.94,"y":4.7}],"rotate":[{"time":0,"angle":-12.19}],"shear":[{"time":0}]},"tou":{"rotate":[{"time":0,"angle":28.63},{"time":0.4167,"angle":26.67},{"time":0.5,"angle":29.24},{"time":0.9167,"angle":28.63},{"time":1,"angle":30.01},{"time":1.1667,"angle":28.63},{"time":1.25,"angle":29.61},{"time":1.5833,"angle":26.99},{"time":3.3333,"angle":24.99},{"time":3.625,"angle":23.51},{"time":4.0417,"angle":26.63},{"time":4.4167,"angle":23.06},{"time":4.7917,"angle":28.63}],"shear":[{"time":0},{"time":0.4167},{"time":0.5},{"time":0.9167},{"time":1},{"time":1.1667},{"time":1.25},{"time":1.5833},{"time":3.3333},{"time":3.625},{"time":4.0417},{"time":4.4167},{"time":4.7917}]},"zuoshou_shang":{"translate":[{"time":0,"x":-5.23,"y":3.48},{"time":0.4167,"x":-4.78,"y":3.51},{"time":0.5,"x":-5.53,"y":3.39},{"time":0.9583,"x":-5.53,"y":3.39},{"time":1.0416,"x":-5.07,"y":3.89},{"time":1.1666,"x":-5.27,"y":3.64},{"time":1.2499,"x":-5.51,"y":3.09},{"time":1.5832,"x":-5.7,"y":3.28},{"time":2.9165,"x":-5.7,"y":3.28},{"time":4.4165,"x":-6.97,"y":3.39},{"time":4.7915,"x":-5.23,"y":3.48}],"rotate":[{"time":0,"angle":-33.58},{"time":0.4167,"angle":-27.14},{"time":0.5,"angle":-23.41},{"time":0.9583,"angle":-27.14},{"time":1.0416,"angle":-21.6},{"time":1.1666,"angle":-27.14},{"time":1.2499,"angle":-25},{"time":1.5832,"angle":-31.34},{"time":2.9165,"angle":-31.34},{"time":3.0832,"angle":-71.91},{"time":3.3332,"angle":-159.28},{"time":3.6249,"angle":-145.87},{"time":3.9999,"angle":-162.76},{"time":4.4166,"angle":-134.64},{"time":4.7916,"angle":-33.58}],"shear":[{"time":0},{"time":0.4167},{"time":0.5},{"time":0.9583},{"time":1.0416},{"time":1.1666},{"time":1.2499},{"time":1.5832},{"time":2.9165},{"time":3.0832},{"time":3.3332},{"time":3.6249},{"time":3.9999},{"time":4.4166},{"time":4.7916}]},"youshou_xia":{"rotate":[{"time":0,"angle":-29.29},{"time":3,"angle":-29.29},{"time":3.5,"angle":-20.91},{"time":4.7917,"angle":-29.29}],"shear":[{"time":0},{"time":3},{"time":3.5},{"time":4.7917}]},"zuoshou_xia":{"translate":[{"time":0},{"time":2.9167},{"time":4.4167,"x":-1.97,"y":0.96},{"time":4.7917}],"rotate":[{"time":0,"angle":-18.32},{"time":0.4167,"angle":-38.72},{"time":0.5,"angle":-18.42},{"time":0.9583,"angle":-38.72},{"time":1.0416,"angle":-18.42},{"time":1.1666,"angle":-38.72},{"time":1.2499,"angle":-18.42},{"time":2.9166,"angle":-18.42},{"time":3.0833,"angle":-131.56},{"time":3.3333,"angle":-40.45},{"time":3.625,"angle":-56.9},{"time":4,"angle":-42.67},{"time":4.4167,"angle":-82.64},{"time":4.7917,"angle":-18.32}],"shear":[{"time":0},{"time":0.4167},{"time":0.5},{"time":0.9583},{"time":1.0416},{"time":1.1666},{"time":1.2499},{"time":2.9166},{"time":3.0833},{"time":3.3333},{"time":3.625},{"time":4},{"time":4.4167},{"time":4.7917}]},"yanjing":{"translate":[{"time":0},{"time":1.5833},{"time":1.75,"x":-1.18,"y":1.36},{"time":2.2917,"x":-1.18,"y":1.36},{"time":2.4167,"x":-1.42,"y":0.33},{"time":4.4167,"x":-1.42,"y":0.33},{"time":4.7917}]},"PiGu":{"translate":[{"time":0,"x":-13.6,"y":1.79}],"rotate":[{"time":0,"angle":-153.3}],"shear":[{"time":0}]},"icon_sq01":{"translate":[{"time":0},{"time":4.7917,"x":251.39},{"time":6.7917}]}},"slots":{"shadow":{"color":[{"time":0,"color":"FFFFFF00"}]},"eyeoplen1":{"color":[{"time":0,"color":"FFFFFFFF"},{"time":3.3333,"color":"FFFFFFFF"},{"time":3.375,"color":"FFFFFF00"},{"time":3.4583,"color":"FFFFFFFF"}]},"eyeopen2":{"color":[{"time":0,"color":"FFFFFFFF"},{"time":3.3333,"color":"FFFFFFFF"},{"time":3.375,"color":"FFFFFF00"},{"time":3.4583,"color":"FFFFFFFF"}]},"right_eye":{"color":[{"time":0,"color":"FFFFFF00"},{"time":3.3333,"color":"FFFFFFFF"},{"time":3.4583,"color":"FFFFFFFF"},{"time":4.7916,"color":"FFFFFF00"}]},"left_eye":{"color":[{"time":0,"color":"FFFFFF00"},{"time":3.3333,"color":"FFFFFFFF"},{"time":3.4583,"color":"FFFFFFFF"},{"time":4.7916,"color":"FFFFFF00"}]},"tou5":{"color":[{"time":0,"color":"FFFFFF00"}]},"icon_sq01":{"color":[{"time":0,"color":"FFFFFF00"}]},"icon_sq02":{"color":[{"time":0,"color":"FFFFFF00"}]},"tea1":{"color":[{"time":0,"color":"FFFFFF00"}]},"cake_m":{"color":[{"time":0,"color":"FFFFFF00"}]},"saozi":{"color":[{"time":0,"color":"FFFFFF00"}]}}},"angry":{"bones":{"qun_zi":{"rotate":[{"time":0,"angle":-58.68}],"shear":[{"time":0}]},"bijiben":{"translate":[{"time":0,"x":21.54,"y":-5.85}],"rotate":[{"time":0,"angle":5.28},{"time":0.1667,"angle":5.28},{"time":0.2084,"angle":2.16},{"time":0.2501,"angle":-6.89},{"time":0.2918,"angle":2.73},{"time":0.4168,"angle":5.28}],"shear":[{"time":0},{"time":0.1667},{"time":0.2084},{"time":0.2501},{"time":0.2918},{"time":0.4168}]},"youtui_shang":{"translate":[{"time":0,"x":5.69,"y":7.21}]},"shen_ti":{"rotate":[{"time":0,"angle":56.67},{"time":0.2083,"angle":55.29},{"time":0.4166,"angle":56.67}],"scale":[{"time":0,"x":1,"y":1},{"time":0.2083,"x":1.14,"y":1.14},{"time":0.4166,"x":1,"y":1}],"shear":[{"time":0},{"time":0.2083},{"time":0.4166}]},"zuotui_shang":{"translate":[{"time":0,"x":-0.76,"y":-0.88}]},"youtui_xia":{"rotate":[{"time":0,"angle":57.68}],"shear":[{"time":0}]},"zuotui_xia":{"rotate":[{"time":0,"angle":56.89}],"shear":[{"time":0}]},"youshou_shang":{"translate":[{"time":0,"x":-8.94,"y":4.7}],"rotate":[{"time":0,"angle":-12.19}],"shear":[{"time":0}]},"tou":{"rotate":[{"time":0,"angle":-4.38},{"time":0.125,"angle":2.69},{"time":0.2917,"angle":-4.34},{"time":0.4167,"angle":-4.38}],"shear":[{"time":0},{"time":0.125},{"time":0.2917},{"time":0.4167}]},"zuoshou_shang":{"translate":[{"time":0,"x":-4.31,"y":3.81}],"rotate":[{"time":0,"angle":-14.67},{"time":0.0833,"angle":-13.82},{"time":0.1666,"angle":-16.8},{"time":0.2083,"angle":-22.84},{"time":0.2916,"angle":-25.72},{"time":0.4166,"angle":-14.67}],"shear":[{"time":0},{"time":0.0833},{"time":0.1666},{"time":0.2083},{"time":0.2916},{"time":0.4166}]},"youshou_xia":{"rotate":[{"time":0,"angle":-29.29}],"shear":[{"time":0}]},"zuoshou_xia":{"rotate":[{"time":0,"angle":-52.08},{"time":0.0833,"angle":-106.85},{"time":0.1666,"angle":-73.54},{"time":0.2083,"angle":-13.39},{"time":0.2916,"angle":-14.2},{"time":0.4166,"angle":-52.08}],"scale":[{"time":0,"x":1,"y":1},{"time":0.2083,"x":1.25,"y":1},{"time":0.2916,"x":1,"y":1}],"shear":[{"time":0},{"time":0.0833},{"time":0.1666},{"time":0.2083},{"time":0.2916},{"time":0.4166}]},"left_eye":{"scale":[{"time":0,"x":1,"y":1},{"time":0.2083,"x":1.35,"y":1.35},{"time":0.4166,"x":1,"y":1}]},"right_eye":{"scale":[{"time":0,"x":1,"y":1},{"time":0.2083,"x":1.35,"y":1.35},{"time":0.4166,"x":1,"y":1}]},"yanjing":{"translate":[{"time":0},{"time":0.125,"x":0.28,"y":-0.99},{"time":0.25,"x":0.04,"y":-0.17},{"time":0.3333,"x":0.14,"y":-0.48},{"time":0.4166}]},"PiGu":{"translate":[{"time":0,"x":-13.6,"y":1.79}],"rotate":[{"time":0,"angle":-153.3}],"shear":[{"time":0}]},"head2":{"translate":[{"time":0},{"time":0.0417,"x":-0.67,"y":-0.19},{"time":0.0834,"x":0.37,"y":0.1},{"time":0.1251,"x":-0.67,"y":-0.19},{"time":0.1668,"x":0.37,"y":0.1},{"time":0.2085,"x":-0.67,"y":-0.19},{"time":0.2502,"x":0.37,"y":0.1},{"time":0.4169}]},"head22":{"translate":[{"time":0},{"time":0.0417,"x":2.47,"y":2.42},{"time":0.0834,"x":1.78,"y":0.84},{"time":0.1667,"x":2.17,"y":0.16},{"time":0.2084,"x":-0.69,"y":0.29},{"time":0.2917,"x":1.11,"y":0.92},{"time":0.3334,"x":0.39,"y":0.2},{"time":0.4167}]},"icon_sq01":{"translate":[{"time":0,"x":51.74,"y":-18},{"time":0.125,"x":36.17,"y":-1.18},{"time":0.2083,"x":20.84,"y":19.84},{"time":0.3333,"x":11.89,"y":26.52}],"scale":[{"time":0,"x":0.01,"y":0.01},{"time":0.2083,"x":1,"y":1},{"time":0.3333,"x":1.25,"y":1.25}]},"icon_sq02":{"translate":[{"time":0,"x":-36.66,"y":-14.88},{"time":0.125,"x":-36.66,"y":-14.88},{"time":0.25,"x":3.96,"y":23.85},{"time":0.4167,"x":7.7,"y":26.86}],"scale":[{"time":0,"x":0.01,"y":0.01},{"time":0.125,"x":0.01,"y":0.01},{"time":0.25,"x":1,"y":1},{"time":0.4167,"x":1.25,"y":1.25}]}},"slots":{"shadow":{"color":[{"time":0,"color":"FFFFFF00"}]},"right_eye":{"color":[{"time":0,"color":"FFFFFF00"}]},"left_eye":{"color":[{"time":0,"color":"FFFFFF00"}]},"icon_sq01":{"color":[{"time":0,"color":"FFFFFF00"},{"time":0.2083,"color":"FFFFFFFF"},{"time":0.3333,"color":"FFFFFF00"}]},"icon_sq02":{"color":[{"time":0,"color":"FFFFFF00"},{"time":0.125,"color":"FFFFFF00"},{"time":0.25,"color":"FFFFFFFF"},{"time":0.4167,"color":"FFFFFF00"}]},"tea1":{"color":[{"time":0,"color":"FFFFFF00"}]},"cake_m":{"color":[{"time":0,"color":"FFFFFF00"}]},"saozi":{"color":[{"time":0,"color":"FFFFFF00"}]}}},"drink":{"bones":{"qun_zi":{"rotate":[{"time":0,"angle":-58.68}],"shear":[{"time":0}]},"bijiben":{"translate":[{"time":0,"x":12.85,"y":-7.84}],"rotate":[{"time":0,"angle":9.3},{"time":2.75,"angle":9.3},{"time":2.8333,"angle":6.18},{"time":2.9166,"angle":9.3},{"time":3.1249,"angle":9.3},{"time":3.2082,"angle":6.15},{"time":3.2915,"angle":9.3},{"time":3.4582,"angle":9.3},{"time":3.5415,"angle":5.89},{"time":3.6248,"angle":9.3}],"shear":[{"time":0},{"time":2.75},{"time":2.8333},{"time":2.9166},{"time":3.1249},{"time":3.2082},{"time":3.2915},{"time":3.4582},{"time":3.5415},{"time":3.6248}]},"youtui_shang":{"translate":[{"time":0,"x":5.69,"y":7.21}]},"shen_ti":{"rotate":[{"time":0,"angle":57.94},{"time":0.4167,"angle":55.35},{"time":1.25,"angle":52.71},{"time":2.5,"angle":57.94}],"shear":[{"time":0},{"time":0.4167},{"time":1.25},{"time":2.5}]},"zuotui_shang":{"translate":[{"time":0,"x":-0.76,"y":-0.88}]},"youtui_xia":{"rotate":[{"time":0,"angle":57.68}],"shear":[{"time":0}]},"zuotui_xia":{"rotate":[{"time":0,"angle":56.89}],"shear":[{"time":0}]},"youshou_shang":{"translate":[{"time":0,"x":-8,"y":4.48}],"rotate":[{"time":0,"angle":5.02},{"time":2.5,"angle":5.02},{"time":2.625,"angle":-2.37},{"time":2.7083,"angle":-3.85},{"time":2.7916,"angle":9.21},{"time":2.9583,"angle":10.98},{"time":3.0833,"angle":-2.37},{"time":3.125,"angle":-3.85},{"time":3.1667,"angle":9.21},{"time":3.25,"angle":10.98},{"time":3.3333,"angle":-2.37},{"time":3.4166,"angle":-3.85},{"time":3.4999,"angle":9.21},{"time":3.6666,"angle":10.98},{"time":3.7499,"angle":5.02}],"shear":[{"time":0},{"time":2.5},{"time":2.625},{"time":2.7083},{"time":2.7916},{"time":2.9583},{"time":3.0833},{"time":3.125},{"time":3.1667},{"time":3.25},{"time":3.3333},{"time":3.4166},{"time":3.4999},{"time":3.6666},{"time":3.7499}]},"tou":{"rotate":[{"time":0,"angle":21.08},{"time":0.4167,"angle":14.17},{"time":1.25,"angle":14.35},{"time":2.5,"angle":21.08}],"shear":[{"time":0},{"time":0.4167},{"time":1.25},{"time":2.5}]},"zuoshou_shang":{"translate":[{"time":0,"x":-5.23,"y":3.48}],"rotate":[{"time":0,"angle":-23.75},{"time":0.4167,"angle":-23.01},{"time":2.5,"angle":-23.75}],"shear":[{"time":0},{"time":0.4167},{"time":2.5}]},"youshou_xia":{"rotate":[{"time":0,"angle":-30.19}],"shear":[{"time":0}]},"zuoshou_xia":{"rotate":[{"time":0,"angle":-49.04},{"time":0.4167,"angle":-47.21},{"time":2.5,"angle":-49.04}],"shear":[{"time":0},{"time":0.4167},{"time":2.5}]},"yanjing":{"translate":[{"time":0},{"time":1.25},{"time":1.3333,"x":-2.21,"y":-1.29},{"time":1.875,"x":-2.21,"y":-1.29},{"time":1.9583,"x":-2.81,"y":0.62},{"time":2.375,"x":-2.06,"y":0.55},{"time":2.5,"x":-2.2,"y":-2.9},{"time":2.9167,"x":-2.2,"y":-2.9},{"time":3.25}]},"PiGu":{"translate":[{"time":0,"x":-13.6,"y":1.79}],"rotate":[{"time":0,"angle":-153.3}],"shear":[{"time":0}]},"tea1":{"translate":[{"time":0,"x":-23.78,"y":114.68}],"rotate":[{"time":0,"angle":86.26},{"time":0.4167,"angle":85.09},{"time":2.5,"angle":86.26}],"shear":[{"time":0},{"time":0.4167},{"time":2.5}]},"tea111":{"rotate":[{"time":0,"angle":63.23}],"scale":[{"time":0,"x":1,"y":1},{"time":0.4167,"x":1.3,"y":1},{"time":1.25,"x":1.3,"y":1},{"time":2.5,"x":1,"y":1}],"shear":[{"time":0}]}},"slots":{"shadow":{"color":[{"time":0,"color":"FFFFFF00"}]},"eyeoplen1":{"color":[{"time":0,"color":"FFFFFFFF"},{"time":0.2083,"color":"FFFFFFFF"},{"time":0.2916,"color":"FFFFFF00"},{"time":0.4166,"color":"FFFFFFFF"}]},"eyeopen2":{"color":[{"time":0,"color":"FFFFFFFF"},{"time":0.2083,"color":"FFFFFFFF"},{"time":0.2916,"color":"FFFFFF00"},{"time":0.4166,"color":"FFFFFFFF"}]},"right_eye":{"color":[{"time":0,"color":"FFFFFF00"},{"time":0.2083,"color":"FFFFFF00"},{"time":0.2916,"color":"FFFFFFFF"},{"time":0.4166,"color":"FFFFFF00"}]},"left_eye":{"color":[{"time":0,"color":"FFFFFF00"},{"time":0.2083,"color":"FFFFFF00"},{"time":0.2916,"color":"FFFFFFFF"},{"time":0.4166,"color":"FFFFFF00"}]},"tou5":{"color":[{"time":0,"color":"FFFFFF00"}]},"icon_sq01":{"color":[{"time":0,"color":"FFFFFF00"}]},"icon_sq02":{"color":[{"time":0,"color":"FFFFFF00"}]},"cake_m":{"color":[{"time":0,"color":"FFFFFF00"}]},"saozi":{"color":[{"time":0,"color":"FFFFFF00"}]}}},"eat":{"bones":{"qun_zi":{"rotate":[{"time":0,"angle":-58.68}],"shear":[{"time":0}]},"bijiben":{"translate":[{"time":0,"x":12.85,"y":-7.84}],"rotate":[{"time":0,"angle":9.3}],"shear":[{"time":0}]},"youtui_shang":{"translate":[{"time":0,"x":5.69,"y":7.21}]},"shen_ti":{"rotate":[{"time":0,"angle":57.94},{"time":0.4167,"angle":55.12},{"time":0.625,"angle":56.4},{"time":0.8333,"angle":56.01},{"time":1.0416,"angle":57.41},{"time":1.2499,"angle":57.63},{"time":1.7499,"angle":55.21},{"time":2.3749,"angle":57.94},{"time":2.7916,"angle":56.52},{"time":4.1666,"angle":57.94}],"scale":[{"time":0,"x":1,"y":1},{"time":1.75,"x":1.02,"y":1},{"time":2.375,"x":0.98,"y":1},{"time":2.7917,"x":1,"y":1}],"shear":[{"time":0},{"time":0.4167},{"time":0.625},{"time":0.8333},{"time":1.0416},{"time":1.2499},{"time":1.7499},{"time":2.3749},{"time":2.7916},{"time":4.1666}]},"zuotui_shang":{"translate":[{"time":0,"x":-0.76,"y":-0.88}]},"youtui_xia":{"rotate":[{"time":0,"angle":57.68}],"shear":[{"time":0}]},"zuotui_xia":{"rotate":[{"time":0,"angle":56.89}],"shear":[{"time":0}]},"youshou_shang":{"translate":[{"time":0,"x":-6.41,"y":7.05},{"time":0.4167,"x":-4.8,"y":7.72},{"time":1.25,"x":-4.8,"y":7.72},{"time":1.5833,"x":-6.41,"y":7.05}],"rotate":[{"time":0,"angle":-11.72},{"time":0.4167,"angle":-33.82},{"time":1.25,"angle":-33.82},{"time":1.5833,"angle":-11.72}],"shear":[{"time":0},{"time":0.4167},{"time":1.25},{"time":1.5833}]},"tou":{"translate":[{"time":0},{"time":0.4167},{"time":0.625,"x":-1,"y":-2.44},{"time":0.8333,"x":-1.02,"y":-0.48},{"time":1.0416,"x":-0.84,"y":-3.16},{"time":1.2499}],"rotate":[{"time":0,"angle":21.08},{"time":0.4167,"angle":1.13},{"time":0.625,"angle":-5.9},{"time":0.8333,"angle":4.23},{"time":1.0416,"angle":-1.65},{"time":1.2499,"angle":4.28},{"time":2.3749,"angle":21.08},{"time":2.9582,"angle":17.4},{"time":4.1665,"angle":21.08}],"shear":[{"time":0},{"time":0.4167},{"time":0.625},{"time":0.8333},{"time":1.0416},{"time":1.2499},{"time":2.3749},{"time":2.9582},{"time":4.1665}]},"zuoshou_shang":{"translate":[{"time":0,"x":-5.23,"y":3.48}],"rotate":[{"time":0,"angle":31.04}],"shear":[{"time":0}]},"youshou_xia":{"translate":[{"time":0,"x":-2.24,"y":-6.77},{"time":0.4167,"x":-1.56,"y":-6.63},{"time":1.25,"x":-3.98,"y":-8.32},{"time":1.5833,"x":-2.24,"y":-6.77}],"rotate":[{"time":0,"angle":-130.52},{"time":0.4167,"angle":-98.9},{"time":1.25,"angle":-98.9},{"time":1.5833,"angle":-130.52}],"shear":[{"time":0},{"time":0.4167},{"time":1.25},{"time":1.5833}]},"zuoshou_xia":{"rotate":[{"time":0,"angle":-102.76}],"shear":[{"time":0}]},"yanjing":{"translate":[{"time":0,"x":-2.7,"y":0.2},{"time":0.4167,"x":1.48,"y":-1.21},{"time":1.25,"x":1.92,"y":-0.99},{"time":1.75,"x":1.9,"y":-0.8},{"time":2,"x":-2.21,"y":-1.29},{"time":2.0833,"x":-2.81,"y":0.62},{"time":2.375,"x":-2.06,"y":0.55},{"time":2.4583,"x":-3.3,"y":2.1},{"time":2.9583,"x":-3.3,"y":2.1},{"time":3.2083,"x":-3.22,"y":0.06},{"time":4.1666,"x":-2.7,"y":0.2}]},"PiGu":{"translate":[{"time":0,"x":-13.6,"y":1.79}],"rotate":[{"time":0,"angle":-153.3}],"shear":[{"time":0}]},"tea1":{"translate":[{"time":0,"x":-23.78,"y":114.68}],"rotate":[{"time":0,"angle":86.26},{"time":2.9583,"angle":66.15},{"time":4.1666,"angle":86.26}],"shear":[{"time":0},{"time":2.9583},{"time":4.1666}]},"tea111":{"rotate":[{"time":0,"angle":63.23}],"scale":[{"time":0,"x":1,"y":1},{"time":1.25,"x":1.3,"y":1},{"time":2.375,"x":1,"y":1}],"shear":[{"time":0}]},"cake_m":{"translate":[{"time":0,"x":-23.13,"y":-67.04}],"rotate":[{"time":0,"angle":78.24}],"shear":[{"time":0}]},"saozi":{"translate":[{"time":0,"x":-51.68,"y":32.64},{"time":0.4167,"x":-58.13,"y":37.51},{"time":1.25,"x":-58.13,"y":37.51},{"time":1.4167,"x":-57.85,"y":36.61},{"time":1.5834,"x":-51.68,"y":32.64}],"rotate":[{"time":0,"angle":156.18},{"time":0.4167,"angle":-153.8},{"time":1.25,"angle":-153.8},{"time":1.4167,"angle":153.53},{"time":1.5834,"angle":156.18}],"scale":[{"time":0,"x":0.9,"y":0.9}],"shear":[{"time":0},{"time":0.4167},{"time":1.25},{"time":1.4167},{"time":1.5834}]}},"slots":{"shadow":{"color":[{"time":0,"color":"FFFFFF00"}]},"eyeoplen1":{"color":[{"time":0,"color":"FFFFFFFF"},{"time":0.4167,"color":"FFFFFFFF"},{"time":0.5,"color":"FFFFFF00"},{"time":1.5833,"color":"FFFFFF00"},{"time":1.6666,"color":"FFFFFFFF"}]},"eyeopen2":{"color":[{"time":0,"color":"FFFFFFFF"},{"time":0.4167,"color":"FFFFFFFF"},{"time":0.5,"color":"FFFFFF00"},{"time":1.5833,"color":"FFFFFF00"},{"time":1.6666,"color":"FFFFFFFF"}]},"right_eye":{"color":[{"time":0,"color":"FFFFFF00"},{"time":0.4167,"color":"FFFFFF00"},{"time":0.5,"color":"FFFFFFFF"},{"time":1.5833,"color":"FFFFFFFF"},{"time":1.6666,"color":"FFFFFF00"}]},"left_eye":{"color":[{"time":0,"color":"FFFFFF00"},{"time":0.4167,"color":"FFFFFF00"},{"time":0.5,"color":"FFFFFFFF"},{"time":1.5833,"color":"FFFFFFFF"},{"time":1.6666,"color":"FFFFFF00"}]},"tou5":{"color":[{"time":0,"color":"FFFFFF00"}]},"icon_sq01":{"color":[{"time":0,"color":"FFFFFF00"}]},"icon_sq02":{"color":[{"time":0,"color":"FFFFFF00"}]},"tea1":{"color":[{"time":0,"color":"FFFFFF00"}]}},"deform":{"default":{"tou52":{"tou52":[{"time":0,"offset":65,"vertices":[0]},{"time":0.4167,"offset":65,"vertices":[0]},{"time":0.625,"offset":8,"vertices":[-1.57,-0.26,-1.15,4.25,-0.88,1.89,-1.36,-0.03,-1.09,3.18,-0.56,4.03,-0.48,1.25,-0.24,3.09,1.2,0.87,0.64,2.78,-0.25,-0.62,0.72,-1.6,0,0,0,0,0,0,0,0,0,0,1.29,0.63,0.83,0.76,-1.48,1.02,-0.65,0.64,-1.23,0.24,-0.93,-0.03,0,0,0.01,1.08,-3.94,1.86,0.03,1.01,0,0,-0.49,0.34]},{"time":0.8333,"offset":8,"vertices":[0.19,0.28,0.19,0.28,0.19,0.28,0,0,0.19,0.28,0.19,0.28,0.19,0.28,0.19,0.28,0.19,0.28,0.19,0.28]},{"time":1.0416,"offset":8,"vertices":[-1.57,-0.26,-1.15,4.25,-0.88,1.89,-1.36,-0.03,-1.09,3.18,-0.56,4.03,-0.48,1.25,-0.24,3.09,1.2,0.87,0.64,2.78,-0.25,-0.62,0.72,-1.6,0,0,0,0,0,0,0,0,0,0,1.29,0.63,0.83,0.76,-1.48,1.02,-0.65,0.64,-1.23,0.24,-0.93,-0.03,0,0,0.01,1.08,-3.94,1.86,0.03,1.01,0,0,-0.49,0.34]},{"time":1.2499,"offset":8,"vertices":[0.92,-0.05,0.92,-0.05,0.92,-0.05,0,0,0.92,-0.05,0.92,-0.05,0.92,-0.05,0.92,-0.05,0.92,-0.05,0.92,-0.05]},{"time":1.9999,"offset":10,"vertices":[0.06,-0.98,0,0,-0.03,0.07,0.28,-0.1,0.66,-0.24,0,0,0.72,-0.38,0.48,-0.13,0.28,-0.1]},{"time":2.3749,"offset":65,"vertices":[0]}]}}},"drawOrder":[{"time":0,"offsets":[{"slot":"youshou_shang","offset":2},{"slot":"cake_m","offset":-3},{"slot":"saozi","offset":-3}]}]}}},[0]]],0,0,[0],[-1],[0]]