[1,0,0,[],0,[{"_name":"nan1","_uuid":"cf318fb6-55c2-4393-ba58-c0ba849feafb","skeleton":{"hash":"g+1O1ueu8Ln0nzf4hiLSRPcDNcM","spine":"3.3.07","width":104.79,"height":193.41,"images":"./images/"},"bones":[{"name":"root"},{"name":"bone","parent":"root","x":-4.1,"y":-10.85},{"name":"body","parent":"bone","length":30.16,"rotation":87.27,"x":1.45,"y":71.65},{"name":"bone2","parent":"body","length":17.6,"rotation":-111.33,"x":24.44,"y":-6.59},{"name":"hands1","parent":"bone2","length":22.98,"rotation":-63.08,"x":15.73,"y":1.36},{"name":"bone3","parent":"hands1","length":12.37,"rotation":-6.85,"x":22.98},{"name":"bone4","parent":"bone3","length":8.97,"rotation":-3.36,"x":12.37},{"name":"bone5","parent":"body","length":13.25,"rotation":110.37,"x":24.27,"y":3.16},{"name":"hands2","parent":"bone5","length":22.43,"rotation":68.68,"x":12,"y":-2.01},{"name":"bone6","parent":"hands2","length":12.39,"rotation":-1.64,"x":22.43},{"name":"bone7","parent":"bone6","length":9.25,"rotation":-1.81,"x":12.39},{"name":"head1","parent":"body","length":20.65,"rotation":2.72,"x":27.75,"y":3.78},{"name":"far01","parent":"head1","x":77.96,"y":-10.37},{"name":"bone8","parent":"far01","length":23.99,"rotation":129.45,"x":-2.5,"y":9.26},{"name":"bone9","parent":"bone8","length":15.69,"rotation":7.04,"x":23.99},{"name":"bone10","parent":"bone9","length":15.16,"rotation":12.04,"x":15.83,"y":-0.14},{"name":"bone11","parent":"bone8","length":19.47,"rotation":-25.69,"x":9.73,"y":-7},{"name":"bone12","parent":"bone11","length":15.3,"rotation":-8.69,"x":19.47},{"name":"bone13","parent":"bone8","length":14.88,"rotation":-49.15,"x":2.75,"y":-10.01},{"name":"bone14","parent":"bone13","length":13.85,"rotation":-8.98,"x":14.88},{"name":"bone15","parent":"bone","length":16.14,"rotation":-94.45,"x":-0.13,"y":67.74},{"name":"bone16","parent":"bone15","length":13.85,"rotation":-6.85,"x":13.29,"y":-9.23},{"name":"bone17","parent":"bone16","length":8.87,"rotation":-3.7,"x":13.85},{"name":"bone18","parent":"bone15","length":17.91,"rotation":-2.91,"x":16.89,"y":3.83},{"name":"bone19","parent":"far01","length":15.62,"rotation":-152.8,"x":-6.75,"y":-23.54},{"name":"bone20","parent":"bone19","length":16.72,"rotation":-15.88,"x":15.53,"y":-0.17},{"name":"bone21","parent":"bone15","length":13.43,"rotation":-0.9,"x":10.77,"y":17.81},{"name":"bone22","parent":"bone21","length":10.24,"rotation":5.35,"x":13.43},{"name":"leg2","parent":"bone","length":16.09,"rotation":-90.74,"x":-3.47,"y":46.21},{"name":"bone23","parent":"leg2","length":17.97,"rotation":0.74,"x":16.09},{"name":"bone24","parent":"bone23","length":11.17,"rotation":-82.47,"x":17.55},{"name":"leg1","parent":"bone","length":16.54,"rotation":-86.37,"x":11.98,"y":45.79},{"name":"bone25","parent":"leg1","length":15.06,"rotation":-1.23,"x":16.54},{"name":"bone26","parent":"bone25","length":10.41,"rotation":-81.97,"x":15.06},{"name":"eyes1","parent":"head1","x":24.88,"y":20.16},{"name":"eyes2","parent":"head1","x":25.1,"y":-6.51},{"name":"eyes3","parent":"head1","length":26.81,"rotation":77.54,"x":27.21,"y":-32.96},{"name":"yuan2","parent":"root","length":48.41,"x":2.45,"y":-1.02}],"slots":[{"name":"yuan2","bone":"yuan2","attachment":"yuan2"},{"name":"leg2","bone":"leg2","attachment":"leg2"},{"name":"leg1","bone":"leg1","attachment":"leg1"},{"name":"hands2","bone":"hands2","attachment":"1"},{"name":"body","bone":"body","attachment":"1"},{"name":"head1","bone":"head1","attachment":"1"},{"name":"far01","bone":"far01","attachment":"1"},{"name":"eyes2","bone":"eyes2","attachment":"eyes2"},{"name":"eyes1","bone":"eyes1","attachment":"eyes1"},{"name":"eyes3","bone":"eyes3","attachment":"eyes3"},{"name":"hands1","bone":"hands1","attachment":"1"}],"skins":{"default":{"eyes1":{"eyes1":{"x":2.11,"y":-0.52,"rotation":-89.99,"width":11,"height":15}},"eyes2":{"eyes2":{"x":1.89,"y":0.15,"rotation":-89.99,"width":11,"height":15}},"eyes3":{"eyes3":{"x":31.21,"y":7.55,"rotation":-167.54,"width":74,"height":22}},"leg1":{"leg1":{"type":"mesh","hull":10,"width":23,"height":42,"uvs":[0.07695,0,1,0,1,0.47063,0.98565,0.81896,0.99473,0.98815,0.46769,1,0,1,0,0.76422,0.20417,0.72441,0.14056,0.49053,0.48399,0.45516,0.52162,0.80206],"triangles":[6,7,8,5,8,11,6,8,5,4,5,11,8,9,10,11,10,2,8,10,11,3,11,2,4,11,3,10,0,1,10,1,2,9,0,10],"vertices":[1,31,-3.77,-8.13,1,2,31,-2.2,16.68,0.99992,32,-19.1,16.27,0.00007,2,31,18.5,13.06,0.33888,32,1.68,13.1,0.66111,3,31,33,10.47,0.00038,32,16.21999,10.82,0.84634,33,-10.55,2.66,0.15325,2,32,23.33,10.74,0.64269,33,-9.47999,9.68999,0.3573,2,32,24.08,-1.42,0.06689,33,2.66,8.72999,0.9331,1,33,16.51,6.61,1,1,33,13.69,-4.12,1,2,32,11.51,-6.96,0.29967,33,6.4,-4.48,0.70032,3,31,18,-8.05,0.42675,32,1.63,-8.01,0.56887,33,6.06,-14.41,0.00436,2,31,17,0.58999,0.5,32,0.44,0.6,0.5,2,32,15.49,0.4,0.5,33,-0.33,0.48,0.5],"edges":[0,2,2,4,4,6,6,8,8,10,10,12,12,14,14,16,16,18,0,18]}},"leg2":{"leg2":{"type":"mesh","hull":10,"width":23,"height":40,"uvs":[0.08717,0,1,0,0.9686,0.48734,0.95952,0.76949,0.98678,0.96804,0.52334,1,0,1,0,0.76949,0.14169,0.71724,0.14169,0.45076,0.54026,0.42447,0.53203,0.81583],"triangles":[6,7,8,5,8,11,6,8,5,8,9,10,3,10,2,11,8,10,11,10,3,4,5,11,4,11,3,10,0,1,9,0,10,2,10,1],"vertices":[1,28,-1.69,-10.68,1,2,28,-2.18,10.63,1,30,-15.44,-33.96,0,3,28,18.93,9.85999,0.24358,29,2.96,9.82,0.75641,30,-11.64,-13.17,0,2,29,14.25,9.60999,0.9877,30,-9.96,-2.01,0.01229,2,29,22.19,10.24,0.85424,30,-9.54,5.94,0.14575,2,29,24.28,-0.41,0.1016,30,1.29,6.61,0.89839,1,30,16.06,5.09,1,2,29,14.25,-16.51,0.00406,30,15.93,-5.43,0.99593,2,29,12.16,-9.18999,0.37758,30,8.41,-6.54,0.62241,3,28,17.71999,-9.17,0.42752,29,1.5,-9.18999,0.56827,30,7.01,-17.11,0.00418,2,28,16.4,0,0.5,29,0.3,0,0.5,2,29,16.61,-0.2,0.89567,30,0.08,-0.96,0.10432],"edges":[0,2,2,4,4,6,6,8,8,10,10,12,12,14,14,16,16,18,0,18,20,22]}},"yuan2":{"yuan2":{"x":-2.69,"y":0.72,"width":62,"height":17}}},"V0":{"body":{"1":{"name":"body","type":"mesh","hull":20,"width":47,"height":76,"uvs":[0.3644,0.00274,0.32883,0.04674,0.18653,0.08249,0.05757,0.22824,0.03089,0.43724,0.02644,0.63524,0.03978,0.81399,0.03978,0.96524,0.28436,1,0.5067,1,0.74682,0.98999,0.92025,0.98449,0.89802,0.87174,1,0.84699,1,0.69299,1,0.45099,1,0.18149,0.86689,0.09074,0.66678,0.03024,0.59119,0,0.30295,0.45099,0.55283,0.45099,0.85129,0.47024,0.22437,0.61771,0.14604,0.82226,0.46276,0.70251,0.75401,0.6423,0.7483,0.82164,0.64733,0.12924,0.31471,0.13474],"triangles":[3,2,29,1,0,29,29,2,1,10,12,11,27,10,9,10,27,12,26,22,14,27,25,26,12,27,26,14,12,26,13,12,14,27,9,25,9,8,25,8,24,25,5,4,23,24,6,5,23,24,5,7,6,24,25,24,23,7,24,8,28,19,18,28,18,17,29,19,28,22,17,16,22,28,17,22,15,14,23,20,25,26,21,22,23,4,20,21,28,22,19,29,0,21,29,28,20,3,29,20,29,21,4,3,20,25,20,21,15,22,16,25,21,26],"vertices":[2,2,32.99,5.04,0.408,7,-1.27,-8.82,0.592,3,2,29.57,6.55,0.40769,21,-46.71,-2.52,0.0003,7,1.33,-6.14,0.592,5,2,26.53,13.1,0.16669,21,-42.73,-8.54,0.00097,20,-30.15,-12.62,0.00033,23,-46.14,-18.82,0,7,8.53,-5.58,0.83199,5,2,15.18,18.62999,0.50463,21,-30.68,-12.31,0.02587,20,-18.62999,-17.79999,0.02149,23,-34.38,-23.41,0,7,17.66,3.13,0.448,1,2,-0.73,19.12999,1,3,2,-15.78,18.62,0.01521,21,-0.06,-7.68,0.9637,20,12.31,-16.85,0.02107,1,21,13.13,-4.4,1,2,21,24.4,-2.15,0.80636,23,21.27,-17.04999,0.19363,2,21,25.42,9.77,0.21295,23,23.11,-5.21999,0.78704,2,23,21.77,5.13,0.80579,27,13.89,-10.86,0.1942,1,27,12.43,0.41,1,4,20,35.50999,27.08,0,23,17.41,24.17,0.00005,26,24.59,9.64999,0.00739,27,12.01,8.56,0.99254,1,26,16.16,7.81,1,1,26,13.84,12.42,1,1,26,2.14,11.74,1,1,2,0.41,-27.05,1,1,3,21.35,4.6,1,1,3,10.34,7.24,1,2,2,31.57,-9.24,0.14337,3,-0.12,7.6,0.85662,2,2,34.33,-5.55,0.49607,3,-4.55,8.83,0.50392,1,2,-1.16,6.14,1,1,2,-0.6,-5.75,1,1,2,-1.38,-20.02,1,4,2,-14.08,9.29,0.0183,21,-3.13,1.29,0.70318,20,10.33,-7.58,0.2785,23,-5.96,-11.73,0,1,21,12.96,0.67,1,1,23,-0.78,0.32,1,1,26,-0.5,-0.25,1,2,26,13.05,0.58999,0.5,27,-0.31,0.62,0.5,2,2,24.02,-8.77,0.00199,3,2.18,0.39,0.998,5,2,22.86,6.86,0.52317,21,-40.02,-1.82,0.00338,20,-26.66,-6.27,0.00143,23,-42.98,-12.3,0,7,3.95,0.03,0.472],"edges":[0,2,2,4,4,6,6,8,8,10,10,12,12,14,14,16,16,18,18,20,20,22,22,24,24,26,26,28,28,30,30,32,32,34,34,36,36,38,0,38,8,40,40,42,42,44,44,30,46,48,52,54]}},"far01":{"1":{"name":"far01","type":"mesh","hull":37,"width":102,"height":63,"uvs":[0.14963,0.24846,0.108,0.16575,0.09475,0.02789,0.21207,0.0861,0.34452,0.05853,0.48454,0,0.65862,0.00032,0.75322,0.09222,0.88946,0.10448,0.87811,0.20557,0.94812,0.34956,0.98407,0.50273,1,0.73249,0.9519,0.71105,0.92919,0.92856,0.84972,0.90099,0.77782,0.91324,0.76458,0.82133,0.70213,0.84584,0.687,0.79683,0.63591,0.86116,0.50157,0.89792,0.49211,0.84278,0.43913,0.87341,0.43723,0.76006,0.33506,0.8581,0.32749,0.80602,0.23477,0.8826,0.1553,0.93468,0.09665,1,0.07394,0.87648,0.09286,0.72637,0.07205,0.65284,0.09475,0.55481,0.0342,0.49967,0,0.39551,0.08718,0.33424,0.48075,0.32199,0.29154,0.56094,0.26126,0.57319,0.17801,0.76006,0.35019,0.33424,0.1553,0.41695,0.39561,0.22702,0.2291,0.18719,0.58482,0.4047,0.44291,0.61302,0.68321,0.45065,0.59428,0.73249,0.53941,0.6896,0.61888,0.44146,0.78917,0.38632,0.86486,0.60995,0.73241,0.65897,0.73809,0.44759],"triangles":[17,52,13,13,11,12,16,17,15,14,15,13,15,17,13,30,40,27,30,31,40,28,30,27,29,30,28,21,22,20,27,40,26,22,23,24,22,48,20,20,48,19,25,26,24,18,19,17,22,49,48,22,24,49,19,53,17,17,53,52,40,39,26,39,38,26,24,26,46,19,48,53,39,40,32,24,46,49,46,26,38,47,53,48,39,32,33,13,52,11,50,47,49,49,47,48,49,46,50,53,54,52,53,47,54,46,45,50,46,37,45,46,38,37,54,51,52,11,51,10,11,52,51,38,39,42,38,41,37,39,33,42,38,42,41,33,34,42,42,35,36,42,34,35,54,47,51,45,51,47,47,50,45,36,0,42,41,0,44,41,42,0,45,37,7,45,7,51,6,37,5,37,6,7,51,9,10,51,7,9,41,43,37,41,44,43,37,43,5,0,1,44,44,4,43,43,4,5,9,7,8,1,3,44,44,3,4,1,2,3,32,40,31],"vertices":[2,12,1.73,42.07,0.68,19,7.78,7.11,0.31999,2,12,6.94,46.31,0.51999,19,13.47,3.53,0.48,2,12,15.63,47.67,0.496,19,17.53,-4.25,0.50399,3,12,11.96,35.7,0.46771,18,19.12,-5.34,0.22828,19,5.02,-4.61,0.30399,2,12,13.7,22.19,0.75199,18,6.1,-9.33,0.248,1,12,17.94,7.91,1,1,12,17.37,-9.84,1,1,12,11.58,-19.49,1,1,12,10.8,-33.38,1,1,12,4.42999,-32.23,1,2,12,-4.63,-39.37,0.75199,24,5.34,15.04,0.248,3,12,-14.28,-43.03,0.50085,24,15.6,13.89,0.31199,25,-3.78,13.55,0.18713,2,12,-28.75,-46.32,0.392,25,11.05,13.92,0.60799,2,12,-27.4,-39.75,0.448,25,8.43999,7.75,0.55198,2,12,-41.09999,-37.43999,0.344,25,21.42,2.8,0.65599,2,12,-39.37,-29.33,0.47199,25,18.12999,-4.8,0.528,2,12,-40.14,-22,0.45599,25,17.44,-12.14,0.544,2,12,-34.34999,-20.65,0.45599,25,11.5,-12.33,0.544,3,12,-35.89,-14.28,0.60825,24,21.68,-21.56,0.09574,25,11.77,-18.87999,0.296,2,12,-32.8,-12.73,0.904,25,8.43999,-19.79,0.09599,1,12,-36.86,-7.52,1,1,12,-39.16999,6.17,1,1,12,-35.7,7.14,1,1,12,-37.63,12.54,1,1,12,-30.49,12.73,1,3,12,-36.66,23.15,0.53579,14,10.52,16.37999,0.264,15,-1.73,17.26,0.20019,4,12,-33.38,23.93,0.52005,13,30.94,14.52,0.08186,14,8.68,13.56,0.15808,15,-4.13,14.89,0.23999,3,12,-38.21,33.38,0.45235,14,18.69,10.02,0.25599,15,4.91,9.34,0.29164,2,12,-41.49,41.49,0.344,15,11.94,4.14,0.65599,2,12,-46.7,47.47,0.184,15,19.51,1.75,0.81599,2,12,-37.82,49.79,0.344,15,13.15,-4.85,0.65599,3,12,-28.37,47.86,0.45235,14,21.51,-7.25,0.25599,15,4.07,-8.14,0.29164,3,12,-23.73,49.98,0.60114,14,19.61,-11.97,0.20684,15,1.23,-12.36,0.19199,2,12,-17.56,47.67,0.784,17,8.34,8.93999,0.21599,2,12,-14.08,53.84,0.624,17,14.19,4.94,0.37599,2,12,-7.52,58.47,0.48,17,18.21999,-2,0.51999,2,12,-3.66,48.44,0.71999,17,7.89,-4.96,0.28,1,12,-2.89,8.29,1,1,12,-17.94,27.59,1,3,12,-18.71999,30.68,0.3351,13,26.84,-1.09,0.38399,14,2.69,-1.43,0.28088,3,12,-30.49,39.16999,0.24576,14,17.07,0.51,0.36,15,1.35,0.37,0.39423,1,12,-3.66,21.61,1,3,12,-8.87,41.49,0.34496,17,1.43,0.84,0.27104,16,21.01,0.61,0.38399,1,12,3.08,16.98,1,3,12,5.59,33.96,0.25983,18,16.33,0.64,0.43999,19,1.33,0.86,0.30016,1,12,-8.1,-2.31,1,1,12,-21.22,12.15,1,1,12,-11,-12.35,1,1,12,-28.75,-3.28,1,1,12,-26.05,2.31,1,1,12,-10.42,-5.79,1,1,12,-6.94,-23.16,1,3,12,-21.03,-30.88,0.32032,24,16.04999,0,0.29567,25,0.45,0.3,0.38399,3,12,-24.12,-17.37,0.61439,24,12.62,-13.43,0.1856,25,0.83,-13.55,0.2,2,12,-10.8,-17.94,0.744,24,1.04,-6.83,0.25599],"edges":[0,2,2,4,4,6,6,8,8,10,10,12,12,14,14,16,16,18,18,20,20,22,22,24,24,26,26,28,28,30,30,32,32,34,34,36,36,38,38,40,40,42,42,44,44,46,46,48,48,50,50,52,52,54,54,56,56,58,58,60,60,62,62,64,64,66,66,68,68,70,70,72,0,72,74,76,78,80,82,84,86,88,90,92,94,96,44,98,98,100,102,104,38,106,106,108]}},"hands1":{"1":{"name":"hands1","type":"mesh","hull":8,"width":17,"height":50,"uvs":[0,0,1,0,1,0.46274,0.88151,0.73634,0.93234,0.98978,0.00904,1,0.11069,0.7133,0,0.42818,0.59577,0.46468,0.55174,0.76708],"triangles":[4,9,3,4,5,9,5,6,9,9,8,3,9,6,8,3,8,2,6,7,8,2,8,1,1,8,0,8,7,0],"vertices":[1,4,-4.91,-9.03,1,1,4,-3.27,9.33,1,2,4,21.63,8.66,0.72295,5,-2.38,8.43999,0.27704,2,5,11.53,5.51,0.62939,6,-1.15,5.45,0.3706,2,5,24.11,7.25,0.00002,6,11.3,7.93,0.99997,1,6,13.88,-7.55,1,3,4,33.29,-8.93,0.00524,5,11.29,-7.63,0.60447,6,-0.62,-7.68,0.39027,2,4,18.87999,-11.67,0.76949,5,-2.68,-12.07,0.2305,2,4,21.31,0.47,0.82306,5,-1.71,0.27,0.17693,2,5,13.45,0.03,0.5,6,1.08,0.09,0.5],"edges":[0,2,2,4,4,6,6,8,8,10,10,12,12,14,0,14,16,18]}},"hands2":{"1":{"name":"hands2","type":"mesh","hull":8,"width":18,"height":49,"uvs":[0.11209,0,1,0,1,0.53047,0.7521,0.76851,0.6401,1,0,1,0.0001,0.74794,0.0001,0.48345,0.4241,0.49533,0.3921,0.77055],"triangles":[5,9,4,4,9,3,5,6,9,9,8,3,9,6,7,8,9,7,3,8,2,8,1,2,7,0,8,8,0,1],"vertices":[1,8,-3.24,-7.74,1,1,8,-3.44,11.14,1,2,8,23.44,10.41,0.44866,9,0.71,10.43999,0.55132,2,9,12.87,7.23,0.55345,10,0.24,7.24,0.44654,1,10,12.26,9.76,1,1,10,14.64,-5.75,1,2,9,13.03,-6.92,0.41156,10,0.85,-6.89,0.58843,2,8,22.32,-8.12,0.49433,9,0.12,-8.12,0.50566,2,8,21.9,-0.5,0.5,9,-0.5,-0.51,0.5,1,10,1.33,0.27,1],"edges":[0,2,2,4,4,6,6,8,8,10,10,12,12,14,0,14]}},"head1":{"1":{"name":"head1","x":29.9,"y":-7.12,"rotation":-89.99,"width":86,"height":66}}},"V1":{"body":{"1":{"name":"body55","type":"mesh","hull":17,"width":51,"height":79,"uvs":[0.08969,0.11229,0.29757,0,0.67981,0,0.86757,0.08415,0.95475,0.27247,0.91451,0.48892,0.95475,0.67291,0.97822,0.83309,0.99163,0.96729,0.68986,0.99326,0.40487,1,0.13998,0.98244,0,0.94132,0,0.77681,0.02598,0.63611,0.04275,0.46944,0.06957,0.2703,0.35122,0.48386,0.69657,0.4825,0.15004,0.64232,0.1153,0.83368,0.384,0.74035,0.69657,0.64844,0.66661,0.83821],"triangles":[7,23,6,6,23,22,23,21,22,22,5,6,22,18,5,9,7,8,23,7,9,10,23,9,10,20,21,10,21,23,12,20,11,12,13,20,10,11,20,20,13,19,20,19,21,19,13,14,14,15,19,19,17,21,21,17,22,22,17,18,19,15,17,15,16,17,17,16,1,17,2,18,17,1,2,5,18,4,18,3,4,18,2,3,16,0,1],"vertices":[4,7,10.73,-7.43,0.9738,2,27.5,15.81,0.02207,21,-43.28,-11.36,0.00113,20,-31.03,-15.35,0.00298,4,7,-2.06,-12.69,0.28799,2,36.89,5.64,0.71145,21,-54.08,-2.71,0.00015,20,-40.72,-5.47,0.00039,2,3,1.45,16.02,0.78424,2,38.84,-13.77,0.21575,2,3,13.33,12.9,0.99628,2,31.61,-23.7,0.00371,3,3,23.45,1.12,0.9666,2,16.95999,-28.85,0.01167,26,-32.8,11.27,0.02171,5,3,28.55,-15.32,0.2631,2,-0.21,-27.61,0.17628,22,-38.45,33.29,0,27,-27.88,13.49,0.00006,26,-15.58,10.83,0.56054,5,3,36.34999,-27.75,0.0207,2,-14.63,-30.35,0.01734,22,-24.94,39.04,0,27,-13.34,15.54,0.08706,26,-1.29999,14.23,0.87488,5,2,-27.21,-32.15,0.272,22,-13.03,43.48,0,23,3.76,30.64,0.00003,27,-0.69,16.74,0.3379,26,11.18,16.6,0.39005,6,2,-37.77,-33.34,0.27202,22,-2.97,46.88,0,23,14.19,32.68,0.00034,27,9.89999,17.42,0.51963,26,21.67,18.27,0.20797,20,32.72,35.75,0,3,2,-40.55,-18.06,0.272,27,11.96,2.03,0.72352,26,25.15,3.14,0.00447,3,2,-42.09,-3.59,0.272,23,20.91,3.37,0.64497,27,12.81,-12.49,0.08302,5,2,-41.03,9.97999,0.272,22,9.43999,5.23999,0.50748,23,20.95,-10.22999,0.21824,27,11.1,-26,0.00059,20,37.29,-7.45,0.00168,2,2,-38.25,19.87,0.272,22,8.82,-5,0.728,4,2,-25.25,20.15,0.272,21,9.52,-7.78,0.63631,22,-3.81,-8.04,0.09168,23,6.04,-21.64,0,4,7,26.37,31,0.00313,21,-2.07,-6.43,0.91532,23,-5.43,-19.51,0,20,10.46,-15.38,0.08152,4,7,21.56,18.71999,0.10179,2,-0.78,16.86,0.1573,21,-15.15,-8.18,0.29191,20,-2.72,-15.55,0.44897,4,7,15.49,4.14,0.9461,2,14.99,16.24,0.03579,21,-30.84,-9.92,0.00486,20,-18.51,-15.4,0.01323,1,2,-0.72,1.11,1,5,3,18.12,-19.21999,0.21902,2,-0.05,-16.48,0.41899,23,-22.03,12.82,0.0016,26,-15.22,-0.29,0.33339,20,-4.46,17.75,0.02697,3,7,20.44,33.25,0.00312,21,-2.97,-0.16,0.79713,20,10.31,-9.04,0.19974,3,2,-29.32,12.25,0.272,21,12.37,0.63,0.364,22,-1.51,0.54,0.364,1,23,0.2,-0.5,1,4,3,23.49,-31.25,0.01785,2,-13.2,-17.1,0.04245,26,-2.10999,0.92,0.9211,20,8.66,18.78,0.01857,3,2,-28.31,-16.28,0.272,27,-0.35,0.83,0.364,26,13,0.8,0.364],"edges":[0,2,2,4,4,6,6,8,8,10,10,12,12,14,14,16,16,18,18,20,20,22,22,24,24,26,26,28,28,30,30,32,0,32,30,34,34,36,38,40,44,46]}},"hands1":{"1":{"name":"hand2","type":"mesh","hull":8,"width":18,"height":49,"uvs":[0.13718,0,1,0,1,0.45739,0.78318,0.73308,0.65018,1,0,1,0.07068,0.7296,0.06118,0.46088,0.53101,0.48746,0.41137,0.79002],"triangles":[4,5,9,5,6,9,4,9,3,9,8,3,9,6,7,8,9,7,3,8,2,1,2,8,8,7,0,8,0,1],"vertices":[1,4,-4.38,-8.97999,1,1,4,-5.69,6.87,1,2,4,17.32,8.62,0.92808,5,-6.65,7.89,0.07191,3,4,31.42,5.83,0.00233,5,7.67,6.79,0.92578,6,-5.08,6.51,0.07187,1,6,8.58,9.32,1,1,6,10.6,-3.96,1,2,5,9.74,-7.1,0.75782,6,-2.2,-7.24,0.24217,2,4,18.57,-8.93999,0.78994,5,-3.31,-9.39999,0.21005,1,4,19.33,-0.11,1,2,5,11.56,0.93,0.5,6,-0.85,0.88,0.5],"edges":[0,2,2,4,4,6,6,8,8,10,10,12,12,14,0,14,16,18]}},"hands2":{"1":{"name":"hand55","type":"mesh","hull":8,"width":18,"height":49,"uvs":[0.15796,0,1,0,1,0.49262,0.74696,0.77878,0.63296,1,0,1,0.03446,0.75086,0.02496,0.50309,0.50867,0.45413,0.43312,0.70514],"triangles":[9,8,3,4,9,3,5,6,9,4,5,9,9,7,8,6,7,9,3,8,2,8,0,1,8,1,2,7,0,8],"vertices":[1,8,-3.98,-6.36,1,1,8,-4.88,10.37,1,2,8,20.24,11.29,0.40913,9,-2.51,11.23,0.59086,2,9,11.97,12.37,0.18716,10,-0.8,12.35,0.81283,1,10,10.78,10.41,1,1,10,13.23,-2.05,1,2,9,12.04,-4.4,0.1557,10,-0.2,-4.41,0.84429,3,8,21.87,-6.07,0.19662,9,-0.38,-6.08,0.79817,10,-12.58,-6.48,0.0052,2,8,18.5,1.42,0.5,9,-3.96,1.29999,0.5,2,9,9.32,2.75,0.5,10,-3.15,2.65,0.5],"edges":[0,2,2,4,4,6,6,8,8,10,10,12,12,14,0,14,16,18]}},"head1":{"1":{"name":"head55","x":47.22,"y":-1.14,"rotation":-89.99,"width":103,"height":100}}}},"animations":{"move_order":{"slots":{"body":{"attachment":[{"time":0,"name":"1"},{"time":0.8,"name":"1"}]},"eyes1":{"attachment":[{"time":0,"name":"eyes1"},{"time":0.8,"name":"eyes1"}]},"eyes2":{"attachment":[{"time":0,"name":"eyes2"},{"time":0.8,"name":"eyes2"}]},"far01":{"attachment":[{"time":0,"name":"1"},{"time":0.8,"name":"1"}]},"hands1":{"attachment":[{"time":0,"name":"1"},{"time":0.8,"name":"1"}]},"hands2":{"attachment":[{"time":0.0426,"name":"1"},{"time":0.8,"name":"1"}]},"head1":{"attachment":[{"time":0,"name":"1"},{"time":0.8,"name":"1"}]},"leg1":{"attachment":[{"time":0,"name":"leg1"},{"time":0.8,"name":"leg1"}]},"leg2":{"attachment":[{"time":0,"name":"leg2"},{"time":0.8,"name":"leg2"}]},"yuan2":{"attachment":[{"time":0,"name":"yuan2"},{"time":0.8,"name":"yuan2"}]}},"bones":{"root":{"rotate":[{"time":0,"angle":0,"curve":"stepped"},{"time":0.8,"angle":0}],"translate":[{"time":0,"x":0,"y":0,"curve":"stepped"},{"time":0.8,"x":0,"y":0}],"scale":[{"time":0,"x":1,"y":1,"curve":"stepped"},{"time":0.8,"x":1,"y":1}]},"yuan2":{"rotate":[{"time":0,"angle":0,"curve":"stepped"},{"time":0.4,"angle":0,"curve":"stepped"},{"time":0.8,"angle":0}],"translate":[{"time":0,"x":0,"y":0,"curve":"stepped"},{"time":0.4,"x":0,"y":0,"curve":"stepped"},{"time":0.8,"x":0,"y":0}],"scale":[{"time":0,"x":1.114,"y":1.114,"curve":[0.272,0,0.619,0.4]},{"time":0.2,"x":0.986,"y":1.114,"curve":[0.316,0.27,0.66,0.64]},{"time":0.4,"x":1.114,"y":1.114,"curve":[0.378,0.52,0.747,1]},{"time":0.6,"x":0.986,"y":1.114,"curve":[0.316,0.27,0.66,0.64]},{"time":0.8,"x":1.114,"y":1.114}]},"bone":{"rotate":[{"time":0,"angle":0.68,"curve":"stepped"},{"time":0.4,"angle":0.68,"curve":"stepped"},{"time":0.8,"angle":0.68}],"translate":[{"time":0,"x":1.12,"y":0,"curve":[0.275,0,0.62,0.4]},{"time":0.2,"x":1.03,"y":3.7,"curve":[0.314,0.27,0.657,0.63]},{"time":0.4,"x":1.12,"y":0,"curve":[0.375,0.5,0.75,1]},{"time":0.6,"x":1.03,"y":3.7,"curve":[0.314,0.27,0.657,0.63]},{"time":0.8,"x":1.12,"y":0}],"scale":[{"time":0,"x":1,"y":1,"curve":"stepped"},{"time":0.4,"x":1,"y":1,"curve":"stepped"},{"time":0.8,"x":1,"y":1}]},"bone2":{"rotate":[{"time":0,"angle":1.99,"curve":"stepped"},{"time":0.8,"angle":1.99}],"translate":[{"time":0,"x":0,"y":0,"curve":"stepped"},{"time":0.8,"x":0,"y":0}],"scale":[{"time":0,"x":1,"y":1,"curve":"stepped"},{"time":0.8,"x":1,"y":1}]},"hands1":{"rotate":[{"time":0,"angle":-26.87,"curve":[0.25,0,0.75,1]},{"time":0.4,"angle":17.4,"curve":[0.25,0,0.75,1]},{"time":0.8,"angle":-26.87}],"translate":[{"time":0,"x":0,"y":0,"curve":"stepped"},{"time":0.8,"x":0,"y":0}],"scale":[{"time":0,"x":1,"y":1,"curve":"stepped"},{"time":0.8,"x":1,"y":1}]},"bone3":{"rotate":[{"time":0,"angle":-6.48,"curve":[0.379,0.6,0.724,1]},{"time":0.1,"angle":-8.26,"curve":[0.25,0,0.625,0.5]},{"time":0.5,"angle":1.38,"curve":[0.242,0,0.666,0.66]},{"time":0.8,"angle":-6.48}],"translate":[{"time":0,"x":0,"y":0,"curve":"stepped"},{"time":0.8,"x":0,"y":0}],"scale":[{"time":0,"x":1,"y":1,"curve":"stepped"},{"time":0.8,"x":1,"y":1}]},"bone4":{"rotate":[{"time":0,"angle":-4.11,"curve":[0.314,0.27,0.657,0.63]},{"time":0.2,"angle":-18.36,"curve":[0.25,0,0.75,1]},{"time":0.6,"angle":4.1,"curve":[0.275,0,0.62,0.4]},{"time":0.8,"angle":-4.11}],"translate":[{"time":0,"x":0,"y":0,"curve":"stepped"},{"time":0.8,"x":0,"y":0}],"scale":[{"time":0,"x":1,"y":1,"curve":"stepped"},{"time":0.8,"x":1,"y":1}]},"bone5":{"rotate":[{"time":0,"angle":-2,"curve":"stepped"},{"time":0.8,"angle":-2}],"translate":[{"time":0,"x":0,"y":0,"curve":"stepped"},{"time":0.8,"x":0,"y":0}],"scale":[{"time":0,"x":1,"y":1,"curve":"stepped"},{"time":0.8,"x":1,"y":1}]},"hands2":{"rotate":[{"time":0,"angle":13.86,"curve":[0.25,0,0.75,1]},{"time":0.4,"angle":-22.55,"curve":[0.25,0,0.75,1]},{"time":0.8,"angle":13.86}],"translate":[{"time":0,"x":0,"y":0,"curve":[0.25,0,0.75,1]},{"time":0.4,"x":-2.32,"y":0.97,"curve":[0.25,0,0.75,1]},{"time":0.8,"x":0,"y":0}],"scale":[{"time":0,"x":1,"y":1,"curve":"stepped"},{"time":0.8,"x":1,"y":1}]},"bone6":{"rotate":[{"time":0,"angle":3.59,"curve":[0.379,0.6,0.724,1]},{"time":0.1,"angle":5.73,"curve":[0.25,0,0.625,0.5]},{"time":0.5,"angle":-5.89,"curve":[0.242,0,0.666,0.66]},{"time":0.8,"angle":3.59}],"translate":[{"time":0,"x":0,"y":0,"curve":"stepped"},{"time":0.8,"x":0,"y":0}],"scale":[{"time":0,"x":1,"y":1,"curve":"stepped"},{"time":0.8,"x":1,"y":1}]},"bone7":{"rotate":[{"time":0,"angle":-9.22,"curve":[0.314,0.27,0.657,0.63]},{"time":0.2,"angle":6.5,"curve":[0.25,0,0.75,1]},{"time":0.6,"angle":-18.29,"curve":[0.275,0,0.62,0.4]},{"time":0.8,"angle":-9.22}],"translate":[{"time":0,"x":0,"y":0,"curve":"stepped"},{"time":0.8,"x":0,"y":0}],"scale":[{"time":0,"x":1,"y":1,"curve":"stepped"},{"time":0.8,"x":1,"y":1}]},"head1":{"rotate":[{"time":0,"angle":0.91,"curve":[0.382,0.57,0.735,1]},{"time":0.2666,"angle":0,"curve":[0.25,0,0.75,1]},{"time":0.6666,"angle":1.62,"curve":[0.337,0.34,0.674,0.69]},{"time":0.8,"angle":0.91}],"translate":[{"time":0,"x":-0.96,"y":0.04,"curve":[0.351,0.4,0.756,1]},{"time":0.2666,"x":-0.19,"y":-0.01,"curve":[0.25,0,0.75,1]},{"time":0.6666,"x":-1.26,"y":0.06,"curve":[0.264,0,0.617,0.42]},{"time":0.8,"x":-0.96,"y":0.04}],"scale":[{"time":0,"x":1,"y":1,"curve":"stepped"},{"time":0.8,"x":1,"y":1}]},"eyes1":{"rotate":[{"time":0,"angle":0,"curve":"stepped"},{"time":0.8,"angle":0}],"translate":[{"time":0,"x":0,"y":0,"curve":"stepped"},{"time":0.8,"x":0,"y":0}],"scale":[{"time":0,"x":1,"y":1,"curve":"stepped"},{"time":0.5333,"x":1,"y":1,"curve":[0.244,0,0.641,0.57]},{"time":0.6,"x":0.09,"y":1,"curve":[0.382,0.55,0.739,1]},{"time":0.6666,"x":1,"y":1,"curve":"stepped"},{"time":0.8,"x":1,"y":1}]},"eyes2":{"rotate":[{"time":0,"angle":0,"curve":"stepped"},{"time":0.8,"angle":0}],"translate":[{"time":0,"x":0,"y":0,"curve":"stepped"},{"time":0.8,"x":0,"y":0}],"scale":[{"time":0,"x":1,"y":1,"curve":"stepped"},{"time":0.5333,"x":1,"y":1,"curve":[0.244,0,0.641,0.57]},{"time":0.6,"x":0.136,"y":1,"curve":[0.25,0,0.75,1]},{"time":0.6666,"x":1,"y":1,"curve":"stepped"},{"time":0.8,"x":1,"y":1}]},"far01":{"rotate":[{"time":0,"angle":0,"curve":"stepped"},{"time":0.8,"angle":0}],"translate":[{"time":0,"x":0,"y":0,"curve":"stepped"},{"time":0.8,"x":0,"y":0}],"scale":[{"time":0,"x":1,"y":1,"curve":"stepped"},{"time":0.8,"x":1,"y":1}]},"bone8":{"rotate":[{"time":0,"angle":0,"curve":[0.25,0,0.625,0.5]},{"time":0.4,"angle":-1.63,"curve":[0.25,0,0.75,1]},{"time":0.8,"angle":0}],"translate":[{"time":0,"x":0,"y":0,"curve":"stepped"},{"time":0.8,"x":0,"y":0}],"scale":[{"time":0,"x":1,"y":1,"curve":"stepped"},{"time":0.8,"x":1,"y":1}]},"bone9":{"rotate":[{"time":0,"angle":-0.05,"curve":[0.381,0.58,0.731,1]},{"time":0.1333,"angle":0.92,"curve":[0.25,0,0.625,0.5]},{"time":0.5,"angle":-3.14,"curve":[0.242,0,0.655,0.62]},{"time":0.8,"angle":-0.05}],"translate":[{"time":0,"x":0,"y":0,"curve":"stepped"},{"time":0.8,"x":0,"y":0}],"scale":[{"time":0,"x":1,"y":1,"curve":"stepped"},{"time":0.8,"x":1,"y":1}]},"bone10":{"rotate":[{"time":0,"angle":-2.31,"curve":[0.375,0.5,0.75,1]},{"time":0.2,"angle":3.05,"curve":[0.25,0,0.625,0.5]},{"time":0.6,"angle":-7.67,"curve":[0.25,0,0.625,0.5]},{"time":0.8,"angle":-2.31}],"translate":[{"time":0,"x":0,"y":0,"curve":"stepped"},{"time":0.8,"x":0,"y":0}],"scale":[{"time":0,"x":1,"y":1,"curve":"stepped"},{"time":0.8,"x":1,"y":1}]},"bone11":{"rotate":[{"time":0,"angle":-0.63,"curve":[0.379,0.6,0.724,1]},{"time":0.1,"angle":0,"curve":[0.25,0,0.625,0.5]},{"time":0.5,"angle":-3.42,"curve":[0.242,0,0.666,0.66]},{"time":0.8,"angle":-0.63}],"translate":[{"time":0,"x":0,"y":0,"curve":"stepped"},{"time":0.8,"x":0,"y":0}],"scale":[{"time":0,"x":1,"y":1,"curve":"stepped"},{"time":0.8,"x":1,"y":1}]},"bone12":{"rotate":[{"time":0,"angle":0,"curve":[0.381,0.54,0.742,1]},{"time":0.1666,"angle":5.2,"curve":[0.25,0,0.625,0.5]},{"time":0.5666,"angle":-8.96,"curve":[0.245,0,0.637,0.55]},{"time":0.8,"angle":0}],"translate":[{"time":0,"x":0,"y":0,"curve":"stepped"},{"time":0.8,"x":0,"y":0}],"scale":[{"time":0,"x":1,"y":1,"curve":"stepped"},{"time":0.8,"x":1,"y":1}]},"bone13":{"rotate":[{"time":0,"angle":0,"curve":[0.25,0,0.75,1]},{"time":0.4,"angle":-3.44,"curve":[0.25,0,0.75,1]},{"time":0.8,"angle":0}],"translate":[{"time":0,"x":0,"y":0,"curve":"stepped"},{"time":0.8,"x":0,"y":0}],"scale":[{"time":0,"x":1,"y":1,"curve":"stepped"},{"time":0.8,"x":1,"y":1}]},"bone14":{"rotate":[{"time":0,"angle":6.78,"curve":[0.368,0.62,0.706,1]},{"time":0.0666,"angle":7.99,"curve":[0.25,0,0.625,0.5]},{"time":0.4666,"angle":-6.65,"curve":[0.243,0,0.694,0.76]},{"time":0.8,"angle":6.78}],"translate":[{"time":0,"x":0,"y":0,"curve":"stepped"},{"time":0.8,"x":0,"y":0}],"scale":[{"time":0,"x":1,"y":1,"curve":"stepped"},{"time":0.8,"x":1,"y":1}]},"bone19":{"rotate":[{"time":0,"angle":2.07,"curve":[0.305,0.24,0.652,0.62]},{"time":0.2333,"angle":0,"curve":[0.25,0,0.75,1]},{"time":0.6333,"angle":2.79,"curve":[0.284,0,0.625,0.38]},{"time":0.8,"angle":2.07}],"translate":[{"time":0,"x":0,"y":0,"curve":"stepped"},{"time":0.8,"x":0,"y":0}],"scale":[{"time":0,"x":1,"y":1,"curve":"stepped"},{"time":0.8,"x":1,"y":1}]},"bone20":{"rotate":[{"time":0,"angle":4.88,"curve":[0.333,0.33,0.757,1]},{"time":0.3,"angle":-4.14,"curve":[0.25,0,0.625,0.5]},{"time":0.7,"angle":6.93,"curve":[0.275,0,0.62,0.4]},{"time":0.8,"angle":4.88}],"translate":[{"time":0,"x":0,"y":0,"curve":"stepped"},{"time":0.8,"x":0,"y":0}],"scale":[{"time":0,"x":1,"y":1,"curve":"stepped"},{"time":0.8,"x":1,"y":1}]},"bone15":{"rotate":[{"time":0,"angle":0,"curve":"stepped"},{"time":0.8,"angle":0}],"translate":[{"time":0,"x":0,"y":0,"curve":"stepped"},{"time":0.8,"x":0,"y":0}],"scale":[{"time":0,"x":1,"y":1,"curve":"stepped"},{"time":0.8,"x":1,"y":1}]},"bone16":{"rotate":[{"time":0,"angle":4.51,"curve":[0.25,0,0.75,1]},{"time":0.4,"angle":-6.01,"curve":[0.25,0,0.75,1]},{"time":0.8,"angle":4.51}],"translate":[{"time":0,"x":0,"y":0,"curve":"stepped"},{"time":0.8,"x":0,"y":0}],"scale":[{"time":0,"x":1,"y":1,"curve":"stepped"},{"time":0.8,"x":1,"y":1}]},"bone17":{"rotate":[{"time":0,"angle":-4.79,"curve":[0.328,0.31,0.664,0.65]},{"time":0.1,"angle":3.99,"curve":[0.25,0,0.75,1]},{"time":0.5,"angle":-22.7,"curve":[0.26,0,0.617,0.44]},{"time":0.8,"angle":-4.79}],"translate":[{"time":0,"x":0,"y":0,"curve":"stepped"},{"time":0.8,"x":0,"y":0}],"scale":[{"time":0,"x":1,"y":1,"curve":"stepped"},{"time":0.8,"x":1,"y":1}]},"bone18":{"rotate":[{"time":0,"angle":3.81,"curve":[0.331,0.32,0.665,0.66]},{"time":0.0666,"angle":9.18,"curve":[0.25,0,0.75,1]},{"time":0.4666,"angle":-17.81,"curve":[0.255,0,0.619,0.46]},{"time":0.8,"angle":3.81}],"translate":[{"time":0,"x":0,"y":0,"curve":"stepped"},{"time":0.8,"x":0,"y":0}],"scale":[{"time":0,"x":1,"y":1,"curve":"stepped"},{"time":0.8,"x":1,"y":1}]},"bone21":{"rotate":[{"time":0,"angle":0,"curve":"stepped"},{"time":0.8,"angle":0}],"translate":[{"time":0,"x":0,"y":0,"curve":"stepped"},{"time":0.8,"x":0,"y":0}],"scale":[{"time":0,"x":1,"y":1,"curve":"stepped"},{"time":0.8,"x":1,"y":1}]},"bone22":{"rotate":[{"time":0,"angle":-4.13,"curve":[0.321,0.29,0.66,0.64]},{"time":0.1666,"angle":5.32,"curve":[0.25,0,0.75,1]},{"time":0.5666,"angle":-12.99,"curve":[0.268,0,0.618,0.41]},{"time":0.8,"angle":-4.13}],"translate":[{"time":0,"x":0,"y":0,"curve":"stepped"},{"time":0.8,"x":0,"y":0}],"scale":[{"time":0,"x":1,"y":1,"curve":"stepped"},{"time":0.8,"x":1,"y":1}]},"leg2":{"rotate":[{"time":0,"angle":-23.89,"curve":[0.25,0,0.625,0.5]},{"time":0.2,"angle":4.14,"curve":[0.375,0.5,0.75,1]},{"time":0.4,"angle":41.74,"curve":[0.25,0,0.625,0.5]},{"time":0.6,"angle":-15.37,"curve":[0.342,0.36,0.685,0.72]},{"time":0.7,"angle":-34.01,"curve":[0.379,0.6,0.724,1]},{"time":0.8,"angle":-23.89}],"translate":[{"time":0,"x":0,"y":0,"curve":[0.25,0,0.75,1]},{"time":0.4,"x":8.32,"y":-1.66,"curve":[0.242,0,0.666,0.66]},{"time":0.7,"x":2.58,"y":3.29,"curve":[0.379,0.6,0.724,1]},{"time":0.8,"x":0,"y":0}],"scale":[{"time":0,"x":1,"y":1,"curve":"stepped"},{"time":0.4,"x":1,"y":1,"curve":"stepped"},{"time":0.8,"x":1,"y":1}]},"bone23":{"rotate":[{"time":0,"angle":0,"curve":[0.25,0,0.625,0.5]},{"time":0.2,"angle":-7.33,"curve":[0.375,0.5,0.75,1]},{"time":0.4,"angle":0,"curve":[0.25,0,0.625,0.5]},{"time":0.6,"angle":79.15,"curve":[0.342,0.36,0.685,0.72]},{"time":0.7,"angle":51.18,"curve":[0.379,0.6,0.724,1]},{"time":0.8,"angle":0}],"translate":[{"time":0,"x":0,"y":0,"curve":[0.25,0,0.625,0.5]},{"time":0.2,"x":0.49,"y":1.34,"curve":[0.375,0.5,0.75,1]},{"time":0.4,"x":0,"y":0,"curve":"stepped"},{"time":0.8,"x":0,"y":0}],"scale":[{"time":0,"x":1,"y":1,"curve":"stepped"},{"time":0.4,"x":1,"y":1,"curve":"stepped"},{"time":0.8,"x":1,"y":1}]},"bone24":{"rotate":[{"time":0,"angle":0,"curve":[0.275,0,0.62,0.4]},{"time":0.1,"angle":6.45,"curve":[0.333,0.33,0.757,1]},{"time":0.4,"angle":-20.24,"curve":[0.242,0,0.666,0.66]},{"time":0.7,"angle":8.09,"curve":[0.379,0.6,0.724,1]},{"time":0.8,"angle":0}],"translate":[{"time":0,"x":0,"y":0,"curve":"stepped"},{"time":0.4,"x":0,"y":0,"curve":"stepped"},{"time":0.8,"x":0,"y":0}],"scale":[{"time":0,"x":1,"y":1,"curve":"stepped"},{"time":0.4,"x":1,"y":1,"curve":"stepped"},{"time":0.8,"x":1,"y":1}]},"leg1":{"rotate":[{"time":0,"angle":14.13,"curve":[0.25,0,0.625,0.5]},{"time":0.2,"angle":-38.17,"curve":[0.375,0.5,0.75,1]},{"time":0.4,"angle":-47.1,"curve":[0.25,0,0.625,0.5]},{"time":0.6,"angle":-13.25,"curve":[0.342,0.36,0.685,0.72]},{"time":0.7,"angle":13.89,"curve":[0.379,0.6,0.724,1]},{"time":0.8,"angle":14.13}],"translate":[{"time":0,"x":0,"y":0,"curve":[0.25,0,0.625,0.5]},{"time":0.2,"x":-10.05,"y":-0.57,"curve":[0.342,0.36,0.685,0.72]},{"time":0.3,"x":-8.45,"y":3.24,"curve":[0.379,0.6,0.724,1]},{"time":0.4,"x":-7.71,"y":-2.98,"curve":[0.25,0,0.625,0.5]},{"time":0.6,"x":-4.75,"y":-1.97,"curve":[0.342,0.36,0.685,0.72]},{"time":0.7,"x":-1.59,"y":-2.09,"curve":[0.379,0.6,0.724,1]},{"time":0.8,"x":0,"y":0}],"scale":[{"time":0,"x":1,"y":1,"curve":"stepped"},{"time":0.4,"x":1,"y":1,"curve":"stepped"},{"time":0.6,"x":1,"y":1,"curve":"stepped"},{"time":0.8,"x":1,"y":1}]},"bone25":{"rotate":[{"time":0,"angle":17.57,"curve":[0.25,0,0.625,0.5]},{"time":0.2,"angle":105.53,"curve":[0.375,0.5,0.75,1]},{"time":0.4,"angle":17.57,"curve":[0.29,0,0.629,0.37]},{"time":0.4666,"angle":21.17,"curve":[0.298,0.21,0.649,0.6]},{"time":0.6,"angle":12.12,"curve":[0.342,0.36,0.685,0.72]},{"time":0.7,"angle":-2.11,"curve":[0.379,0.6,0.724,1]},{"time":0.8,"angle":17.57}],"translate":[{"time":0,"x":0,"y":0,"curve":"stepped"},{"time":0.4,"x":0,"y":0,"curve":"stepped"},{"time":0.6,"x":0,"y":0,"curve":"stepped"},{"time":0.8,"x":0,"y":0}],"scale":[{"time":0,"x":1,"y":1,"curve":"stepped"},{"time":0.4,"x":1,"y":1,"curve":"stepped"},{"time":0.6,"x":1,"y":1,"curve":"stepped"},{"time":0.8,"x":1,"y":1}]},"bone26":{"rotate":[{"time":0,"angle":-29.87,"curve":[0.256,0,0.619,0.46]},{"time":0.2,"angle":6.08,"curve":[0.375,0.5,0.75,1]},{"time":0.4,"angle":-6.04,"curve":[0.29,0,0.629,0.37]},{"time":0.4666,"angle":14.4,"curve":[0.298,0.21,0.649,0.6]},{"time":0.6,"angle":-5.08,"curve":[0.342,0.36,0.685,0.72]},{"time":0.7,"angle":-21.44,"curve":[0.379,0.6,0.724,1]},{"time":0.8,"angle":-29.87}],"translate":[{"time":0,"x":0,"y":0,"curve":"stepped"},{"time":0.4,"x":0,"y":0,"curve":"stepped"},{"time":0.6,"x":0,"y":0,"curve":"stepped"},{"time":0.8,"x":0,"y":0}],"scale":[{"time":0,"x":1,"y":1,"curve":"stepped"},{"time":0.4,"x":1,"y":1,"curve":"stepped"},{"time":0.6,"x":1,"y":1,"curve":"stepped"},{"time":0.8,"x":1,"y":1}]},"body":{"rotate":[{"time":0,"angle":0.92,"curve":"stepped"},{"time":0.8,"angle":0.92}],"translate":[{"time":0,"x":0,"y":-0.1,"curve":"stepped"},{"time":0.8,"x":0,"y":-0.1}],"scale":[{"time":0,"x":1,"y":1,"curve":"stepped"},{"time":0.8,"x":1,"y":1}]}},"deform":{"V0":{"body":{"1":[{"time":0,"curve":"stepped"},{"time":0.8}]},"far01":{"1":[{"time":0,"curve":"stepped"},{"time":0.8}]},"hands1":{"1":[{"time":0,"curve":"stepped"},{"time":0.8}]},"hands2":{"1":[{"time":0,"curve":"stepped"},{"time":0.8}]}},"V1":{"body":{"1":[{"time":0}]},"hands1":{"1":[{"time":0}]},"hands2":{"1":[{"time":0}]}},"default":{"leg1":{"leg1":[{"time":0,"curve":"stepped"},{"time":0.8}]},"leg2":{"leg2":[{"time":0,"curve":"stepped"},{"time":0.8}]}}}},"stand":{"slots":{"body":{"attachment":[{"time":0,"name":"1"},{"time":1.3333,"name":"1"},{"time":2.6666,"name":"1"},{"time":3.7333,"name":"1"},{"time":3.8333,"name":"1"},{"time":5.1666,"name":"1"}]},"eyes1":{"attachment":[{"time":0,"name":"eyes1"},{"time":1.3333,"name":"eyes1"},{"time":2.6666,"name":"eyes1"},{"time":3.8333,"name":"eyes1"},{"time":5.1666,"name":"eyes1"}]},"eyes2":{"attachment":[{"time":0,"name":"eyes2"},{"time":1.3333,"name":"eyes2"},{"time":2.6666,"name":"eyes2"},{"time":3.8333,"name":"eyes2"},{"time":5.1666,"name":"eyes2"}]},"eyes3":{"attachment":[{"time":0,"name":"eyes3"},{"time":3.0666,"name":"eyes3"},{"time":3.2,"name":"eyes3"},{"time":3.3,"name":"eyes3"},{"time":3.4,"name":"eyes3"},{"time":3.5666,"name":"eyes3"}]},"far01":{"attachment":[{"time":0,"name":"1"},{"time":1.3333,"name":"1"},{"time":2.6666,"name":"1"},{"time":3.7333,"name":"1"},{"time":3.8333,"name":"1"},{"time":5.1666,"name":"1"}]},"hands1":{"attachment":[{"time":0,"name":"1"},{"time":1.3333,"name":"1"},{"time":2.6666,"name":"1"},{"time":3.8333,"name":"1"},{"time":5.1666,"name":"1"}]},"hands2":{"attachment":[{"time":0,"name":"1"},{"time":1.3333,"name":"1"},{"time":2.6666,"name":"1"},{"time":3.8333,"name":"1"},{"time":5.1666,"name":"1"}]},"head1":{"attachment":[{"time":0,"name":"1"},{"time":1.3333,"name":"1"},{"time":2.6666,"name":"1"},{"time":3.7333,"name":"1"},{"time":3.8333,"name":"1"},{"time":5.1666,"name":"1"}]},"leg1":{"attachment":[{"time":0,"name":"leg1"},{"time":1.3333,"name":"leg1"},{"time":2.6666,"name":"leg1"},{"time":3.7333,"name":"leg1"},{"time":3.8333,"name":"leg1"},{"time":5.1666,"name":"leg1"}]},"leg2":{"attachment":[{"time":0,"name":"leg2"},{"time":1.3333,"name":"leg2"},{"time":2.6666,"name":"leg2"},{"time":3.7333,"name":"leg2"},{"time":3.8333,"name":"leg2"},{"time":5.1666,"name":"leg2"}]},"yuan2":{"attachment":[{"time":0,"name":"yuan2"},{"time":1.3333,"name":"yuan2"},{"time":2.6666,"name":"yuan2"},{"time":3.8333,"name":"yuan2"},{"time":5.1666,"name":"yuan2"}]}},"bones":{"root":{"rotate":[{"time":0,"angle":0,"curve":"stepped"},{"time":1.3333,"angle":0,"curve":"stepped"},{"time":2.6666,"angle":0,"curve":"stepped"},{"time":3.8333,"angle":0,"curve":"stepped"},{"time":5.1666,"angle":0}],"translate":[{"time":0,"x":0,"y":0,"curve":"stepped"},{"time":1.3333,"x":0,"y":0,"curve":"stepped"},{"time":2.6666,"x":0,"y":0,"curve":"stepped"},{"time":3.8333,"x":0,"y":0,"curve":"stepped"},{"time":5.1666,"x":0,"y":0}],"scale":[{"time":0,"x":1,"y":1,"curve":"stepped"},{"time":1.3333,"x":1,"y":1,"curve":"stepped"},{"time":2.6666,"x":1,"y":1,"curve":"stepped"},{"time":3.8333,"x":1,"y":1,"curve":"stepped"},{"time":5.1666,"x":1,"y":1}]},"yuan2":{"rotate":[{"time":0,"angle":0,"curve":"stepped"},{"time":1.3333,"angle":0,"curve":"stepped"},{"time":2.6666,"angle":0,"curve":"stepped"},{"time":3.8333,"angle":0,"curve":"stepped"},{"time":5.1666,"angle":0}],"translate":[{"time":0,"x":0,"y":0,"curve":"stepped"},{"time":1.3333,"x":0,"y":0,"curve":"stepped"},{"time":2.6666,"x":0,"y":0,"curve":"stepped"},{"time":3.8333,"x":0,"y":0,"curve":"stepped"},{"time":5.1666,"x":0,"y":0}],"scale":[{"time":0,"x":1,"y":1,"curve":[0.25,0,0.75,1]},{"time":0.6666,"x":1.056,"y":1.056,"curve":[0.25,0,0.75,1]},{"time":1.3333,"x":1,"y":1,"curve":[0.25,0,0.75,1]},{"time":2,"x":1.056,"y":1.056,"curve":[0.25,0,0.75,1]},{"time":2.6666,"x":1,"y":1,"curve":"stepped"},{"time":3.8333,"x":1,"y":1,"curve":[0.25,0,0.75,1]},{"time":4.5,"x":1.056,"y":1.056,"curve":[0.25,0,0.75,1]},{"time":5.1666,"x":1,"y":1}]},"bone":{"rotate":[{"time":0,"angle":0,"curve":"stepped"},{"time":1.3333,"angle":0,"curve":"stepped"},{"time":2.6666,"angle":0,"curve":"stepped"},{"time":3.8333,"angle":0,"curve":"stepped"},{"time":5.1666,"angle":0}],"translate":[{"time":0,"x":0,"y":0,"curve":[0.25,0,0.75,1]},{"time":0.6666,"x":0,"y":-1.07,"curve":[0.25,0,0.75,1]},{"time":1.3333,"x":0,"y":0,"curve":[0.25,0,0.75,1]},{"time":2,"x":0,"y":-1.07,"curve":[0.25,0,0.75,1]},{"time":2.6666,"x":0,"y":0,"curve":"stepped"},{"time":3.8333,"x":0,"y":0,"curve":[0.25,0,0.75,1]},{"time":4.5,"x":0,"y":-1.07,"curve":[0.25,0,0.75,1]},{"time":5.1666,"x":0,"y":0}],"scale":[{"time":0,"x":1,"y":1,"curve":"stepped"},{"time":1.3333,"x":1,"y":1,"curve":"stepped"},{"time":2.6666,"x":1,"y":1,"curve":"stepped"},{"time":3.8333,"x":1,"y":1,"curve":"stepped"},{"time":5.1666,"x":1,"y":1}]},"bone2":{"rotate":[{"time":0,"angle":1.99,"curve":[0.375,0.5,0.75,1]},{"time":0.3333,"angle":3.98,"curve":[0.25,0,0.75,1]},{"time":1,"angle":0,"curve":[0.25,0,0.625,0.5]},{"time":1.3333,"angle":1.99,"curve":[0.375,0.5,0.75,1]},{"time":1.6666,"angle":3.98,"curve":[0.25,0,0.75,1]},{"time":2.3333,"angle":0,"curve":[0.25,0,0.625,0.5]},{"time":2.6666,"angle":1.99,"curve":"stepped"},{"time":3.8333,"angle":1.99,"curve":[0.375,0.5,0.75,1]},{"time":4.1666,"angle":3.98,"curve":[0.25,0,0.75,1]},{"time":4.8333,"angle":0,"curve":[0.25,0,0.625,0.5]},{"time":5.1666,"angle":1.99}],"translate":[{"time":0,"x":0,"y":0,"curve":"stepped"},{"time":1.3333,"x":0,"y":0,"curve":"stepped"},{"time":2.6666,"x":0,"y":0,"curve":"stepped"},{"time":3.8333,"x":0,"y":0,"curve":"stepped"},{"time":5.1666,"x":0,"y":0}],"scale":[{"time":0,"x":1,"y":1,"curve":"stepped"},{"time":1.3333,"x":1,"y":1,"curve":"stepped"},{"time":2.6666,"x":1,"y":1,"curve":"stepped"},{"time":3.8333,"x":1,"y":1,"curve":"stepped"},{"time":5.1666,"x":1,"y":1}]},"hands1":{"rotate":[{"time":0,"angle":0.56,"curve":[0.333,0.33,0.757,1]},{"time":0.5,"angle":3.04,"curve":[0.25,0,0.75,1]},{"time":1.1666,"angle":0},{"time":1.3333,"angle":0.56,"curve":[0.333,0.33,0.757,1]},{"time":1.8333,"angle":3.04,"curve":[0.25,0,0.75,1]},{"time":2.5,"angle":0},{"time":2.6666,"angle":0.56,"curve":[0.333,0.33,0.757,1]},{"time":3.0666,"angle":-118.78},{"time":3.2,"angle":239.56},{"time":3.3,"angle":235.88},{"time":3.4,"angle":-118.78},{"time":3.5666,"angle":-111.44},{"time":3.8333,"angle":0.56,"curve":[0.333,0.33,0.757,1]},{"time":4.3333,"angle":3.04,"curve":[0.25,0,0.75,1]},{"time":5,"angle":0},{"time":5.1666,"angle":0.56}],"translate":[{"time":0,"x":0,"y":0,"curve":"stepped"},{"time":1.3333,"x":0,"y":0,"curve":"stepped"},{"time":2.6666,"x":0,"y":0,"curve":"stepped"},{"time":3.0666,"x":0,"y":0,"curve":"stepped"},{"time":3.2,"x":0,"y":0,"curve":"stepped"},{"time":3.4,"x":0,"y":0,"curve":"stepped"},{"time":3.5666,"x":0,"y":0,"curve":"stepped"},{"time":3.8333,"x":0,"y":0,"curve":"stepped"},{"time":5.1666,"x":0,"y":0}],"scale":[{"time":0,"x":1,"y":1,"curve":"stepped"},{"time":1.3333,"x":1,"y":1,"curve":"stepped"},{"time":2.6666,"x":1,"y":1,"curve":"stepped"},{"time":3.0666,"x":1,"y":1,"curve":"stepped"},{"time":3.2,"x":1,"y":1,"curve":"stepped"},{"time":3.4,"x":1,"y":1,"curve":"stepped"},{"time":3.5666,"x":1,"y":1,"curve":"stepped"},{"time":3.8333,"x":1,"y":1,"curve":"stepped"},{"time":5.1666,"x":1,"y":1}]},"bone3":{"rotate":[{"time":0,"angle":0},{"time":0.6666,"angle":5.14,"curve":[0.25,0,0.75,1]},{"time":1.1666,"angle":0.94,"curve":[0.25,0,0.75,1]},{"time":1.3333,"angle":0},{"time":2,"angle":5.14,"curve":[0.25,0,0.75,1]},{"time":2.5,"angle":0.94,"curve":[0.25,0,0.75,1]},{"time":2.6666,"angle":0},{"time":3.0666,"angle":-48.13},{"time":3.2,"angle":-52.31},{"time":3.3,"angle":-51.15},{"time":3.4,"angle":-48.13},{"time":3.5666,"angle":-56.53},{"time":3.8333,"angle":0},{"time":4.5,"angle":5.14,"curve":[0.25,0,0.75,1]},{"time":5,"angle":0.94,"curve":[0.25,0,0.75,1]},{"time":5.1666,"angle":0}],"translate":[{"time":0,"x":0,"y":0,"curve":"stepped"},{"time":1.3333,"x":0,"y":0,"curve":"stepped"},{"time":2.6666,"x":0,"y":0,"curve":"stepped"},{"time":3.0666,"x":0,"y":0,"curve":"stepped"},{"time":3.2,"x":0,"y":0,"curve":"stepped"},{"time":3.4,"x":0,"y":0,"curve":"stepped"},{"time":3.5666,"x":0,"y":0,"curve":"stepped"},{"time":3.8333,"x":0,"y":0,"curve":"stepped"},{"time":5.1666,"x":0,"y":0}],"scale":[{"time":0,"x":1,"y":1,"curve":"stepped"},{"time":1.3333,"x":1,"y":1,"curve":"stepped"},{"time":2.6666,"x":1,"y":1,"curve":"stepped"},{"time":3.0666,"x":1,"y":1,"curve":"stepped"},{"time":3.2,"x":1,"y":1,"curve":"stepped"},{"time":3.4,"x":1,"y":1,"curve":"stepped"},{"time":3.5666,"x":1,"y":1,"curve":"stepped"},{"time":3.8333,"x":1,"y":1,"curve":"stepped"},{"time":5.1666,"x":1,"y":1}]},"bone4":{"rotate":[{"time":0,"angle":0.7,"curve":[0.364,0.63,0.7,1]},{"time":0.1666,"angle":0,"curve":[0.25,0,0.625,0.5]},{"time":0.8333,"angle":4.4,"curve":[0.242,0,0.666,0.66]},{"time":1.1666,"angle":2.2,"curve":[0.25,0,0.75,1]},{"time":1.3333,"angle":0.7,"curve":[0.364,0.63,0.7,1]},{"time":1.5,"angle":0,"curve":[0.25,0,0.625,0.5]},{"time":2.1666,"angle":4.4,"curve":[0.242,0,0.666,0.66]},{"time":2.5,"angle":2.2,"curve":[0.25,0,0.75,1]},{"time":2.6666,"angle":0.7,"curve":[0.364,0.63,0.7,1]},{"time":3.0666,"angle":-9.96},{"time":3.2,"angle":-0.16},{"time":3.3,"angle":1.28},{"time":3.4,"angle":-9.96},{"time":3.5666,"angle":-23.44},{"time":3.8333,"angle":0.7,"curve":[0.364,0.63,0.7,1]},{"time":4,"angle":0,"curve":[0.25,0,0.625,0.5]},{"time":4.6666,"angle":4.4,"curve":[0.242,0,0.666,0.66]},{"time":5,"angle":2.2,"curve":[0.25,0,0.75,1]},{"time":5.1666,"angle":0.7}],"translate":[{"time":0,"x":0,"y":0,"curve":"stepped"},{"time":1.3333,"x":0,"y":0,"curve":"stepped"},{"time":2.6666,"x":0,"y":0,"curve":"stepped"},{"time":3.0666,"x":0,"y":0,"curve":"stepped"},{"time":3.2,"x":0,"y":0,"curve":"stepped"},{"time":3.4,"x":0,"y":0,"curve":"stepped"},{"time":3.5666,"x":0,"y":0,"curve":"stepped"},{"time":3.8333,"x":0,"y":0,"curve":"stepped"},{"time":5.1666,"x":0,"y":0}],"scale":[{"time":0,"x":1,"y":1,"curve":"stepped"},{"time":1.3333,"x":1,"y":1,"curve":"stepped"},{"time":2.6666,"x":1,"y":1,"curve":"stepped"},{"time":3.0666,"x":1,"y":1,"curve":"stepped"},{"time":3.2,"x":1,"y":1,"curve":"stepped"},{"time":3.4,"x":1,"y":1,"curve":"stepped"},{"time":3.5666,"x":1,"y":1,"curve":"stepped"},{"time":3.8333,"x":1,"y":1,"curve":"stepped"},{"time":5.1666,"x":1,"y":1}]},"bone5":{"rotate":[{"time":0,"angle":-2,"curve":[0.375,0.5,0.75,1]},{"time":0.3333,"angle":-4,"curve":[0.25,0,0.75,1]},{"time":1,"angle":0,"curve":[0.25,0,0.625,0.5]},{"time":1.3333,"angle":-2,"curve":[0.375,0.5,0.75,1]},{"time":1.6666,"angle":-4,"curve":[0.25,0,0.75,1]},{"time":2.3333,"angle":0,"curve":[0.25,0,0.625,0.5]},{"time":2.6666,"angle":-2,"curve":"stepped"},{"time":3.3,"angle":-2,"curve":"stepped"},{"time":3.4666,"angle":-2,"curve":"stepped"},{"time":3.7333,"angle":-2,"curve":"stepped"},{"time":3.8333,"angle":-2,"curve":[0.375,0.5,0.75,1]},{"time":4.1666,"angle":-4,"curve":[0.25,0,0.75,1]},{"time":4.8333,"angle":0,"curve":[0.25,0,0.625,0.5]},{"time":5.1666,"angle":-2}],"translate":[{"time":0,"x":0,"y":0,"curve":"stepped"},{"time":1.3333,"x":0,"y":0,"curve":"stepped"},{"time":2.6666,"x":0,"y":0,"curve":"stepped"},{"time":3.3,"x":0,"y":0,"curve":"stepped"},{"time":3.4666,"x":0,"y":0,"curve":"stepped"},{"time":3.7333,"x":0,"y":0,"curve":"stepped"},{"time":3.8333,"x":0,"y":0,"curve":"stepped"},{"time":5.1666,"x":0,"y":0}],"scale":[{"time":0,"x":1,"y":1,"curve":"stepped"},{"time":1.3333,"x":1,"y":1,"curve":"stepped"},{"time":2.6666,"x":1,"y":1,"curve":"stepped"},{"time":3.3,"x":1,"y":1,"curve":"stepped"},{"time":3.4666,"x":1,"y":1,"curve":"stepped"},{"time":3.7333,"x":1,"y":1,"curve":"stepped"},{"time":3.8333,"x":1,"y":1,"curve":"stepped"},{"time":5.1666,"x":1,"y":1}]},"hands2":{"rotate":[{"time":0,"angle":0,"curve":[0.374,0.61,0.715,1]},{"time":0.6666,"angle":-2.11,"curve":[0.25,0,0.75,1]},{"time":1.3333,"angle":0,"curve":[0.374,0.61,0.715,1]},{"time":2,"angle":-2.11,"curve":[0.25,0,0.75,1]},{"time":2.6666,"angle":0,"curve":[0.374,0.61,0.715,1]},{"time":3.2666,"angle":-2.11,"curve":[0.25,0,0.75,1]},{"time":3.8333,"angle":0,"curve":[0.374,0.61,0.715,1]},{"time":4.5,"angle":-2.11,"curve":[0.25,0,0.75,1]},{"time":5.1666,"angle":0}],"translate":[{"time":0,"x":0,"y":0,"curve":"stepped"},{"time":1.3333,"x":0,"y":0,"curve":"stepped"},{"time":2.6666,"x":0,"y":0,"curve":"stepped"},{"time":3.8333,"x":0,"y":0,"curve":"stepped"},{"time":5.1666,"x":0,"y":0}],"scale":[{"time":0,"x":1,"y":1,"curve":"stepped"},{"time":1.3333,"x":1,"y":1,"curve":"stepped"},{"time":2.6666,"x":1,"y":1,"curve":"stepped"},{"time":3.8333,"x":1,"y":1,"curve":"stepped"},{"time":5.1666,"x":1,"y":1}]},"bone6":{"rotate":[{"time":0,"angle":-0.65,"curve":[0.25,0,0.75,1]},{"time":0.1333,"angle":0,"curve":[0.242,0,0.679,0.71]},{"time":0.8,"angle":-5.03,"curve":[0.374,0.61,0.715,1]},{"time":1.3333,"angle":-0.65,"curve":[0.25,0,0.75,1]},{"time":1.4666,"angle":0,"curve":[0.242,0,0.679,0.71]},{"time":2.1333,"angle":-5.03,"curve":[0.374,0.61,0.715,1]},{"time":2.6666,"angle":-0.65,"curve":[0.25,0,0.75,1]},{"time":2.8,"angle":0,"curve":[0.242,0,0.679,0.71]},{"time":3.3666,"angle":-5.03,"curve":[0.374,0.61,0.715,1]},{"time":3.8333,"angle":-0.65,"curve":[0.25,0,0.75,1]},{"time":3.9666,"angle":0,"curve":[0.242,0,0.679,0.71]},{"time":4.6333,"angle":-5.03,"curve":[0.374,0.61,0.715,1]},{"time":5.1666,"angle":-0.65}],"translate":[{"time":0,"x":0,"y":0,"curve":"stepped"},{"time":1.3333,"x":0,"y":0,"curve":"stepped"},{"time":2.6666,"x":0,"y":0,"curve":"stepped"},{"time":3.8333,"x":0,"y":0,"curve":"stepped"},{"time":5.1666,"x":0,"y":0}],"scale":[{"time":0,"x":1,"y":1,"curve":"stepped"},{"time":1.3333,"x":1,"y":1,"curve":"stepped"},{"time":2.6666,"x":1,"y":1,"curve":"stepped"},{"time":3.8333,"x":1,"y":1,"curve":"stepped"},{"time":5.1666,"x":1,"y":1}]},"bone7":{"rotate":[{"time":0,"angle":-2.66,"curve":[0.378,0.52,0.746,1]},{"time":0.3,"angle":0},{"time":0.9666,"angle":-6.13,"curve":[0.25,0,0.75,1]},{"time":1.3333,"angle":-2.66,"curve":[0.378,0.52,0.746,1]},{"time":1.6333,"angle":0},{"time":2.3,"angle":-6.13,"curve":[0.25,0,0.75,1]},{"time":2.6666,"angle":-2.66,"curve":[0.378,0.52,0.746,1]},{"time":2.9333,"angle":0},{"time":3.5,"angle":-6.13,"curve":[0.25,0,0.75,1]},{"time":3.8333,"angle":-2.66,"curve":[0.378,0.52,0.746,1]},{"time":4.1333,"angle":0},{"time":4.8,"angle":-6.13,"curve":[0.25,0,0.75,1]},{"time":5.1666,"angle":-2.66}],"translate":[{"time":0,"x":0,"y":0,"curve":"stepped"},{"time":1.3333,"x":0,"y":0,"curve":"stepped"},{"time":2.6666,"x":0,"y":0,"curve":"stepped"},{"time":3.8333,"x":0,"y":0,"curve":"stepped"},{"time":5.1666,"x":0,"y":0}],"scale":[{"time":0,"x":1,"y":1,"curve":"stepped"},{"time":1.3333,"x":1,"y":1,"curve":"stepped"},{"time":2.6666,"x":1,"y":1,"curve":"stepped"},{"time":3.8333,"x":1,"y":1,"curve":"stepped"},{"time":5.1666,"x":1,"y":1}]},"head1":{"rotate":[{"time":0,"angle":0,"curve":[0.25,0,0.75,1]},{"time":0.6666,"angle":0.86,"curve":[0.25,0,0.75,1]},{"time":1.3333,"angle":0,"curve":[0.25,0,0.75,1]},{"time":2,"angle":0.86,"curve":[0.25,0,0.75,1]},{"time":2.6666,"angle":0},{"time":2.9666,"angle":0.76,"curve":"stepped"},{"time":3.3,"angle":0.76,"curve":"stepped"},{"time":3.4666,"angle":0.76},{"time":3.7333,"angle":0,"curve":"stepped"},{"time":3.8333,"angle":0,"curve":[0.25,0,0.75,1]},{"time":4.5,"angle":0.86,"curve":[0.25,0,0.75,1]},{"time":5.1666,"angle":0}],"translate":[{"time":0,"x":-0.19,"y":-0.01,"curve":[0.375,0.5,0.75,1]},{"time":0.3333,"x":0,"y":0,"curve":[0.25,0,0.75,1]},{"time":1,"x":-0.39,"y":-0.02,"curve":[0.25,0,0.625,0.5]},{"time":1.3333,"x":-0.19,"y":-0.01,"curve":[0.375,0.5,0.75,1]},{"time":1.6666,"x":0,"y":0,"curve":[0.25,0,0.75,1]},{"time":2.3333,"x":-0.39,"y":-0.02,"curve":[0.25,0,0.625,0.5]},{"time":2.6666,"x":-0.19,"y":-0.01,"curve":[0.375,0.5,0.75,1]},{"time":2.9666,"x":-0.52,"y":0,"curve":"stepped"},{"time":3.3,"x":-0.52,"y":0,"curve":"stepped"},{"time":3.4666,"x":-0.52,"y":0},{"time":3.7333,"x":-0.19,"y":-0.01,"curve":"stepped"},{"time":3.8333,"x":-0.19,"y":-0.01,"curve":[0.375,0.5,0.75,1]},{"time":4.1666,"x":0,"y":0,"curve":[0.25,0,0.75,1]},{"time":4.8333,"x":-0.39,"y":-0.02,"curve":[0.25,0,0.625,0.5]},{"time":5.1666,"x":-0.19,"y":-0.01}],"scale":[{"time":0,"x":1,"y":1,"curve":"stepped"},{"time":1.3333,"x":1,"y":1,"curve":"stepped"},{"time":2.6666,"x":1,"y":1,"curve":"stepped"},{"time":3.3,"x":1,"y":1,"curve":"stepped"},{"time":3.4666,"x":1,"y":1,"curve":"stepped"},{"time":3.7333,"x":1,"y":1,"curve":"stepped"},{"time":3.8333,"x":1,"y":1,"curve":"stepped"},{"time":5.1666,"x":1,"y":1}]},"eyes1":{"rotate":[{"time":0,"angle":0,"curve":"stepped"},{"time":1.3333,"angle":0,"curve":"stepped"},{"time":2.6666,"angle":0,"curve":"stepped"},{"time":3.8333,"angle":0,"curve":"stepped"},{"time":5.1666,"angle":0}],"translate":[{"time":0,"x":0,"y":0,"curve":"stepped"},{"time":1.3333,"x":0,"y":0,"curve":"stepped"},{"time":2.6666,"x":0,"y":0,"curve":"stepped"},{"time":3.8333,"x":0,"y":0,"curve":"stepped"},{"time":5.1666,"x":0,"y":0}],"scale":[{"time":0,"x":1,"y":1,"curve":"stepped"},{"time":0.7666,"x":1,"y":1,"curve":[0.244,0,0.641,0.57]},{"time":0.8666,"x":0.09,"y":1,"curve":[0.382,0.55,0.739,1]},{"time":0.9666,"x":1,"y":1,"curve":"stepped"},{"time":1.3333,"x":1,"y":1,"curve":"stepped"},{"time":2.6666,"x":1,"y":1,"curve":"stepped"},{"time":2.8666,"x":1,"y":1,"curve":[0.244,0,0.641,0.57]},{"time":2.9666,"x":0.09,"y":1,"curve":[0.382,0.55,0.739,1]},{"time":3.0666,"x":1,"y":1,"curve":"stepped"},{"time":3.8333,"x":1,"y":1,"curve":"stepped"},{"time":5.1666,"x":1,"y":1}]},"eyes2":{"rotate":[{"time":0,"angle":0,"curve":"stepped"},{"time":1.3333,"angle":0,"curve":"stepped"},{"time":2.6666,"angle":0,"curve":"stepped"},{"time":3.8333,"angle":0,"curve":"stepped"},{"time":5.1666,"angle":0}],"translate":[{"time":0,"x":0,"y":0,"curve":"stepped"},{"time":1.3333,"x":0,"y":0,"curve":"stepped"},{"time":2.6666,"x":0,"y":0,"curve":"stepped"},{"time":3.8333,"x":0,"y":0,"curve":"stepped"},{"time":5.1666,"x":0,"y":0}],"scale":[{"time":0,"x":1,"y":1,"curve":"stepped"},{"time":0.7666,"x":1,"y":1,"curve":[0.244,0,0.641,0.57]},{"time":0.8666,"x":0.136,"y":1,"curve":[0.25,0,0.75,1]},{"time":0.9666,"x":1,"y":1,"curve":"stepped"},{"time":1.3333,"x":1,"y":1,"curve":"stepped"},{"time":2.6666,"x":1,"y":1,"curve":"stepped"},{"time":2.8666,"x":1,"y":1,"curve":[0.244,0,0.641,0.57]},{"time":2.9666,"x":0.136,"y":1,"curve":[0.25,0,0.75,1]},{"time":3.0666,"x":1,"y":1,"curve":"stepped"},{"time":3.8333,"x":1,"y":1,"curve":"stepped"},{"time":5.1666,"x":1,"y":1}]},"far01":{"rotate":[{"time":0,"angle":0,"curve":"stepped"},{"time":1.3333,"angle":0,"curve":"stepped"},{"time":2.6666,"angle":0,"curve":"stepped"},{"time":3.3,"angle":0,"curve":"stepped"},{"time":3.4666,"angle":0,"curve":"stepped"},{"time":3.7333,"angle":0,"curve":"stepped"},{"time":3.8333,"angle":0,"curve":"stepped"},{"time":5.1666,"angle":0}],"translate":[{"time":0,"x":0,"y":0,"curve":"stepped"},{"time":1.3333,"x":0,"y":0,"curve":"stepped"},{"time":2.6666,"x":0,"y":0,"curve":"stepped"},{"time":3.3,"x":0,"y":0,"curve":"stepped"},{"time":3.4666,"x":0,"y":0,"curve":"stepped"},{"time":3.7333,"x":0,"y":0,"curve":"stepped"},{"time":3.8333,"x":0,"y":0,"curve":"stepped"},{"time":5.1666,"x":0,"y":0}],"scale":[{"time":0,"x":1,"y":1,"curve":"stepped"},{"time":1.3333,"x":1,"y":1,"curve":"stepped"},{"time":2.6666,"x":1,"y":1,"curve":"stepped"},{"time":3.3,"x":1,"y":1,"curve":"stepped"},{"time":3.4666,"x":1,"y":1,"curve":"stepped"},{"time":3.7333,"x":1,"y":1,"curve":"stepped"},{"time":3.8333,"x":1,"y":1,"curve":"stepped"},{"time":5.1666,"x":1,"y":1}]},"bone8":{"rotate":[{"time":0,"angle":0,"curve":[0.25,0,0.625,0.5]},{"time":0.6666,"angle":-1.63,"curve":[0.25,0,0.75,1]},{"time":1.3333,"angle":0,"curve":[0.25,0,0.625,0.5]},{"time":2,"angle":-1.63,"curve":[0.25,0,0.75,1]},{"time":2.6666,"angle":0,"curve":"stepped"},{"time":3.3,"angle":0,"curve":"stepped"},{"time":3.4666,"angle":0,"curve":"stepped"},{"time":3.7333,"angle":0,"curve":"stepped"},{"time":3.8333,"angle":0,"curve":[0.25,0,0.625,0.5]},{"time":4.5,"angle":-1.63,"curve":[0.25,0,0.75,1]},{"time":5.1666,"angle":0}],"translate":[{"time":0,"x":0,"y":0,"curve":"stepped"},{"time":1.3333,"x":0,"y":0,"curve":"stepped"},{"time":2.6666,"x":0,"y":0,"curve":"stepped"},{"time":3.3,"x":0,"y":0,"curve":"stepped"},{"time":3.4666,"x":0,"y":0,"curve":"stepped"},{"time":3.7333,"x":0,"y":0,"curve":"stepped"},{"time":3.8333,"x":0,"y":0,"curve":"stepped"},{"time":5.1666,"x":0,"y":0}],"scale":[{"time":0,"x":1,"y":1,"curve":"stepped"},{"time":1.3333,"x":1,"y":1,"curve":"stepped"},{"time":2.6666,"x":1,"y":1,"curve":"stepped"},{"time":3.3,"x":1,"y":1,"curve":"stepped"},{"time":3.4666,"x":1,"y":1,"curve":"stepped"},{"time":3.7333,"x":1,"y":1,"curve":"stepped"},{"time":3.8333,"x":1,"y":1,"curve":"stepped"},{"time":5.1666,"x":1,"y":1}]},"bone9":{"rotate":[{"time":0,"angle":-0.05,"curve":[0.381,0.58,0.731,1]},{"time":0.2,"angle":0.92,"curve":[0.25,0,0.625,0.5]},{"time":0.8666,"angle":-3.14,"curve":[0.242,0,0.655,0.62]},{"time":1.3333,"angle":-0.05,"curve":[0.381,0.58,0.731,1]},{"time":1.5333,"angle":0.92,"curve":[0.25,0,0.625,0.5]},{"time":2.2,"angle":-3.14,"curve":[0.242,0,0.655,0.62]},{"time":2.6666,"angle":-0.05,"curve":"stepped"},{"time":3.3,"angle":-0.05,"curve":"stepped"},{"time":3.4666,"angle":-0.05,"curve":"stepped"},{"time":3.7333,"angle":-0.05,"curve":"stepped"},{"time":3.8333,"angle":-0.05,"curve":[0.381,0.58,0.731,1]},{"time":4.0333,"angle":0.92,"curve":[0.25,0,0.625,0.5]},{"time":4.7,"angle":-3.14,"curve":[0.242,0,0.655,0.62]},{"time":5.1666,"angle":-0.05}],"translate":[{"time":0,"x":0,"y":0,"curve":"stepped"},{"time":1.3333,"x":0,"y":0,"curve":"stepped"},{"time":2.6666,"x":0,"y":0,"curve":"stepped"},{"time":3.3,"x":0,"y":0,"curve":"stepped"},{"time":3.4666,"x":0,"y":0,"curve":"stepped"},{"time":3.7333,"x":0,"y":0,"curve":"stepped"},{"time":3.8333,"x":0,"y":0,"curve":"stepped"},{"time":5.1666,"x":0,"y":0}],"scale":[{"time":0,"x":1,"y":1,"curve":"stepped"},{"time":1.3333,"x":1,"y":1,"curve":"stepped"},{"time":2.6666,"x":1,"y":1,"curve":"stepped"},{"time":3.3,"x":1,"y":1,"curve":"stepped"},{"time":3.4666,"x":1,"y":1,"curve":"stepped"},{"time":3.7333,"x":1,"y":1,"curve":"stepped"},{"time":3.8333,"x":1,"y":1,"curve":"stepped"},{"time":5.1666,"x":1,"y":1}]},"bone10":{"rotate":[{"time":0,"angle":-2.31,"curve":[0.375,0.5,0.75,1]},{"time":0.3333,"angle":3.05,"curve":[0.25,0,0.625,0.5]},{"time":1,"angle":-7.67,"curve":[0.25,0,0.625,0.5]},{"time":1.3333,"angle":-2.31,"curve":[0.375,0.5,0.75,1]},{"time":1.6666,"angle":3.05,"curve":[0.25,0,0.625,0.5]},{"time":2.3333,"angle":-7.67,"curve":[0.25,0,0.625,0.5]},{"time":2.6666,"angle":-2.31,"curve":"stepped"},{"time":3.3,"angle":-2.31,"curve":"stepped"},{"time":3.4666,"angle":-2.31,"curve":"stepped"},{"time":3.7333,"angle":-2.31,"curve":"stepped"},{"time":3.8333,"angle":-2.31,"curve":[0.375,0.5,0.75,1]},{"time":4.1666,"angle":3.05,"curve":[0.25,0,0.625,0.5]},{"time":4.8333,"angle":-7.67,"curve":[0.25,0,0.625,0.5]},{"time":5.1666,"angle":-2.31}],"translate":[{"time":0,"x":0,"y":0,"curve":"stepped"},{"time":1.3333,"x":0,"y":0,"curve":"stepped"},{"time":2.6666,"x":0,"y":0,"curve":"stepped"},{"time":3.3,"x":0,"y":0,"curve":"stepped"},{"time":3.4666,"x":0,"y":0,"curve":"stepped"},{"time":3.7333,"x":0,"y":0,"curve":"stepped"},{"time":3.8333,"x":0,"y":0,"curve":"stepped"},{"time":5.1666,"x":0,"y":0}],"scale":[{"time":0,"x":1,"y":1,"curve":"stepped"},{"time":1.3333,"x":1,"y":1,"curve":"stepped"},{"time":2.6666,"x":1,"y":1,"curve":"stepped"},{"time":3.3,"x":1,"y":1,"curve":"stepped"},{"time":3.4666,"x":1,"y":1,"curve":"stepped"},{"time":3.7333,"x":1,"y":1,"curve":"stepped"},{"time":3.8333,"x":1,"y":1,"curve":"stepped"},{"time":5.1666,"x":1,"y":1}]},"bone11":{"rotate":[{"time":0,"angle":-0.63,"curve":[0.379,0.6,0.724,1]},{"time":0.1666,"angle":0,"curve":[0.25,0,0.625,0.5]},{"time":0.8333,"angle":-3.42,"curve":[0.242,0,0.666,0.66]},{"time":1.3333,"angle":-0.63,"curve":[0.379,0.6,0.724,1]},{"time":1.5,"angle":0,"curve":[0.25,0,0.625,0.5]},{"time":2.1666,"angle":-3.42,"curve":[0.242,0,0.666,0.66]},{"time":2.6666,"angle":-0.63,"curve":"stepped"},{"time":3.3,"angle":-0.63,"curve":"stepped"},{"time":3.4666,"angle":-0.63,"curve":"stepped"},{"time":3.7333,"angle":-0.63,"curve":"stepped"},{"time":3.8333,"angle":-0.63,"curve":[0.379,0.6,0.724,1]},{"time":4,"angle":0,"curve":[0.25,0,0.625,0.5]},{"time":4.6666,"angle":-3.42,"curve":[0.242,0,0.666,0.66]},{"time":5.1666,"angle":-0.63}],"translate":[{"time":0,"x":0,"y":0,"curve":"stepped"},{"time":1.3333,"x":0,"y":0,"curve":"stepped"},{"time":2.6666,"x":0,"y":0,"curve":"stepped"},{"time":3.3,"x":0,"y":0,"curve":"stepped"},{"time":3.4666,"x":0,"y":0,"curve":"stepped"},{"time":3.7333,"x":0,"y":0,"curve":"stepped"},{"time":3.8333,"x":0,"y":0,"curve":"stepped"},{"time":5.1666,"x":0,"y":0}],"scale":[{"time":0,"x":1,"y":1,"curve":"stepped"},{"time":1.3333,"x":1,"y":1,"curve":"stepped"},{"time":2.6666,"x":1,"y":1,"curve":"stepped"},{"time":3.3,"x":1,"y":1,"curve":"stepped"},{"time":3.4666,"x":1,"y":1,"curve":"stepped"},{"time":3.7333,"x":1,"y":1,"curve":"stepped"},{"time":3.8333,"x":1,"y":1,"curve":"stepped"},{"time":5.1666,"x":1,"y":1}]},"bone12":{"rotate":[{"time":0,"angle":0,"curve":[0.381,0.54,0.742,1]},{"time":0.2666,"angle":5.2,"curve":[0.25,0,0.625,0.5]},{"time":0.9333,"angle":-8.96,"curve":[0.245,0,0.637,0.55]},{"time":1.3333,"angle":0,"curve":[0.381,0.54,0.742,1]},{"time":1.6,"angle":5.2,"curve":[0.25,0,0.625,0.5]},{"time":2.2666,"angle":-8.96,"curve":[0.245,0,0.637,0.55]},{"time":2.6666,"angle":0,"curve":"stepped"},{"time":3.3,"angle":0,"curve":"stepped"},{"time":3.4666,"angle":0,"curve":"stepped"},{"time":3.7333,"angle":0,"curve":"stepped"},{"time":3.8333,"angle":0,"curve":[0.381,0.54,0.742,1]},{"time":4.1,"angle":5.2,"curve":[0.25,0,0.625,0.5]},{"time":4.7666,"angle":-8.96,"curve":[0.245,0,0.637,0.55]},{"time":5.1666,"angle":0}],"translate":[{"time":0,"x":0,"y":0,"curve":"stepped"},{"time":1.3333,"x":0,"y":0,"curve":"stepped"},{"time":2.6666,"x":0,"y":0,"curve":"stepped"},{"time":3.3,"x":0,"y":0,"curve":"stepped"},{"time":3.4666,"x":0,"y":0,"curve":"stepped"},{"time":3.7333,"x":0,"y":0,"curve":"stepped"},{"time":3.8333,"x":0,"y":0,"curve":"stepped"},{"time":5.1666,"x":0,"y":0}],"scale":[{"time":0,"x":1,"y":1,"curve":"stepped"},{"time":1.3333,"x":1,"y":1,"curve":"stepped"},{"time":2.6666,"x":1,"y":1,"curve":"stepped"},{"time":3.3,"x":1,"y":1,"curve":"stepped"},{"time":3.4666,"x":1,"y":1,"curve":"stepped"},{"time":3.7333,"x":1,"y":1,"curve":"stepped"},{"time":3.8333,"x":1,"y":1,"curve":"stepped"},{"time":5.1666,"x":1,"y":1}]},"bone13":{"rotate":[{"time":0,"angle":0,"curve":[0.25,0,0.75,1]},{"time":0.6666,"angle":-3.44,"curve":[0.25,0,0.75,1]},{"time":1.3333,"angle":0,"curve":[0.25,0,0.75,1]},{"time":2,"angle":-3.44,"curve":[0.25,0,0.75,1]},{"time":2.6666,"angle":0,"curve":"stepped"},{"time":3.3,"angle":0,"curve":"stepped"},{"time":3.4666,"angle":0,"curve":"stepped"},{"time":3.7333,"angle":0,"curve":"stepped"},{"time":3.8333,"angle":0,"curve":[0.25,0,0.75,1]},{"time":4.5,"angle":-3.44,"curve":[0.25,0,0.75,1]},{"time":5.1666,"angle":0}],"translate":[{"time":0,"x":0,"y":0,"curve":"stepped"},{"time":1.3333,"x":0,"y":0,"curve":"stepped"},{"time":2.6666,"x":0,"y":0,"curve":"stepped"},{"time":3.3,"x":0,"y":0,"curve":"stepped"},{"time":3.4666,"x":0,"y":0,"curve":"stepped"},{"time":3.7333,"x":0,"y":0,"curve":"stepped"},{"time":3.8333,"x":0,"y":0,"curve":"stepped"},{"time":5.1666,"x":0,"y":0}],"scale":[{"time":0,"x":1,"y":1,"curve":"stepped"},{"time":1.3333,"x":1,"y":1,"curve":"stepped"},{"time":2.6666,"x":1,"y":1,"curve":"stepped"},{"time":3.3,"x":1,"y":1,"curve":"stepped"},{"time":3.4666,"x":1,"y":1,"curve":"stepped"},{"time":3.7333,"x":1,"y":1,"curve":"stepped"},{"time":3.8333,"x":1,"y":1,"curve":"stepped"},{"time":5.1666,"x":1,"y":1}]},"bone14":{"rotate":[{"time":0,"angle":6.78,"curve":[0.368,0.62,0.706,1]},{"time":0.1,"angle":7.99,"curve":[0.25,0,0.625,0.5]},{"time":0.7666,"angle":-6.65,"curve":[0.243,0,0.694,0.76]},{"time":1.3333,"angle":6.78,"curve":[0.368,0.62,0.706,1]},{"time":1.4333,"angle":7.99,"curve":[0.25,0,0.625,0.5]},{"time":2.1,"angle":-6.65,"curve":[0.243,0,0.694,0.76]},{"time":2.6666,"angle":6.78,"curve":"stepped"},{"time":3.3,"angle":6.78,"curve":"stepped"},{"time":3.4666,"angle":6.78,"curve":"stepped"},{"time":3.7333,"angle":6.78,"curve":"stepped"},{"time":3.8333,"angle":6.78,"curve":[0.368,0.62,0.706,1]},{"time":3.9333,"angle":7.99,"curve":[0.25,0,0.625,0.5]},{"time":4.6,"angle":-6.65,"curve":[0.243,0,0.694,0.76]},{"time":5.1666,"angle":6.78}],"translate":[{"time":0,"x":0,"y":0,"curve":"stepped"},{"time":1.3333,"x":0,"y":0,"curve":"stepped"},{"time":2.6666,"x":0,"y":0,"curve":"stepped"},{"time":3.3,"x":0,"y":0,"curve":"stepped"},{"time":3.4666,"x":0,"y":0,"curve":"stepped"},{"time":3.7333,"x":0,"y":0,"curve":"stepped"},{"time":3.8333,"x":0,"y":0,"curve":"stepped"},{"time":5.1666,"x":0,"y":0}],"scale":[{"time":0,"x":1,"y":1,"curve":"stepped"},{"time":1.3333,"x":1,"y":1,"curve":"stepped"},{"time":2.6666,"x":1,"y":1,"curve":"stepped"},{"time":3.3,"x":1,"y":1,"curve":"stepped"},{"time":3.4666,"x":1,"y":1,"curve":"stepped"},{"time":3.7333,"x":1,"y":1,"curve":"stepped"},{"time":3.8333,"x":1,"y":1,"curve":"stepped"},{"time":5.1666,"x":1,"y":1}]},"bone19":{"rotate":[{"time":0,"angle":2.07,"curve":[0.305,0.24,0.652,0.62]},{"time":0.4,"angle":0,"curve":[0.25,0,0.75,1]},{"time":1.0666,"angle":2.79,"curve":[0.284,0,0.625,0.38]},{"time":1.3333,"angle":2.07,"curve":[0.305,0.24,0.652,0.62]},{"time":1.7333,"angle":0,"curve":[0.25,0,0.75,1]},{"time":2.4,"angle":2.79,"curve":[0.284,0,0.625,0.38]},{"time":2.6666,"angle":2.07,"curve":"stepped"},{"time":3.3,"angle":2.07,"curve":"stepped"},{"time":3.4666,"angle":2.07,"curve":"stepped"},{"time":3.7333,"angle":2.07,"curve":"stepped"},{"time":3.8333,"angle":2.07,"curve":[0.305,0.24,0.652,0.62]},{"time":4.2333,"angle":0,"curve":[0.25,0,0.75,1]},{"time":4.9,"angle":2.79,"curve":[0.284,0,0.625,0.38]},{"time":5.1666,"angle":2.07}],"translate":[{"time":0,"x":0,"y":0,"curve":"stepped"},{"time":1.3333,"x":0,"y":0,"curve":"stepped"},{"time":2.6666,"x":0,"y":0,"curve":"stepped"},{"time":3.3,"x":0,"y":0,"curve":"stepped"},{"time":3.4666,"x":0,"y":0,"curve":"stepped"},{"time":3.7333,"x":0,"y":0,"curve":"stepped"},{"time":3.8333,"x":0,"y":0,"curve":"stepped"},{"time":5.1666,"x":0,"y":0}],"scale":[{"time":0,"x":1,"y":1,"curve":"stepped"},{"time":1.3333,"x":1,"y":1,"curve":"stepped"},{"time":2.6666,"x":1,"y":1,"curve":"stepped"},{"time":3.3,"x":1,"y":1,"curve":"stepped"},{"time":3.4666,"x":1,"y":1,"curve":"stepped"},{"time":3.7333,"x":1,"y":1,"curve":"stepped"},{"time":3.8333,"x":1,"y":1,"curve":"stepped"},{"time":5.1666,"x":1,"y":1}]},"bone20":{"rotate":[{"time":0,"angle":4.88,"curve":[0.333,0.33,0.757,1]},{"time":0.5,"angle":-4.14,"curve":[0.25,0,0.625,0.5]},{"time":1.1666,"angle":6.93,"curve":[0.275,0,0.62,0.4]},{"time":1.3333,"angle":4.88,"curve":[0.333,0.33,0.757,1]},{"time":1.8333,"angle":-4.14,"curve":[0.25,0,0.625,0.5]},{"time":2.5,"angle":6.93,"curve":[0.275,0,0.62,0.4]},{"time":2.6666,"angle":4.88,"curve":"stepped"},{"time":3.3,"angle":4.88,"curve":"stepped"},{"time":3.4666,"angle":4.88,"curve":"stepped"},{"time":3.7333,"angle":4.88,"curve":"stepped"},{"time":3.8333,"angle":4.88,"curve":[0.333,0.33,0.757,1]},{"time":4.3333,"angle":-4.14,"curve":[0.25,0,0.625,0.5]},{"time":5,"angle":6.93,"curve":[0.275,0,0.62,0.4]},{"time":5.1666,"angle":4.88}],"translate":[{"time":0,"x":0,"y":0,"curve":"stepped"},{"time":1.3333,"x":0,"y":0,"curve":"stepped"},{"time":2.6666,"x":0,"y":0,"curve":"stepped"},{"time":3.3,"x":0,"y":0,"curve":"stepped"},{"time":3.4666,"x":0,"y":0,"curve":"stepped"},{"time":3.7333,"x":0,"y":0,"curve":"stepped"},{"time":3.8333,"x":0,"y":0,"curve":"stepped"},{"time":5.1666,"x":0,"y":0}],"scale":[{"time":0,"x":1,"y":1,"curve":"stepped"},{"time":1.3333,"x":1,"y":1,"curve":"stepped"},{"time":2.6666,"x":1,"y":1,"curve":"stepped"},{"time":3.3,"x":1,"y":1,"curve":"stepped"},{"time":3.4666,"x":1,"y":1,"curve":"stepped"},{"time":3.7333,"x":1,"y":1,"curve":"stepped"},{"time":3.8333,"x":1,"y":1,"curve":"stepped"},{"time":5.1666,"x":1,"y":1}]},"bone15":{"rotate":[{"time":0,"angle":0,"curve":"stepped"},{"time":1.3333,"angle":0,"curve":"stepped"},{"time":2.6666,"angle":0,"curve":"stepped"},{"time":3.8333,"angle":0,"curve":"stepped"},{"time":5.1666,"angle":0}],"translate":[{"time":0,"x":0,"y":0,"curve":"stepped"},{"time":1.3333,"x":0,"y":0,"curve":"stepped"},{"time":2.6666,"x":0,"y":0,"curve":"stepped"},{"time":3.8333,"x":0,"y":0,"curve":"stepped"},{"time":5.1666,"x":0,"y":0}],"scale":[{"time":0,"x":1,"y":1,"curve":"stepped"},{"time":1.3333,"x":1,"y":1,"curve":"stepped"},{"time":2.6666,"x":1,"y":1,"curve":"stepped"},{"time":3.8333,"x":1,"y":1,"curve":"stepped"},{"time":5.1666,"x":1,"y":1}]},"bone16":{"rotate":[{"time":0,"angle":4.51,"curve":[0.25,0,0.75,1]},{"time":0.6666,"angle":-6.01,"curve":[0.25,0,0.75,1]},{"time":1.3333,"angle":4.51,"curve":[0.25,0,0.75,1]},{"time":2,"angle":-6.01,"curve":[0.25,0,0.75,1]},{"time":2.6666,"angle":4.51,"curve":[0.25,0,0.75,1]},{"time":3.2333,"angle":-6.01,"curve":[0.25,0,0.75,1]},{"time":3.8333,"angle":4.51,"curve":[0.25,0,0.75,1]},{"time":4.5,"angle":-6.01,"curve":[0.25,0,0.75,1]},{"time":5.1666,"angle":4.51}],"translate":[{"time":0,"x":0,"y":0,"curve":"stepped"},{"time":1.3333,"x":0,"y":0,"curve":"stepped"},{"time":2.6666,"x":0,"y":0,"curve":"stepped"},{"time":3.8333,"x":0,"y":0,"curve":"stepped"},{"time":5.1666,"x":0,"y":0}],"scale":[{"time":0,"x":1,"y":1,"curve":"stepped"},{"time":1.3333,"x":1,"y":1,"curve":"stepped"},{"time":2.6666,"x":1,"y":1,"curve":"stepped"},{"time":3.8333,"x":1,"y":1,"curve":"stepped"},{"time":5.1666,"x":1,"y":1}]},"bone17":{"rotate":[{"time":0,"angle":-4.79,"curve":[0.328,0.31,0.664,0.65]},{"time":0.1666,"angle":3.99,"curve":[0.25,0,0.75,1]},{"time":0.8333,"angle":-22.7,"curve":[0.26,0,0.617,0.44]},{"time":1.3333,"angle":-4.79,"curve":[0.328,0.31,0.664,0.65]},{"time":1.5,"angle":3.99,"curve":[0.25,0,0.75,1]},{"time":2.1666,"angle":-22.7,"curve":[0.26,0,0.617,0.44]},{"time":2.6666,"angle":-4.79,"curve":[0.328,0.31,0.664,0.65]},{"time":2.8,"angle":3.99,"curve":[0.25,0,0.75,1]},{"time":3.4,"angle":-22.7,"curve":[0.26,0,0.617,0.44]},{"time":3.8333,"angle":-4.79,"curve":[0.328,0.31,0.664,0.65]},{"time":4,"angle":3.99,"curve":[0.25,0,0.75,1]},{"time":4.6666,"angle":-22.7,"curve":[0.26,0,0.617,0.44]},{"time":5.1666,"angle":-4.79}],"translate":[{"time":0,"x":0,"y":0,"curve":"stepped"},{"time":1.3333,"x":0,"y":0,"curve":"stepped"},{"time":2.6666,"x":0,"y":0,"curve":"stepped"},{"time":3.8333,"x":0,"y":0,"curve":"stepped"},{"time":5.1666,"x":0,"y":0}],"scale":[{"time":0,"x":1,"y":1,"curve":"stepped"},{"time":1.3333,"x":1,"y":1,"curve":"stepped"},{"time":2.6666,"x":1,"y":1,"curve":"stepped"},{"time":3.8333,"x":1,"y":1,"curve":"stepped"},{"time":5.1666,"x":1,"y":1}]},"bone18":{"rotate":[{"time":0,"angle":3.81,"curve":[0.331,0.32,0.665,0.66]},{"time":0.1,"angle":9.18,"curve":[0.25,0,0.75,1]},{"time":0.7666,"angle":-17.81,"curve":[0.255,0,0.619,0.46]},{"time":1.3333,"angle":3.81,"curve":[0.331,0.32,0.665,0.66]},{"time":1.4333,"angle":9.18,"curve":[0.25,0,0.75,1]},{"time":2.1,"angle":-17.81,"curve":[0.255,0,0.619,0.46]},{"time":2.6666,"angle":3.81,"curve":[0.331,0.32,0.665,0.66]},{"time":2.7666,"angle":9.18,"curve":[0.25,0,0.75,1]},{"time":3.3333,"angle":-17.81,"curve":[0.255,0,0.619,0.46]},{"time":3.8333,"angle":3.81,"curve":[0.331,0.32,0.665,0.66]},{"time":3.9333,"angle":9.18,"curve":[0.25,0,0.75,1]},{"time":4.6,"angle":-17.81,"curve":[0.255,0,0.619,0.46]},{"time":5.1666,"angle":3.81}],"translate":[{"time":0,"x":0,"y":0,"curve":"stepped"},{"time":1.3333,"x":0,"y":0,"curve":"stepped"},{"time":2.6666,"x":0,"y":0,"curve":"stepped"},{"time":3.8333,"x":0,"y":0,"curve":"stepped"},{"time":5.1666,"x":0,"y":0}],"scale":[{"time":0,"x":1,"y":1,"curve":"stepped"},{"time":1.3333,"x":1,"y":1,"curve":"stepped"},{"time":2.6666,"x":1,"y":1,"curve":"stepped"},{"time":3.8333,"x":1,"y":1,"curve":"stepped"},{"time":5.1666,"x":1,"y":1}]},"bone21":{"rotate":[{"time":0,"angle":0,"curve":"stepped"},{"time":1.3333,"angle":0,"curve":"stepped"},{"time":2.6666,"angle":0,"curve":"stepped"},{"time":3.8333,"angle":0,"curve":"stepped"},{"time":5.1666,"angle":0}],"translate":[{"time":0,"x":0,"y":0,"curve":"stepped"},{"time":1.3333,"x":0,"y":0,"curve":"stepped"},{"time":2.6666,"x":0,"y":0,"curve":"stepped"},{"time":3.8333,"x":0,"y":0,"curve":"stepped"},{"time":5.1666,"x":0,"y":0}],"scale":[{"time":0,"x":1,"y":1,"curve":"stepped"},{"time":1.3333,"x":1,"y":1,"curve":"stepped"},{"time":2.6666,"x":1,"y":1,"curve":"stepped"},{"time":3.8333,"x":1,"y":1,"curve":"stepped"},{"time":5.1666,"x":1,"y":1}]},"bone22":{"rotate":[{"time":0,"angle":-4.13,"curve":[0.321,0.29,0.66,0.64]},{"time":0.2666,"angle":5.32,"curve":[0.25,0,0.75,1]},{"time":0.9333,"angle":-12.99,"curve":[0.268,0,0.618,0.41]},{"time":1.3333,"angle":-4.13,"curve":[0.321,0.29,0.66,0.64]},{"time":1.6,"angle":5.32,"curve":[0.25,0,0.75,1]},{"time":2.2666,"angle":-12.99,"curve":[0.268,0,0.618,0.41]},{"time":2.6666,"angle":-4.13,"curve":[0.321,0.29,0.66,0.64]},{"time":2.9,"angle":5.32,"curve":[0.25,0,0.75,1]},{"time":3.4666,"angle":-12.99,"curve":[0.268,0,0.618,0.41]},{"time":3.8333,"angle":-4.13,"curve":[0.321,0.29,0.66,0.64]},{"time":4.1,"angle":5.32,"curve":[0.25,0,0.75,1]},{"time":4.7666,"angle":-12.99,"curve":[0.268,0,0.618,0.41]},{"time":5.1666,"angle":-4.13}],"translate":[{"time":0,"x":0,"y":0,"curve":"stepped"},{"time":1.3333,"x":0,"y":0,"curve":"stepped"},{"time":2.6666,"x":0,"y":0,"curve":"stepped"},{"time":3.8333,"x":0,"y":0,"curve":"stepped"},{"time":5.1666,"x":0,"y":0}],"scale":[{"time":0,"x":1,"y":1,"curve":"stepped"},{"time":1.3333,"x":1,"y":1,"curve":"stepped"},{"time":2.6666,"x":1,"y":1,"curve":"stepped"},{"time":3.8333,"x":1,"y":1,"curve":"stepped"},{"time":5.1666,"x":1,"y":1}]},"leg2":{"rotate":[{"time":0,"angle":0,"curve":[0.25,0,0.75,1]},{"time":0.6666,"angle":-4.66,"curve":[0.25,0,0.75,1]},{"time":1.3333,"angle":0,"curve":[0.25,0,0.75,1]},{"time":2,"angle":-4.66,"curve":[0.25,0,0.75,1]},{"time":2.6666,"angle":0,"curve":"stepped"},{"time":3.3,"angle":0,"curve":"stepped"},{"time":3.4666,"angle":0,"curve":"stepped"},{"time":3.7333,"angle":0,"curve":"stepped"},{"time":3.8333,"angle":0,"curve":[0.25,0,0.75,1]},{"time":4.5,"angle":-4.66,"curve":[0.25,0,0.75,1]},{"time":5.1666,"angle":0}],"translate":[{"time":0,"x":0,"y":0,"curve":"stepped"},{"time":1.3333,"x":0,"y":0,"curve":"stepped"},{"time":2.6666,"x":0,"y":0,"curve":"stepped"},{"time":3.3,"x":0,"y":0,"curve":"stepped"},{"time":3.4666,"x":0,"y":0,"curve":"stepped"},{"time":3.7333,"x":0,"y":0,"curve":"stepped"},{"time":3.8333,"x":0,"y":0,"curve":"stepped"},{"time":5.1666,"x":0,"y":0}],"scale":[{"time":0,"x":1,"y":1,"curve":"stepped"},{"time":1.3333,"x":1,"y":1,"curve":"stepped"},{"time":2.6666,"x":1,"y":1,"curve":"stepped"},{"time":3.3,"x":1,"y":1,"curve":"stepped"},{"time":3.4666,"x":1,"y":1,"curve":"stepped"},{"time":3.7333,"x":1,"y":1,"curve":"stepped"},{"time":3.8333,"x":1,"y":1,"curve":"stepped"},{"time":5.1666,"x":1,"y":1}]},"bone23":{"rotate":[{"time":0,"angle":0,"curve":[0.25,0,0.75,1]},{"time":0.6666,"angle":8.41,"curve":[0.25,0,0.75,1]},{"time":1.3333,"angle":0,"curve":[0.25,0,0.75,1]},{"time":2,"angle":8.41,"curve":[0.25,0,0.75,1]},{"time":2.6666,"angle":0,"curve":"stepped"},{"time":3.3,"angle":0,"curve":"stepped"},{"time":3.4666,"angle":0,"curve":"stepped"},{"time":3.7333,"angle":0,"curve":"stepped"},{"time":3.8333,"angle":0,"curve":[0.25,0,0.75,1]},{"time":4.5,"angle":8.41,"curve":[0.25,0,0.75,1]},{"time":5.1666,"angle":0}],"translate":[{"time":0,"x":0,"y":0,"curve":"stepped"},{"time":1.3333,"x":0,"y":0,"curve":"stepped"},{"time":2.6666,"x":0,"y":0,"curve":"stepped"},{"time":3.3,"x":0,"y":0,"curve":"stepped"},{"time":3.4666,"x":0,"y":0,"curve":"stepped"},{"time":3.7333,"x":0,"y":0,"curve":"stepped"},{"time":3.8333,"x":0,"y":0,"curve":"stepped"},{"time":5.1666,"x":0,"y":0}],"scale":[{"time":0,"x":1,"y":1,"curve":"stepped"},{"time":1.3333,"x":1,"y":1,"curve":"stepped"},{"time":2.6666,"x":1,"y":1,"curve":"stepped"},{"time":3.3,"x":1,"y":1,"curve":"stepped"},{"time":3.4666,"x":1,"y":1,"curve":"stepped"},{"time":3.7333,"x":1,"y":1,"curve":"stepped"},{"time":3.8333,"x":1,"y":1,"curve":"stepped"},{"time":5.1666,"x":1,"y":1}]},"bone24":{"rotate":[{"time":0,"angle":0,"curve":[0.25,0,0.75,1]},{"time":0.6666,"angle":-8.77,"curve":[0.25,0,0.75,1]},{"time":1.3333,"angle":0,"curve":[0.25,0,0.75,1]},{"time":2,"angle":-8.77,"curve":[0.25,0,0.75,1]},{"time":2.6666,"angle":0,"curve":"stepped"},{"time":3.3,"angle":0,"curve":"stepped"},{"time":3.4666,"angle":0,"curve":"stepped"},{"time":3.7333,"angle":0,"curve":"stepped"},{"time":3.8333,"angle":0,"curve":[0.25,0,0.75,1]},{"time":4.5,"angle":-8.77,"curve":[0.25,0,0.75,1]},{"time":5.1666,"angle":0}],"translate":[{"time":0,"x":0,"y":0,"curve":[0.25,0,0.75,1]},{"time":0.6666,"x":-0.55,"y":0.03,"curve":[0.25,0,0.75,1]},{"time":1.3333,"x":0,"y":0,"curve":[0.25,0,0.75,1]},{"time":2,"x":-0.55,"y":0.03,"curve":[0.25,0,0.75,1]},{"time":2.6666,"x":0,"y":0,"curve":"stepped"},{"time":3.3,"x":0,"y":0,"curve":"stepped"},{"time":3.4666,"x":0,"y":0,"curve":"stepped"},{"time":3.7333,"x":0,"y":0,"curve":"stepped"},{"time":3.8333,"x":0,"y":0,"curve":[0.25,0,0.75,1]},{"time":4.5,"x":-0.55,"y":0.03,"curve":[0.25,0,0.75,1]},{"time":5.1666,"x":0,"y":0}],"scale":[{"time":0,"x":1,"y":1,"curve":"stepped"},{"time":1.3333,"x":1,"y":1,"curve":"stepped"},{"time":2.6666,"x":1,"y":1,"curve":"stepped"},{"time":3.3,"x":1,"y":1,"curve":"stepped"},{"time":3.4666,"x":1,"y":1,"curve":"stepped"},{"time":3.7333,"x":1,"y":1,"curve":"stepped"},{"time":3.8333,"x":1,"y":1,"curve":"stepped"},{"time":5.1666,"x":1,"y":1}]},"leg1":{"rotate":[{"time":0,"angle":0,"curve":[0.25,0,0.75,1]},{"time":0.6666,"angle":-3.32,"curve":[0.25,0,0.75,1]},{"time":1.3333,"angle":0,"curve":[0.25,0,0.75,1]},{"time":2,"angle":-3.32,"curve":[0.25,0,0.75,1]},{"time":2.6666,"angle":0,"curve":"stepped"},{"time":3.3,"angle":0,"curve":"stepped"},{"time":3.4666,"angle":0,"curve":"stepped"},{"time":3.7333,"angle":0,"curve":"stepped"},{"time":3.8333,"angle":0,"curve":[0.25,0,0.75,1]},{"time":4.5,"angle":-3.32,"curve":[0.25,0,0.75,1]},{"time":5.1666,"angle":0}],"translate":[{"time":0,"x":0,"y":0,"curve":"stepped"},{"time":1.3333,"x":0,"y":0,"curve":"stepped"},{"time":2.6666,"x":0,"y":0,"curve":"stepped"},{"time":3.3,"x":0,"y":0,"curve":"stepped"},{"time":3.4666,"x":0,"y":0,"curve":"stepped"},{"time":3.7333,"x":0,"y":0,"curve":"stepped"},{"time":3.8333,"x":0,"y":0,"curve":"stepped"},{"time":5.1666,"x":0,"y":0}],"scale":[{"time":0,"x":1,"y":1,"curve":"stepped"},{"time":1.3333,"x":1,"y":1,"curve":"stepped"},{"time":2.6666,"x":1,"y":1,"curve":"stepped"},{"time":3.3,"x":1,"y":1,"curve":"stepped"},{"time":3.4666,"x":1,"y":1,"curve":"stepped"},{"time":3.7333,"x":1,"y":1,"curve":"stepped"},{"time":3.8333,"x":1,"y":1,"curve":"stepped"},{"time":5.1666,"x":1,"y":1}]},"bone25":{"rotate":[{"time":0,"angle":0,"curve":[0.25,0,0.75,1]},{"time":0.6666,"angle":8.73,"curve":[0.25,0,0.75,1]},{"time":1.3333,"angle":0,"curve":[0.25,0,0.75,1]},{"time":2,"angle":8.73,"curve":[0.25,0,0.75,1]},{"time":2.6666,"angle":0,"curve":"stepped"},{"time":3.3,"angle":0,"curve":"stepped"},{"time":3.4666,"angle":0,"curve":"stepped"},{"time":3.7333,"angle":0,"curve":"stepped"},{"time":3.8333,"angle":0,"curve":[0.25,0,0.75,1]},{"time":4.5,"angle":8.73,"curve":[0.25,0,0.75,1]},{"time":5.1666,"angle":0}],"translate":[{"time":0,"x":0,"y":0,"curve":[0.25,0,0.75,1]},{"time":0.6666,"x":-0.37,"y":0,"curve":[0.25,0,0.75,1]},{"time":1.3333,"x":0,"y":0,"curve":[0.25,0,0.75,1]},{"time":2,"x":-0.37,"y":0,"curve":[0.25,0,0.75,1]},{"time":2.6666,"x":0,"y":0,"curve":"stepped"},{"time":3.3,"x":0,"y":0,"curve":"stepped"},{"time":3.4666,"x":0,"y":0,"curve":"stepped"},{"time":3.7333,"x":0,"y":0,"curve":"stepped"},{"time":3.8333,"x":0,"y":0,"curve":[0.25,0,0.75,1]},{"time":4.5,"x":-0.37,"y":0,"curve":[0.25,0,0.75,1]},{"time":5.1666,"x":0,"y":0}],"scale":[{"time":0,"x":1,"y":1,"curve":"stepped"},{"time":1.3333,"x":1,"y":1,"curve":"stepped"},{"time":2.6666,"x":1,"y":1,"curve":"stepped"},{"time":3.3,"x":1,"y":1,"curve":"stepped"},{"time":3.4666,"x":1,"y":1,"curve":"stepped"},{"time":3.7333,"x":1,"y":1,"curve":"stepped"},{"time":3.8333,"x":1,"y":1,"curve":"stepped"},{"time":5.1666,"x":1,"y":1}]},"bone26":{"rotate":[{"time":0,"angle":0,"curve":[0.25,0,0.75,1]},{"time":0.6666,"angle":-6.91,"curve":[0.25,0,0.75,1]},{"time":1.3333,"angle":0,"curve":[0.25,0,0.75,1]},{"time":2,"angle":-6.91,"curve":[0.25,0,0.75,1]},{"time":2.6666,"angle":0,"curve":"stepped"},{"time":3.3,"angle":0,"curve":"stepped"},{"time":3.4666,"angle":0,"curve":"stepped"},{"time":3.7333,"angle":0,"curve":"stepped"},{"time":3.8333,"angle":0,"curve":[0.25,0,0.75,1]},{"time":4.5,"angle":-6.91,"curve":[0.25,0,0.75,1]},{"time":5.1666,"angle":0}],"translate":[{"time":0,"x":0,"y":0,"curve":"stepped"},{"time":1.3333,"x":0,"y":0,"curve":"stepped"},{"time":2.6666,"x":0,"y":0,"curve":"stepped"},{"time":3.3,"x":0,"y":0,"curve":"stepped"},{"time":3.4666,"x":0,"y":0,"curve":"stepped"},{"time":3.7333,"x":0,"y":0,"curve":"stepped"},{"time":3.8333,"x":0,"y":0,"curve":"stepped"},{"time":5.1666,"x":0,"y":0}],"scale":[{"time":0,"x":1,"y":1,"curve":"stepped"},{"time":1.3333,"x":1,"y":1,"curve":"stepped"},{"time":2.6666,"x":1,"y":1,"curve":"stepped"},{"time":3.3,"x":1,"y":1,"curve":"stepped"},{"time":3.4666,"x":1,"y":1,"curve":"stepped"},{"time":3.7333,"x":1,"y":1,"curve":"stepped"},{"time":3.8333,"x":1,"y":1,"curve":"stepped"},{"time":5.1666,"x":1,"y":1}]},"body":{"rotate":[{"time":0,"angle":0,"curve":[0.25,0,0.75,1]},{"time":0.6666,"angle":0.79,"curve":[0.25,0,0.75,1]},{"time":1.3333,"angle":0,"curve":[0.25,0,0.75,1]},{"time":2,"angle":0.79,"curve":[0.25,0,0.75,1]},{"time":2.6666,"angle":0},{"time":2.8666,"angle":3.95,"curve":"stepped"},{"time":3.4666,"angle":3.95},{"time":3.7333,"angle":0,"curve":"stepped"},{"time":3.8333,"angle":0,"curve":[0.25,0,0.75,1]},{"time":4.5,"angle":0.79,"curve":[0.25,0,0.75,1]},{"time":5.1666,"angle":0}],"translate":[{"time":0,"x":0,"y":-0.1,"curve":[0.374,0.61,0.715,1]},{"time":0.1333,"x":0,"y":0,"curve":[0.25,0,0.75,1]},{"time":0.8,"x":0,"y":-0.79,"curve":[0.242,0,0.679,0.71]},{"time":1.3333,"x":0,"y":-0.1,"curve":[0.374,0.61,0.715,1]},{"time":1.4666,"x":0,"y":0,"curve":[0.25,0,0.75,1]},{"time":2.1333,"x":0,"y":-0.79,"curve":[0.242,0,0.679,0.71]},{"time":2.6666,"x":0,"y":-0.1,"curve":[0.25,0,0.75,1]},{"time":3.1333,"x":0,"y":-0.96,"curve":[0.25,0,0.75,1]},{"time":3.7333,"x":0,"y":-0.1,"curve":"stepped"},{"time":3.8333,"x":0,"y":-0.1,"curve":[0.374,0.61,0.715,1]},{"time":3.9666,"x":0,"y":0,"curve":[0.25,0,0.75,1]},{"time":4.6333,"x":0,"y":-0.79,"curve":[0.242,0,0.679,0.71]},{"time":5.1666,"x":0,"y":-0.1}],"scale":[{"time":0,"x":1,"y":1,"curve":"stepped"},{"time":1.3333,"x":1,"y":1,"curve":"stepped"},{"time":2.6666,"x":1,"y":1,"curve":"stepped"},{"time":3.3,"x":1,"y":1,"curve":"stepped"},{"time":3.4666,"x":1,"y":1,"curve":"stepped"},{"time":3.7333,"x":1,"y":1,"curve":"stepped"},{"time":3.8333,"x":1,"y":1,"curve":"stepped"},{"time":5.1666,"x":1,"y":1}]},"eyes3":{"rotate":[{"time":0,"angle":0,"curve":"stepped"},{"time":3.0666,"angle":0,"curve":"stepped"},{"time":3.2,"angle":0},{"time":3.3,"angle":-1.71},{"time":3.4,"angle":0.63},{"time":3.4666,"angle":0,"curve":"stepped"},{"time":3.5666,"angle":0}],"translate":[{"time":0,"x":0,"y":0,"curve":"stepped"},{"time":3.0666,"x":0,"y":0,"curve":"stepped"},{"time":3.2,"x":0,"y":0,"curve":"stepped"},{"time":3.3,"x":0,"y":0,"curve":"stepped"},{"time":3.4,"x":0,"y":0,"curve":"stepped"},{"time":3.5666,"x":0,"y":0}],"scale":[{"time":0,"x":1,"y":1,"curve":"stepped"},{"time":3.0666,"x":1,"y":1,"curve":"stepped"},{"time":3.2,"x":1,"y":1,"curve":"stepped"},{"time":3.3,"x":1,"y":1,"curve":"stepped"},{"time":3.4,"x":1,"y":1,"curve":"stepped"},{"time":3.5666,"x":1,"y":1}]}},"deform":{"V0":{"body":{"1":[{"time":0,"curve":"stepped"},{"time":1.3333,"curve":"stepped"},{"time":2.6666,"curve":"stepped"},{"time":3.7333,"curve":"stepped"},{"time":3.8333,"curve":"stepped"},{"time":5.1666}]},"far01":{"1":[{"time":0,"curve":"stepped"},{"time":1.3333,"curve":"stepped"},{"time":2.6666,"curve":"stepped"},{"time":3.7333,"curve":"stepped"},{"time":3.8333,"curve":"stepped"},{"time":5.1666}]},"hands1":{"1":[{"time":0,"curve":"stepped"},{"time":1.3333,"curve":"stepped"},{"time":2.6666,"curve":"stepped"},{"time":3.8333,"curve":"stepped"},{"time":5.1666}]},"hands2":{"1":[{"time":0,"curve":"stepped"},{"time":1.3333,"curve":"stepped"},{"time":2.6666,"curve":"stepped"},{"time":3.8333,"curve":"stepped"},{"time":5.1666}]}},"V1":{"hands1":{"1":[{"time":0}]}},"default":{"leg1":{"leg1":[{"time":0,"curve":"stepped"},{"time":1.3333,"curve":"stepped"},{"time":2.6666,"curve":"stepped"},{"time":3.7333,"curve":"stepped"},{"time":3.8333,"curve":"stepped"},{"time":5.1666}]},"leg2":{"leg2":[{"time":0,"curve":"stepped"},{"time":1.3333,"curve":"stepped"},{"time":2.6666,"curve":"stepped"},{"time":3.7333,"curve":"stepped"},{"time":3.8333,"curve":"stepped"},{"time":5.1666}]}}},"drawOrder":[{"time":0}]}}}],[-1],0,[],[],[]]