[1,0,0,[["cc.AnimationClip",["_name","_duration","speed","wrapMode","curveData"],-2]],[[0,0,1,2,3,4,6]],[[0,"explore_move",0.6666666666666666,1.3,2,{"props":{"position":[{"frame":0,"value":[33,0,0]},{"frame":0.08333333333333333,"value":[48,30],"motionPath":[]},{"frame":0.16666666666666666,"value":[78,35],"motionPath":[]},{"frame":0.25,"value":[103,25],"motionPath":[]},{"frame":0.3333333333333333,"value":[120,-8],"motionPath":[]},{"frame":0.4166666666666667,"value":[105,-35],"motionPath":[]},{"frame":0.5,"value":[68,-50],"motionPath":[]},{"frame":0.5833333333333334,"value":[48,-41],"motionPath":[]},{"frame":0.6666666666666666,"value":[33,0.28,0]}]}}]],0,0,[],[],[]]