[1,["fazA6VoFdKnrtQ2WsGVuq3"],0,[["sp.SkeletonData",["_name","_atlasText","textureNames","_skeletonJson","textures"],-1,3]],[[0,0,1,2,3,4,5]],[[0,"FuJiaQianJin","\nFuJiaQianJin.png\nsize: 256,256\nformat: RGBA8888\nfilter: Linear,Linear\nrepeat: none\n角色文件0303-2/椭圆_1_拷贝_7\n  rotate: false\n  xy: 81, 1\n  size: 52, 12\n  orig: 52, 12\n  offset: 0, 0\n  index: -1\n角色文件0303-2/头发_0\n  rotate: false\n  xy: 1, 193\n  size: 56, 49\n  orig: 56, 49\n  offset: 0, 0\n  index: -1\n角色文件0303-2/右腿_3\n  rotate: false\n  xy: 96, 50\n  size: 11, 24\n  orig: 11, 24\n  offset: 0, 0\n  index: -1\n角色文件0303-2/左腿_3\n  rotate: false\n  xy: 106, 15\n  size: 15, 33\n  orig: 15, 33\n  offset: 0, 0\n  index: -1\n角色文件0303-2/身体_3\n  rotate: false\n  xy: 59, 193\n  size: 41, 50\n  orig: 41, 50\n  offset: 0, 0\n  index: -1\n角色文件-道具(1)/头部_1\n  rotate: false\n  xy: 1, 97\n  size: 78, 94\n  orig: 78, 94\n  offset: 0, 0\n  index: -1\n角色文件0303-2/右手_3\n  rotate: false\n  xy: 81, 41\n  size: 13, 32\n  orig: 13, 32\n  offset: 0, 0\n  index: -1\n角色文件-道具(1)/kouhong\n  rotate: false\n  xy: 33, 244\n  size: 7, 11\n  orig: 7, 11\n  offset: 0, 0\n  index: -1\n角色文件-道具(1)/jingzi\n  rotate: false\n  xy: 136, 38\n  size: 16, 12\n  orig: 16, 12\n  offset: 0, 0\n  index: -1\n奶茶图标及厨师制作完成/奶茶1\n  rotate: false\n  xy: 137, 1\n  size: 23, 35\n  orig: 23, 35\n  offset: 0, 0\n  index: -1\n角色文件0303-2/左手_3\n  rotate: false\n  xy: 123, 15\n  size: 11, 36\n  orig: 11, 36\n  offset: 0, 0\n  index: -1\n角色文件-道具(1)/眼睛睁2_2\n  rotate: false\n  xy: 50, 244\n  size: 6, 9\n  orig: 6, 9\n  offset: 0, 0\n  index: -1\n角色文件-道具(1)/眼睛睁1_2\n  rotate: false\n  xy: 42, 244\n  size: 6, 9\n  orig: 6, 9\n  offset: 0, 0\n  index: -1\n角色文件-道具(1)/闭眼1\n  rotate: false\n  xy: 96, 41\n  size: 7, 3\n  orig: 7, 3\n  offset: 0, 0\n  index: -1\n角色文件-道具(1)/闭眼2\n  rotate: false\n  xy: 58, 245\n  size: 6, 3\n  orig: 6, 3\n  offset: 0, 0\n  index: -1\n角色文件-发怒表情/头部_1\n  rotate: false\n  xy: 1, 1\n  size: 78, 94\n  orig: 78, 94\n  offset: 0, 0\n  index: -1\nicon_sq02\n  rotate: false\n  xy: 81, 15\n  size: 23, 24\n  orig: 23, 24\n  offset: 0, 0\n  index: -1\nicon_sq01\n  rotate: false\n  xy: 102, 193\n  size: 33, 34\n  orig: 33, 34\n  offset: 0, 0\n  index: -1\n角色文件-吃蛋糕/cake_m\n  rotate: false\n  xy: 102, 229\n  size: 40, 26\n  orig: 40, 26\n  offset: 0, 0\n  index: -1\n角色文件-吃蛋糕/saozi\n  rotate: false\n  xy: 1, 244\n  size: 30, 7\n  orig: 30, 7\n  offset: 0, 0\n  index: -1\n",["FuJiaQianJin.png"],{"skeleton":{"width":177.66,"height":157.51,"fps":24,"hash":" ","name":"Armature"},"bones":[{"name":"root"},{"x":50.15,"y":102.35,"rotation":90,"name":"icon_sq02","parent":"root"},{"x":-53.2,"y":140.45,"name":"icon_sq01","parent":"root"},{"length":33,"x":-2.25,"y":35.4,"rotation":86.5681,"name":"body_3","parent":"root"},{"inheritScale":false,"length":13,"x":-3.76,"y":6.737,"rotation":-169.4431,"name":"rightleg1","parent":"body_3","transform":"noScale"},{"inheritScale":false,"length":15,"x":29.1164,"y":-6.9194,"rotation":-153.322,"name":"lefthand_3","parent":"body_3","transform":"noScale"},{"inheritScale":false,"length":13,"x":29.8096,"y":5.7448,"rotation":156.7749,"name":"righthand_3","parent":"body_3","transform":"noScale"},{"inheritScale":false,"length":48,"x":33.5067,"y":0.0559,"rotation":-4.1084,"name":"head","parent":"body_3","transform":"noScale"},{"inheritScale":false,"length":17,"x":-1.775,"y":-6.3176,"rotation":-170.9374,"name":"leftleg_1","parent":"body_3","transform":"noScale"},{"length":14,"x":18.2341,"y":-0.0392,"rotation":3.2067,"name":"leftleg_3_3","parent":"leftleg_1"},{"length":13,"x":13.7493,"y":0.3473,"rotation":2.0917,"name":"rightleg_3_3","parent":"rightleg1"},{"x":10.0664,"y":16.1607,"rotation":7.5403,"name":"hair_0","parent":"head"},{"length":18,"x":16.1238,"y":-0.7224,"rotation":-22.0108,"name":"lefthand_31","parent":"lefthand_3"},{"x":20.2431,"y":16.2469,"name":"yanjing","parent":"head"},{"length":15,"x":13.9975,"y":0.2014,"rotation":8.2804,"name":"righthand_31","parent":"righthand_3"},{"length":7,"x":23.1289,"y":21.1177,"rotation":50.622,"name":"head_3","parent":"head"},{"length":7,"x":23.4337,"y":11.5751,"rotation":-55.4091,"name":"head_1","parent":"head"},{"x":-1.3273,"y":-9.4055,"name":"left_eye","parent":"yanjing"},{"x":-0.25,"y":3.75,"name":"hair_01","parent":"hair_0"},{"x":0.2164,"y":8.6532,"name":"right_eye","parent":"yanjing"},{"x":-2.15,"y":-3.2,"name":"hair_02","parent":"hair_0"},{"length":24,"x":46.3616,"y":-60.2635,"rotation":175.8499,"name":"tea1","parent":"lefthand_31"},{"x":23.2662,"y":74.7158,"rotation":88.7647,"name":"cake_m","parent":"lefthand_31"},{"length":27,"x":9.8434,"y":117.3896,"rotation":-63.77,"name":"saozi","parent":"righthand_31"},{"length":10,"x":26.3168,"y":0.3387,"rotation":-62.1355,"name":"tea111","parent":"tea1"}],"slots":[{"name":"shadow","bone":"root","attachment":"shadow"},{"name":"hair_0","bone":"head","attachment":"hair_0"},{"name":"rightleg_3","bone":"rightleg1","attachment":"rightleg_3"},{"name":"leftleg_3","bone":"leftleg_1","attachment":"leftleg_3"},{"name":"body_3","bone":"body_3","attachment":"body_3"},{"name":"head_3","bone":"head","attachment":"head_3"},{"name":"righthand_3","bone":"righthand_31","attachment":"righthand_3"},{"name":"kouhong","bone":"righthand_31","attachment":"kouhong"},{"name":"jingzi","bone":"lefthand_31","attachment":"jingzi"},{"name":"tea1","bone":"tea1","attachment":"tea1"},{"name":"lefthand_31","bone":"lefthand_31","attachment":"lefthand_31"},{"name":"eye_closed2_2","bone":"right_eye","attachment":"eye_closed2_2"},{"name":"eye_closed1_2","bone":"left_eye","attachment":"eye_closed1_2"},{"name":"eye_closed1","bone":"left_eye","attachment":"eye_closed1"},{"name":"eye_closed2","bone":"right_eye","attachment":"eye_closed2"},{"name":"head_1","bone":"head","attachment":"head_1"},{"name":"icon_sq02","bone":"icon_sq02","attachment":"icon_sq02"},{"name":"icon_sq01","bone":"icon_sq01","attachment":"icon_sq01"},{"name":"cake_m","bone":"cake_m","attachment":"角色文件-吃蛋糕/cake_m"},{"name":"saozi","bone":"saozi","attachment":"角色文件-吃蛋糕/saozi"}],"skins":{"default":{"body_3":{"body_3":{"name":"body_3","width":41,"height":50,"x":11.04,"y":-0.48,"rotation":-86.57,"path":"角色文件0303-2/身体_3"}},"eye_closed1":{"eye_closed1":{"name":"eye_closed1","width":7,"height":3,"x":0.76,"y":0.25,"rotation":-82.46,"path":"角色文件-道具(1)/闭眼1"}},"righthand_3":{"righthand_3":{"name":"righthand_3","width":13,"height":32,"hull":7,"path":"角色文件0303-2/右手_3","type":"mesh","triangles":[8,10,12,4,8,12,10,6,12,4,12,1,11,7,3,12,6,3,6,11,3,2,7,11,9,2,11,8,5,10,9,11,6,5,9,6,10,5,6,0,8,4,8,0,5,0,9,5,0,2,9],"uvs":[0,0,1,0,0,1,1,1,0.49296,0,0.23846,0.41563,0.69615,0.4875,0.42308,1,0.27692,0.34844,0.18846,0.49688,0.74615,0.41563,0.65,0.5875,1,0.25],"edges":[0,4,2,8,2,24,4,14,6,14,6,24,8,0],"vertices":[1,6,2.98,-12.39,1,1,3,32.74,5.33,1,1,14,17.65,-0.79,1,1,14,13.55,11.55,1,2,3,32.35,11.91,0.83,6,0.1,-6.66,0.17,2,6,13.47,-3.65,0.527193,14,-1.08,-3.74,0.472807,2,6,12.86,2.69,0.508331,14,-0.77,2.63,0.491669,1,14,15.91,4.43,1,2,6,11.33,-4.17,0.87,14,-3.27,-3.94,0.13,2,14,1.6,-3.54,0.87,6,16.09,-3.07,0.13,2,6,10.51,2.24,0.87,14,-3.16,2.52,0.13,2,14,2.46,3.07,0.87,6,15.99,3.59,0.13,1,3,24.75,4.85,1]}},"leftleg_3":{"leftleg_3":{"name":"leftleg_3","width":15,"height":33,"hull":12,"path":"角色文件0303-2/左腿_3","type":"mesh","triangles":[11,6,7,5,8,9,8,2,9,9,2,3,11,7,10,11,10,1,0,11,1,7,6,4,6,5,4,5,9,4],"uvs":[0,0,1,0,0,1,1,1,1,0.48927,0,0.49685,0,0.40745,1,0.38624,0,0.58927,1,0.59533,1,0.18473,0,0.18169],"edges":[0,2,2,20,4,6,4,16,6,18,8,14,8,18,10,12,10,16,12,22,14,20,22,0],"vertices":[1,3,-3.02,0.18,1,1,3,-2.12,-14.79,1,1,9,14.24,-10.62,1,1,9,16.54,4.2,1,2,8,17.75,6.73,0.5,9,-0.11,6.79,0.5,2,8,16.52,-8.22,0.5,9,-2.17,-8.07,0.5,2,8,13.59,-7.93,0.95,9,-5.08,-7.62,0.05,2,8,14.36,7.06,0.93,9,-3.47,7.31,0.07,2,9,0.85,-8.54,0.88,8,19.56,-8.52,0.12,2,9,3.35,6.25,0.88,8,21.23,6.39,0.12,2,3,-8.21,-15.16,0.91,8,7.74,7.72,0.09,2,3,-9.01,-0.18,0.91,8,6.17,-7.2,0.09]}},"hair_0":{"hair_0":{"name":"hair_0","width":56,"height":49,"x":-1.25,"y":2.16,"rotation":-82.46,"path":"角色文件0303-2/头发_0"}},"rightleg_3":{"rightleg_3":{"name":"rightleg_3","width":11,"height":24,"hull":12,"path":"角色文件0303-2/右腿_3","type":"mesh","triangles":[8,10,9,6,2,7,7,2,3,9,10,11,10,4,11,8,9,1,0,8,1,6,7,5,4,6,5,11,4,5],"uvs":[0,0,1,0,0,1,1,1,0,0.42691,1,0.44358,0,0.52275,1,0.53733,0,0.16025,1,0.16858,0,0.31441,1,0.37483],"edges":[0,2,2,18,4,6,4,12,6,14,8,12,8,20,10,14,10,22,16,20,18,22,16,0],"vertices":[1,3,-6.61,9.98,1,1,3,-5.95,-1,1,1,10,12.01,-7.48,1,1,10,13.77,3.38,1,2,10,-1.57,-5.28,0.5,4,12.38,-4.98,0.5,2,10,0.59,5.52,0.5,4,14.14,5.88,0.5,2,10,0.7,-5.65,0.87,4,14.66,-5.27,0.13,2,10,2.81,5.16,0.85,4,16.37,5.6,0.15,2,3,-10.45,9.75,0.82,4,6.03,-4.19,0.18,2,3,-9.99,-1.24,0.81,4,7.59,6.7,0.19,2,4,9.7,-4.65,0.92,10,-4.23,-4.84,0.08,2,4,12.5,6.09,0.91,10,-1.04,5.78,0.09]}},"eye_closed2_2":{"eye_closed2_2":{"name":"eye_closed2_2","width":6,"height":9,"x":-0.25,"y":-0.02,"rotation":-82.46,"path":"角色文件-道具(1)/眼睛睁2_2"}},"jingzi":{"jingzi":{"name":"jingzi","width":16,"height":12,"x":20.84,"y":-5.54,"rotation":152.6,"path":"角色文件-道具(1)/jingzi"}},"head_1":{"head_1":{"name":"head_1","width":78,"height":94,"hull":34,"path":"角色文件-发怒表情/头部_1","type":"mesh","triangles":[6,5,4,6,4,3,2,6,3,42,45,6,43,42,6,6,45,7,45,16,7,10,9,8,13,10,8,7,13,8,2,43,6,14,13,7,16,14,7,12,11,10,13,12,10,16,15,14,1,0,2,0,43,2,32,43,0,33,32,0,45,47,16,32,38,43,38,35,43,47,17,16,20,19,47,49,20,47,19,18,17,47,19,17,38,34,35,41,44,45,44,47,45,43,35,42,35,41,42,41,45,42,44,49,47,41,50,44,50,49,44,35,50,41,34,40,50,49,21,20,34,50,35,31,38,32,50,48,49,48,21,49,36,40,34,40,48,50,31,30,38,37,36,34,38,37,34,23,27,24,27,25,24,40,46,48,46,21,48,27,26,25,46,22,21,37,39,36,36,39,40,39,46,40,29,39,37,30,29,37,38,30,37,28,22,46,39,29,46,29,28,46,22,27,23,28,27,22],"uvs":[0.60256,0,0.66667,0.01064,0.73077,0.08298,0.99999,0.06277,0.98718,0.28564,0.90192,0.29468,0.86586,0.28564,0.8583,0.6383,0.8917,0.81915,0.86039,0.91489,0.78343,0.95745,0.70513,0.99999,0.64873,0.99999,0.53846,0.72872,0.52564,0.70957,0.5,0.68085,0.48718,0.6383,0.46154,0.68145,0.46154,0.71117,0.38462,0.71543,0.31859,0.70266,0.12628,0.65798,0.03462,0.61223,0.08334,0.66203,0.18974,0.82979,0.07564,0.99999,0,0.99999,0,0.78723,0,0.58511,0,0.48936,0.01282,0.32979,0.06603,0.17021,0.15385,0.1383,0.15385,0.07766,0.2064,0.42525,0.31507,0.43535,0.16537,0.44035,0.13204,0.40896,0.13588,0.36735,0.11345,0.46971,0.15961,0.48633,0.34582,0.46354,0.40961,0.44227,0.4095,0.40556,0.3605,0.50078,0.41196,0.49227,0.11473,0.52138,0.37773,0.55131,0.1949,0.57399,0.28212,0.59242,0.24238,0.56857],"edges":[0,2,2,4,4,6,6,8,8,10,10,12,12,14,14,16,16,18,18,20,20,22,22,24,24,26,26,28,28,30,30,32,32,34,34,36,36,38,38,40,40,42,42,44,44,46,46,48,48,50,50,52,52,54,54,56,56,58,58,60,60,62,62,64,64,66,66,0],"vertices":[1,7,67.01,-5.03,1,1,7,67.77,-10.79,1,1,7,60.62,-16.23,1,1,7,65.22,-36.46,1,1,7,44.45,-39.21,1,1,7,42.6,-31.73,1,1,7,43.05,-28.6,1,1,7,9.74,-32.65,1,1,7,-6.28,-37.4,1,1,7,-16.07,-36.22,1,1,7,-20.37,-30.74,1,1,7,-25.02,-26.11,1,1,7,-25.72,-20.85,1,1,7,-1.56,-9.03,1,1,7,-0.02,-6.91,1,1,7,2.5,-5.42,1,1,7,6.34,-3.9,1,1,7,2.23,-2.98,1,1,7,-0.76,-2.47,1,1,7,-1.99,3.72,1,1,7,-1.39,8.34,1,1,7,0.81,23.76,1,1,7,4.13,31.41,1,1,7,0.02,27.04,1,1,7,-14.65,16.72,1,1,7,-31.58,23.46,1,1,7,-32.33,29.31,1,1,7,-12.58,31.93,1,1,7,6.26,34.42,1,1,7,15.87,35.69,1,1,7,30.23,36.58,1,1,7,46.59,34.56,1,1,7,49.52,28.04,1,1,7,55.04,29.73,1,1,15,-0.41,-0.58,1,1,16,-0.27,0.25,1,1,19,1.15,-1.46,1,1,19,3.69,1.5,1,1,15,7.37,-0.32,1,1,19,-2.01,2.21,1,1,19,-3.22,-1.59,1,1,17,2.26,2.37,1,1,17,4.89,-2.28,1,1,16,7.55,-0.6,1,1,17,-1.06,0.77,1,1,17,0.26,-3.09,1,2,7,13.51,26.35,0.87,19,-6.95,1.45,0.13,2,7,13.32,5.65,0.84,17,-5.59,-1.19,0.16,1,18,0,-0.35,1,1,20,0.15,-0.2,1,1,11,0.25,-0.3,1]}},"eye_closed1_2":{"eye_closed1_2":{"name":"eye_closed1_2","width":6,"height":9,"x":0.3,"y":0.23,"rotation":-82.46,"path":"角色文件-道具(1)/眼睛睁1_2"}},"cake_m":{"角色文件-吃蛋糕/cake_m":{"name":"角色文件-吃蛋糕/cake_m","width":40,"height":26,"x":-0.46,"y":3.12}},"lefthand_31":{"lefthand_31":{"name":"lefthand_31","width":11,"height":36,"hull":10,"path":"角色文件0303-2/左手_3","type":"mesh","triangles":[7,5,8,7,8,6,0,7,6,5,2,3,5,3,9,0,6,1,5,9,4,8,5,4],"uvs":[0,0,1,0,0,1,1,1,1,0.41111,0,0.50278,1,0.1125,0,0.18056,1,0.37639,1,0.46389],"edges":[0,2,2,12,4,6,4,10,6,18,8,16,8,18,10,14,12,16,14,0],"vertices":[1,3,30.34,-4.83,1,1,3,31,-15.81,1,1,12,19.38,-8.13,1,1,12,19.62,2.87,1,2,5,15.91,2.95,0.54,12,-1.58,3.32,0.46,2,12,1.48,-7.74,0.5,5,14.6,-8.46,0.5,2,5,6.03,7.19,0.87,3,26.96,-16.05,0.13,2,5,3.94,-3.88,0.913195,12,-10.11,-7.49,0.086805,2,5,14.76,3.45,0.82,12,-2.83,3.35,0.18,2,12,0.32,3.28,0.86,5,17.65,2.2,0.14]}},"tea1":{"tea1":{"name":"tea1","width":23,"height":35,"hull":10,"path":"奶茶图标及厨师制作完成/奶茶1","type":"mesh","triangles":[6,0,7,0,9,7,7,9,8,4,3,5,3,6,5,1,0,6,3,2,6,2,1,6],"uvs":[0,0.37143,0.25435,0.16714,0.41957,0.08,0.72826,0,1,0,1,0.13857,0.73478,0.18571,1,0.37286,1,1,0,1],"edges":[0,2,2,4,4,6,6,8,8,10,10,12,12,14,14,16,16,18,18,0],"vertices":[1,21,18.68,11.47,1,2,21,26.12,6,0.93,24,-5.09,2.47,0.07,2,21,29.36,2.36,0.24,24,-0.36,3.63,0.76,1,24,7.26,3.18,1,1,24,12.92,0.54,1,1,24,10.88,-3.86,1,2,21,26.03,-5.07,0.34,24,4.65,-2.78,0.66,1,21,19.8,-11.5,1,1,21,-2.12,-12.61,1,1,21,-3.29,10.36,1]}},"kouhong":{"kouhong":{"name":"kouhong","width":7,"height":11,"x":16.17,"y":-0.39,"rotation":-152.61,"path":"角色文件-道具(1)/kouhong"}},"shadow":{"shadow":{"name":"shadow","width":52,"height":12,"x":0.39,"y":5.4,"path":"角色文件0303-2/椭圆_1_拷贝_7"}},"head_3":{"head_3":{"name":"head_3","width":78,"height":94,"hull":4,"path":"角色文件-道具(1)/头部_1","type":"mesh","triangles":[15,16,1,0,15,1,16,17,1,5,4,3,4,2,3,1,17,3,17,5,3,8,2,4,7,5,17,19,7,17,16,19,17,6,4,5,6,5,7,19,6,7,18,19,16,15,18,16,12,11,19,18,12,19,11,6,19,6,8,4,13,18,15,11,8,6,14,13,15,0,14,15,18,10,12,12,8,11,10,9,8,9,2,8,12,10,8,18,9,10,13,9,18,0,13,14,0,9,13,0,2,9],"uvs":[0,0,1,0,0,1,1,1,0.39754,0.70953,0.47703,0.69517,0.38729,0.6707,0.47703,0.65368,0.25075,0.68187,0.05395,0.56485,0.18536,0.58028,0.28536,0.59889,0.2296,0.59145,0.06806,0.46379,0.07319,0.29889,0.21549,0.26751,0.43536,0.37017,0.52767,0.54889,0.12447,0.52283,0.3796,0.55794],"edges":[0,2,2,6,4,6,4,0],"vertices":[59.68,40.99,69.92,-36.33,-33.5,28.66,-23.27,-48.67,-2.37,1.5,-0.22,-4.47,1.14,2.77,3.65,-3.96,-1.3,13.19,7.59,29.85,7.5,19.5,6.79,11.54,6.91,15.94,17.16,30.01,32.57,31.65,36.96,21.03,29.64,2.76,13.93,-6.58,12.23,24.92,11.57,4.76]}},"icon_sq01":{"icon_sq01":{"name":"icon_sq01","width":33,"height":34,"x":-1.11,"y":-0.55}},"icon_sq02":{"icon_sq02":{"name":"icon_sq02","width":23,"height":24,"x":-0.59,"y":-0.17,"rotation":-90}},"saozi":{"角色文件-吃蛋糕/saozi":{"name":"角色文件-吃蛋糕/saozi","width":30,"height":7,"x":14.38,"y":0.66,"rotation":172.15}},"eye_closed2":{"eye_closed2":{"name":"eye_closed2","width":6,"height":3,"x":0.09,"y":0.21,"rotation":-82.46,"path":"角色文件-道具(1)/闭眼2"}}}},"animations":{"stand":{"bones":{"body_3":{"translate":[{"time":0,"x":6.07,"y":-5.93}],"rotate":[{"time":0,"angle":0,"curve":[0.5,0,0.5,1]},{"time":0.625,"angle":-0.46,"curve":[0.5,0,0.5,1]},{"time":1.25,"angle":0,"curve":[0.5,0,0.5,1]},{"time":1.875,"angle":-0.46,"curve":[0.5,0,0.5,1]},{"time":2.5,"angle":0,"curve":[0.5,0,0.5,1]},{"time":2.875,"angle":-3.44},{"time":4.7083,"angle":-3.44},{"time":5.0833,"angle":-4.28},{"time":8,"angle":-4.28},{"time":8.75,"angle":0}],"shear":[{"time":0,"curve":[0.5,0,0.5,1]},{"time":0.625,"curve":[0.5,0,0.5,1]},{"time":1.25,"curve":[0.5,0,0.5,1]},{"time":1.875,"curve":[0.5,0,0.5,1]},{"time":2.5,"curve":[0.5,0,0.5,1]},{"time":2.875},{"time":4.7083},{"time":5.0833},{"time":8},{"time":8.75}]},"lefthand_3":{"rotate":[{"time":0,"angle":-37.14,"curve":[0.5,0,0.5,1]},{"time":2.875,"angle":-37.14},{"time":3.25,"angle":3.71},{"time":3.5833,"angle":-74.78},{"time":3.9583,"angle":-75.56},{"time":4.3333,"angle":-68.02},{"time":4.7083,"angle":-69.94},{"time":5.0833,"angle":-69.95},{"time":5.4166,"angle":-74.78},{"time":7.9999,"angle":-74.78},{"time":8.3332,"angle":-18.58,"curve":[0.5,0,0.5,1]},{"time":8.7499,"angle":-37.14}],"shear":[{"time":0,"curve":[0.5,0,0.5,1]},{"time":2.875},{"time":3.25},{"time":3.5833},{"time":3.9583},{"time":4.3333},{"time":4.7083},{"time":5.0833},{"time":5.4166},{"time":7.9999},{"time":8.3332,"curve":[0.5,0,0.5,1]},{"time":8.7499}]},"leftleg_1":{"rotate":[{"time":0,"angle":-68.56},{"time":2.5,"angle":-68.56},{"time":2.875,"angle":-65.83},{"time":4.7083,"angle":-65.83},{"time":5.0833,"angle":-64.38},{"time":8,"angle":-64.38},{"time":8.75,"angle":-68.56}],"shear":[{"time":0},{"time":2.5},{"time":2.875},{"time":4.7083},{"time":5.0833},{"time":8},{"time":8.75}]},"righthand_3":{"rotate":[{"time":0,"angle":0},{"time":4.7083,"angle":0},{"time":5.0833,"angle":10.02},{"time":5.4166,"angle":-8.76},{"time":5.7916,"angle":-6.94},{"time":6.1666,"angle":-8.76},{"time":6.5416,"angle":-6.94},{"time":6.9166,"angle":-36.14},{"time":7.2499,"angle":-25.74},{"time":7.6249,"angle":-36.14},{"time":7.9999,"angle":-25.74},{"time":8.7499,"angle":0}],"shear":[{"time":0},{"time":4.7083},{"time":5.0833},{"time":5.4166},{"time":5.7916},{"time":6.1666},{"time":6.5416},{"time":6.9166},{"time":7.2499},{"time":7.6249},{"time":7.9999},{"time":8.7499}]},"rightleg1":{"rotate":[{"time":0,"angle":-65.2},{"time":2.5,"angle":-65.2},{"time":2.875,"angle":-62.47},{"time":4.7083,"angle":-62.47},{"time":5.0833,"angle":-61.03},{"time":8,"angle":-61.03},{"time":8.75,"angle":-65.2}],"shear":[{"time":0},{"time":2.5},{"time":2.875},{"time":4.7083},{"time":5.0833},{"time":8},{"time":8.75}]},"lefthand_31":{"rotate":[{"time":0,"angle":0,"curve":[0.5,0,0.5,1]},{"time":2.875,"angle":0},{"time":3.25,"angle":-22.86},{"time":3.5833,"angle":-16.5},{"time":3.9583,"angle":-16.5},{"time":4.3333,"angle":-11.87},{"time":4.7083,"angle":-12.68},{"time":5.0833,"angle":-15.5},{"time":5.4166,"angle":-13.97},{"time":5.7916,"angle":-16.5},{"time":6.5416,"angle":-16.5},{"time":6.9166,"angle":-12.72},{"time":7.2499,"angle":-5.72},{"time":7.6249,"angle":-5.55},{"time":7.9999,"angle":-3.18},{"time":8.7499,"angle":0}],"shear":[{"time":0,"curve":[0.5,0,0.5,1]},{"time":2.875},{"time":3.25},{"time":3.5833},{"time":3.9583},{"time":4.3333},{"time":4.7083},{"time":5.0833},{"time":5.4166},{"time":5.7916},{"time":6.5416},{"time":6.9166},{"time":7.2499},{"time":7.6249},{"time":7.9999},{"time":8.7499}]},"rightleg_3_3":{"rotate":[{"time":0,"angle":61.76}],"shear":[{"time":0}]},"leftleg_3_3":{"rotate":[{"time":0,"angle":61.98}],"shear":[{"time":0}]},"righthand_31":{"rotate":[{"time":0,"angle":0},{"time":4.7083,"angle":0},{"time":5.0833,"angle":-7.46},{"time":5.4166,"angle":-117.67},{"time":5.7916,"angle":-150.99},{"time":6.1666,"angle":-117.67},{"time":6.5416,"angle":-150.99},{"time":6.9166,"angle":-110.89},{"time":7.2499,"angle":-151.12},{"time":7.6249,"angle":-110.89},{"time":7.9999,"angle":-151.12},{"time":8.7499,"angle":0}],"shear":[{"time":0},{"time":4.7083},{"time":5.0833},{"time":5.4166},{"time":5.7916},{"time":6.1666},{"time":6.5416},{"time":6.9166},{"time":7.2499},{"time":7.6249},{"time":7.9999},{"time":8.7499}]},"head":{"rotate":[{"time":0,"angle":0,"curve":[0.5,0,0.5,1]},{"time":0.625,"angle":1.11,"curve":[0.5,0,0.5,1]},{"time":1.25,"angle":0,"curve":[0.5,0,0.5,1]},{"time":1.875,"angle":0.6,"curve":[0.5,0,0.5,1]},{"time":2.5,"angle":0,"curve":[0.5,0,0.5,1]},{"time":2.875,"angle":7.24},{"time":3.25,"angle":7.24},{"time":3.5833,"angle":-3.24},{"time":3.9583,"angle":-4.03},{"time":4.3333,"angle":12.71},{"time":4.7083,"angle":13.72},{"time":6.5416,"angle":13.72},{"time":6.9166,"angle":1.38},{"time":7.9999,"angle":1.38},{"time":8.7499,"angle":0}],"shear":[{"time":0,"curve":[0.5,0,0.5,1]},{"time":0.625,"curve":[0.5,0,0.5,1]},{"time":1.25,"curve":[0.5,0,0.5,1]},{"time":1.875,"curve":[0.5,0,0.5,1]},{"time":2.5,"curve":[0.5,0,0.5,1]},{"time":2.875},{"time":3.25},{"time":3.5833},{"time":3.9583},{"time":4.3333},{"time":4.7083},{"time":6.5416},{"time":6.9166},{"time":7.9999},{"time":8.7499}]},"yanjing":{"translate":[{"time":0},{"time":2.5},{"time":2.7083,"x":-0.92,"y":-1.53},{"time":3.125,"x":-0.92,"y":-1.53},{"time":3.5417,"x":-1.99,"y":-0.01},{"time":3.9584,"x":-1.99,"y":-0.01},{"time":4.3751,"x":-1.82,"y":-0.01},{"time":6.6668,"x":-1.82,"y":-0.01},{"time":6.8751,"x":-1.64,"y":-0.01},{"time":8.1251,"x":-1.82,"y":-0.01},{"time":8.3334}]},"left_eye":{"translate":[{"time":0},{"time":2.5},{"time":2.7083,"x":-0.24,"y":0.77},{"time":3.125,"x":-0.24,"y":0.77},{"time":3.5417},{"time":6.6667},{"time":6.875,"x":0.67,"y":-0.11},{"time":8.125}],"rotate":[{"time":0,"angle":0},{"time":2.5,"angle":0},{"time":2.7083,"angle":-2.61},{"time":3.125,"angle":0},{"time":3.5417,"angle":0},{"time":4.375,"angle":-9.38},{"time":6.6667,"angle":-9.38},{"time":6.875,"angle":-8.44},{"time":8.125,"angle":-9.38},{"time":8.3333,"angle":0}],"shear":[{"time":0},{"time":2.5},{"time":2.7083},{"time":3.125},{"time":3.5417},{"time":4.375},{"time":6.6667},{"time":6.875},{"time":8.125},{"time":8.3333}]},"right_eye":{"translate":[{"time":0},{"time":2.5},{"time":2.7083,"x":-1.16,"y":0.63},{"time":3.125,"x":-1.16,"y":0.63},{"time":3.5417}],"rotate":[{"time":0,"angle":0},{"time":3.5417,"angle":0},{"time":4.375,"angle":-11.37},{"time":6.6667,"angle":-11.37},{"time":6.875,"angle":-10.23},{"time":8.125,"angle":-11.37},{"time":8.3333,"angle":0}],"shear":[{"time":0},{"time":3.5417},{"time":4.375},{"time":6.6667},{"time":6.875},{"time":8.125},{"time":8.3333}]},"icon_sq02":{"translate":[{"time":0},{"time":8.75},{"time":10.75,"x":-135.85}]}},"slots":{"shadow":{"color":[{"time":0,"color":"FFFFFF00"}]},"kouhong":{"color":[{"time":0,"color":"FFFFFF00"},{"time":5.0833,"color":"FFFFFF00"},{"time":5.125,"color":"FFFFFFFF"},{"time":8.7083,"color":"FFFFFFFF"},{"time":8.75,"color":"FFFFFF00"}]},"jingzi":{"color":[{"time":0,"color":"FFFFFF00"},{"time":3.25,"color":"FFFFFF00"},{"time":3.2917,"color":"FFFFFFFF"},{"time":8.3334,"color":"FFFFFFFF"},{"time":8.3751,"color":"FFFFFF00"}]},"eye_closed2_2":{"color":[{"time":0,"color":"FFFFFFFF"},{"time":0.8333,"color":"FFFFFFFF"},{"time":0.875,"color":"FFFFFF00"},{"time":1.0417,"color":"FFFFFF00"},{"time":1.0834,"color":"FFFFFFFF"}]},"eye_closed1_2":{"color":[{"time":0,"color":"FFFFFFFF"},{"time":0.8333,"color":"FFFFFFFF"},{"time":0.875,"color":"FFFFFF00"},{"time":1.0417,"color":"FFFFFF00"},{"time":1.0834,"color":"FFFFFFFF"}]},"eye_closed1":{"color":[{"time":0,"color":"FFFFFF00"},{"time":0.8333,"color":"FFFFFF00"},{"time":0.875,"color":"FFFFFFFF"},{"time":1.0417,"color":"FFFFFFFF"},{"time":1.0834,"color":"FFFFFF00"},{"time":8.7501,"color":"FFFFFFFF"}]},"eye_closed2":{"color":[{"time":0,"color":"FFFFFF00"},{"time":0.8333,"color":"FFFFFF00"},{"time":0.875,"color":"FFFFFFFF"},{"time":1.0417,"color":"FFFFFFFF"},{"time":1.0834,"color":"FFFFFF00"},{"time":8.7501,"color":"FFFFFFFF"}]},"head_1":{"color":[{"time":0,"color":"FFFFFF00"}]},"icon_sq01":{"color":[{"time":0,"color":"FFFFFF00"}]},"icon_sq02":{"color":[{"time":0,"color":"FFFFFF00"}]},"tea1":{"color":[{"time":0,"color":"FFFFFF00"}]},"cake_m":{"color":[{"time":0,"color":"FFFFFF00"}]},"saozi":{"color":[{"time":0,"color":"FFFFFF00"}]}}},"move":{"bones":{"body_3":{"translate":[{"time":0,"curve":[0.5,0,0.5,1]},{"time":0.2917,"y":1.69,"curve":[0.5,0,0.5,1]},{"time":0.625,"curve":[0.5,0,0.5,1]},{"time":0.9583,"y":1.69,"curve":[0.5,0,0.5,1]},{"time":1.25}],"rotate":[{"time":0,"angle":0.84,"curve":[0.5,0,0.5,1]},{"time":0.625,"angle":0,"curve":[0.5,0,0.5,1]},{"time":1.25,"angle":0.84}],"shear":[{"time":0,"curve":[0.5,0,0.5,1]},{"time":0.625,"curve":[0.5,0,0.5,1]},{"time":1.25}]},"lefthand_3":{"rotate":[{"time":0,"angle":1.42,"curve":[0.5,0,0.5,1]},{"time":0.375,"angle":-11.27},{"time":0.625,"angle":-19.1,"curve":[0.5,0,0.5,1]},{"time":0.9167,"angle":-7.83},{"time":1.25,"angle":1.42}],"shear":[{"time":0,"curve":[0.5,0,0.5,1]},{"time":0.375},{"time":0.625,"curve":[0.5,0,0.5,1]},{"time":0.9167},{"time":1.25}]},"leftleg_1":{"rotate":[{"time":0,"angle":-33.15},{"time":0.625,"angle":12.89},{"time":0.8333,"angle":-19.09},{"time":1.25,"angle":-33.15}],"shear":[{"time":0},{"time":0.625},{"time":0.8333},{"time":1.25}]},"righthand_3":{"rotate":[{"time":0,"angle":-3.03,"curve":[0.5,0,0.5,1]},{"time":0.625,"angle":18.46,"curve":[0.5,0,0.5,1]},{"time":1.25,"angle":-3.03}],"shear":[{"time":0,"curve":[0.5,0,0.5,1]},{"time":0.625,"curve":[0.5,0,0.5,1]},{"time":1.25}]},"rightleg1":{"translate":[{"time":0,"x":-2.36,"y":-7.55},{"time":0.625,"x":-2.74,"y":0.51},{"time":1.25,"x":-2.36,"y":-7.55}],"rotate":[{"time":0,"angle":10.42},{"time":0.1667,"angle":-9.31},{"time":0.625,"angle":-22.53},{"time":1.25,"angle":10.42}],"shear":[{"time":0},{"time":0.1667},{"time":0.625},{"time":1.25}]},"lefthand_31":{"rotate":[{"time":0,"angle":10.77,"curve":[0.5,0,0.5,1]},{"time":0.375,"angle":6.3},{"time":0.625,"angle":-12.65,"curve":[0.5,0,0.5,1]},{"time":0.9167,"angle":-9.99},{"time":1.25,"angle":10.77}],"shear":[{"time":0,"curve":[0.5,0,0.5,1]},{"time":0.375},{"time":0.625,"curve":[0.5,0,0.5,1]},{"time":0.9167},{"time":1.25}]},"rightleg_3_3":{"rotate":[{"time":0,"angle":15.25},{"time":0.1667,"angle":49.09},{"time":0.625,"angle":0},{"time":1.25,"angle":15.25}],"shear":[{"time":0},{"time":0.1667},{"time":0.625},{"time":1.25}]},"leftleg_3_3":{"rotate":[{"time":0,"angle":8.85},{"time":0.625,"angle":0},{"time":0.8333,"angle":44.11},{"time":1.25,"angle":8.85}],"shear":[{"time":0},{"time":0.625},{"time":0.8333},{"time":1.25}]},"righthand_31":{"rotate":[{"time":0,"angle":-27.12,"curve":[0.5,0,0.5,1]},{"time":0.625,"angle":-15.32,"curve":[0.5,0,0.5,1]},{"time":1.25,"angle":-27.12}],"shear":[{"time":0,"curve":[0.5,0,0.5,1]},{"time":0.625,"curve":[0.5,0,0.5,1]},{"time":1.25}]},"head":{"rotate":[{"time":0,"angle":0,"curve":[0.5,0,0.5,1]},{"time":0.25,"angle":1.57,"curve":[0.5,0,0.5,1]},{"time":0.625,"angle":0,"curve":[0.5,0,0.5,1]},{"time":0.8333,"angle":2.57,"curve":[0.5,0,0.5,1]},{"time":1.25,"angle":0}],"shear":[{"time":0,"curve":[0.5,0,0.5,1]},{"time":0.25,"curve":[0.5,0,0.5,1]},{"time":0.625,"curve":[0.5,0,0.5,1]},{"time":0.8333,"curve":[0.5,0,0.5,1]},{"time":1.25}]}},"slots":{"shadow":{"color":[{"time":0,"color":"FFFFFF7F"}]},"kouhong":{"color":[{"time":0,"color":"FFFFFF00"}]},"jingzi":{"color":[{"time":0,"color":"FFFFFF00"}]},"eye_closed2_2":{"color":[{"time":0,"color":"FFFFFFFF"},{"time":0.6667,"color":"FFFFFFFF"},{"time":0.7084,"color":"FFFFFF00"},{"time":0.7917,"color":"FFFFFF00"},{"time":0.8334,"color":"FFFFFFFF"}]},"eye_closed1_2":{"color":[{"time":0,"color":"FFFFFFFF"},{"time":0.6667,"color":"FFFFFFFF"},{"time":0.7084,"color":"FFFFFF00"},{"time":0.7917,"color":"FFFFFF00"},{"time":0.8334,"color":"FFFFFFFF"}]},"eye_closed1":{"color":[{"time":0,"color":"FFFFFF00"},{"time":0.6667,"color":"FFFFFF00"},{"time":0.7084,"color":"FFFFFFFF"},{"time":0.7917,"color":"FFFFFFFF"},{"time":0.8334,"color":"FFFFFF00"}]},"eye_closed2":{"color":[{"time":0,"color":"FFFFFF00"},{"time":0.6667,"color":"FFFFFF00"},{"time":0.7084,"color":"FFFFFFFF"},{"time":0.7917,"color":"FFFFFFFF"},{"time":0.8334,"color":"FFFFFF00"}]},"head_1":{"color":[{"time":0,"color":"FFFFFF00"}]},"icon_sq01":{"color":[{"time":0,"color":"FFFFFF00"}]},"icon_sq02":{"color":[{"time":0,"color":"FFFFFF00"}]},"tea1":{"color":[{"time":0,"color":"FFFFFF00"}]},"cake_m":{"color":[{"time":0,"color":"FFFFFF00"}]},"saozi":{"color":[{"time":0,"color":"FFFFFF00"}]}},"drawOrder":[{"time":0,"offsets":[{"slot":"hair_0","offset":5},{"slot":"rightleg_3","offset":3},{"slot":"leftleg_3","offset":7},{"slot":"body_3","offset":9},{"slot":"head_3","offset":10},{"slot":"righthand_3","offset":2},{"slot":"lefthand_31","offset":4},{"slot":"eye_closed2_2","offset":5},{"slot":"eye_closed1_2","offset":5},{"slot":"icon_sq02","offset":-13},{"slot":"icon_sq01","offset":-13}]}]},"angry":{"bones":{"body_3":{"translate":[{"time":0,"x":6.07,"y":-5.93}],"scale":[{"time":0,"x":1,"y":1},{"time":0.25,"x":1.05,"y":1.05},{"time":0.5,"x":1,"y":1}]},"lefthand_3":{"rotate":[{"time":0,"angle":-37.14}],"shear":[{"time":0}]},"leftleg_1":{"translate":[{"time":0},{"time":0.25,"x":-0.82,"y":-0.05},{"time":0.5}],"rotate":[{"time":0,"angle":-68.56},{"time":0.25,"angle":-71.55},{"time":0.5,"angle":-68.56}],"shear":[{"time":0},{"time":0.25},{"time":0.5}]},"righthand_3":{"rotate":[{"time":0,"angle":-43.31}],"shear":[{"time":0}]},"rightleg1":{"translate":[{"time":0},{"time":0.25,"x":0.12,"y":-2.08},{"time":0.5}],"rotate":[{"time":0,"angle":-65.2},{"time":0.25,"angle":-61.98},{"time":0.5,"angle":-65.2}],"shear":[{"time":0},{"time":0.25},{"time":0.5}]},"rightleg_3_3":{"rotate":[{"time":0,"angle":61.76},{"time":0.25,"angle":39.74},{"time":0.5,"angle":61.76}],"shear":[{"time":0},{"time":0.25},{"time":0.5}]},"leftleg_3_3":{"rotate":[{"time":0,"angle":61.98},{"time":0.25,"angle":64.13},{"time":0.5,"angle":61.98}],"shear":[{"time":0},{"time":0.25},{"time":0.5}]},"righthand_31":{"rotate":[{"time":0,"angle":91.74}],"shear":[{"time":0}]},"head":{"rotate":[{"time":0,"angle":0,"curve":[0.5,0,0.5,1]},{"time":0.125,"angle":2.98},{"time":0.375,"angle":-1.76},{"time":0.5,"angle":0}],"shear":[{"time":0,"curve":[0.5,0,0.5,1]},{"time":0.125},{"time":0.375},{"time":0.5}]},"yanjing":{"translate":[{"time":0},{"time":0.25,"x":-0.39,"y":-0.05},{"time":0.5}]},"left_eye":{"rotate":[{"time":0,"angle":0},{"time":0.25,"angle":-2.72},{"time":0.5,"angle":0}],"scale":[{"time":0,"x":1,"y":1},{"time":0.25,"x":1.2,"y":1.2},{"time":0.5,"x":1,"y":1}],"shear":[{"time":0},{"time":0.25},{"time":0.5}]},"right_eye":{"rotate":[{"time":0,"angle":0},{"time":0.25,"angle":1.38},{"time":0.5,"angle":0}],"scale":[{"time":0,"x":1,"y":1},{"time":0.25,"x":1.2,"y":1.2},{"time":0.5,"x":1,"y":1}],"shear":[{"time":0},{"time":0.25},{"time":0.5}]},"hair_0":{"translate":[{"time":0},{"time":0.125,"x":0.88,"y":0.05},{"time":0.25,"x":0.44,"y":0.06},{"time":0.5}]},"hair_01":{"translate":[{"time":0},{"time":0.125,"x":-1.81,"y":1.72},{"time":0.2083,"x":-0.8,"y":1.58},{"time":0.375,"x":-1.14,"y":0.96},{"time":0.4167,"x":-0.53,"y":0.92},{"time":0.5}]},"hair_02":{"translate":[{"time":0},{"time":0.125,"x":-2.31,"y":-1.78},{"time":0.25,"x":-1.72,"y":-1.51},{"time":0.375,"x":-1.27,"y":-0.36},{"time":0.4167,"x":-0.53,"y":-0.67},{"time":0.5}]},"head_3":{"rotate":[{"time":0,"angle":0},{"time":0.125,"angle":18.09},{"time":0.25,"angle":4.65},{"time":0.375,"angle":-1.18},{"time":0.5,"angle":0}],"shear":[{"time":0},{"time":0.125},{"time":0.25},{"time":0.375},{"time":0.5}]},"head_1":{"rotate":[{"time":0,"angle":0},{"time":0.125,"angle":-12.42},{"time":0.25,"angle":-3.55},{"time":0.375,"angle":0.06},{"time":0.5,"angle":0}],"shear":[{"time":0},{"time":0.125},{"time":0.25},{"time":0.375},{"time":0.5}]},"icon_sq01":{"translate":[{"time":0,"x":42.18,"y":-50.42},{"time":0.125,"x":21.98,"y":-27.79},{"time":0.2083,"x":6.69,"y":-11.6},{"time":0.3333,"x":-1.84,"y":-8.43}],"scale":[{"time":0,"x":0.01,"y":0.01},{"time":0.2083,"x":1,"y":1},{"time":0.3333,"x":1.25,"y":1.25}]},"icon_sq02":{"translate":[{"time":0,"x":-36.66,"y":-14.88},{"time":0.125,"x":-28.05,"y":-7.45},{"time":0.25,"x":-5.13,"y":10.41},{"time":0.4167,"x":2.57,"y":17.37}],"scale":[{"time":0,"x":0.01,"y":0.01},{"time":0.125,"x":0.01,"y":0.01},{"time":0.25,"x":1,"y":1},{"time":0.4167,"x":1.25,"y":1.25}]}},"slots":{"shadow":{"color":[{"time":0,"color":"FFFFFF00"}]},"kouhong":{"color":[{"time":0,"color":"FFFFFF00"}]},"jingzi":{"color":[{"time":0,"color":"FFFFFF00"}]},"eye_closed1":{"color":[{"time":0,"color":"FFFFFF00"}]},"eye_closed2":{"color":[{"time":0,"color":"FFFFFF00"}]},"icon_sq01":{"color":[{"time":0,"color":"FFFFFF00"},{"time":0.2083,"color":"FFFFFFFF"},{"time":0.3333,"color":"FFFFFF00"}]},"icon_sq02":{"color":[{"time":0,"color":"FFFFFF00"},{"time":0.125,"color":"FFFFFF00"},{"time":0.25,"color":"FFFFFFFF"},{"time":0.4167,"color":"FFFFFF00"}]},"tea1":{"color":[{"time":0,"color":"FFFFFF00"}]},"cake_m":{"color":[{"time":0,"color":"FFFFFF00"}]},"saozi":{"color":[{"time":0,"color":"FFFFFF00"}]}},"deform":{"default":{"righthand_3":{"righthand_3":[{"time":0,"offset":20,"vertices":[-1.49,-0.76,0.94,0.77]}]}}},"drawOrder":[{"time":0,"offsets":[{"slot":"hair_0","offset":1},{"slot":"leftleg_3","offset":4},{"slot":"body_3","offset":4},{"slot":"head_3","offset":5},{"slot":"righthand_3","offset":0},{"slot":"head_1","offset":-4}]}]},"drink":{"bones":{"body_3":{"translate":[{"time":0,"x":6.07,"y":-5.93}],"rotate":[{"time":0,"angle":0,"curve":[0.5,0,0.5,1]},{"time":0.8333,"angle":1.68},{"time":2.0833,"angle":-1.19},{"time":2.5,"angle":0,"curve":[0.5,0,0.5,1]},{"time":3.0417,"angle":-2},{"time":3.5417,"angle":0,"curve":[0.5,0,0.5,1]},{"time":4.0417,"angle":-2},{"time":4.5834,"angle":0}],"scale":[{"time":0,"x":1,"y":1},{"time":2.5,"x":1,"y":1},{"time":3.0417,"x":1.02,"y":1},{"time":3.5417,"x":1,"y":1},{"time":4.0417,"x":1.02,"y":1},{"time":4.5834,"x":1,"y":1}],"shear":[{"time":0,"curve":[0.5,0,0.5,1]},{"time":0.8333},{"time":2.0833},{"time":2.5,"curve":[0.5,0,0.5,1]},{"time":3.0417},{"time":3.5417,"curve":[0.5,0,0.5,1]},{"time":4.0417},{"time":4.5834}]},"lefthand_3":{"rotate":[{"time":0,"angle":-44.89,"curve":[0.5,0,0.5,1]},{"time":0.8333,"angle":-50.64},{"time":2.0833,"angle":-50.64},{"time":2.5,"angle":-44.89}],"shear":[{"time":0,"curve":[0.5,0,0.5,1]},{"time":0.8333},{"time":2.0833},{"time":2.5}]},"leftleg_1":{"rotate":[{"time":0,"angle":-68.56},{"time":2.5,"angle":-68.56},{"time":3.0417,"angle":-66.69},{"time":3.5417,"angle":-68.56},{"time":4.0417,"angle":-66.69},{"time":4.5834,"angle":-68.56}],"shear":[{"time":0},{"time":2.5},{"time":3.0417},{"time":3.5417},{"time":4.0417},{"time":4.5834}]},"righthand_3":{"rotate":[{"time":0,"angle":-6.76},{"time":0.8333,"angle":-9.08},{"time":2.0833,"angle":-9.08},{"time":2.5,"angle":-6.76}],"shear":[{"time":0},{"time":0.8333},{"time":2.0833},{"time":2.5}]},"rightleg1":{"rotate":[{"time":0,"angle":-65.2},{"time":2.5,"angle":-65.2},{"time":3.0417,"angle":-63.33},{"time":3.5417,"angle":-65.2},{"time":4.0417,"angle":-63.33},{"time":4.5834,"angle":-65.2}],"shear":[{"time":0},{"time":2.5},{"time":3.0417},{"time":3.5417},{"time":4.0417},{"time":4.5834}]},"rightleg_3_3":{"rotate":[{"time":0,"angle":61.76}],"shear":[{"time":0}]},"leftleg_3_3":{"rotate":[{"time":0,"angle":61.98}],"shear":[{"time":0}]},"righthand_31":{"rotate":[{"time":0,"angle":0},{"time":0.8333,"angle":-8.16},{"time":2.0833,"angle":-8.16},{"time":2.5,"angle":0}],"shear":[{"time":0},{"time":0.8333},{"time":2.0833},{"time":2.5}]},"head":{"rotate":[{"time":0,"angle":23.1,"curve":[0.5,0,0.5,1]},{"time":0.8333,"angle":7.45},{"time":2.0833,"angle":7.45},{"time":2.5,"angle":10.93},{"time":2.8333,"angle":12.13},{"time":3.25,"angle":8.24},{"time":3.5417,"angle":10.93},{"time":3.875,"angle":12.13},{"time":4.25,"angle":8.24},{"time":4.5833,"angle":10.93},{"time":5.2083,"angle":23.1}],"shear":[{"time":0,"curve":[0.5,0,0.5,1]},{"time":0.8333},{"time":2.0833},{"time":2.5},{"time":2.8333},{"time":3.25},{"time":3.5417},{"time":3.875},{"time":4.25},{"time":4.5833},{"time":5.2083}]},"yanjing":{"translate":[{"time":0},{"time":0.4167,"x":-2.1,"y":0.29},{"time":0.8334,"x":-1.65,"y":0.31},{"time":2.0834,"x":0.39,"y":0.27},{"time":2.5001}]},"tea1":{"translate":[{"time":0,"x":-22.82,"y":57.27}],"rotate":[{"time":0,"angle":42.65}],"scale":[{"time":0,"x":1,"y":1},{"time":0.8333,"x":1,"y":0.97},{"time":2.0833,"x":1,"y":0.97},{"time":2.5,"x":1,"y":1}],"shear":[{"time":0}]},"tea111":{"rotate":[{"time":0,"angle":71.15},{"time":0.8333,"angle":69.98},{"time":2.0833,"angle":69.98},{"time":2.5,"angle":71.15}],"scale":[{"time":0,"x":1,"y":1},{"time":0.8333,"x":1.33,"y":1},{"time":2.0833,"x":1.33,"y":1},{"time":2.5,"x":1,"y":1}],"shear":[{"time":0},{"time":0.8333},{"time":2.0833},{"time":2.5}]}},"slots":{"shadow":{"color":[{"time":0,"color":"FFFFFF00"}]},"kouhong":{"color":[{"time":0,"color":"FFFFFF00"}]},"jingzi":{"color":[{"time":0,"color":"FFFFFF00"}]},"eye_closed2_2":{"color":[{"time":0,"color":"FFFFFFFF"},{"time":3.5417,"color":"FFFFFFFF"},{"time":3.625,"color":"FFFFFF00"},{"time":3.8333,"color":"FFFFFFFF"}]},"eye_closed1_2":{"color":[{"time":0,"color":"FFFFFFFF"},{"time":3.5417,"color":"FFFFFFFF"},{"time":3.625,"color":"FFFFFF00"},{"time":3.8333,"color":"FFFFFFFF"}]},"eye_closed1":{"color":[{"time":0,"color":"FFFFFF00"},{"time":3.5417,"color":"FFFFFF00"},{"time":3.625,"color":"FFFFFFFF"},{"time":3.8333,"color":"FFFFFF00"}]},"eye_closed2":{"color":[{"time":0,"color":"FFFFFF00"},{"time":3.5417,"color":"FFFFFF00"},{"time":3.625,"color":"FFFFFFFF"},{"time":3.8333,"color":"FFFFFF00"}]},"head_1":{"color":[{"time":0,"color":"FFFFFF00"}]},"icon_sq01":{"color":[{"time":0,"color":"FFFFFF00"}]},"icon_sq02":{"color":[{"time":0,"color":"FFFFFF00"}]},"cake_m":{"color":[{"time":0,"color":"FFFFFF00"}]},"saozi":{"color":[{"time":0,"color":"FFFFFF00"}]}}},"eat":{"bones":{"body_3":{"translate":[{"time":0,"x":6.07,"y":-5.93}],"rotate":[{"time":0,"angle":0,"curve":[0.5,0,0.5,1]},{"time":0.5833,"angle":0.53},{"time":0.9166,"angle":-0.99},{"time":1.1666,"angle":-1.36},{"time":1.4166,"angle":-0.99},{"time":1.6666,"angle":-1.36},{"time":2.0833,"angle":0}],"shear":[{"time":0,"curve":[0.5,0,0.5,1]},{"time":0.5833},{"time":0.9166},{"time":1.1666},{"time":1.4166},{"time":1.6666},{"time":2.0833}]},"lefthand_3":{"rotate":[{"time":0,"angle":-41.22}],"shear":[{"time":0}]},"leftleg_1":{"rotate":[{"time":0,"angle":-68.56}],"shear":[{"time":0}]},"righthand_3":{"rotate":[{"time":0,"angle":-39.18},{"time":0.3333,"angle":-65.32},{"time":0.5833,"angle":-24.7},{"time":0.9166,"angle":-41.18},{"time":2.0833,"angle":-39.18}],"shear":[{"time":0},{"time":0.3333},{"time":0.5833},{"time":0.9166},{"time":2.0833}]},"rightleg1":{"rotate":[{"time":0,"angle":-65.2}],"shear":[{"time":0}]},"lefthand_31":{"rotate":[{"time":0,"angle":-29.38}],"shear":[{"time":0}]},"rightleg_3_3":{"rotate":[{"time":0,"angle":61.76}],"shear":[{"time":0}]},"leftleg_3_3":{"rotate":[{"time":0,"angle":61.98}],"shear":[{"time":0}]},"righthand_31":{"rotate":[{"time":0,"angle":-67.44},{"time":0.3333,"angle":-31.35},{"time":0.5833,"angle":-80.23},{"time":0.9166,"angle":-70.46},{"time":2.0833,"angle":-67.44}],"shear":[{"time":0},{"time":0.3333},{"time":0.5833},{"time":0.9166},{"time":2.0833}]},"head":{"rotate":[{"time":0,"angle":9.65,"curve":[0.5,0,0.5,1]},{"time":0.625,"angle":8.08},{"time":0.9167,"angle":10.03},{"time":1.1667,"angle":12.82},{"time":1.4167,"angle":10.03},{"time":1.6667,"angle":12.82},{"time":2.0834,"angle":9.65}],"shear":[{"time":0,"curve":[0.5,0,0.5,1]},{"time":0.625},{"time":0.9167},{"time":1.1667},{"time":1.4167},{"time":1.6667},{"time":2.0834}]},"left_eye":{"rotate":[{"time":0,"angle":0},{"time":0.8333,"angle":0},{"time":0.9166,"angle":-19.9},{"time":1.6666,"angle":-19.9},{"time":1.8749,"angle":0}],"shear":[{"time":0},{"time":0.8333},{"time":0.9166},{"time":1.6666},{"time":1.8749}]},"right_eye":{"rotate":[{"time":0,"angle":0},{"time":0.8333,"angle":0},{"time":0.9166,"angle":4.91},{"time":1.6666,"angle":4.91},{"time":1.8749,"angle":0}],"shear":[{"time":0},{"time":0.8333},{"time":0.9166},{"time":1.6666},{"time":1.8749}]},"cake_m":{"translate":[{"time":0,"x":-2.58,"y":-74.63}],"rotate":[{"time":0,"angle":69.5}],"shear":[{"time":0}]},"saozi":{"translate":[{"time":0,"x":5.9,"y":-117.84},{"time":0.5833,"x":5.9,"y":-117.84},{"time":0.9166,"x":4.53,"y":-114.06},{"time":1.6666,"x":4.53,"y":-114.06},{"time":2.0833,"x":5.9,"y":-117.84}],"rotate":[{"time":0,"angle":-154},{"time":0.3333,"angle":-158.59},{"time":0.5833,"angle":-147.77},{"time":0.9166,"angle":-47.3},{"time":1.6666,"angle":-47.3},{"time":2.0833,"angle":-154}],"scale":[{"time":0,"x":0.7,"y":0.7}],"shear":[{"time":0},{"time":0.3333},{"time":0.5833},{"time":0.9166},{"time":1.6666},{"time":2.0833}]}},"slots":{"shadow":{"color":[{"time":0,"color":"FFFFFF00"}]},"kouhong":{"color":[{"time":0,"color":"FFFFFF00"}]},"jingzi":{"color":[{"time":0,"color":"FFFFFF00"}]},"eye_closed2_2":{"color":[{"time":0,"color":"FFFFFFFF"},{"time":0.8333,"color":"FFFFFFFF"},{"time":0.9166,"color":"FFFFFF00"},{"time":1.6666,"color":"FFFFFF00"},{"time":1.8749,"color":"FFFFFFFF"}]},"eye_closed1_2":{"color":[{"time":0,"color":"FFFFFFFF"},{"time":0.8333,"color":"FFFFFFFF"},{"time":0.9166,"color":"FFFFFF00"},{"time":1.6666,"color":"FFFFFF00"},{"time":1.8749,"color":"FFFFFFFF"}]},"eye_closed1":{"color":[{"time":0,"color":"FFFFFF00"},{"time":0.8333,"color":"FFFFFF00"},{"time":0.9166,"color":"FFFFFFFF"},{"time":1.6666,"color":"FFFFFFFF"},{"time":1.8749,"color":"FFFFFF00"}]},"eye_closed2":{"color":[{"time":0,"color":"FFFFFF00"},{"time":0.8333,"color":"FFFFFF00"},{"time":0.9166,"color":"FFFFFFFF"},{"time":1.6666,"color":"FFFFFFFF"},{"time":1.8749,"color":"FFFFFF00"}]},"head_1":{"color":[{"time":0,"color":"FFFFFF00"}]},"icon_sq01":{"color":[{"time":0,"color":"FFFFFF00"}]},"icon_sq02":{"color":[{"time":0,"color":"FFFFFF00"}]},"tea1":{"color":[{"time":0,"color":"FFFFFF00"}]}},"deform":{"default":{"head_3":{"head_3":[{"time":0,"offset":39,"vertices":[0]},{"time":0.8333,"offset":39,"vertices":[0]},{"time":1,"offset":12,"vertices":[0.6,-0.02,0.04,0.95,0.6,-0.02,-0.05,-1.2,-0.84,-2.12,-0.32,3.11,0,0,0,0,0,0,0,0,0,0,0,0,0.12,-0.75,-0.12,0.8]},{"time":1.1667,"offset":39,"vertices":[0]},{"time":1.3334,"offset":12,"vertices":[0.6,-0.02,0.04,0.95,0.6,-0.02,-0.05,-1.2,-0.84,-2.12,-0.32,3.11,0,0,0,0,0,0,0,0,0,0,0,0,0.12,-0.75,-0.12,0.8]},{"time":1.4584,"offset":39,"vertices":[0]},{"time":1.5834,"offset":12,"vertices":[0.6,-0.02,0.04,0.95,0.6,-0.02,-0.05,-1.2,-0.84,-2.12,-0.32,3.11,0,0,0,0,0,0,0,0,0,0,0,0,0.12,-0.75,-0.12,0.8]},{"time":1.7501,"offset":39,"vertices":[0]}]}}}}}},[0]]],0,0,[0],[-1],[0]]