[1,["65S7wLkhNNGpnS6Z2l3KP+","ca/nS42S9FW7x5G10AlpZC","91y7p+qoFKzbXIfOTzmFEu","37OsA9yRFOC5U3Gz6Foskx","f1RgfuMvhBioSraSHNkNg8","b3adyr9btEQ6lm2CD+eFQ7","dbUs8kLilOgJtNeFAtWx2n","82/3lH9khNwKgH0XK9/i0L","f1BO9u+edFVpKjiaBmG3cq","4bJXq+1AZAwJz0wukRJYuu","509yxUipVN6bpGL6kVON4t","6f1E7u3NBCiqi2rawagmQi","3bVhaxxClGi7tZmfSieZBH","3fHDXKkcZM35vSrSGGmDlm","578brJ+WBFJaKVjy2UvfkF"],["value"],[["cc.AnimationClip",["_name","_duration","wrapMode","curveData"],0,11]],[[0,0,1,2,3,4]],[[0,"food_make_good",0.7666666666666667,2,[{},"comps",11,[{},"cc.Sprite",11,[{},"spriteFrame",12,[[[{"frame":0},"value",6,0],[{"frame":0.05},"value",6,1],[{"frame":0.1},"value",6,2],[{"frame":0.15},"value",6,3],[{"frame":0.2},"value",6,4],[{"frame":0.25},"value",6,5],[{"frame":0.31666666666666665},"value",6,6],[{"frame":0.36666666666666664},"value",6,7],[{"frame":0.4166666666666667},"value",6,8],[{"frame":0.48333333333333334},"value",6,9],[{"frame":0.55},"value",6,10],[{"frame":0.6},"value",6,11],[{"frame":0.65},"value",6,12],[{"frame":0.7},"value",6,13],[{"frame":0.75},"value",6,14]],11,11,11,11,11,11,11,11,11,11,11,11,11,11,11]]]]]],0,0,[0,0,0,0,0,0,0,0,0,0,0,0,0,0,0],[0,0,0,0,0,0,0,0,0,0,0,0,0,0,0],[0,1,2,3,4,5,6,7,8,9,10,11,12,13,14]]