[1,["e2uKIplkhB55SWODKXpkG+","57QWpyOJ9FTIM6SiuDnLde","8fahFgXLVH8btLfJcCr6R0","36EPv0MZBMkLX3a1Aygt0d","5dnY3zgipKNLCotlvyZQXr","b7hqH2KlpBYLStANXRPEnz"],["value"],[["cc.AnimationClip",["_name","_duration","curveData"],1,11]],[[0,0,1,2,3]],[[0,"smoke",0.43333333333333335,[{},"comps",11,[{},"cc.Sprite",11,[{},"spriteFrame",12,[[[{"frame":0},"value",6,0],[{"frame":0.08333333333333333},"value",6,1],[{"frame":0.16666666666666666},"value",6,2],[{"frame":0.25},"value",6,3],[{"frame":0.3333333333333333},"value",6,4],[{"frame":0.4166666666666667},"value",6,5]],11,11,11,11,11,11]]]]]],0,0,[0,0,0,0,0,0],[0,0,0,0,0,0],[0,1,2,3,4,5]]