[1,["5bTcsJazVElp1UQnaVlqQC"],0,[["sp.SkeletonData",["_name","_atlasText","textureNames","_skeletonJson","textures"],-1,3]],[[0,0,1,2,3,4,5]],[[0,"xinshouyindao","\nxinshouyindao.png\nsize: 512,512\nformat: RGBA8888\nfilter: Linear,Linear\nrepeat: none\nbody\n  rotate: false\n  xy: 2, 3\n  size: 218, 221\n  orig: 220, 221\n  offset: 1, 0\n  index: -1\neyes 01\n  rotate: false\n  xy: 222, 2\n  size: 59, 57\n  orig: 61, 57\n  offset: 1, 0\n  index: -1\neyes 02\n  rotate: false\n  xy: 444, 225\n  size: 39, 56\n  orig: 41, 56\n  offset: 1, 0\n  index: -1\neyes 03\n  rotate: true\n  xy: 302, 242\n  size: 39, 16\n  orig: 41, 16\n  offset: 1, 0\n  index: -1\neyes 04\n  rotate: true\n  xy: 283, 8\n  size: 51, 22\n  orig: 53, 22\n  offset: 1, 0\n  index: -1\nhair\n  rotate: true\n  xy: 302, 283\n  size: 212, 179\n  orig: 214, 179\n  offset: 1, 0\n  index: -1\nhand01\n  rotate: false\n  xy: 323, 57\n  size: 100, 80\n  orig: 102, 80\n  offset: 1, 0\n  index: -1\nhand02\n  rotate: true\n  xy: 425, 43\n  size: 94, 77\n  orig: 96, 77\n  offset: 1, 0\n  index: -1\nhead\n  rotate: false\n  xy: 2, 226\n  size: 298, 269\n  orig: 300, 269\n  offset: 1, 0\n  index: -1\nleg\n  rotate: false\n  xy: 222, 61\n  size: 99, 163\n  orig: 101, 163\n  offset: 1, 0\n  index: -1\nleg02\n  rotate: false\n  xy: 323, 139\n  size: 119, 142\n  orig: 121, 142\n  offset: 1, 0\n  index: -1\nmouth\n  rotate: false\n  xy: 444, 189\n  size: 36, 34\n  orig: 38, 34\n  offset: 1, 0\n  index: -1\n",["xinshouyindao.png"],{"skeleton":{"hash":"udw7cPUUdfhyzG0iaVkCbu0FqQE","spine":"3.3.07","width":317,"height":544.99,"images":"./images/"},"bones":[{"name":"root"},{"name":"bip","parent":"root","length":29.97},{"name":"bone","parent":"bip","x":-22.2,"y":188.68},{"name":"bone2","parent":"bone","length":88.66,"rotation":84.12,"x":14.62,"y":13.51},{"name":"bone3","parent":"bone2","length":201.95,"rotation":0.57,"x":88.66},{"name":"bone4","parent":"bone2","length":52.21,"rotation":149.11,"x":64.99,"y":52.79},{"name":"bone5","parent":"bone4","length":49.3,"rotation":-12.38,"x":52.21},{"name":"bone6","parent":"bone5","length":27.28,"rotation":-15.71,"x":49.3},{"name":"bone7","parent":"bone2","length":41.61,"rotation":-157.22,"x":54.22,"y":-39.51},{"name":"bone8","parent":"bone7","length":46.37,"rotation":115.45,"x":41.61},{"name":"bone9","parent":"bone8","length":28.88,"rotation":-13.1,"x":46.37},{"name":"bone10","parent":"bone","length":50.84,"rotation":-72.1,"x":-30.73,"y":-51.49},{"name":"bone11","parent":"bone10","length":79.94,"rotation":-4.03,"x":50.84},{"name":"bone12","parent":"bone11","length":21.81,"rotation":82.77,"x":79.94},{"name":"bone13","parent":"bone","length":63.81,"rotation":-65.25,"x":28.22,"y":-41.41},{"name":"bone14","parent":"bone13","length":64.46,"rotation":1.22,"x":62.9,"y":0.42},{"name":"bone15","parent":"bone14","length":22.5,"rotation":79.62,"x":64.46},{"name":"bone16","parent":"bone3","x":65.9,"y":25.48},{"name":"bone17","parent":"bone3","x":63.79,"y":-49.88},{"name":"bone18","parent":"bone3","x":20.02,"y":-8.84},{"name":"bone19","parent":"bone3","length":27.82,"rotation":-162.43,"x":87.54,"y":-126.82},{"name":"bone20","parent":"bone19","length":40.61,"rotation":-26.3,"x":27.82},{"name":"bone21","parent":"bone3","length":68.69,"rotation":-171.08,"x":110.52,"y":128.94},{"name":"bone22","parent":"bone3","length":43.71,"rotation":61.32,"x":226.05,"y":-24.55},{"name":"bone23","parent":"bone","length":51.23,"rotation":-84.25,"x":20.51,"y":-29.81},{"name":"bone24","parent":"bone","length":55.88,"rotation":-121.11,"x":-34.65,"y":-19.9}],"slots":[{"name":"hair","bone":"bone3","attachment":"hair"},{"name":"hand01","bone":"root","attachment":"hand01"},{"name":"hand02","bone":"root","attachment":"hand02"},{"name":"leg","bone":"root","attachment":"leg"},{"name":"leg02","bone":"root","attachment":"leg02"},{"name":"body","bone":"bone2","attachment":"body"},{"name":"head","bone":"root","attachment":"head"},{"name":"eyes 01","bone":"bone16","attachment":"eyes 01"},{"name":"eyes 02","bone":"bone17","attachment":"eyes 02"},{"name":"eyes 03","bone":"bone17","attachment":"eyes 03"},{"name":"eyes 04","bone":"bone16","attachment":"eyes 04"},{"name":"mouth","bone":"bone18","attachment":"mouth"}],"skins":{"default":{"body":{"body":{"type":"mesh","hull":32,"width":220,"height":221,"uvs":[0.73573,0.11554,0.86317,0.1893,0.93281,0.31763,0.91901,0.3608,0.90169,0.41499,0.80093,0.41941,0.76981,0.49612,0.76981,0.5684,0.87206,0.64953,1,0.82064,1,0.87965,0.87947,0.9357,0.70165,1,0.51198,1,0.25266,0.94455,0.06447,0.84867,0,0.70706,0.21265,0.56397,0.22599,0.50349,0.28378,0.46367,0.3453,0.44518,0.34501,0.42297,0.2489,0.38594,0.1628,0.2908,0.25018,0.23006,0.28526,0.13619,0.41566,0.08604,0.49439,0.08032,0.55791,0.07571,0.56384,0,0.65719,0,0.73277,0,0.49123,0.24683,0.79056,0.31616,0.73277,0.2778,0.36676,0.51972,0.56384,0.56397,0.5784,0.49869,0.38454,0.19077,0.33128,0.26589,0.43976,0.31288,0.6083,0.36631,0.62194,0.26359,0.64682,0.09194,0.49291,0.15832,0.63309,0.1867,0.73404,0.2082,0.83068,0.24606],"triangles":[47,1,2,33,47,2,3,33,2,3,5,33,4,5,3,11,8,9,10,11,9,19,20,35,36,35,37,36,37,7,7,8,11,18,35,17,35,18,19,14,17,35,36,14,35,13,14,36,12,13,36,7,12,36,11,12,7,15,16,17,15,17,14,43,29,30,28,29,43,43,30,31,0,43,31,44,26,27,45,28,43,45,43,0,44,27,28,45,44,28,38,25,26,38,26,44,46,45,0,46,0,1,39,24,25,47,46,1,32,38,44,32,44,45,42,32,45,42,45,46,38,39,25,34,42,46,34,46,47,40,38,32,39,38,40,33,34,47,41,32,42,40,32,41,22,23,24,22,24,39,41,34,33,41,42,34,33,5,41,21,39,40,22,39,21,20,21,40,6,41,5,37,40,41,37,41,6,20,40,37,35,20,37,37,6,7],"vertices":[1,3,84.8,-17.9,1,2,3,71.44999,-47.46,0.51,8,-12.81,13.99,0.49,1,8,18.77,20.41,1,1,8,27.02,14.73,1,1,8,37.37,7.6,1,2,3,19.45999,-39.04,0.86,8,31.86,-13.88,0.14,2,3,1.9,-33.96,0.7375,2,48.6,11.93,0.26249,2,3,-13.98,-35.59999,0.19,2,48.6,-4.04,0.81,3,3,-29.52,-59.81,0.08444,2,71.1,-21.97,0.36,24,-2.74,51.11,0.55554,3,3,-64.26,-91.68,0.02111,2,99.24,-59.78,0.09,24,37.7,75.33,0.88888,3,3,-77.23,-93.01,0.01583,2,99.24,-72.82,0.0675,24,50.67,74.03,0.91666,3,3,-92.26,-67.9,0.06187,2,72.73,-85.21,0.31312,24,60.34,46.4,0.625,4,3,-110.4,-30.44,0.02687,25,32.8,99.53,0.0625,2,33.61,-99.42,0.41062,24,70.56,6.06,0.5,4,3,-114.67,11.06,0.01499,25,54.36,63.81,0.1875,2,-8.10999,-99.42,0.4225,24,66.39,-35.45,0.375,4,3,-108.32,69.06,0.0025,25,73.35,8.63,0.375,2,-65.16,-87.17,0.435,24,48.48,-90.99,0.1875,4,3,-91.48,112.42,0.00694,25,76.61,-37.75,0.60416,2,-106.56,-65.98,0.32638,24,23.26,-130.06,0.0625,3,3,-61.79,129.73,0.00925,25,57.14,-66.07,0.63888,2,-120.75,-34.68,0.35185,3,3,-30.8,96.04,0.03472,25,14.75,-48.82,0.47916,2,-84.07,-7.3,0.48611,2,3,-20.06,93.54,0.11111,2,-80.48,3.13,0.88888,2,3,-1.9,73.12999,0.36111,2,-58.32,19.1,0.63888,2,3,-1.39,52.21,0.77083,2,-37.45,17.46999,0.22916,1,3,12.96,55.98,1,2,3,22.97,78.26,0.53999,5,49.14,-0.28,0.46,2,3,31.63,97.55,0.53999,5,51.61,-21.28,0.46,2,3,51.84,88.44,0.53999,5,29.58,-23.84,0.46,2,3,70.12,80.21,0.53999,5,9.67,-26.16,0.46,1,3,84.08,52.8,1,1,3,87.11,35.7,1,1,3,89.55,21.91,1,1,3,106.33,22.32,1,1,3,108.43,1.89,1,1,3,110.13,-14.64,1,1,3,50.43,32.63,1,2,3,41.93,-34.43,0.51,8,9.35999,-9.43,0.49,1,3,49.06,-20.92,1,1,2,-40.06,6.71,1,2,3,-17.65,9.57,0.04,2,3.29,-3.06,0.96,2,3,0.3,7.87,0.83333,2,6.82,14.62,0.16666,2,3,60.35,57.25,0.53999,5,6.26,-1.44,0.46,2,3,42.64,67.19999,0.53999,5,26.58,-0.89,0.46,1,3,34.75,42.4,1,1,3,28.22,4.31,1,1,3,49.69,3.64,1,1,3,87.98,2.08,1,1,3,69.93,34.25999,1,1,3,66.83999,2.94,1,1,3,64.39,-19.62,1,2,3,58.24,-41.63,0.51,8,-2.88,3.51,0.49],"edges":[58,56,52,50,56,54,54,52,62,0,0,2,2,4,8,10,10,66,66,68,10,12,12,14,14,16,16,18,42,40,40,38,38,36,36,34,34,32,32,30,30,28,28,26,24,26,24,22,18,20,22,20,70,72,72,14,12,74,74,40,72,26,28,70,34,30,14,22,72,24,42,44,44,46,50,76,76,64,76,52,4,6,6,8,66,6,46,48,48,50,44,78,78,76,48,78,42,80,80,64,78,80,80,82,82,10,64,84,84,68,82,84,58,60,60,62,86,60,56,86,86,0,54,88,88,64,52,88,84,90,90,86,88,90,0,92,92,68,90,92,2,94,94,66,92,94,94,4]}},"eyes 01":{"eyes 01":{"x":1.75,"y":6.84,"rotation":-84.7,"width":61,"height":57}},"eyes 02":{"eyes 02":{"x":3.25,"y":-3.2,"rotation":-84.7,"width":41,"height":56}},"eyes 03":{"eyes 03":{"x":-5.39,"y":-4,"rotation":-84.7,"width":41,"height":16}},"eyes 04":{"eyes 04":{"x":0.44,"y":4.71,"rotation":-84.7,"width":53,"height":22}},"hair":{"hair":{"x":64.22,"y":4.39,"rotation":-84.7,"width":214,"height":179}},"hand01":{"hand01":{"type":"mesh","hull":17,"width":102,"height":80,"uvs":[0.91648,0.0858,1,0.20572,0.86187,0.46043,0.77952,0.57199,0.64124,0.67844,0.50673,0.78199,0.50982,0.93432,0.25234,0.96749,0,1,0,0.78199,0.13991,0.68929,0.29055,0.58949,0.45118,0.41104,0.58393,0.26355,0.68461,0.0974,0.76085,0,0.85673,0,0.76619,0.26447,0.6705,0.40007,0.54234,0.53929,0.37634,0.66588,0.20181,0.84247],"triangles":[8,21,7,8,9,21,7,5,6,5,21,20,5,7,21,9,10,21,20,10,11,20,21,10,4,5,19,5,20,19,4,19,3,20,11,19,11,12,19,19,18,3,3,18,2,19,12,18,18,17,2,12,13,18,18,13,17,13,14,17,2,17,1,17,14,0,17,0,1,0,15,16,15,0,14],"vertices":[2,5,30.55,4.06,0.90047,6,-22.02,-0.67,0.09952,2,5,34.32,17.51,0.7809,6,-21.22,13.26,0.21909,2,5,57.05,16.9,0.4963,6,1.1,17.54999,0.50369,2,5,69.23,15.52,0.09583,6,13.29,18.81,0.90416,3,5,84.49,9.31,0.0085,6,29.53,16.02,0.91075,7,-23.37,10.07,0.08073,2,6,45.32,13.31,0.63235,7,-7.43,11.74,0.36764,2,6,52.34,20.89,0.34314,7,-2.73,20.93,0.65685,2,6,74.3,6.65,0.08808,7,22.26,13.17,0.91191,1,7,46.76,5.56,1,1,7,39.34999,-10.22,1,2,6,68.76999,-16.76,0.06127,7,23.28,-10.87,0.93872,2,6,51.93,-12.75,0.43627,7,5.98,-11.56,0.56372,3,5,78.96,-19.01,0.02166,6,30.2,-12.83,0.78961,7,-14.91,-17.53,0.18872,2,5,61.4,-15.22,0.21802,6,12.24,-12.9,0.78197,2,5,45.8,-16.54999,0.61386,6,-2.71,-17.54,0.38613,2,5,36.65,-17.33,0.9201,6,-11.47,-20.26,0.07989,2,5,27.86,-5.55,0.99162,6,-22.59,-10.64,0.00837,2,5,50.98,-1.15,0.54864,6,-0.95,-1.39,0.45135,2,5,64.87,-1.61,0.14583,6,12.7,1.13,0.85416,2,6,29.88,1,0.9,7,-18.96999,-4.29,0.1,2,6,49.31,-2.4,0.48443,7,0.64999,-2.31,0.51555,2,6,71.82,-3.87,0.1,7,22.72,2.35999,0.9],"edges":[16,18,10,12,10,8,8,6,22,24,24,26,30,28,28,26,4,6,4,2,30,32,18,20,20,22,12,14,14,16,2,0,0,32,4,34,34,28,0,34,6,36,36,26,34,36,8,38,38,24,36,38,10,40,40,22,38,40,14,42,42,20,40,42,16,42]}},"hand02":{"hand02":{"type":"mesh","hull":13,"width":96,"height":77,"uvs":[1,0.25295,0.76711,0.44876,0.59733,0.81009,0.33246,1,0.12833,0.85296,0,0.53827,0.26237,0.35864,0.33161,0.44127,0.3762,0.4494,0.47897,0.35077,0.51915,0.26472,0.61037,0,1,0.07156],"triangles":[1,10,0,10,11,0,11,12,0,8,2,3,8,3,4,1,2,9,9,2,8,9,10,1,8,4,7,7,5,6,7,4,5],"vertices":[2,9,75.19999,-16.45999,0.12455,10,31.81,-9.5,0.87544,2,9,48.53,-12.54,0.51753,10,4.94,-11.73,0.48245,3,8,53.96,25.52,0.05607,9,17.74,-22.12,0.77806,10,-22.87,-28.04,0.16585,2,8,60.56,-3.05,0.37642,9,-10.9,-15.8,0.62357,2,8,44.03,-18.51,0.72378,9,-17.75,5.76,0.27621,2,8,17.26,-23.25,0.97826,9,-10.53,31.97,0.02173,2,8,11.35,4.86,0.90742,9,17.39,25.22,0.09257,2,8,19.37,9.37,0.7521,9,18.02,16.04,0.24789,3,8,21.21,13.29,0.32447,9,20.76,12.69,0.66625,10,-27.82,6.55,0.00926,3,8,16.82,24.93,0.08671,9,33.16999,11.66,0.82816,10,-15.5,8.35999,0.08512,3,8,11.6,30.55,0.00119,9,40.48,13.96,0.51535,10,-8.89999,12.26,0.48344,2,9,60.69,23.12,0.24322,10,8.68999,25.76,0.75677,2,9,84.61,-6.14,0.01104,10,38.63,2.68,0.98895],"edges":[10,12,16,6,10,8,12,14,14,16,8,14,8,6,6,4,4,18,18,16,18,20,20,2,2,4,0,24,2,0,22,24,20,22]}},"head":{"head":{"type":"mesh","hull":25,"width":300,"height":269,"uvs":[0.66361,0.03379,0.69256,0.12962,0.8264,0.22147,0.9282,0.38987,0.95451,0.54295,1,0.682,1,0.85167,0.91562,0.95373,0.87215,0.91928,0.8813,0.8134,0.83097,0.8083,0.77264,1,0.54386,0.97158,0.33582,0.97323,0.20298,0.90397,0.09432,0.78533,0,0.69476,0,0.51233,0.12063,0.36308,0.24482,0.17726,0.42798,0.08345,0.56686,0.11776,0.53897,0.07505,0.44463,0.00217,0.56857,0,0.10461,0.68455,0.16696,0.44358,0.89362,0.60457,0.90463,0.73554],"triangles":[0,22,24,22,23,24,0,21,22,7,8,6,8,9,6,9,28,6,9,10,28,28,5,6,15,16,25,16,17,25,25,17,26,17,18,26,13,14,25,26,12,25,26,18,19,28,27,5,27,4,5,26,19,21,12,13,25,27,12,26,11,12,10,10,12,27,2,21,1,26,21,27,19,20,21,2,27,21,27,3,4,27,2,3,21,0,1,10,27,28,15,25,14],"vertices":[1,23,-5.19,-14.78,1,1,4,218.73,-41.3,1,1,4,197.84,-83.56,1,1,4,155.55,-118.15,1,1,4,115.28,-129.81,1,2,4,79.29,-146.85,0.41,20,13.91,16.61,0.58999,2,4,33.84999,-151.07,0.34,21,24.44,19.79,0.66,2,4,4.17999,-128.4,0.34,21,57.22,1.9,0.66,2,4,12.2,-114.56,0.34,21,51.39,-12.99,0.66,3,4,40.81,-114.66,0.34,20,40.88,-25.69,0.10077,21,23.09,-17.24,0.55922,3,4,40.78,-99.5,0.38242,20,36.33,-40.15,0.30728,21,25.42,-32.22,0.31029,1,4,-12.17,-86.84,1,1,4,-10.9,-17.79,1,1,4,-17.1,44.31,1,1,4,-2.23,85.7,1,2,4,26.53,121.11,0.57,22,84.18,-5.28,0.43,2,4,48.18,151.54,0.57,22,58.08,-31.99,0.43,2,4,97.04,156.07,0.57,22,9.10999,-28.89,0.43,2,4,140.36,123.74,0.57,22,-28.67,9.75,0.43,1,4,190.33,97.7,1,1,4,224.78,53.34,1,1,4,218.85,-1.65,1,1,23,37.32,14.92,1,1,23,64.17,11.84,1,1,23,19.78,-18.07,1,2,4,53.81,120.54,0.57,22,57.32,-0.49,0.43,2,4,120.08,107.9,0.57,22,-6.18,22.26,0.43,1,4,97.09,-113.15,1,3,4,62.31,-119.7,0.07914,20,21.9,-14.4,0.58727,21,1.08,-15.53,0.33357],"edges":[50,30,30,32,32,34,34,36,36,38,38,40,40,42,46,48,48,0,0,2,2,42,2,4,4,6,6,8,8,10,10,12,12,14,14,16,16,18,18,20,20,22,30,28,26,28,26,24,24,22,42,44,44,46,50,52,52,36,54,56,56,18,54,8]}},"leg":{"leg":{"type":"mesh","hull":16,"width":101,"height":163,"uvs":[0.69229,0.10837,0.7098,0.25076,0.73711,0.47289,0.77708,0.67102,0.81705,0.80161,1,0.84664,1,0.92769,0.74801,1,0.639,1,0.49365,0.90968,0.35921,0.77459,0.21749,0.51792,0.11979,0.28526,0.04861,0.11576,0,0,0.67897,0],"triangles":[7,4,6,7,8,4,4,5,6,8,9,4,11,1,2,9,3,4,9,10,3,10,2,3,10,11,2,11,12,1,12,0,1,12,13,0,13,15,0,13,14,15],"vertices":[1,11,8.72999,34.91,1,2,11,31.36,29.46,0.75,12,-21.49,28.01,0.25,2,11,66.67,20.95999,0.25,12,14.31,22.02,0.75,1,12,46.63,18.2,1,2,12,68.26,17.02,0.75,13,15.42,13.72,0.25,2,12,79.82,33.2,0.33333,13,32.91999,4.29,0.66666,1,13,31.4,-8.82,1,1,13,4.75,-17.59,1,2,12,95.35,-8.18,0.33333,13,-6.17,-16.32,0.66666,2,12,77.54,-18.9,0.75,13,-19.04999,0,0.25,1,12,52.91,-26.81,1,2,11,57.53,-31.23,0.25,12,8.85999,-30.68,0.75,2,11,18.41,-28.97,0.75,12,-30.31,-31.18,0.25,1,11,-10.09,-27.32,1,1,11,-29.55,-26.19,1,1,11,-8.47999,39.05,1],"edges":[28,30,4,22,24,22,2,4,24,2,28,26,26,24,30,0,0,2,26,0,22,20,20,6,6,4,6,8,8,18,18,20,18,16,14,16,12,14,12,10,8,10]}},"leg02":{"leg02":{"type":"mesh","hull":15,"width":121,"height":142,"uvs":[0.53369,0.08397,0.5909,0.22816,0.66359,0.41138,0.75271,0.61173,0.81702,0.75631,1,0.76744,1,0.90652,0.68318,1,0.57219,0.91487,0.39375,0.73457,0.2033,0.54212,0.11869,0.3165,0.04483,0.11956,0,0,0.50037,0],"triangles":[7,4,6,4,5,6,7,8,4,8,3,4,8,9,3,9,2,3,9,10,2,10,1,2,10,11,1,11,0,1,11,12,0,12,14,0,12,13,14],"vertices":[2,14,15.88,27.46,0.9994,15,-46.43,28.04,0.00059,2,14,37.37,25.18,0.87431,15,-24.99,25.3,0.12568,3,14,64.68,22.28,0.53897,15,2.24,21.81,0.45895,16,10.26,65.12,0.00207,3,14,95.03,20.16,0.13372,15,32.54,19.04999,0.71866,16,13,34.82,0.1476,2,15,54.41,17.06,0.58274,16,14.97,12.96,0.41725,2,15,65.51999,36.27,0.13928,16,35.87,5.48,0.86071,2,15,83.28,27.63,0.15993,16,30.56,-13.53,0.84006,2,15,78.43,-12.64,0.46707,16,-9.92,-16.01,0.53292,3,14,124.98,-17.68,0.00668,15,61.68,-19.42,0.69809,16,-19.6,-0.76,0.29521,3,14,92.69,-26.57,0.16921,15,29.21,-27.62,0.80906,16,-33.52,29.7,0.02171,2,14,58.23,-36.06,0.54412,15,-5.44,-36.38,0.45587,2,14,24.85,-31.95,0.90979,15,-38.73,-31.56,0.0902,2,14,-4.28,-28.36,0.99786,15,-67.78,-27.35,0.00212,1,14,-21.97,-26.18,1,1,14,3.36,28.79,1],"edges":[20,4,26,28,8,16,16,14,8,10,10,12,12,14,20,18,18,16,4,6,6,8,18,6,22,20,2,4,22,2,26,24,24,22,28,0,0,2,24,0]}},"mouth":{"mouth":{"x":-1.45,"y":1.97,"rotation":-84.7,"width":38,"height":34}}}},"animations":{"animation":{"slots":{"eyes 01":{"color":[{"time":0,"color":"ffffffff","curve":"stepped"},{"time":1.3333,"color":"ffffffff","curve":"stepped"},{"time":2.6666,"color":"ffffffff","curve":"stepped"},{"time":3.5,"color":"ffffffff","curve":[0.25,0,0.75,1]},{"time":3.5666,"color":"ffffff00","curve":"stepped"},{"time":3.6333,"color":"ffffff00","curve":[0.25,0,0.75,1]},{"time":3.7,"color":"ffffffff","curve":"stepped"},{"time":4,"color":"ffffffff"}]},"eyes 02":{"color":[{"time":0,"color":"ffffffff","curve":"stepped"},{"time":1.3333,"color":"ffffffff","curve":"stepped"},{"time":2.6666,"color":"ffffffff","curve":"stepped"},{"time":3.5,"color":"ffffffff","curve":[0.25,0,0.75,1]},{"time":3.5666,"color":"ffffff00","curve":"stepped"},{"time":3.6333,"color":"ffffff00","curve":[0.25,0,0.75,1]},{"time":3.7,"color":"ffffffff","curve":"stepped"},{"time":4,"color":"ffffffff"}]},"eyes 03":{"color":[{"time":0,"color":"ffffff00","curve":"stepped"},{"time":1.3333,"color":"ffffff00","curve":"stepped"},{"time":2.6666,"color":"ffffff00","curve":"stepped"},{"time":3.5,"color":"ffffff00"},{"time":3.5666,"color":"ffffffff","curve":"stepped"},{"time":3.6333,"color":"ffffffff"},{"time":3.7,"color":"ffffff00","curve":"stepped"},{"time":4,"color":"ffffff00"}]},"eyes 04":{"color":[{"time":0,"color":"ffffff00","curve":"stepped"},{"time":1.3333,"color":"ffffff00","curve":"stepped"},{"time":2.6666,"color":"ffffff00","curve":"stepped"},{"time":3.5,"color":"ffffff00"},{"time":3.5666,"color":"ffffffff","curve":"stepped"},{"time":3.6333,"color":"ffffffff"},{"time":3.7,"color":"ffffff00","curve":"stepped"},{"time":4,"color":"ffffff00"}]}},"bones":{"bone":{"rotate":[{"time":0,"angle":0,"curve":"stepped"},{"time":1.3333,"angle":0,"curve":"stepped"},{"time":2.6666,"angle":0,"curve":"stepped"},{"time":4,"angle":0}],"translate":[{"time":0,"x":0,"y":0,"curve":[0.25,0,0.75,1]},{"time":0.6666,"x":0,"y":6.83,"curve":[0.25,0,0.75,1]},{"time":1.3333,"x":0,"y":0,"curve":[0.25,0,0.75,1]},{"time":2,"x":0,"y":6.83,"curve":[0.25,0,0.75,1]},{"time":2.6666,"x":0,"y":0,"curve":[0.25,0,0.75,1]},{"time":3.3333,"x":0,"y":6.83,"curve":[0.25,0,0.75,1]},{"time":4,"x":0,"y":0}],"scale":[{"time":0,"x":1,"y":1,"curve":"stepped"},{"time":1.3333,"x":1,"y":1,"curve":"stepped"},{"time":2.6666,"x":1,"y":1,"curve":"stepped"},{"time":4,"x":1,"y":1}]},"bone2":{"rotate":[{"time":0,"angle":0},{"time":0.6666,"angle":1.22},{"time":1.3333,"angle":0},{"time":2,"angle":1.22},{"time":2.6666,"angle":0},{"time":3.3333,"angle":1.22},{"time":4,"angle":0}],"translate":[{"time":0,"x":0,"y":0,"curve":"stepped"},{"time":1.3333,"x":0,"y":0,"curve":"stepped"},{"time":2.6666,"x":0,"y":0,"curve":"stepped"},{"time":4,"x":0,"y":0}],"scale":[{"time":0,"x":1,"y":1,"curve":"stepped"},{"time":1.3333,"x":1,"y":1,"curve":"stepped"},{"time":2.6666,"x":1,"y":1,"curve":"stepped"},{"time":4,"x":1,"y":1}]},"bone3":{"rotate":[{"time":0,"angle":0,"curve":[0.25,0,0.75,1]},{"time":0.6666,"angle":-1.99,"curve":[0.25,0,0.75,1]},{"time":1.3333,"angle":0,"curve":[0.25,0,0.75,1]},{"time":2,"angle":-1.99,"curve":[0.25,0,0.75,1]},{"time":2.6666,"angle":0,"curve":[0.25,0,0.75,1]},{"time":3.3333,"angle":-1.99,"curve":[0.25,0,0.75,1]},{"time":4,"angle":0}],"translate":[{"time":0,"x":0,"y":0,"curve":"stepped"},{"time":1.3333,"x":0,"y":0,"curve":"stepped"},{"time":2.6666,"x":0,"y":0,"curve":"stepped"},{"time":4,"x":0,"y":0}],"scale":[{"time":0,"x":1,"y":1,"curve":"stepped"},{"time":1.3333,"x":1,"y":1,"curve":"stepped"},{"time":2.6666,"x":1,"y":1,"curve":"stepped"},{"time":4,"x":1,"y":1}]},"bone4":{"rotate":[{"time":0,"angle":0,"curve":[0.25,0,0.75,1]},{"time":0.6666,"angle":-2.84,"curve":[0.25,0,0.75,1]},{"time":1.3333,"angle":0,"curve":[0.25,0,0.75,1]},{"time":2,"angle":-2.84,"curve":[0.25,0,0.75,1]},{"time":2.6666,"angle":0,"curve":[0.25,0,0.75,1]},{"time":3.3333,"angle":-2.84,"curve":[0.25,0,0.75,1]},{"time":4,"angle":0}],"translate":[{"time":0,"x":0,"y":0,"curve":"stepped"},{"time":1.3333,"x":0,"y":0,"curve":"stepped"},{"time":2.6666,"x":0,"y":0,"curve":"stepped"},{"time":4,"x":0,"y":0}],"scale":[{"time":0,"x":1,"y":1,"curve":"stepped"},{"time":1.3333,"x":1,"y":1,"curve":"stepped"},{"time":2.6666,"x":1,"y":1,"curve":"stepped"},{"time":4,"x":1,"y":1}]},"bone5":{"rotate":[{"time":0,"angle":-0.52,"curve":[0.379,0.6,0.724,1]},{"time":0.1666,"angle":0,"curve":[0.25,0,0.75,1]},{"time":0.8333,"angle":-2.84,"curve":[0.242,0,0.666,0.66]},{"time":1.3333,"angle":-0.52,"curve":[0.379,0.6,0.724,1]},{"time":1.5,"angle":0,"curve":[0.25,0,0.75,1]},{"time":2.1666,"angle":-2.84,"curve":[0.242,0,0.666,0.66]},{"time":2.6666,"angle":-0.52,"curve":[0.379,0.6,0.724,1]},{"time":2.8333,"angle":0,"curve":[0.25,0,0.75,1]},{"time":3.5,"angle":-2.84,"curve":[0.242,0,0.666,0.66]},{"time":4,"angle":-0.52}],"translate":[{"time":0,"x":0,"y":0,"curve":"stepped"},{"time":1.3333,"x":0,"y":0,"curve":"stepped"},{"time":2.6666,"x":0,"y":0,"curve":"stepped"},{"time":4,"x":0,"y":0}],"scale":[{"time":0,"x":1,"y":1,"curve":"stepped"},{"time":1.3333,"x":1,"y":1,"curve":"stepped"},{"time":2.6666,"x":1,"y":1,"curve":"stepped"},{"time":4,"x":1,"y":1}]},"bone6":{"rotate":[{"time":0,"angle":-1.23,"curve":[0.378,0.52,0.746,1]},{"time":0.3,"angle":0},{"time":0.9666,"angle":-2.84,"curve":[0.247,0,0.63,0.52]},{"time":1.3333,"angle":-1.23,"curve":[0.378,0.52,0.746,1]},{"time":1.6333,"angle":0},{"time":2.3,"angle":-2.84,"curve":[0.247,0,0.63,0.52]},{"time":2.6666,"angle":-1.23,"curve":[0.378,0.52,0.746,1]},{"time":2.9666,"angle":0},{"time":3.6333,"angle":-2.84,"curve":[0.247,0,0.63,0.52]},{"time":4,"angle":-1.23}],"translate":[{"time":0,"x":0,"y":0,"curve":"stepped"},{"time":1.3333,"x":0,"y":0,"curve":"stepped"},{"time":2.6666,"x":0,"y":0,"curve":"stepped"},{"time":4,"x":0,"y":0}],"scale":[{"time":0,"x":1,"y":1,"curve":"stepped"},{"time":1.3333,"x":1,"y":1,"curve":"stepped"},{"time":2.6666,"x":1,"y":1,"curve":"stepped"},{"time":4,"x":1,"y":1}]},"bone7":{"rotate":[{"time":0,"angle":0,"curve":[0.25,0,0.75,1]},{"time":0.6666,"angle":4.79,"curve":[0.25,0,0.75,1]},{"time":1.3333,"angle":0,"curve":[0.25,0,0.75,1]},{"time":2,"angle":4.79,"curve":[0.25,0,0.75,1]},{"time":2.6666,"angle":0,"curve":[0.25,0,0.75,1]},{"time":3.3333,"angle":4.79,"curve":[0.25,0,0.75,1]},{"time":4,"angle":0}],"translate":[{"time":0,"x":0,"y":0,"curve":"stepped"},{"time":1.3333,"x":0,"y":0,"curve":"stepped"},{"time":2.6666,"x":0,"y":0,"curve":"stepped"},{"time":4,"x":0,"y":0}],"scale":[{"time":0,"x":1,"y":1,"curve":"stepped"},{"time":1.3333,"x":1,"y":1,"curve":"stepped"},{"time":2.6666,"x":1,"y":1,"curve":"stepped"},{"time":4,"x":1,"y":1}]},"bone8":{"rotate":[{"time":0,"angle":0.88,"curve":[0.379,0.6,0.724,1]},{"time":0.1666,"angle":0},{"time":0.8333,"angle":4.79,"curve":[0.242,0,0.666,0.66]},{"time":1.3333,"angle":0.88,"curve":[0.379,0.6,0.724,1]},{"time":1.5,"angle":0},{"time":2.1666,"angle":4.79,"curve":[0.242,0,0.666,0.66]},{"time":2.6666,"angle":0.88,"curve":[0.379,0.6,0.724,1]},{"time":2.8333,"angle":0},{"time":3.5,"angle":4.79,"curve":[0.242,0,0.666,0.66]},{"time":4,"angle":0.88}],"translate":[{"time":0,"x":0,"y":0,"curve":"stepped"},{"time":1.3333,"x":0,"y":0,"curve":"stepped"},{"time":2.6666,"x":0,"y":0,"curve":"stepped"},{"time":4,"x":0,"y":0}],"scale":[{"time":0,"x":1,"y":1,"curve":"stepped"},{"time":1.3333,"x":1,"y":1,"curve":"stepped"},{"time":2.6666,"x":1,"y":1,"curve":"stepped"},{"time":4,"x":1,"y":1}]},"bone9":{"rotate":[{"time":0,"angle":2.07,"curve":[0.378,0.52,0.746,1]},{"time":0.3,"angle":0,"curve":[0.25,0,0.75,1]},{"time":0.9666,"angle":4.79,"curve":[0.247,0,0.63,0.52]},{"time":1.3333,"angle":2.07,"curve":[0.378,0.52,0.746,1]},{"time":1.6333,"angle":0,"curve":[0.25,0,0.75,1]},{"time":2.3,"angle":4.79,"curve":[0.247,0,0.63,0.52]},{"time":2.6666,"angle":2.07,"curve":[0.378,0.52,0.746,1]},{"time":2.9666,"angle":0,"curve":[0.25,0,0.75,1]},{"time":3.6333,"angle":4.79,"curve":[0.247,0,0.63,0.52]},{"time":4,"angle":2.07}],"translate":[{"time":0,"x":0,"y":0,"curve":"stepped"},{"time":1.3333,"x":0,"y":0,"curve":"stepped"},{"time":2.6666,"x":0,"y":0,"curve":"stepped"},{"time":4,"x":0,"y":0}],"scale":[{"time":0,"x":1,"y":1,"curve":"stepped"},{"time":1.3333,"x":1,"y":1,"curve":"stepped"},{"time":2.6666,"x":1,"y":1,"curve":"stepped"},{"time":4,"x":1,"y":1}]},"bone10":{"rotate":[{"time":0,"angle":1,"curve":[0.362,0.44,0.754,1]},{"time":0.4,"angle":2.74,"curve":[0.25,0,0.75,1]},{"time":1.0666,"angle":0,"curve":[0.257,0,0.618,0.45]},{"time":1.3333,"angle":1,"curve":[0.362,0.44,0.754,1]},{"time":1.7333,"angle":2.74,"curve":[0.25,0,0.75,1]},{"time":2.4,"angle":0,"curve":[0.257,0,0.618,0.45]},{"time":2.6666,"angle":1,"curve":[0.362,0.44,0.754,1]},{"time":3.0666,"angle":2.74,"curve":[0.25,0,0.75,1]},{"time":3.7333,"angle":0,"curve":[0.257,0,0.618,0.45]},{"time":4,"angle":1}],"translate":[{"time":0,"x":0,"y":0,"curve":"stepped"},{"time":1.0666,"x":0,"y":0,"curve":"stepped"},{"time":1.3333,"x":0,"y":0,"curve":"stepped"},{"time":2.4,"x":0,"y":0,"curve":"stepped"},{"time":2.6666,"x":0,"y":0,"curve":"stepped"},{"time":3.7333,"x":0,"y":0,"curve":"stepped"},{"time":4,"x":0,"y":0}],"scale":[{"time":0,"x":1,"y":1,"curve":"stepped"},{"time":1.0666,"x":1,"y":1,"curve":"stepped"},{"time":1.3333,"x":1,"y":1,"curve":"stepped"},{"time":2.4,"x":1,"y":1,"curve":"stepped"},{"time":2.6666,"x":1,"y":1,"curve":"stepped"},{"time":3.7333,"x":1,"y":1,"curve":"stepped"},{"time":4,"x":1,"y":1}]},"bone11":{"rotate":[{"time":0,"angle":1,"curve":[0.362,0.44,0.754,1]},{"time":0.4,"angle":2.74,"curve":[0.25,0,0.75,1]},{"time":1.0666,"angle":0,"curve":[0.257,0,0.618,0.45]},{"time":1.3333,"angle":1,"curve":[0.362,0.44,0.754,1]},{"time":1.7333,"angle":2.74,"curve":[0.25,0,0.75,1]},{"time":2.4,"angle":0,"curve":[0.257,0,0.618,0.45]},{"time":2.6666,"angle":1,"curve":[0.362,0.44,0.754,1]},{"time":3.0666,"angle":2.74,"curve":[0.25,0,0.75,1]},{"time":3.7333,"angle":0,"curve":[0.257,0,0.618,0.45]},{"time":4,"angle":1}],"translate":[{"time":0,"x":0,"y":0,"curve":"stepped"},{"time":1.0666,"x":0,"y":0,"curve":"stepped"},{"time":1.3333,"x":0,"y":0,"curve":"stepped"},{"time":2.4,"x":0,"y":0,"curve":"stepped"},{"time":2.6666,"x":0,"y":0,"curve":"stepped"},{"time":3.7333,"x":0,"y":0,"curve":"stepped"},{"time":4,"x":0,"y":0}],"scale":[{"time":0,"x":1,"y":1,"curve":"stepped"},{"time":1.0666,"x":1,"y":1,"curve":"stepped"},{"time":1.3333,"x":1,"y":1,"curve":"stepped"},{"time":2.4,"x":1,"y":1,"curve":"stepped"},{"time":2.6666,"x":1,"y":1,"curve":"stepped"},{"time":3.7333,"x":1,"y":1,"curve":"stepped"},{"time":4,"x":1,"y":1}]},"bone13":{"rotate":[{"time":0,"angle":0,"curve":[0.25,0,0.75,1]},{"time":0.6666,"angle":3.27,"curve":[0.25,0,0.75,1]},{"time":1.3333,"angle":0,"curve":[0.25,0,0.75,1]},{"time":2,"angle":3.27,"curve":[0.25,0,0.75,1]},{"time":2.6666,"angle":0,"curve":[0.25,0,0.75,1]},{"time":3.3333,"angle":3.27,"curve":[0.25,0,0.75,1]},{"time":4,"angle":0}],"translate":[{"time":0,"x":0,"y":0,"curve":"stepped"},{"time":1.3333,"x":0,"y":0,"curve":"stepped"},{"time":2.6666,"x":0,"y":0,"curve":"stepped"},{"time":4,"x":0,"y":0}],"scale":[{"time":0,"x":1,"y":1,"curve":"stepped"},{"time":1.3333,"x":1,"y":1,"curve":"stepped"},{"time":2.6666,"x":1,"y":1,"curve":"stepped"},{"time":4,"x":1,"y":1}]},"bone14":{"rotate":[{"time":0,"angle":0,"curve":[0.25,0,0.75,1]},{"time":0.6666,"angle":3.27,"curve":[0.25,0,0.75,1]},{"time":1.3333,"angle":0,"curve":[0.25,0,0.75,1]},{"time":2,"angle":3.27,"curve":[0.25,0,0.75,1]},{"time":2.6666,"angle":0,"curve":[0.25,0,0.75,1]},{"time":3.3333,"angle":3.27,"curve":[0.25,0,0.75,1]},{"time":4,"angle":0}],"translate":[{"time":0,"x":0,"y":0,"curve":"stepped"},{"time":1.3333,"x":0,"y":0,"curve":"stepped"},{"time":2.6666,"x":0,"y":0,"curve":"stepped"},{"time":4,"x":0,"y":0}],"scale":[{"time":0,"x":1,"y":1,"curve":"stepped"},{"time":1.3333,"x":1,"y":1,"curve":"stepped"},{"time":2.6666,"x":1,"y":1,"curve":"stepped"},{"time":4,"x":1,"y":1}]},"bone16":{"rotate":[{"time":0,"angle":0,"curve":"stepped"},{"time":1.3333,"angle":0,"curve":"stepped"},{"time":2.6666,"angle":0,"curve":"stepped"},{"time":4,"angle":0}],"translate":[{"time":0,"x":0,"y":0,"curve":"stepped"},{"time":1.3333,"x":0,"y":0,"curve":"stepped"},{"time":2.6666,"x":0,"y":0,"curve":"stepped"},{"time":4,"x":0,"y":0}],"scale":[{"time":0,"x":1,"y":1,"curve":"stepped"},{"time":1.3333,"x":1,"y":1,"curve":"stepped"},{"time":2.6666,"x":1,"y":1,"curve":"stepped"},{"time":4,"x":1,"y":1}]},"bone17":{"rotate":[{"time":0,"angle":0,"curve":"stepped"},{"time":1.3333,"angle":0,"curve":"stepped"},{"time":2.6666,"angle":0,"curve":"stepped"},{"time":4,"angle":0}],"translate":[{"time":0,"x":0,"y":0,"curve":"stepped"},{"time":1.3333,"x":0,"y":0,"curve":"stepped"},{"time":2.6666,"x":0,"y":0,"curve":"stepped"},{"time":4,"x":0,"y":0}],"scale":[{"time":0,"x":1,"y":1,"curve":"stepped"},{"time":1.3333,"x":1,"y":1,"curve":"stepped"},{"time":2.6666,"x":1,"y":1,"curve":"stepped"},{"time":4,"x":1,"y":1}]},"bone18":{"rotate":[{"time":0,"angle":0,"curve":"stepped"},{"time":1.3333,"angle":0,"curve":"stepped"},{"time":2.6666,"angle":0,"curve":"stepped"},{"time":4,"angle":0}],"translate":[{"time":0,"x":0,"y":0,"curve":"stepped"},{"time":1.3333,"x":0,"y":0,"curve":"stepped"},{"time":2.6666,"x":0,"y":0,"curve":"stepped"},{"time":4,"x":0,"y":0}],"scale":[{"time":0,"x":1,"y":1,"curve":[0.25,0,0.75,1]},{"time":0.6666,"x":0.812,"y":1,"curve":[0.25,0,0.75,1]},{"time":1.3333,"x":1,"y":1,"curve":[0.25,0,0.75,1]},{"time":2,"x":0.812,"y":1,"curve":[0.25,0,0.75,1]},{"time":2.6666,"x":1,"y":1,"curve":[0.25,0,0.75,1]},{"time":3.3333,"x":0.812,"y":1,"curve":[0.25,0,0.75,1]},{"time":4,"x":1,"y":1}]},"bone19":{"rotate":[{"time":0,"angle":0,"curve":[0.25,0,0.75,1]},{"time":0.6666,"angle":-10.12,"curve":[0.25,0,0.75,1]},{"time":1.3333,"angle":0,"curve":[0.25,0,0.75,1]},{"time":2,"angle":-10.12,"curve":[0.25,0,0.75,1]},{"time":2.6666,"angle":0,"curve":[0.25,0,0.75,1]},{"time":3.3333,"angle":-10.12,"curve":[0.25,0,0.75,1]},{"time":4,"angle":0}],"translate":[{"time":0,"x":0,"y":0,"curve":"stepped"},{"time":1.3333,"x":0,"y":0,"curve":"stepped"},{"time":2.6666,"x":0,"y":0,"curve":"stepped"},{"time":4,"x":0,"y":0}],"scale":[{"time":0,"x":1,"y":1,"curve":"stepped"},{"time":1.3333,"x":1,"y":1,"curve":"stepped"},{"time":2.6666,"x":1,"y":1,"curve":"stepped"},{"time":4,"x":1,"y":1}]},"bone20":{"rotate":[{"time":0,"angle":-4.39,"curve":[0.378,0.52,0.746,1]},{"time":0.3,"angle":0},{"time":0.9666,"angle":-10.12,"curve":[0.247,0,0.63,0.52]},{"time":1.3333,"angle":-4.39,"curve":[0.378,0.52,0.746,1]},{"time":1.6333,"angle":0},{"time":2.3,"angle":-10.12,"curve":[0.247,0,0.63,0.52]},{"time":2.6666,"angle":-4.39,"curve":[0.378,0.52,0.746,1]},{"time":2.9666,"angle":0},{"time":3.6333,"angle":-10.12,"curve":[0.247,0,0.63,0.52]},{"time":4,"angle":-4.39}],"translate":[{"time":0,"x":0,"y":0,"curve":"stepped"},{"time":1.3333,"x":0,"y":0,"curve":"stepped"},{"time":2.6666,"x":0,"y":0,"curve":"stepped"},{"time":4,"x":0,"y":0}],"scale":[{"time":0,"x":1,"y":1,"curve":"stepped"},{"time":1.3333,"x":1,"y":1,"curve":"stepped"},{"time":2.6666,"x":1,"y":1,"curve":"stepped"},{"time":4,"x":1,"y":1}]},"bone21":{"rotate":[{"time":0,"angle":0},{"time":0.6666,"angle":12.85},{"time":1.3333,"angle":0},{"time":2,"angle":12.85},{"time":2.6666,"angle":0},{"time":3.3333,"angle":12.85},{"time":4,"angle":0}],"translate":[{"time":0,"x":0,"y":0,"curve":"stepped"},{"time":1.3333,"x":0,"y":0,"curve":"stepped"},{"time":2.6666,"x":0,"y":0,"curve":"stepped"},{"time":4,"x":0,"y":0}],"scale":[{"time":0,"x":1,"y":1,"curve":"stepped"},{"time":1.3333,"x":1,"y":1,"curve":"stepped"},{"time":2.6666,"x":1,"y":1,"curve":"stepped"},{"time":4,"x":1,"y":1}]},"bone22":{"rotate":[{"time":0,"angle":0,"curve":[0.21,0.2,0.75,1]},{"time":0.3333,"angle":-1.78,"curve":[0.25,0,0.75,1]},{"time":0.9333,"angle":9.22,"curve":[0.25,0,0.767,0.77]},{"time":1.3333,"angle":0,"curve":[0.21,0.2,0.75,1]},{"time":1.6666,"angle":-1.78,"curve":[0.25,0,0.75,1]},{"time":2.2666,"angle":9.22,"curve":[0.25,0,0.767,0.77]},{"time":2.6666,"angle":0,"curve":[0.21,0.2,0.75,1]},{"time":3,"angle":-1.78,"curve":[0.25,0,0.75,1]},{"time":3.6,"angle":9.22,"curve":[0.25,0,0.767,0.77]},{"time":4,"angle":0}],"translate":[{"time":0,"x":0,"y":0,"curve":"stepped"},{"time":1.3333,"x":0,"y":0,"curve":"stepped"},{"time":2.6666,"x":0,"y":0,"curve":"stepped"},{"time":4,"x":0,"y":0}],"scale":[{"time":0,"x":1,"y":1,"curve":"stepped"},{"time":1.3333,"x":1,"y":1,"curve":"stepped"},{"time":2.6666,"x":1,"y":1,"curve":"stepped"},{"time":4,"x":1,"y":1}]},"bone23":{"rotate":[{"time":0,"angle":-2.79,"curve":[0.381,0.54,0.742,1]},{"time":0.2666,"angle":0,"curve":[0.25,0,0.75,1]},{"time":0.9333,"angle":-7.6,"curve":[0.245,0,0.637,0.55]},{"time":1.3333,"angle":-2.79,"curve":[0.381,0.54,0.742,1]},{"time":1.6,"angle":0,"curve":[0.25,0,0.75,1]},{"time":2.2666,"angle":-7.6,"curve":[0.245,0,0.637,0.55]},{"time":2.6666,"angle":-2.79,"curve":[0.381,0.54,0.742,1]},{"time":2.9333,"angle":0,"curve":[0.25,0,0.75,1]},{"time":3.6,"angle":-7.6,"curve":[0.245,0,0.637,0.55]},{"time":4,"angle":-2.79}],"translate":[{"time":0,"x":0,"y":0,"curve":"stepped"},{"time":1.3333,"x":0,"y":0,"curve":"stepped"},{"time":2.6666,"x":0,"y":0,"curve":"stepped"},{"time":4,"x":0,"y":0}],"scale":[{"time":0,"x":1,"y":1,"curve":"stepped"},{"time":1.3333,"x":1,"y":1,"curve":"stepped"},{"time":2.6666,"x":1,"y":1,"curve":"stepped"},{"time":4,"x":1,"y":1}]},"bone24":{"rotate":[{"time":0,"angle":0,"curve":[0.25,0,0.75,1]},{"time":0.6666,"angle":-7.6,"curve":[0.25,0,0.75,1]},{"time":1.3333,"angle":0,"curve":[0.25,0,0.75,1]},{"time":2,"angle":-7.6,"curve":[0.25,0,0.75,1]},{"time":2.6666,"angle":0,"curve":[0.25,0,0.75,1]},{"time":3.3333,"angle":-7.6,"curve":[0.25,0,0.75,1]},{"time":4,"angle":0}],"translate":[{"time":0,"x":0,"y":0,"curve":"stepped"},{"time":1.3333,"x":0,"y":0,"curve":"stepped"},{"time":2.6666,"x":0,"y":0,"curve":"stepped"},{"time":4,"x":0,"y":0}],"scale":[{"time":0,"x":1,"y":1,"curve":"stepped"},{"time":1.3333,"x":1,"y":1,"curve":"stepped"},{"time":2.6666,"x":1,"y":1,"curve":"stepped"},{"time":4,"x":1,"y":1}]},"bone12":{"rotate":[{"time":0,"angle":-0.64},{"time":0.6,"angle":-6.46,"curve":[0.381,0.58,0.731,1]},{"time":1.0666,"angle":-1.56,"curve":[0.25,0,0.75,1]},{"time":1.2666,"angle":0},{"time":1.3333,"angle":-0.64},{"time":1.9333,"angle":-6.46,"curve":[0.381,0.58,0.731,1]},{"time":2.4,"angle":-1.56,"curve":[0.25,0,0.75,1]},{"time":2.6,"angle":0},{"time":2.6666,"angle":-0.64},{"time":3.2666,"angle":-6.46,"curve":[0.381,0.58,0.731,1]},{"time":3.7333,"angle":-1.56,"curve":[0.25,0,0.75,1]},{"time":3.9333,"angle":0},{"time":4,"angle":-0.64}],"translate":[{"time":0,"x":0,"y":0,"curve":"stepped"},{"time":1.0666,"x":0,"y":0,"curve":"stepped"},{"time":1.3333,"x":0,"y":0,"curve":"stepped"},{"time":2.4,"x":0,"y":0,"curve":"stepped"},{"time":2.6666,"x":0,"y":0,"curve":"stepped"},{"time":3.7333,"x":0,"y":0,"curve":"stepped"},{"time":4,"x":0,"y":0}],"scale":[{"time":0,"x":1,"y":1,"curve":"stepped"},{"time":1.0666,"x":1,"y":1,"curve":"stepped"},{"time":1.3333,"x":1,"y":1,"curve":"stepped"},{"time":2.4,"x":1,"y":1,"curve":"stepped"},{"time":2.6666,"x":1,"y":1,"curve":"stepped"},{"time":3.7333,"x":1,"y":1,"curve":"stepped"},{"time":4,"x":1,"y":1}]},"bone15":{"rotate":[{"time":0,"angle":-2.64,"curve":[0.381,0.54,0.742,1]},{"time":0.2666,"angle":0,"curve":[0.25,0,0.75,1]},{"time":0.9333,"angle":-7.2,"curve":[0.245,0,0.637,0.55]},{"time":1.3333,"angle":-2.64,"curve":[0.381,0.54,0.742,1]},{"time":1.6,"angle":0,"curve":[0.25,0,0.75,1]},{"time":2.2666,"angle":-7.2,"curve":[0.245,0,0.637,0.55]},{"time":2.6666,"angle":-2.64,"curve":[0.381,0.54,0.742,1]},{"time":2.9333,"angle":0,"curve":[0.25,0,0.75,1]},{"time":3.6,"angle":-7.2,"curve":[0.245,0,0.637,0.55]},{"time":4,"angle":-2.64}],"translate":[{"time":0,"x":0,"y":0,"curve":"stepped"},{"time":1.3333,"x":0,"y":0,"curve":"stepped"},{"time":2.6666,"x":0,"y":0,"curve":"stepped"},{"time":4,"x":0,"y":0}],"scale":[{"time":0,"x":1,"y":1,"curve":"stepped"},{"time":1.3333,"x":1,"y":1,"curve":"stepped"},{"time":2.6666,"x":1,"y":1,"curve":"stepped"},{"time":4,"x":1,"y":1}]}}}}},[0]]],0,0,[0],[-1],[0]]