[1,["17ubP+5OpAxoYvzTi3k4ay"],0,[["sp.SkeletonData",["_name","_atlasText","textureNames","_skeletonJson","textures"],-1,3]],[[0,0,1,2,3,4,5]],[[0,"DaMa","\nDaMa.png\nsize: 128,256\nformat: RGBA8888\nfilter: Linear,Linear\nrepeat: none\nhuman0303-2/yuan_9\n  rotate: false\n  xy: 1, 147\n  size: 52, 11\n  orig: 52, 11\n  offset: 0, 0\n  index: -1\nhuman0303-2/rightleg_6\n  rotate: false\n  xy: 117, 77\n  size: 10, 23\n  orig: 10, 23\n  offset: 0, 0\n  index: -1\nhuman0303-2/leftleg_6\n  rotate: false\n  xy: 55, 147\n  size: 15, 29\n  orig: 15, 29\n  offset: 0, 0\n  index: -1\nhuman0303-2/righthand_6\n  rotate: false\n  xy: 111, 1\n  size: 16, 36\n  orig: 16, 36\n  offset: 0, 0\n  index: -1\nhuman0303-2/body_6\n  rotate: false\n  xy: 75, 1\n  size: 34, 52\n  orig: 34, 52\n  offset: 0, 0\n  index: -1\n角色文件-道具(1)/头部_3\n  rotate: false\n  xy: 1, 74\n  size: 72, 71\n  orig: 72, 71\n  offset: 0, 0\n  index: -1\n角色文件-道具(1)/闭眼1\n  rotate: false\n  xy: 117, 113\n  size: 7, 3\n  orig: 7, 3\n  offset: 0, 0\n  index: -1\n角色文件-道具(1)/闭眼2\n  rotate: false\n  xy: 33, 160\n  size: 6, 3\n  orig: 6, 3\n  offset: 0, 0\n  index: -1\n角色文件-道具(1)/眼睛睁2_0\n  rotate: false\n  xy: 117, 102\n  size: 6, 9\n  orig: 6, 9\n  offset: 0, 0\n  index: -1\n角色文件-道具(1)/眼睛睁1_0\n  rotate: false\n  xy: 110, 77\n  size: 5, 9\n  orig: 5, 9\n  offset: 0, 0\n  index: -1\n奶茶图标及厨师制作完成/奶茶2\n  rotate: false\n  xy: 75, 119\n  size: 23, 29\n  orig: 23, 29\n  offset: 0, 0\n  index: -1\n角色文件-吃蛋糕/cake_m\n  rotate: false\n  xy: 75, 91\n  size: 40, 26\n  orig: 40, 26\n  offset: 0, 0\n  index: -1\n角色文件-吃蛋糕/saozi\n  rotate: false\n  xy: 1, 160\n  size: 30, 7\n  orig: 30, 7\n  offset: 0, 0\n  index: -1\nhuman0303-2/lefthand_6\n  rotate: false\n  xy: 111, 39\n  size: 15, 36\n  orig: 15, 36\n  offset: 0, 0\n  index: -1\n角色文件-发怒表情/头部_3\n  rotate: false\n  xy: 1, 1\n  size: 72, 71\n  orig: 72, 71\n  offset: 0, 0\n  index: -1\nicon_sq02\n  rotate: false\n  xy: 100, 119\n  size: 23, 24\n  orig: 23, 24\n  offset: 0, 0\n  index: -1\nicon_sq01\n  rotate: false\n  xy: 75, 55\n  size: 33, 34\n  orig: 33, 34\n  offset: 0, 0\n  index: -1\n",["DaMa.png"],{"skeleton":{"width":163.01,"height":151.66,"fps":24,"hash":" ","name":"Armature"},"bones":[{"name":"root"},{"length":18,"x":-3.5,"y":27.8,"rotation":84.2822,"name":"body","parent":"root"},{"x":-63.2,"y":134.2,"name":"icon_sq01","parent":"root"},{"x":55.45,"y":105.2,"name":"icon_sq02","parent":"root"},{"length":15,"x":-0.2385,"y":-7.5614,"rotation":-168.5716,"name":"left_leg_up","parent":"body"},{"length":22,"x":17.6868,"y":0.0122,"rotation":0.4323,"name":"body1","parent":"body"},{"length":13,"x":-1.7862,"y":4.289,"rotation":-167.9943,"name":"right_leg_up","parent":"body"},{"inheritScale":false,"length":63,"x":23.0551,"y":-0.0765,"rotation":0.0787,"name":"head","parent":"body1","transform":"noScale"},{"inheritScale":false,"length":18,"x":15.6346,"y":6.3171,"rotation":156.4883,"name":"right_hand_up","parent":"body1","transform":"noScale"},{"inheritScale":false,"length":19,"x":18.5562,"y":-6.2673,"rotation":-156.3261,"name":"left_hand_up","parent":"body1","transform":"noScale"},{"length":9,"x":13.936,"y":0.0194,"rotation":4.9612,"name":"right_leg_down","parent":"right_leg_up"},{"length":11,"x":15.7632,"y":0.3834,"rotation":3.1312,"name":"left_leg_dowb","parent":"left_leg_up"},{"inheritScale":false,"length":14,"x":18.2539,"y":0.7339,"rotation":20.3139,"name":"right_hand_down","parent":"right_hand_up","transform":"noScale"},{"length":5,"x":23.0058,"y":18.0623,"rotation":39.1929,"name":"tou","parent":"head"},{"inheritScale":false,"length":16,"x":19.9225,"y":-0.142,"rotation":-12.185,"name":"left_hand_down","parent":"left_hand_up","transform":"noScale"},{"x":19.1767,"y":15.454,"name":"yanjing","parent":"head"},{"length":5,"x":23.3057,"y":12.5668,"rotation":-45.5039,"name":"tou1","parent":"head"},{"x":7.3074,"y":15.6778,"name":"tou2","parent":"head"},{"x":-0.6311,"y":8.5781,"name":"right_eye","parent":"yanjing"},{"x":0.0018,"y":-8.284,"name":"left_eye","parent":"yanjing"},{"length":22,"x":16.5709,"y":4.385,"rotation":-89.7639,"name":"tea2","parent":"left_hand_down"},{"x":-1.8818,"y":-6.347,"name":"tou4","parent":"tou2"},{"x":-1.3413,"y":6.4549,"name":"tou3","parent":"tou2"},{"x":3.3375,"y":80.3211,"rotation":98.4833,"name":"cake_m","parent":"right_hand_down"},{"length":28,"x":43.9163,"y":56.5355,"rotation":-88.8926,"name":"saozi","parent":"left_hand_down"}],"slots":[{"name":"shadow","bone":"root","attachment":"shadow"},{"name":"youtui","bone":"right_leg_up","attachment":"youtui"},{"name":"zuotui","bone":"left_leg_up","attachment":"zuotui"},{"name":"youshou","bone":"right_hand_up","attachment":"youshou"},{"name":"shenti","bone":"body","attachment":"shenti"},{"name":"tou","bone":"head","attachment":"tou"},{"name":"eye_closed1","bone":"right_eye","attachment":"eye_closed1"},{"name":"eye_closed2","bone":"left_eye","attachment":"eye_closed2"},{"name":"right_eye","bone":"right_eye","attachment":"right_eye"},{"name":"left_eye","bone":"left_eye","attachment":"left_eye"},{"name":"tea2","bone":"tea2","attachment":"奶茶图标及厨师制作完成/奶茶2"},{"name":"cake_m","bone":"cake_m","attachment":"角色文件-吃蛋糕/cake_m"},{"name":"saozi","bone":"saozi","attachment":"角色文件-吃蛋糕/saozi"},{"name":"zuoshou","bone":"left_hand_up","attachment":"zuoshou"},{"name":"head_3","bone":"head","attachment":"head_3"},{"name":"icon_sq02","bone":"icon_sq02","attachment":"icon_sq02"},{"name":"icon_sq01","bone":"icon_sq01","attachment":"icon_sq01"}],"skins":{"default":{"saozi":{"角色文件-吃蛋糕/saozi":{"name":"角色文件-吃蛋糕/saozi","width":30,"height":7,"x":14.39,"y":0.31,"rotation":172.69}},"zuoshou":{"zuoshou":{"name":"zuoshou","width":15,"height":36,"hull":10,"path":"human0303-2/lefthand_6","type":"mesh","triangles":[5,9,6,0,8,7,5,6,4,8,5,4,7,8,4,0,7,1,6,9,3,9,2,3],"uvs":[0,0,1,0,0,1,1,1,1,0.51209,0,0.57876,1,0.57459,1,0.43709,0,0.49404,0,0.66348],"edges":[0,2,2,14,4,6,4,18,6,12,8,12,8,14,10,16,10,18,16,0],"vertices":[1,9,-0.87,-2.02,1,1,9,3.86,12.22,1,1,14,15.86,-10.11,1,1,14,17.48,4.8,1,2,9,21.36,6.4,0.490881,14,0.02,6.7,0.509119,2,9,18.9,-8.59,0.49313,14,0.79,-8.47,0.50687,2,9,23.49,5.69,0.15,14,2.26,6.45,0.85,2,9,18.8,7.25,0.83,14,-2.66,6.99,0.17,2,9,16.01,-7.63,0.88,14,-2.24,-8.15,0.12,2,9,21.8,-9.55,0.15,14,3.82,-8.8,0.85]}},"icon_sq02":{"icon_sq02":{"name":"icon_sq02","width":23,"height":24,"x":0.25,"y":-0.28}},"youtui":{"youtui":{"name":"youtui","width":10,"height":23,"hull":12,"path":"human0303-2/rightleg_6","type":"mesh","triangles":[9,2,11,8,4,10,11,2,3,8,10,7,6,8,7,6,7,1,0,6,1,9,11,5,4,9,5,10,4,5],"uvs":[0,0,1,0,0,1,1,1,0,0.56676,1,0.58849,0,0.18632,1,0.19936,0,0.46676,0,0.64067,1,0.51023,1,0.66023],"edges":[0,2,2,14,4,6,4,18,6,22,8,16,8,18,10,20,10,22,12,16,14,20,12,0],"vertices":[1,1,-2.15,8.32,1,1,1,-1.15,-1.63,1,1,10,7.84,-7.26,1,1,10,9.8,2.55,1,2,6,12.48,-5.44,0.518929,10,-1.92,-5.32,0.481071,2,10,0.52,4.39,0.519528,6,14.07,4.44,0.480472,2,1,-6.42,7.89,0.68,6,3.78,-4.49,0.32,2,1,-5.72,-2.09,0.69,6,5.17,5.42,0.31,2,6,10.19,-5.19,0.85,10,-4.18,-4.87,0.15,2,10,0.92,-5.88,0.91,6,15.36,-5.76,0.09,2,6,11.29,4.75,0.85,10,-2.23,4.94,0.15,2,10,3.95,3.71,0.89,6,17.55,4.06,0.11]}},"zuotui":{"zuotui":{"name":"zuotui","width":15,"height":29,"hull":12,"path":"human0303-2/leftleg_6","type":"mesh","triangles":[7,9,8,9,4,8,10,2,11,11,2,3,8,4,5,10,11,5,4,10,5,7,8,6,1,0,6,0,7,6],"uvs":[0,0,1,0,0,1,1,1,0,0.50812,1,0.51674,1,0.1857,0,0.20122,1,0.4357,0,0.42019,0,0.59605,1,0.60984],"edges":[0,2,2,12,4,6,4,20,6,22,8,18,8,20,10,16,10,22,12,16,14,18,14,0],"vertices":[1,1,-1.15,-1.63,1,1,1,0.34,-16.56,1,1,11,12.29,-9.95,1,1,11,14.6,4.87,1,2,11,-1.8,-7.76,0.5,4,14.39,-7.46,0.5,2,11,0.75,7.03,0.51,4,16.13,7.44,0.49,2,1,-5.02,-17.1,0.8,4,6.58,8.4,0.2,2,1,-6.96,-2.21,0.8,4,5.53,-6.57,0.2,2,4,13.79,7.68,0.87,11,-1.57,7.39,0.13,2,4,11.85,-7.21,0.89,11,-4.32,-7.36,0.11,2,11,0.72,-8.15,0.9,4,16.93,-7.71,0.1,2,11,3.42,6.61,0.91,4,18.82,7.17,0.09]}},"shadow":{"shadow":{"name":"shadow","width":52,"height":11,"x":0.01,"y":4.99,"path":"human0303-2/yuan_9"}},"cake_m":{"角色文件-吃蛋糕/cake_m":{"name":"角色文件-吃蛋糕/cake_m","width":40,"height":26,"x":-0.13,"y":1.13}},"youshou":{"youshou":{"name":"youshou","width":16,"height":36,"hull":9,"path":"human0303-2/righthand_6","type":"mesh","triangles":[5,9,3,10,5,6,8,10,6,1,7,6,7,8,6,5,3,6,10,4,5,4,11,5,2,9,5,11,2,5,0,8,7,0,10,8,0,4,10],"uvs":[0,0,1,0,0,1,1,1,0,0.48056,0.625,0.64028,1,0.42222,0.56875,0,0.20937,0.19722,0.45937,1,0.06875,0.37917,0,0.57639],"edges":[0,8,2,12,2,14,4,18,4,22,6,12,6,18,8,22,14,0],"vertices":[1,8,1.64,-13.24,1,2,8,-6.07,0.78,0.940573,12,-22.79,8.49,0.059427,1,12,15.17,-2.02,1,1,12,12.81,13.8,1,2,8,16.8,-4.9,0.49,12,-3.32,-4.78,0.51,2,8,17.02,6.63,0.5,12,0.89,5.96,0.5,2,8,7.25,8.11,0.88,12,-7.76,10.73,0.12,1,8,-2.74,-5.26,1,2,8,6.25,-6.88,0.95,12,-13.9,-2.97,0.05,1,12,14.09,5.25,1,2,8,13.07,-5.7,0.9,12,-7.09,-4.23,0.1,2,8,19.82,-3.24,0.12,12,0.09,-4.27,0.88]}},"left_eye":{"left_eye":{"name":"left_eye","width":5,"height":9,"x":-0.36,"y":0.24,"rotation":-84.79,"path":"角色文件-道具(1)/眼睛睁1_0"}},"icon_sq01":{"icon_sq01":{"name":"icon_sq01","width":33,"height":34,"x":0.76,"y":-0.79}},"head_3":{"head_3":{"name":"head_3","width":72,"height":71,"hull":26,"path":"角色文件-发怒表情/头部_3","type":"mesh","triangles":[31,32,5,5,32,6,32,7,6,4,31,5,3,31,4,9,8,7,33,9,7,32,33,7,29,30,31,29,31,3,2,29,3,33,10,9,44,12,33,33,12,10,43,33,32,12,11,10,31,42,32,42,43,32,44,35,12,43,44,33,30,42,31,2,28,29,42,44,43,27,28,2,23,27,2,48,41,42,41,44,42,30,48,42,35,13,12,29,48,30,36,35,44,28,46,48,46,41,48,28,48,29,0,23,2,41,36,44,35,36,13,36,14,13,37,39,36,37,36,41,1,0,2,28,45,46,28,47,45,45,37,41,45,41,46,23,20,27,27,47,28,39,34,36,34,14,36,47,37,45,25,24,0,24,23,0,40,39,37,38,40,37,47,38,37,27,38,47,26,38,27,15,14,34,40,34,39,22,20,23,40,16,34,16,15,34,22,21,20,20,26,27,20,19,26,38,17,40,26,17,38,17,16,40,18,17,26,19,18,26],"uvs":[0.16667,0,0.33194,0,0.39722,0.07958,0.65278,0.05493,0.87753,0.17746,0.98611,0.39225,0.99999,0.70423,0.90712,0.80438,0.88056,0.93169,0.70556,0.97535,0.62639,0.96268,0.57917,0.99999,0.49514,0.98592,0.40278,0.99999,0.20486,0.98592,0.09236,0.9007,0.05,0.76056,0.075,0.60775,0.01284,0.5584,0.01389,0.43662,0.02778,0.40845,0,0.29577,0.02778,0.25352,0.06944,0.22535,0.03556,0.09859,0.06581,0.04225,0.12396,0.55427,0.19828,0.49089,0.29998,0.51245,0.4146,0.48984,0.49186,0.53703,0.58395,0.54996,0.6167,0.63021,0.62013,0.75758,0.20846,0.86497,0.38057,0.88862,0.29865,0.86537,0.28441,0.6914,0.15435,0.59754,0.22977,0.74989,0.14112,0.71252,0.35577,0.69346,0.50783,0.62909,0.53378,0.68255,0.4135,0.77465,0.29883,0.62812,0.35045,0.6325,0.24343,0.56753,0.42568,0.58762],"edges":[0,2,2,4,4,6,6,8,8,10,10,12,12,14,14,16,16,18,18,20,20,22,22,24,24,26,26,28,28,30,30,32,32,34,34,36,36,38,38,40,40,42,42,44,44,46,46,48,48,50,50,0],"vertices":[1,7,67.19,32.86,1,1,7,68.35,20.17,1,4,7,63.15,14.97,0.691377,13,29.16,-27.76,0.114337,16,26.21,30.11,0.114197,15,43.98,-0.48,0.080088,1,7,66.56,-3.19,1,1,7,59.39,-20.31,1,1,7,44.98,-30.26,1,1,7,23.57,-32.15,1,1,7,15.57,-26.01,1,1,7,6.06,-25.17,1,1,7,1.83,-12.91,1,1,7,2.21,-7.15,1,1,7,-0.74,-4,1,1,7,-1.29,2.02,1,1,7,-1.89,8.64,1,1,7,-2.64,22.89,1,1,7,3.1,31.54,1,1,7,12.38,35.45,1,1,7,23.7,34.67,1,1,7,26.51,39.7,1,1,7,35.26,41.15,1,1,7,37.48,39.34,1,1,7,45.27,42.06,1,1,7,49,41.35,1,1,7,50.68,38.29,1,1,7,59.46,40.64,1,1,7,63.9,38.74,1,1,7,27.81,31.5,1,1,7,32.78,26.53,1,1,7,31.95,19.08,1,1,7,34.31,10.86,1,1,7,31.52,5.08,1,1,7,31.28,-1.62,1,1,7,25.81,-4.43,1,1,7,16.76,-5.45,1,1,22,0.09,1.26,1,1,21,0.31,1.58,1,1,17,-0.57,1.25,1,1,18,0.5,-4.97,1,1,18,6.37,5,1,1,18,-4.09,-1.43,1,1,18,-2.03,5.19,1,1,19,0.24,6.75,1,1,19,5.92,-3.78,1,1,19,2.3,-5.97,1,1,19,-5.11,2.09,1,1,13,0.75,-0.14,1,1,16,-1.21,1.76,1,1,13,6.59,0.74,1,2,16,5.07,0.83,1,13,-1.95,-9.42,0.01]}},"shenti":{"shenti":{"name":"shenti","width":34,"height":52,"hull":10,"path":"human0303-2/body_6","type":"mesh","triangles":[4,9,8,8,9,3,9,2,3,7,4,6,7,6,1,0,7,1,6,4,5,4,8,5],"uvs":[0,0,1,0,0,1,1,1,0,0.48722,1,0.4901,1,0.42664,0,0.42087,1,0.5603,0,0.57308],"edges":[0,2,2,12,4,6,4,18,6,16,8,14,8,18,10,12,10,16,14,0],"vertices":[1,5,22.68,16.4,1,1,5,25.81,-17.46,1,1,1,-11.5,11.4,1,1,1,-8.12,-22.43,1,2,1,15.02,14.06,0.50839,5,-2.56,14.06,0.49161,2,1,18.26,-19.79,0.500359,5,0.43,-19.8,0.499641,2,1,21.55,-19.46,0.15,5,3.71,-19.5,0.85,2,1,18.46,14.4,0.12,5,0.88,14.38,0.88,2,1,14.63,-20.15,0.85,5,-3.21,-20.14,0.15,2,1,10.59,13.61,0.86,5,-7,13.65,0.14]}},"tou":{"tou":{"name":"tou","width":72,"height":71,"hull":4,"path":"角色文件-道具(1)/头部_3","type":"mesh","triangles":[9,2,11,18,19,20,17,18,1,0,17,1,18,20,1,11,2,3,12,11,3,20,13,3,13,12,3,1,20,3,19,13,20,15,13,19,18,15,19,15,12,13,0,16,17,15,8,12,8,11,12,17,15,18,17,5,15,5,8,15,14,5,17,16,14,17,8,6,11,6,9,11,14,7,5,5,6,8,5,4,9,5,9,6,21,14,16,7,4,5,4,2,9,0,21,16,10,2,7,14,10,7,7,2,4,21,10,14,21,2,10,0,2,21],"uvs":[0,0,1,0,0,1,1,1,0.22944,0.87233,0.2843,0.84909,0.335,0.89205,0.19055,0.84134,0.36694,0.85613,0.27944,0.97092,0.08569,0.8181,0.45583,0.98078,0.53847,0.95472,0.63222,0.89205,0.11139,0.67515,0.51625,0.70332,0.18291,0.45895,0.39958,0.46036,0.5725,0.5012,0.64889,0.71317,0.86903,0.76599,0.08222,0.54557],"edges":[0,2,2,6,4,6,4,0],"vertices":[65.52,42.84,72.05,-28.86,-5.19,36.4,1.34,-35.3,5.33,20.77,7.33,16.99,4.63,13.07,7.27,23.76,7.38,11.01,-1.31,16.55,8.23,31.43,-0.86,3.84,1.53,-1.92,6.57,-8.24,18.5,30.5,19.16,1.29,34.26,26.77,35.57,11.22,33.82,-1.44,19.33,-8.28,17.03,-24.41,27.47,33.43]}},"eye_closed2":{"eye_closed2":{"name":"eye_closed2","width":6,"height":3,"x":-0.46,"y":0.27,"rotation":-84.79,"path":"角色文件-道具(1)/闭眼2"}},"eye_closed1":{"eye_closed1":{"name":"eye_closed1","width":7,"height":3,"x":0.47,"y":-1.15,"rotation":-84.79,"path":"角色文件-道具(1)/闭眼1"}},"tea2":{"奶茶图标及厨师制作完成/奶茶2":{"name":"奶茶图标及厨师制作完成/奶茶2","width":23,"height":29,"x":12.32,"y":-0.29,"rotation":-90.79}},"right_eye":{"right_eye":{"name":"right_eye","width":6,"height":9,"x":0.09,"y":-0.98,"rotation":-84.79,"path":"角色文件-道具(1)/眼睛睁2_0"}}}},"animations":{"stand":{"bones":{"body":{"translate":[{"time":0,"x":0.32,"y":-1.26}],"rotate":[{"time":0,"angle":-29.24},{"time":0.625,"angle":-31.78},{"time":1.25,"angle":-29.24},{"time":1.875,"angle":-31.78},{"time":2.5,"angle":-29.24}],"shear":[{"time":0},{"time":0.625},{"time":1.25},{"time":1.875},{"time":2.5}]},"head":{"rotate":[{"time":0,"angle":19.09},{"time":0.8333,"angle":22.23},{"time":1.25,"angle":19.09},{"time":2.0833,"angle":22.23},{"time":2.5,"angle":19.09},{"time":2.9167,"angle":21.63},{"time":4.5834,"angle":24.1},{"time":5.8334,"angle":21},{"time":6.2501,"angle":19.09}],"shear":[{"time":0},{"time":0.8333},{"time":1.25},{"time":2.0833},{"time":2.5},{"time":2.9167},{"time":4.5834},{"time":5.8334},{"time":6.2501}]},"right_hand_up":{"rotate":[{"time":0,"angle":-42.05},{"time":0.625,"angle":-43.59},{"time":1.25,"angle":-42.05},{"time":1.875,"angle":-43.59},{"time":2.5,"angle":-42.05}],"shear":[{"time":0},{"time":0.625},{"time":1.25},{"time":1.875},{"time":2.5}]},"right_leg_up":{"translate":[{"time":0,"x":-3.94,"y":-1.41}],"rotate":[{"time":0,"angle":-1.8}],"shear":[{"time":0}]},"left_hand_up":{"rotate":[{"time":0,"angle":21.65},{"time":0.625,"angle":20.49},{"time":1.25,"angle":21.65},{"time":1.875,"angle":20.49},{"time":2.5,"angle":21.65},{"time":2.875,"angle":-12.86},{"time":3.2083,"angle":-23.58},{"time":3.5416,"angle":-7.81},{"time":3.9583,"angle":13.37},{"time":4.4166,"angle":-12.86},{"time":4.8749,"angle":-23.58},{"time":5.3332,"angle":-7.81},{"time":5.8749,"angle":13.37},{"time":6.2499,"angle":21.65}],"shear":[{"time":0},{"time":0.625},{"time":1.25},{"time":1.875},{"time":2.5},{"time":2.875},{"time":3.2083},{"time":3.5416},{"time":3.9583},{"time":4.4166},{"time":4.8749},{"time":5.3332},{"time":5.8749},{"time":6.2499}]},"left_leg_up":{"translate":[{"time":0,"x":2.07,"y":0.78}],"rotate":[{"time":0,"angle":-19.18}],"shear":[{"time":0}]},"right_hand_down":{"rotate":[{"time":0,"angle":78.22},{"time":0.625,"angle":77.79},{"time":1.25,"angle":78.22},{"time":1.875,"angle":77.79},{"time":2.5,"angle":78.22}],"shear":[{"time":0},{"time":0.625},{"time":1.25},{"time":1.875},{"time":2.5}]},"left_leg_dowb":{"rotate":[{"time":0,"angle":39.11}],"shear":[{"time":0}]},"right_leg_down":{"rotate":[{"time":0,"angle":14.91}],"shear":[{"time":0}]},"left_hand_down":{"rotate":[{"time":0,"angle":-36.3},{"time":0.625,"angle":-38.32},{"time":1.25,"angle":-36.3},{"time":1.875,"angle":-38.32},{"time":2.5,"angle":-36.3},{"time":2.875,"angle":-109.99},{"time":3.2083,"angle":-87.58},{"time":3.5416,"angle":-89.25},{"time":3.9583,"angle":-107.62},{"time":4.4166,"angle":-109.99},{"time":4.8749,"angle":-87.58},{"time":5.3332,"angle":-89.25},{"time":5.8749,"angle":-107.62},{"time":6.2499,"angle":-36.3}],"shear":[{"time":0},{"time":0.625},{"time":1.25},{"time":1.875},{"time":2.5},{"time":2.875},{"time":3.2083},{"time":3.5416},{"time":3.9583},{"time":4.4166},{"time":4.8749},{"time":5.3332},{"time":5.8749},{"time":6.2499}]},"body1":{"rotate":[{"time":0,"angle":23.96},{"time":0.625,"angle":28.5},{"time":1.25,"angle":23.96},{"time":1.875,"angle":28.93},{"time":2.5,"angle":23.96},{"time":2.9167,"angle":24.66},{"time":3.3334,"angle":22.51},{"time":3.9584,"angle":23.71},{"time":4.5834,"angle":24.76},{"time":5.4167,"angle":23.33},{"time":6.25,"angle":23.96}],"scale":[{"time":0,"x":1,"y":1},{"time":1.25,"x":0.98,"y":0.98},{"time":2.5,"x":1,"y":1}],"shear":[{"time":0},{"time":0.625},{"time":1.25},{"time":1.875},{"time":2.5},{"time":2.9167},{"time":3.3334},{"time":3.9584},{"time":4.5834},{"time":5.4167},{"time":6.25}]},"icon_sq02":{"translate":[{"time":0},{"time":6.25,"x":-261.83},{"time":8.25}]}},"slots":{"shadow":{"color":[{"time":0,"color":"FFFFFF00"}]},"eye_closed1":{"color":[{"time":0,"color":"FFFFFF00"},{"time":1.1667,"color":"FFFFFF00"},{"time":1.2084,"color":"FFFFFFFF"},{"time":1.4167,"color":"FFFFFF00"},{"time":2.7084,"color":"FFFFFF00"},{"time":2.7501,"color":"FFFFFFFF"},{"time":4.1668,"color":"FFFFFFFF"},{"time":4.3751,"color":"FFFFFF00"}]},"eye_closed2":{"color":[{"time":0,"color":"FFFFFF00"},{"time":1.1667,"color":"FFFFFF00"},{"time":1.2084,"color":"FFFFFFFF"},{"time":1.4167,"color":"FFFFFF00"},{"time":2.7084,"color":"FFFFFF00"},{"time":2.7501,"color":"FFFFFFFF"},{"time":4.1668,"color":"FFFFFFFF"},{"time":4.3751,"color":"FFFFFF00"}]},"right_eye":{"color":[{"time":0,"color":"FFFFFFFF"},{"time":1.1667,"color":"FFFFFFFF"},{"time":1.2084,"color":"FFFFFF00"},{"time":1.4167,"color":"FFFFFFFF"},{"time":2.7084,"color":"FFFFFFFF"},{"time":2.7501,"color":"FFFFFF00"},{"time":4.1668,"color":"FFFFFF00"},{"time":4.3751,"color":"FFFFFFFF"}]},"left_eye":{"color":[{"time":0,"color":"FFFFFFFF"},{"time":1.1667,"color":"FFFFFFFF"},{"time":1.2084,"color":"FFFFFF00"},{"time":1.4167,"color":"FFFFFFFF"},{"time":2.7084,"color":"FFFFFFFF"},{"time":2.7501,"color":"FFFFFF00"},{"time":4.1668,"color":"FFFFFF00"},{"time":4.3751,"color":"FFFFFFFF"}]},"head_3":{"color":[{"time":0,"color":"FFFFFF00"}]},"icon_sq01":{"color":[{"time":0,"color":"FFFFFF00"}]},"icon_sq02":{"color":[{"time":0,"color":"FFFFFF00"}]},"tea2":{"color":[{"time":0,"color":"FFFFFF00"}]},"cake_m":{"color":[{"time":0,"color":"FFFFFF00"}]},"saozi":{"color":[{"time":0,"color":"FFFFFF00"}]}}},"move":{"bones":{"body":{"translate":[{"time":0,"y":2.97},{"time":0.3333,"y":4.36},{"time":0.6666,"y":2.97},{"time":0.9999,"y":4.36},{"time":1.3332,"y":2.97}],"rotate":[{"time":0,"angle":-2.11}],"shear":[{"time":0}]},"head":{"rotate":[{"time":0,"angle":-2.35,"curve":[0.5,0,0.5,1]},{"time":0.2917,"angle":2.03,"curve":[0.5,0,0.5,1]},{"time":0.625,"angle":-4.22,"curve":[0.5,0,0.5,1]},{"time":0.9167,"angle":1.28,"curve":[0.5,0,0.5,1]},{"time":1.3334,"angle":-2.35}],"shear":[{"time":0,"curve":[0.5,0,0.5,1]},{"time":0.2917,"curve":[0.5,0,0.5,1]},{"time":0.625,"curve":[0.5,0,0.5,1]},{"time":0.9167,"curve":[0.5,0,0.5,1]},{"time":1.3334}]},"right_hand_up":{"rotate":[{"time":0,"angle":12.58,"curve":[0.5,0,0.5,1]},{"time":0.6667,"angle":-8.46,"curve":[0.5,0,0.5,1]},{"time":1.3334,"angle":12.58}],"shear":[{"time":0,"curve":[0.5,0,0.5,1]},{"time":0.6667,"curve":[0.5,0,0.5,1]},{"time":1.3334}]},"right_leg_up":{"translate":[{"time":0,"x":-3.31,"y":-0.46},{"time":0.6667,"x":-3.9,"y":-8.6},{"time":1.3334,"x":-3.31,"y":-0.46}],"rotate":[{"time":0,"angle":-17.9},{"time":0.6667,"angle":23.45},{"time":1.3334,"angle":-17.9}],"shear":[{"time":0},{"time":0.6667},{"time":1.3334}]},"left_hand_up":{"rotate":[{"time":0,"angle":-21.14,"curve":[0.5,0,0.5,1]},{"time":0.6667,"angle":1.14,"curve":[0.5,0,0.5,1]},{"time":1.3334,"angle":-21.14}],"shear":[{"time":0,"curve":[0.5,0,0.5,1]},{"time":0.6667,"curve":[0.5,0,0.5,1]},{"time":1.3334}]},"left_leg_up":{"translate":[{"time":0},{"time":0.6667,"x":-1.16,"y":1.55},{"time":1.3334}],"rotate":[{"time":0,"angle":13.06},{"time":0.6667,"angle":-28.77},{"time":1.3334,"angle":13.06}],"shear":[{"time":0},{"time":0.6667},{"time":1.3334}]},"right_hand_down":{"rotate":[{"time":0,"angle":-17.23},{"time":0.6667,"angle":-28.21},{"time":1.3334,"angle":-17.23}],"shear":[{"time":0},{"time":0.6667},{"time":1.3334}]},"left_leg_dowb":{"rotate":[{"time":0,"angle":4.39},{"time":0.1667,"angle":28.77},{"time":0.6667,"angle":5.9},{"time":1.3334,"angle":4.39}],"shear":[{"time":0},{"time":0.1667},{"time":0.6667},{"time":1.3334}]},"right_leg_down":{"rotate":[{"time":0,"angle":-4.88},{"time":0.6667,"angle":-8.04},{"time":0.9167,"angle":20.43},{"time":1.3334,"angle":-4.88}],"shear":[{"time":0},{"time":0.6667},{"time":0.9167},{"time":1.3334}]},"left_hand_down":{"rotate":[{"time":0,"angle":-10},{"time":0.2917,"angle":-10.61},{"time":0.6667,"angle":-0.65},{"time":0.9167,"angle":3.75},{"time":1.3334,"angle":-10}],"shear":[{"time":0},{"time":0.2917},{"time":0.6667},{"time":0.9167},{"time":1.3334}]},"body1":{"rotate":[{"time":0,"angle":9.27,"curve":[0.5,0,0.5,1]},{"time":0.3333,"angle":7.26,"curve":[0.5,0,0.5,1]},{"time":0.6666,"angle":8.9,"curve":[0.5,0,0.5,1]},{"time":0.9999,"angle":7.39,"curve":[0.5,0,0.5,1]},{"time":1.3332,"angle":9.27}],"shear":[{"time":0,"curve":[0.5,0,0.5,1]},{"time":0.3333,"curve":[0.5,0,0.5,1]},{"time":0.6666,"curve":[0.5,0,0.5,1]},{"time":0.9999,"curve":[0.5,0,0.5,1]},{"time":1.3332}]}},"slots":{"shadow":{"color":[{"time":0,"color":"FFFFFF7F"}]},"eye_closed1":{"color":[{"time":0,"color":"FFFFFF00"},{"time":0.75,"color":"FFFFFF00"},{"time":0.7917,"color":"FFFFFFFF"},{"time":0.9167,"color":"FFFFFFFF"},{"time":0.9584,"color":"FFFFFF00"}]},"eye_closed2":{"color":[{"time":0,"color":"FFFFFF00"},{"time":0.75,"color":"FFFFFF00"},{"time":0.7917,"color":"FFFFFFFF"},{"time":0.9167,"color":"FFFFFFFF"},{"time":0.9584,"color":"FFFFFF00"}]},"right_eye":{"color":[{"time":0,"color":"FFFFFFFF"},{"time":0.75,"color":"FFFFFFFF"},{"time":0.7917,"color":"FFFFFF00"},{"time":0.9167,"color":"FFFFFF00"},{"time":0.9584,"color":"FFFFFFFF"}]},"left_eye":{"color":[{"time":0,"color":"FFFFFFFF"},{"time":0.75,"color":"FFFFFFFF"},{"time":0.7917,"color":"FFFFFF00"},{"time":0.9167,"color":"FFFFFF00"},{"time":0.9584,"color":"FFFFFFFF"}]},"head_3":{"color":[{"time":0,"color":"FFFFFF00"}]},"icon_sq01":{"color":[{"time":0,"color":"FFFFFF00"}]},"icon_sq02":{"color":[{"time":0,"color":"FFFFFF00"}]},"tea2":{"color":[{"time":0,"color":"FFFFFF00"}]},"cake_m":{"color":[{"time":0,"color":"FFFFFF00"}]},"saozi":{"color":[{"time":0,"color":"FFFFFF00"}]}}},"angry":{"bones":{"body":{"translate":[{"time":0,"y":3.64}],"rotate":[{"time":0,"angle":-13.63},{"time":0.2083,"angle":-11.75},{"time":0.4166,"angle":-13.63}],"shear":[{"time":0},{"time":0.2083},{"time":0.4166}]},"icon_sq01":{"translate":[{"time":0,"x":36.75,"y":-38.61},{"time":0.125,"x":12.42,"y":-13.97},{"time":0.2083,"x":-4.75,"y":3.42},{"time":0.3333,"x":-12.97,"y":14.94}],"scale":[{"time":0,"x":0.01,"y":0.01},{"time":0.2083,"x":1,"y":1},{"time":0.3333,"x":1.25,"y":1.25}]},"icon_sq02":{"translate":[{"time":0,"x":-36.66,"y":-14.88},{"time":0.125,"x":-41.52,"y":-3.21},{"time":0.25,"x":-22.64,"y":16.73},{"time":0.4167,"x":-7.65,"y":24.67}],"scale":[{"time":0,"x":0.01,"y":0.01},{"time":0.125,"x":0.01,"y":0.01},{"time":0.25,"x":1,"y":1},{"time":0.4167,"x":1.25,"y":1.25}]},"right_leg_up":{"translate":[{"time":0,"x":-4.79,"y":-1.68},{"time":0.2083,"x":-4.6,"y":-1.62},{"time":0.4166,"x":-4.79,"y":-1.68}],"rotate":[{"time":0,"angle":15.84},{"time":0.2083,"angle":13.4},{"time":0.4166,"angle":15.84}],"shear":[{"time":0},{"time":0.2083},{"time":0.4166}]},"left_leg_up":{"translate":[{"time":0,"x":-1.43,"y":-0.5},{"time":0.2083,"x":-1.81,"y":-0.62},{"time":0.4166,"x":-1.43,"y":-0.5}],"rotate":[{"time":0,"angle":14.82},{"time":0.2083,"angle":12.5},{"time":0.4166,"angle":14.82}],"shear":[{"time":0},{"time":0.2083},{"time":0.4166}]},"body1":{"rotate":[{"time":0,"angle":16.13},{"time":0.2083,"angle":14.26},{"time":0.4166,"angle":16.13}],"scale":[{"time":0,"x":1,"y":1},{"time":0.2083,"x":1.17,"y":1.16},{"time":0.4166,"x":1,"y":1}],"shear":[{"time":0},{"time":0.2083},{"time":0.4166}]},"right_hand_up":{"rotate":[{"time":0,"angle":-39.82},{"time":0.2083,"angle":-29.05},{"time":0.4166,"angle":-39.82}],"shear":[{"time":0},{"time":0.2083},{"time":0.4166}]},"left_hand_up":{"rotate":[{"time":0,"angle":21.65},{"time":0.2083,"angle":15.04},{"time":0.4166,"angle":21.65}],"shear":[{"time":0},{"time":0.2083},{"time":0.4166}]},"head":{"rotate":[{"time":0,"angle":16.14},{"time":0.1667,"angle":18.12},{"time":0.2917,"angle":10.14},{"time":0.4167,"angle":16.14}],"shear":[{"time":0},{"time":0.1667},{"time":0.2917},{"time":0.4167}]},"tou1":{"translate":[{"time":0},{"time":0.25,"x":-1.1,"y":0.11},{"time":0.4167}],"rotate":[{"time":0,"angle":0},{"time":0.2083,"angle":-17.37},{"time":0.25,"angle":7.91},{"time":0.4167,"angle":0}],"scale":[{"time":0,"x":1,"y":1},{"time":0.1667,"x":1.05,"y":1.03},{"time":0.2084,"x":1,"y":1}],"shear":[{"time":0},{"time":0.2083},{"time":0.25},{"time":0.4167}]},"right_hand_down":{"rotate":[{"time":0,"angle":77.12},{"time":0.2083,"angle":65.53},{"time":0.4166,"angle":77.12}],"shear":[{"time":0},{"time":0.2083},{"time":0.4166}]},"tou":{"translate":[{"time":0},{"time":0.25,"x":-0.44,"y":0.04},{"time":0.4167}],"rotate":[{"time":0,"angle":0},{"time":0.25,"angle":4.34},{"time":0.4167,"angle":0}],"scale":[{"time":0,"x":1,"y":1},{"time":0.1667,"x":1.03,"y":1.14},{"time":0.2084,"x":1,"y":1}],"shear":[{"time":0},{"time":0.25},{"time":0.4167}]},"tou2":{"translate":[{"time":0},{"time":0.1667,"x":1.94,"y":-0.25},{"time":0.4167}]},"yanjing":{"translate":[{"time":0},{"time":0.0833,"x":0.42,"y":-0.04},{"time":0.1666,"x":-0.74,"y":0.07},{"time":0.2083,"x":0.36,"y":-0.04},{"time":0.25,"x":-0.49,"y":0.05},{"time":0.2917,"x":0.36,"y":-0.04},{"time":0.4167}],"scale":[{"time":0,"x":1,"y":1},{"time":0.2083,"x":0.97,"y":0.97},{"time":0.4166,"x":1,"y":1}]},"left_hand_down":{"rotate":[{"time":0,"angle":-81.14},{"time":0.2083,"angle":-65.56},{"time":0.4166,"angle":-81.14}],"shear":[{"time":0},{"time":0.2083},{"time":0.4166}]},"left_eye":{"scale":[{"time":0,"x":1,"y":1},{"time":0.2083,"x":1.3,"y":1.3},{"time":0.4166,"x":1,"y":1}]},"right_eye":{"scale":[{"time":0,"x":1,"y":1},{"time":0.2083,"x":1.3,"y":1.3},{"time":0.4166,"x":1,"y":1}]},"tou3":{"translate":[{"time":0},{"time":0.1667,"x":-1.95,"y":1.43},{"time":0.4167}]},"tou4":{"translate":[{"time":0},{"time":0.1667,"x":-4.27,"y":-0.16},{"time":0.4167}]}},"slots":{"shadow":{"color":[{"time":0,"color":"FFFFFF00"}]},"icon_sq02":{"color":[{"time":0,"color":"FFFFFF00"},{"time":0.125,"color":"FFFFFF00"},{"time":0.25,"color":"FFFFFFFF"},{"time":0.4167,"color":"FFFFFF00"}]},"icon_sq01":{"color":[{"time":0,"color":"FFFFFF00"},{"time":0.2083,"color":"FFFFFFFF"},{"time":0.3333,"color":"FFFFFF00"}]},"tea2":{"color":[{"time":0,"color":"FFFFFF00"}]},"cake_m":{"color":[{"time":0,"color":"FFFFFF00"}]},"saozi":{"color":[{"time":0,"color":"FFFFFF00"}]}}},"drink":{"bones":{"body":{"translate":[{"time":0,"x":0.32,"y":-1.26}],"rotate":[{"time":0,"angle":-29.24}],"shear":[{"time":0}]},"head":{"rotate":[{"time":0,"angle":19.09},{"time":0.8333,"angle":-11.9},{"time":1.875,"angle":-12.28},{"time":2.5,"angle":19.09},{"time":2.9167,"angle":21.92},{"time":3.375,"angle":16.04},{"time":3.75,"angle":19.09},{"time":4.1667,"angle":21.92},{"time":4.625,"angle":16.04},{"time":5,"angle":19.09}],"shear":[{"time":0},{"time":0.8333},{"time":1.875},{"time":2.5},{"time":2.9167},{"time":3.375},{"time":3.75},{"time":4.1667},{"time":4.625},{"time":5}]},"right_hand_up":{"rotate":[{"time":0,"angle":-42.05},{"time":0.8333,"angle":-30.46},{"time":1.875,"angle":-30.46},{"time":2.5,"angle":-42.05}],"shear":[{"time":0},{"time":0.8333},{"time":1.875},{"time":2.5}]},"right_leg_up":{"translate":[{"time":0,"x":-3.94,"y":-1.41}],"rotate":[{"time":0,"angle":-1.8}],"shear":[{"time":0}]},"left_hand_up":{"rotate":[{"time":0,"angle":-55.64},{"time":0.8333,"angle":-94.67},{"time":1.875,"angle":-96.42},{"time":2.5,"angle":-55.64}],"shear":[{"time":0},{"time":0.8333},{"time":1.875},{"time":2.5}]},"left_leg_up":{"translate":[{"time":0,"x":2.07,"y":0.78}],"rotate":[{"time":0,"angle":-19.18}],"shear":[{"time":0}]},"right_hand_down":{"rotate":[{"time":0,"angle":78.22},{"time":0.8333,"angle":66.08},{"time":1.875,"angle":66.08},{"time":2.5,"angle":78.22}],"shear":[{"time":0},{"time":0.8333},{"time":1.875},{"time":2.5}]},"left_leg_dowb":{"rotate":[{"time":0,"angle":39.11}],"shear":[{"time":0}]},"right_leg_down":{"rotate":[{"time":0,"angle":14.91}],"shear":[{"time":0}]},"left_hand_down":{"rotate":[{"time":0,"angle":-36.3},{"time":0.8333,"angle":-30.32},{"time":1.875,"angle":-32.18},{"time":2.5,"angle":-36.3}],"shear":[{"time":0},{"time":0.8333},{"time":1.875},{"time":2.5}]},"body1":{"rotate":[{"time":0,"angle":23.96},{"time":0.8333,"angle":13.66},{"time":1.875,"angle":13.31},{"time":2.5,"angle":23.96}],"scale":[{"time":0,"x":1,"y":1},{"time":2.5,"x":1,"y":1},{"time":3.125,"x":1.05,"y":1.05},{"time":3.75,"x":1,"y":1},{"time":4.375,"x":1.05,"y":1.05},{"time":5,"x":1,"y":1}],"shear":[{"time":0},{"time":0.8333},{"time":1.875},{"time":2.5}]},"tea2":{"scale":[{"time":0,"x":0.9,"y":0.9}]}},"slots":{"shadow":{"color":[{"time":0,"color":"FFFFFF00"}]},"eye_closed1":{"color":[{"time":0,"color":"FFFFFF00"},{"time":0.625,"color":"FFFFFF00"},{"time":0.75,"color":"FFFFFFFF"},{"time":1.875,"color":"FFFFFFFF"},{"time":1.9583,"color":"FFFFFF00"}]},"eye_closed2":{"color":[{"time":0,"color":"FFFFFF00"},{"time":0.625,"color":"FFFFFF00"},{"time":0.75,"color":"FFFFFFFF"},{"time":1.875,"color":"FFFFFFFF"},{"time":1.9583,"color":"FFFFFF00"}]},"right_eye":{"color":[{"time":0,"color":"FFFFFFFF"},{"time":0.625,"color":"FFFFFFFF"},{"time":0.75,"color":"FFFFFF00"},{"time":1.875,"color":"FFFFFF00"},{"time":1.9583,"color":"FFFFFFFF"}]},"left_eye":{"color":[{"time":0,"color":"FFFFFFFF"},{"time":0.625,"color":"FFFFFFFF"},{"time":0.75,"color":"FFFFFF00"},{"time":1.875,"color":"FFFFFF00"},{"time":1.9583,"color":"FFFFFFFF"}]},"head_3":{"color":[{"time":0,"color":"FFFFFF00"}]},"icon_sq01":{"color":[{"time":0,"color":"FFFFFF00"}]},"icon_sq02":{"color":[{"time":0,"color":"FFFFFF00"}]},"cake_m":{"color":[{"time":0,"color":"FFFFFF00"}]},"saozi":{"color":[{"time":0,"color":"FFFFFF00"}]}}},"eat":{"bones":{"body":{"translate":[{"time":0,"x":0.32,"y":-1.26}],"rotate":[{"time":0,"angle":-29.24},{"time":0.375,"angle":-29.01},{"time":2.0833,"angle":-29.24}],"shear":[{"time":0},{"time":0.375},{"time":2.0833}]},"head":{"translate":[{"time":0},{"time":0.2917,"x":0.49,"y":0.08},{"time":0.6667,"x":-0.38,"y":-0.06},{"time":1.5834,"x":0.84,"y":0.2},{"time":2.0834}],"rotate":[{"time":0,"angle":19.09},{"time":0.2917,"angle":20.22},{"time":0.6667,"angle":23.98},{"time":1.5834,"angle":18.69},{"time":2.0834,"angle":19.09}],"shear":[{"time":0},{"time":0.2917},{"time":0.6667},{"time":1.5834},{"time":2.0834}]},"right_hand_up":{"rotate":[{"time":0,"angle":-30.65}],"shear":[{"time":0}]},"right_leg_up":{"translate":[{"time":0,"x":-3.94,"y":-1.41}],"rotate":[{"time":0,"angle":-1.8}],"shear":[{"time":0}]},"left_hand_up":{"rotate":[{"time":0,"angle":-18.45},{"time":0.375,"angle":-36.87},{"time":0.6667,"angle":-54.05},{"time":1.125,"angle":-45.94},{"time":1.4167,"angle":-45.21},{"time":2.0834,"angle":-18.45}],"shear":[{"time":0},{"time":0.375},{"time":0.6667},{"time":1.125},{"time":1.4167},{"time":2.0834}]},"left_leg_up":{"translate":[{"time":0,"x":2.07,"y":0.78}],"rotate":[{"time":0,"angle":-19.18}],"shear":[{"time":0}]},"right_hand_down":{"rotate":[{"time":0,"angle":2.92}],"shear":[{"time":0}]},"left_leg_dowb":{"rotate":[{"time":0,"angle":39.11}],"shear":[{"time":0}]},"right_leg_down":{"rotate":[{"time":0,"angle":14.91}],"shear":[{"time":0}]},"left_hand_down":{"rotate":[{"time":0,"angle":-85.4},{"time":0.375,"angle":-65.04},{"time":0.6667,"angle":-50.86},{"time":1.125,"angle":-82.55},{"time":1.4167,"angle":-89.85},{"time":2.0834,"angle":-85.4}],"shear":[{"time":0},{"time":0.375},{"time":0.6667},{"time":1.125},{"time":1.4167},{"time":2.0834}]},"body1":{"rotate":[{"time":0,"angle":23.96},{"time":0.375,"angle":23.96},{"time":0.6667,"angle":24.7},{"time":1.125,"angle":18.8},{"time":2.0833,"angle":23.96}],"scale":[{"time":0,"x":1,"y":1},{"time":0.375,"x":0.9,"y":1.1},{"time":1.125,"x":1.07,"y":1},{"time":1.5417,"x":1,"y":1.05},{"time":2.0834,"x":1,"y":1}],"shear":[{"time":0},{"time":0.375},{"time":0.6667},{"time":1.125},{"time":2.0833}]},"left_eye":{"rotate":[{"time":0,"angle":0},{"time":0.25,"angle":0},{"time":0.3333,"angle":-14.59},{"time":0.5,"angle":0}],"shear":[{"time":0},{"time":0.25},{"time":0.3333},{"time":0.5}]},"right_eye":{"rotate":[{"time":0,"angle":0},{"time":0.25,"angle":0},{"time":0.3333,"angle":18.61},{"time":0.5,"angle":0}],"shear":[{"time":0},{"time":0.25},{"time":0.3333},{"time":0.5}]},"tea2":{"scale":[{"time":0,"x":0.9,"y":0.9}]},"cake_m":{"translate":[{"time":0,"x":8.61,"y":-86.68}],"rotate":[{"time":0,"angle":31.94}],"shear":[{"time":0}]},"saozi":{"translate":[{"time":0,"x":-32.78,"y":-58.42},{"time":0.375,"x":-33.12,"y":-56.65},{"time":0.6667,"x":-33.14,"y":-56.65},{"time":1.125,"x":-31.34,"y":-54.74},{"time":1.4167,"x":-30.75,"y":-54.99},{"time":2.0834,"x":-32.78,"y":-58.42}],"rotate":[{"time":0,"angle":121.65},{"time":0.375,"angle":93.47},{"time":0.6667,"angle":96.15},{"time":1.125,"angle":47.02},{"time":1.4167,"angle":48.06},{"time":2.0834,"angle":121.65}],"scale":[{"time":0,"x":0.7,"y":0.7}],"shear":[{"time":0},{"time":0.375},{"time":0.6667},{"time":1.125},{"time":1.4167},{"time":2.0834}]}},"slots":{"shadow":{"color":[{"time":0,"color":"FFFFFF00"}]},"eye_closed1":{"color":[{"time":0,"color":"FFFFFF00"},{"time":0.25,"color":"FFFFFF00"},{"time":0.3333,"color":"FFFFFFFF"},{"time":0.5,"color":"FFFFFF00"}]},"eye_closed2":{"color":[{"time":0,"color":"FFFFFF00"},{"time":0.25,"color":"FFFFFF00"},{"time":0.3333,"color":"FFFFFFFF"},{"time":0.5,"color":"FFFFFF00"}]},"right_eye":{"color":[{"time":0,"color":"FFFFFFFF"},{"time":0.25,"color":"FFFFFFFF"},{"time":0.3333,"color":"FFFFFF00"},{"time":0.5,"color":"FFFFFFFF"}]},"left_eye":{"color":[{"time":0,"color":"FFFFFFFF"},{"time":0.25,"color":"FFFFFFFF"},{"time":0.3333,"color":"FFFFFF00"},{"time":0.5,"color":"FFFFFFFF"}]},"head_3":{"color":[{"time":0,"color":"FFFFFF00"}]},"icon_sq01":{"color":[{"time":0,"color":"FFFFFF00"}]},"icon_sq02":{"color":[{"time":0,"color":"FFFFFF00"}]},"tea2":{"color":[{"time":0,"color":"FFFFFF00"}]}},"deform":{"default":{"tou":{"tou":[{"time":0,"offset":43,"vertices":[0]},{"time":1.0417,"offset":43,"vertices":[0]},{"time":1.1667,"offset":8,"vertices":[-0.27,-2.43,-0.1,0.01,-0.27,2.96,1.04,-0.14,1.04,-0.14,0.55,-0.05,-0.08,-0.84,0.64,0.84,0.69,0.38,0.56,1.04,0.23,0.33,-0.41,0.34,0,0,0,0,0,0,-0.03,0.66]},{"time":1.3334,"offset":43,"vertices":[0]},{"time":1.5001,"offset":8,"vertices":[-0.27,-2.43,-0.1,0.01,-0.27,2.96,1.04,-0.14,1.04,-0.14,0.55,-0.05,-0.08,-0.84,0.64,0.84,0.69,0.38,0.56,1.04,0.23,0.33,-0.41,0.34,0,0,0,0,0,0,-0.03,0.66]},{"time":1.6668,"offset":43,"vertices":[0]}]}}}}}},[0]]],0,0,[0],[-1],[0]]