[1,["ecpdLyjvZBwrvm+cedCcQy","56eO4FfVdHQrh3VZEgEQC2","7esj5BB3ZBE52732qcIzEu","37yDIQ2KVDY4eUDZCvHFQ3"],["node","_spriteFrame","root","data","_defaultClip"],[["cc.Node",["_name","_components","_prefab","_contentSize","_parent","_children","_trs"],2,9,4,5,1,2,7],["cc.PrefabInfo",["fileId","root"],2,1],["cc.AnimationClip",["_name","_duration","curveData"],1,11],["cc.Prefab",["_name"],2],["cc.Animation",["playOnLoad","node","_clips","_defaultClip"],2,1,3,6],["cc.Sprite",["node","_materials","_spriteFrame"],3,1,3,6]],[[1,0,1,2],[5,0,1,2,1],[2,0,1,2,3],[3,0,2],[0,0,5,1,2,3,2],[0,0,4,1,2,3,2],[0,0,4,1,2,3,6,2],[4,0,1,2,3,2],[1,1,1]],[[[[2,"hourse",1.1833333333333333,[{},"paths",11,[{"c1":{"props":{"active":[{"frame":0,"value":true},{"frame":0.3,"value":true},{"frame":0.6,"value":true},{"frame":0.9,"value":true}],"position":[{"frame":0,"value":[102,21,0]},{"frame":0.18333333333333332,"value":[235.722,95.746,0]},{"frame":0.25,"value":[97.116,10.381,0]},{"frame":0.2833333333333333,"value":[102,21,0]},{"frame":0.3,"value":[102,21,0]},{"frame":0.48333333333333334,"value":[235.722,95.746,0]},{"frame":0.55,"value":[97.116,10.381,0]},{"frame":0.5833333333333334,"value":[102,21,0]},{"frame":0.6,"value":[102,21,0]},{"frame":0.7833333333333333,"value":[235.722,95.746,0]},{"frame":0.85,"value":[97.116,10.381,0]},{"frame":0.8833333333333333,"value":[102,21,0]},{"frame":0.9,"value":[102,21,0]},{"frame":1.0833333333333333,"value":[235.722,95.746,0]},{"frame":1.15,"value":[97.116,10.381,0]},{"frame":1.1833333333333333,"value":[102,21,0]}],"angle":[{"frame":0,"value":0},{"frame":0.18333333333333332,"value":-50},{"frame":0.25,"value":6},{"frame":0.2833333333333333,"value":0},{"frame":0.3,"value":0},{"frame":0.48333333333333334,"value":-50},{"frame":0.55,"value":6},{"frame":0.5833333333333334,"value":0},{"frame":0.6,"value":0},{"frame":0.7833333333333333,"value":-50},{"frame":0.85,"value":6},{"frame":0.8833333333333333,"value":0},{"frame":0.9,"value":0},{"frame":1.0833333333333333,"value":-50},{"frame":1.15,"value":6},{"frame":1.1833333333333333,"value":0}]}}},"h",11,[{},"props",11,[{},"scale",12,[[[{"frame":0},"value",8,[0,1,1]],[{"frame":0.21666666666666667},"value",8,[0,1,1]],[{"frame":0.25},"value",8,[0,1.05,0.9]],[{"frame":0.2833333333333333},"value",8,[0,1,1]],[{"frame":0.3},"value",8,[0,1,1]],[{"frame":0.5166666666666667},"value",8,[0,1,1]],[{"frame":0.55},"value",8,[0,1.05,0.9]],[{"frame":0.5833333333333334},"value",8,[0,1,1]],[{"frame":0.6},"value",8,[0,1,1]],[{"frame":0.8166666666666667},"value",8,[0,1,1]],[{"frame":0.85},"value",8,[0,1.05,0.9]],[{"frame":0.8833333333333333},"value",8,[0,1,1]],[{"frame":0.9},"value",8,[0,1,1]],[{"frame":1.1166666666666667},"value",8,[0,1,1]],[{"frame":1.15},"value",8,[0,1.05,0.9]],[{"frame":1.1833333333333333},"value",8,[0,1,1]]],11,11,11,11,11,11,11,11,11,11,11,11,11,11,11,11]]]]]]],0,0,[],[],[]],[[[3,"hourse"],[4,"hourse",[-3,-4],[[7,true,-2,[5],4]],[8,-1],[5,40,36]],[5,"h",1,[[1,-5,[0],1]],[0,"3cWfTSJUtJ8LqL2DPv8VsZ",1],[5,290,219]],[6,"c1",1,[[1,-6,[2],3]],[0,"echO6hitxFLJ2BQnxvo99e",1],[5,136,158],[188,0,0,0,0,0,1,1,1,1]]],0,[0,2,1,0,0,1,0,-1,2,0,-2,3,0,0,2,0,0,3,0,3,1,6],[0,0,0,0,0,0],[-1,1,-1,1,4,-1],[0,2,0,3,1,1]]]]