[1,["6ePV1XyblBmaJwfXFqdkEh","53Eil7arxAgr8ovXP1NjW2","45QRFN/HZEVIyYtzN986zI","aeGAH6VUBBOoxmJC6a6S6B","9at4PLdkJEw5fiaRJ530oh","8cJA7qMLBEBKzhr0aEJuR4","a1YGA0UztKDK9VSiaajakQ","a2pkD3OgxGyJVbAucwYHj4","73eFRMCrNH7p8r9Hu9BiiY","1aGujbxqxAKYSMLWhN5EdY","70NLdly4hEBLFm7I67z5eD","d9FCC2NUBBRbfbJdMUz123","9brceCHkhETo4GDr2O9eX/","e4ubMTnd9IfJ8XCxFWJ51J","8344EachlGNY3tEylPXhEq","f3908DlqVLx74vBJlN0Sts"],["shenji_00","shenji_01","shenji_02","shenji_03","shenji_04","shenji_05","shenji_06","shenji_07","shenji_08","shenji_09","shenji_10","shenji_11","shenji_12","shenji_13","shenji_14","_textureSetter"],["cc.SpriteFrame",["cc.SpriteAtlas",["_name","_spriteFrames"],2,11]],[[1,0,1,2]],[[[[0,"upgrade.plist",[{},"shenji_00",6,0,"shenji_01",6,1,"shenji_02",6,2,"shenji_03",6,3,"shenji_04",6,4,"shenji_05",6,5,"shenji_06",6,6,"shenji_07",6,7,"shenji_08",6,8,"shenji_09",6,9,"shenji_10",6,10,"shenji_11",6,11,"shenji_12",6,12,"shenji_13",6,13,"shenji_14",6,14]]],0,0,[0,0,0,0,0,0,0,0,0,0,0,0,0,0,0],[0,1,2,3,4,5,6,7,8,9,10,11,12,13,14],[0,1,2,3,4,5,6,7,8,9,10,11,12,13,14]],[[{"name":"shenji_06","rect":[203,605,200,300],"offset":[0,0],"originalSize":[200,300],"capInsets":[0,0,0,0]}],[0],0,[0],[15],[15]]]]