[1,["ecpdLyjvZBwrvm+cedCcQy","67s4Ps1GdImZX2MbK+n8Jn","b2aHrECZ5APKGS/0d2hvT1","47LfXTNedBhJ5sf0G+5l7j","f0mn44w7ZLb6GUwWRrUeyd","16gHe1UStKxqiJtqQVd8n6"],["node","_spriteFrame","root","data","_file","_defaultClip","_textureSetter"],[["cc.Node",["_name","_components","_prefab","_parent","_children","_contentSize","_trs"],2,9,4,1,2,5,7],"cc.SpriteFrame",["cc.AnimationClip",["_name","_duration","wrapMode","curveData"],-1],["cc.Prefab",["_name"],2],["cc.Animation",["playOnLoad","node","_clips","_defaultClip"],2,1,3,6],["cc.PrefabInfo",["fileId","root"],2,1],["cc.ParticleSystem",["_dstBlendFactor","_custom","totalParticles","emissionRate","lifeVar","angle","angleVar","startSize","startSizeVar","endSize","endSizeVar","speed","speedVar","tangentialAccel","startRadius","endRadius","node","_materials","_startColor","_startColorVar","_endColor","_endColorVar","posVar","gravity","_file","_spriteFrame"],-13,1,3,8,8,8,8,5,5,6,6],["cc.Sprite",["node","_materials","_spriteFrame"],3,1,3,6]],[[5,0,1,2],[2,0,1,2,3,5],[3,0,2],[0,0,4,1,2,2],[0,0,3,1,2,2],[0,0,3,1,2,5,6,2],[4,0,1,2,3,2],[6,0,1,2,3,4,5,6,7,8,9,10,11,12,13,14,15,16,17,18,19,20,21,22,23,24,25,17],[7,0,1,2,1]],[[[[1,"taoxinman",1.3333333333333333,2,{"paths":{"daxinbian":{"props":{"opacity":[{"frame":0,"value":100},{"frame":0.5,"value":200},{"frame":1.3333333333333333,"value":100}]}}}}]],0,0,[],[],[]],[[[2,"starfull"],[3,"starfull",[-3,-4],[[6,true,-2,[6],5]],[0,"afWFu2R61IHbVf4Aa5THmG",-1]],[4,"liangdian",1,[[7,1,true,25,180,1,360,360,25,15,6,5,0,0,0,35,40,-5,[0],[4,4291290367],[4,0],[4,3592910335],[4,0],[0,30,35],[0,0,-10],1,2]],[0,"9df+TrmFVDQ6Fd/0MRpuLU",1]],[5,"daxinbian",1,[[8,-6,[3],4]],[0,"4d4kgcx1ZLx4GM2nqF1fFx",1],[5,109,91],[0,-5.26,0,0,0,0,1,1,1,1]]],0,[0,2,1,0,0,1,0,-1,2,0,-2,3,0,0,2,0,0,3,0,3,1,6],[0,0,0,0,0,0,0],[-1,4,1,-1,1,5,-1],[0,2,3,0,4,1,1]],[[{"name":"daxinbian","rect":[12,9,104,88],"offset":[1.5,1],"originalSize":[125,108],"capInsets":[0,0,0,0]}],[1],0,[0],[6],[5]]]]