[1,0,0,[],0,[{"_name":"XueBa","_uuid":"c336a29e-e13c-4bb9-8863-86fcd11e6db7","skeleton":{"width":145.07,"height":166.46,"fps":24,"hash":" ","name":"Armature"},"bones":[{"name":"root"},{"length":11,"x":-1.2,"y":35.9,"rotation":-90,"name":"qun_zi","parent":"root"},{"x":50.5,"y":123.75,"name":"icon_sq02","parent":"root"},{"x":-44,"y":149.55,"name":"icon_sq01","parent":"root"},{"length":28,"x":-3.1,"y":0.25,"rotation":177.572,"name":"shen_ti","parent":"qun_zi"},{"length":12,"x":6.85,"y":7.1,"rotation":4.98,"name":"zuotui_shang","parent":"qun_zi"},{"length":10,"x":7.3,"y":-6,"rotation":9.6824,"name":"youtui_shang","parent":"qun_zi"},{"length":12,"x":13.0355,"y":0.4184,"rotation":6.357,"name":"zuotui_xia","parent":"zuotui_shang"},{"inheritScale":false,"length":17,"x":26.3858,"y":-6.1877,"rotation":-157.8291,"name":"zuoshou_shang","parent":"shen_ti","transform":"noScale"},{"inheritScale":false,"length":16,"x":25.8817,"y":5.7016,"rotation":154.4863,"name":"youshou_shang","parent":"shen_ti","transform":"noScale"},{"length":10,"x":11.1072,"y":0.5888,"rotation":3.6295,"name":"youtui_xia","parent":"youtui_shang"},{"inheritScale":false,"length":57,"x":32.9607,"y":0.4468,"rotation":-7.2392,"name":"tou","parent":"shen_ti","transform":"noScale"},{"inheritScale":false,"length":14,"x":16.753,"rotation":13.9521,"name":"youshou_xia","parent":"youshou_shang","transform":"noScale"},{"inheritScale":false,"length":17,"x":17.5605,"y":0.2317,"rotation":-12.5973,"name":"zuoshou_xia","parent":"zuoshou_shang","transform":"noScale"},{"length":21,"x":13.8065,"y":4.0138,"rotation":-97.5472,"name":"tea2","parent":"zuoshou_xia"},{"x":7.67,"y":81.7283,"rotation":103.9896,"name":"cake_m","parent":"youshou_xia"},{"length":27,"x":49.7455,"y":55.5435,"rotation":-91.5076,"name":"saozi","parent":"zuoshou_xia"}],"slots":[{"name":"shadow","bone":"root","attachment":"shadow"},{"name":"youtui_shang","bone":"youtui_shang","attachment":"youtui_shang"},{"name":"zuotui_shang","bone":"zuotui_shang","attachment":"zuotui_shang"},{"name":"youshou_shang","bone":"youshou_shang","attachment":"youshou_shang"},{"name":"youshou_xia","bone":"youshou_xia","attachment":"youshou_xia"},{"name":"shen_ti","bone":"shen_ti","attachment":"shen_ti"},{"name":"tou2","bone":"tou","attachment":"tou2"},{"name":"tea22","bone":"tea2","attachment":"tea22"},{"name":"cake_m","bone":"cake_m","attachment":"角色文件-吃蛋糕/cake_m"},{"name":"saozi","bone":"saozi","attachment":"角色文件-吃蛋糕/saozi"},{"name":"zuoshou_shang","bone":"zuoshou_shang","attachment":"zuoshou_shang"},{"name":"zuoshou_xia","bone":"zuoshou_xia","attachment":"zuoshou_xia"},{"name":"icon_sq02","bone":"icon_sq02","attachment":"icon_sq02"},{"name":"tou","bone":"tou","attachment":"tou"},{"name":"icon_sq01","bone":"icon_sq01","attachment":"icon_sq01"}],"skins":{"default":{"youshou_shang":{"youshou_shang":{"name":"youshou_shang","width":13,"height":22,"x":6.08,"y":-0.87,"rotation":117.94,"path":"角色文件(2)/右手"}},"zuoshou_xia":{"zuoshou_xia":{"name":"zuoshou_xia","width":7,"height":17,"hull":6,"path":"角色文件(2)/图层_115","type":"mesh","triangles":[0,5,4,0,4,1,4,5,3,5,2,3],"uvs":[0,0,1,0,0,1,1,1,1,0.22353,0,0.22941],"edges":[0,2,2,8,4,6,4,10,6,8,10,0],"vertices":[2,13,0.76,-2.25,0.53,8,17.81,-2.13,0.47,2,13,1.53,4.76,0.49,8,20.09,4.54,0.51,1,13,16.64,-5.35,1,1,13,18.09,1.77,1,2,13,3.72,4.36,0.89,8,22.14,3.68,0.11,2,13,3.27,-2.74,0.92,8,20.16,-3.16,0.08]}},"youtui_shang":{"youtui_shang":{"name":"youtui_shang","width":13,"height":32,"hull":8,"path":"角色文件(2)/右腿","type":"mesh","triangles":[6,4,7,6,7,1,0,6,1,2,3,5,4,2,5,7,4,5],"uvs":[0.00008,0,1,0,0.12692,1,1,1,0.08179,0.55825,1,0.56634,0.04192,0.15016,1,0.18821],"edges":[0,2,2,14,4,6,4,8,6,10,8,12,10,14,12,0],"vertices":[1,1,-3.02,-11.32,1,1,1,-3.27,1.68,1,1,10,8.79,-8.37,1,1,10,11.5,2.65,1,2,6,9.21,-5.89,0.57,10,-2.3,-6.35,0.43,2,10,0.23,5.32,0.46,6,11,5.91,0.54,2,1,7.42,-10.77,0.67,6,-0.68,-4.72,0.33,3,1,6.9,1.68,0.937654,6,0.9,7.64,0.04522,10,-9.74,7.68,0.017126]}},"shadow":{"shadow":{"name":"shadow","width":53,"height":11,"x":0.98,"y":5.24,"path":"角色文件(1)/椭圆_1"}},"saozi":{"角色文件-吃蛋糕/saozi":{"name":"角色文件-吃蛋糕/saozi","width":30,"height":7,"x":14.15,"y":0.41,"rotation":174.36}},"zuotui_shang":{"zuotui_shang":{"name":"zuotui_shang","width":21,"height":38,"hull":8,"path":"角色文件(2)/左腿","type":"mesh","triangles":[4,6,7,4,7,5,4,5,1,0,4,1,7,6,3,6,2,3],"uvs":[0,0,1,0,0,1,1,1,0,0.23289,1,0.23816,0,0.60263,1,0.58816],"edges":[0,2,2,10,4,6,4,12,6,14,8,12,10,14,8,0],"vertices":[1,1,-3.5,-3.77,1,1,1,-3.5,17.23,1,1,7,11.97,-15.07,1,1,7,16.1,5.52,1,1,1,5.35,-3.77,1,2,1,5.55,17.23,0.97,5,-0.42,10.2,0.03,2,7,-7.34,-11.19,0.55,5,6.98,-11.52,0.45,2,7,-3.71,9.5,0.52,5,8.3,9.45,0.48]}},"icon_sq01":{"icon_sq01":{"name":"icon_sq01","width":33,"height":34,"x":0.19,"y":-1.35}},"shen_ti":{"shen_ti":{"name":"shen_ti","width":30,"height":41,"x":13.76,"y":-1.07,"rotation":-87.57,"path":"角色文件(2)/身体"}},"icon_sq02":{"icon_sq02":{"name":"icon_sq02","width":23,"height":24,"x":0.02,"y":-0.11}},"tea22":{"tea22":{"name":"tea22","width":23,"height":29,"x":10.93,"y":-0.15,"rotation":-88.86,"path":"奶茶图标及厨师制作完成/奶茶2"}},"youshou_xia":{"youshou_xia":{"name":"youshou_xia","width":7,"height":16,"x":5.01,"y":1.48,"rotation":103.99,"path":"角色文件(2)/图层_116"}},"zuoshou_shang":{"zuoshou_shang":{"name":"zuoshou_shang","width":14,"height":23,"hull":10,"path":"角色文件(2)/左手","type":"mesh","triangles":[0,7,6,6,7,8,7,9,8,9,5,8,0,6,1,2,3,4,5,2,4,8,5,4],"uvs":[0,0,1,0,0,1,1,1,1,0.83261,0,0.82174,1,0.14783,0,0.18696,1,0.55,0,0.54565],"edges":[0,2,2,12,4,6,4,10,6,8,8,16,10,18,12,16,14,18,14,0],"vertices":[1,4,29.05,-4.98,1,2,4,29.64,-18.97,0.93,8,1.81,13.07,0.07,2,8,18.73,-7.88,0.94,13,2.91,-7.66,0.06,2,13,4.7,7.03,0.622511,8,23.68,6.07,0.377489,2,8,21.26,6.84,0.3,13,2.17,7.26,0.7,2,8,15.91,-6.87,0.84,13,-0.07,-7.29,0.16,2,4,26.02,-19.25,0.44,8,5.27,11.96,0.56,2,8,1.36,-1.65,0.91,4,24.5,-5.18,0.09,1,8,14.66,8.96,1,2,8,9.58,-4.6,0.95,13,-6.73,-6.45,0.05]}},"cake_m":{"角色文件-吃蛋糕/cake_m":{"name":"角色文件-吃蛋糕/cake_m","width":40,"height":26,"x":0.71,"y":7.79}},"tou2":{"tou2":{"name":"tou2","width":71,"height":70,"hull":5,"path":"角色文件(2)/头部","type":"mesh","triangles":[8,2,4,18,12,17,18,17,1,0,18,1,5,4,3,15,5,3,17,16,3,16,15,3,1,17,3,12,16,17,14,5,15,13,15,16,12,13,16,13,14,15,0,19,18,13,6,14,6,5,14,12,11,13,11,6,13,18,11,12,7,8,4,18,20,11,20,23,11,6,4,5,11,7,6,7,4,6,23,7,11,23,22,7,19,20,18,22,8,7,21,22,23,20,21,23,21,8,22,24,21,20,19,24,20,21,9,8,9,2,8,10,24,19,24,9,21,10,9,24,0,10,19,10,2,9,0,2,10],"uvs":[0,0,1,0,0,1,1,1,0.47384,1,0.55342,0.9748,0.53018,0.9298,0.42806,0.9748,0.28933,0.97123,0.12595,0.87552,0.07736,0.7998,0.50271,0.82766,0.60201,0.73195,0.63088,0.82123,0.64919,0.88052,0.77595,0.89409,0.83863,0.80266,0.9682,0.66695,0.47525,0.53337,0.15694,0.50409,0.29285,0.70266,0.21961,0.84337,0.33088,0.87695,0.36891,0.82909,0.16609,0.78623],"edges":[0,2,2,6,4,8,6,8,4,0],"vertices":[61.91,44.72,73.83,-25.27,-7.1,32.97,4.82,-37.02,-1.45,-0.19,1.23,-5.47,4.06,-3.31,-0.26,3.31,-1.67,13.06,2.99,25.62,7.63,29.91,10.78,-0.19,18.57,-6.01,12.75,-9.08,8.88,-11.06,9.45,-20.1,16.51,-23.41,27.42,-30.88,30.76,5.19,28.99,27.82,16.9,15.97,6.32,19.44,5.33,11.26,9.09,9.16,9.63,23.86]}},"tou":{"tou":{"name":"tou","width":71,"height":70,"x":33.77,"y":4.26,"rotation":-80.33,"path":"角色文件-发怒表情/头部"}}}},"animations":{"move":{"bones":{"qun_zi":{"translate":[{"time":0,"curve":[0.5,0,0.5,1]},{"time":0.3333,"y":2,"curve":[0.5,0,0.5,1]},{"time":0.5833,"curve":[0.5,0,0.5,1]},{"time":0.9166,"y":2,"curve":[0.5,0,0.5,1]},{"time":1.1666}],"rotate":[{"time":0,"angle":0,"curve":[0.5,0,0.5,1]},{"time":0.5417,"angle":0.01},{"time":0.5834,"angle":0}],"shear":[{"time":0,"curve":[0.5,0,0.5,1]},{"time":0.5417},{"time":0.5834}]},"shen_ti":{"rotate":[{"time":0,"angle":0,"curve":[0.5,0,0.5,1]},{"time":0.3333,"angle":-0.57,"curve":[0.5,0,0.5,1]},{"time":0.5416,"angle":-0.01},{"time":0.5833,"angle":0,"curve":[0.5,0,0.5,1]},{"time":0.7916,"angle":-0.42},{"time":0.9166,"angle":-0.57,"curve":[0.5,0,0.5,1]},{"time":1.1666,"angle":0}],"shear":[{"time":0,"curve":[0.5,0,0.5,1]},{"time":0.3333,"curve":[0.5,0,0.5,1]},{"time":0.5416},{"time":0.5833,"curve":[0.5,0,0.5,1]},{"time":0.7916},{"time":0.9166,"curve":[0.5,0,0.5,1]},{"time":1.1666}]},"tou":{"rotate":[{"time":0,"angle":17.24,"curve":[0.5,0,0.5,1]},{"time":0.2917,"angle":19.66},{"time":0.5834,"angle":17.24,"curve":[0.5,0,0.5,1]},{"time":0.8751,"angle":19.66},{"time":1.1668,"angle":17.24}],"shear":[{"time":0,"curve":[0.5,0,0.5,1]},{"time":0.2917},{"time":0.5834,"curve":[0.5,0,0.5,1]},{"time":0.8751},{"time":1.1668}]},"youshou_shang":{"rotate":[{"time":0,"angle":20.21},{"time":0.5833,"angle":-7.12},{"time":1.1666,"angle":20.21}],"shear":[{"time":0},{"time":0.5833},{"time":1.1666}]},"youshou_xia":{"rotate":[{"time":0,"angle":0},{"time":0.5833,"angle":0},{"time":0.8333,"angle":-14.92},{"time":1.1666,"angle":0}],"shear":[{"time":0},{"time":0.5833},{"time":0.8333},{"time":1.1666}]},"zuoshou_shang":{"rotate":[{"time":0,"angle":-20.06},{"time":0.5833,"angle":4.43},{"time":1.1666,"angle":-20.06}],"shear":[{"time":0},{"time":0.5833},{"time":1.1666}]},"zuoshou_xia":{"rotate":[{"time":0,"angle":-32.47},{"time":0.1667,"angle":-14.33},{"time":0.5417,"angle":-2.37},{"time":0.5834,"angle":0},{"time":0.7917,"angle":2.59},{"time":0.8334,"angle":3.11},{"time":1.1667,"angle":-32.47}],"shear":[{"time":0},{"time":0.1667},{"time":0.5417},{"time":0.5834},{"time":0.7917},{"time":0.8334},{"time":1.1667}]},"youtui_shang":{"translate":[{"time":0,"x":2.43},{"time":0.5833,"x":3.15,"y":11.03},{"time":1.1666,"x":2.43}],"rotate":[{"time":0,"angle":-27.56},{"time":0.5833,"angle":8.62},{"time":1.1666,"angle":-27.56}],"shear":[{"time":0},{"time":0.5833},{"time":1.1666}]},"youtui_xia":{"rotate":[{"time":0,"angle":0},{"time":0.8333,"angle":29.61},{"time":1.1666,"angle":0}],"shear":[{"time":0},{"time":0.8333},{"time":1.1666}]},"zuotui_shang":{"translate":[{"time":0},{"time":0.5833,"y":-3},{"time":1.1666}],"rotate":[{"time":0,"angle":9.54},{"time":0.5833,"angle":-21.5},{"time":1.1666,"angle":9.54}],"shear":[{"time":0},{"time":0.5833},{"time":1.1666}]},"zuotui_xia":{"rotate":[{"time":0,"angle":0},{"time":0.25,"angle":25.87},{"time":0.5833,"angle":0}],"shear":[{"time":0},{"time":0.25},{"time":0.5833}]}},"slots":{"shadow":{"color":[{"time":0,"color":"FFFFFF7F"}]},"icon_sq01":{"color":[{"time":0,"color":"FFFFFF00"}]},"icon_sq02":{"color":[{"time":0,"color":"FFFFFF00"}]},"tou":{"color":[{"time":0,"color":"FFFFFF00"}]},"tea22":{"color":[{"time":0,"color":"FFFFFF00"}]},"cake_m":{"color":[{"time":0,"color":"FFFFFF00"}]},"saozi":{"color":[{"time":0,"color":"FFFFFF00"}]}}},"stand":{"bones":{"qun_zi":{"translate":[{"time":0,"x":11.67,"y":1.22}],"rotate":[{"time":0,"angle":-62.83}],"shear":[{"time":0}]},"youtui_shang":{"translate":[{"time":0,"x":10.08,"y":9.75}]},"zuotui_shang":{"translate":[{"time":0,"x":4.08,"y":2.38}]},"shen_ti":{"translate":[{"time":0,"x":9.71,"y":5.33}],"rotate":[{"time":0,"angle":66.25}],"scale":[{"time":0,"x":1,"y":1},{"time":0.625,"x":1.03,"y":1.03},{"time":1.25,"x":1,"y":1},{"time":1.875,"x":1.03,"y":1.03},{"time":2.5,"x":1,"y":1}],"shear":[{"time":0}]},"youtui_xia":{"rotate":[{"time":0,"angle":51.85}],"shear":[{"time":0}]},"zuoshou_shang":{"rotate":[{"time":0,"angle":-5.61},{"time":2.5,"angle":-5.61},{"time":2.9583,"angle":-100.13},{"time":3.125,"angle":-111.74},{"time":3.75,"angle":-113.23},{"time":4.1667,"angle":-5.61}],"shear":[{"time":0},{"time":2.5},{"time":2.9583},{"time":3.125},{"time":3.75},{"time":4.1667}]},"zuotui_xia":{"rotate":[{"time":0,"angle":59.02}],"shear":[{"time":0}]},"youshou_shang":{"translate":[{"time":0,"y":0.07}],"rotate":[{"time":0,"angle":2.7}],"shear":[{"time":0}]},"tou":{"rotate":[{"time":0,"angle":0.43},{"time":0.375,"angle":3.1},{"time":0.9167,"angle":-0.14},{"time":1.25,"angle":0.43},{"time":1.625,"angle":3.1},{"time":2.1667,"angle":-0.14},{"time":2.5,"angle":0.43},{"time":2.9583,"angle":26.05},{"time":3.125,"angle":22.85},{"time":3.75,"angle":20.41},{"time":4.1667,"angle":0.43}],"shear":[{"time":0},{"time":0.375},{"time":0.9167},{"time":1.25},{"time":1.625},{"time":2.1667},{"time":2.5},{"time":2.9583},{"time":3.125},{"time":3.75},{"time":4.1667}]},"zuoshou_xia":{"rotate":[{"time":0,"angle":-32.47},{"time":0.625,"angle":-27.37},{"time":1.25,"angle":-32.47},{"time":1.875,"angle":-27.37},{"time":2.5,"angle":-32.47},{"time":2.9583,"angle":-77.86},{"time":3.125,"angle":-67.02},{"time":3.75,"angle":-64.88},{"time":4.1667,"angle":-32.47}],"shear":[{"time":0},{"time":0.625},{"time":1.25},{"time":1.875},{"time":2.5},{"time":2.9583},{"time":3.125},{"time":3.75},{"time":4.1667}]},"youshou_xia":{"translate":[{"time":0,"x":-2.18,"y":-0.69}],"rotate":[{"time":0,"angle":-8.67}],"shear":[{"time":0}]},"icon_sq01":{"translate":[{"time":0},{"time":4.1667,"x":351.23},{"time":6.1667}]}},"slots":{"shadow":{"color":[{"time":0,"color":"FFFFFF00"}]},"icon_sq01":{"color":[{"time":0,"color":"FFFFFF00"}]},"icon_sq02":{"color":[{"time":0,"color":"FFFFFF00"}]},"tou":{"color":[{"time":0,"color":"FFFFFF00"}]},"tea22":{"color":[{"time":0,"color":"FFFFFF00"}]},"cake_m":{"color":[{"time":0,"color":"FFFFFF00"}]},"saozi":{"color":[{"time":0,"color":"FFFFFF00"}]}}},"angry":{"bones":{"qun_zi":{"translate":[{"time":0},{"time":0.2083,"x":1.04},{"time":0.4166}]},"icon_sq02":{"translate":[{"time":0,"x":-36.66,"y":-14.88},{"time":0.125,"x":-36.66,"y":-14.88},{"time":0.25,"x":-5.13,"y":10.41},{"time":0.4167,"x":2.57,"y":17.37}],"scale":[{"time":0,"x":0.01,"y":0.01},{"time":0.125,"x":0.01,"y":0.01},{"time":0.25,"x":1,"y":1},{"time":0.4167,"x":1.25,"y":1.25}]},"icon_sq01":{"translate":[{"time":0,"x":13.18,"y":-39.92},{"time":0.125,"x":-0.02,"y":-23.79},{"time":0.2083,"x":-19.81,"y":-5.1},{"time":0.3333,"x":-29.34,"y":-1.43}],"scale":[{"time":0,"x":0.01,"y":0.01},{"time":0.2083,"x":1,"y":1},{"time":0.3333,"x":1.25,"y":1.25}]},"shen_ti":{"scale":[{"time":0,"x":1,"y":1},{"time":0.2083,"x":1.1,"y":1.1},{"time":0.4166,"x":1,"y":1}]},"youtui_shang":{"translate":[{"time":0},{"time":0.2083,"y":-1.21},{"time":0.4166}],"rotate":[{"time":0,"angle":-15.01}],"shear":[{"time":0}]},"zuotui_shang":{"translate":[{"time":0},{"time":0.2083,"y":-1.21},{"time":0.4166}],"rotate":[{"time":0,"angle":4.99}],"shear":[{"time":0}]},"tou":{"rotate":[{"time":0,"angle":22.31},{"time":0.0833,"angle":23.66},{"time":0.1666,"angle":20.77},{"time":0.2499,"angle":20.77},{"time":0.3332,"angle":23.66},{"time":0.4165,"angle":22.31}],"shear":[{"time":0},{"time":0.0833},{"time":0.1666},{"time":0.2499},{"time":0.3332},{"time":0.4165}]},"youshou_shang":{"rotate":[{"time":0,"angle":-10.95},{"time":0.0833,"angle":-8.24},{"time":0.1666,"angle":-11.57},{"time":0.2499,"angle":-8.24},{"time":0.3332,"angle":-11.57},{"time":0.4165,"angle":-10.95}],"shear":[{"time":0},{"time":0.0833},{"time":0.1666},{"time":0.2499},{"time":0.3332},{"time":0.4165}]},"zuoshou_shang":{"rotate":[{"time":0,"angle":12.86},{"time":0.0833,"angle":9.94},{"time":0.2083,"angle":10.52},{"time":0.2916,"angle":12.37},{"time":0.4166,"angle":12.86}],"shear":[{"time":0},{"time":0.0833},{"time":0.2083},{"time":0.2916},{"time":0.4166}]},"zuoshou_xia":{"rotate":[{"time":0,"angle":-32.47},{"time":0.0833,"angle":-29.4},{"time":0.2083,"angle":-26.97},{"time":0.2916,"angle":-14.84},{"time":0.4166,"angle":-32.47}],"shear":[{"time":0},{"time":0.0833},{"time":0.2083},{"time":0.2916},{"time":0.4166}]},"youshou_xia":{"translate":[{"time":0,"x":-1.78,"y":-2.46}],"rotate":[{"time":0,"angle":-114.58},{"time":0.0833,"angle":-120.35},{"time":0.1666,"angle":-107.81},{"time":0.2499,"angle":-120.35},{"time":0.3332,"angle":-107.81},{"time":0.4165,"angle":-114.58}],"shear":[{"time":0},{"time":0.0833},{"time":0.1666},{"time":0.2499},{"time":0.3332},{"time":0.4165}]}},"slots":{"shadow":{"color":[{"time":0,"color":"FFFFFF00"}]},"tou2":{"color":[{"time":0,"color":"FFFFFF00"}]},"icon_sq01":{"color":[{"time":0,"color":"FFFFFF00"},{"time":0.2083,"color":"FFFFFFFF"},{"time":0.3333,"color":"FFFFFF00"}]},"icon_sq02":{"color":[{"time":0,"color":"FFFFFF00"},{"time":0.125,"color":"FFFFFF00"},{"time":0.25,"color":"FFFFFFFF"},{"time":0.4167,"color":"FFFFFF00"}]},"tea22":{"color":[{"time":0,"color":"FFFFFF00"}]},"cake_m":{"color":[{"time":0,"color":"FFFFFF00"}]},"saozi":{"color":[{"time":0,"color":"FFFFFF00"}]}}},"drink":{"bones":{"qun_zi":{"translate":[{"time":0,"x":11.67,"y":1.22}],"rotate":[{"time":0,"angle":-62.83}],"shear":[{"time":0}]},"youtui_shang":{"translate":[{"time":0,"x":10.08,"y":9.75}]},"zuotui_shang":{"translate":[{"time":0,"x":4.08,"y":2.38}]},"shen_ti":{"translate":[{"time":0,"x":9.71,"y":5.33}],"rotate":[{"time":0,"angle":66.25},{"time":0.2917,"angle":66.51},{"time":0.5417,"angle":66.31},{"time":1.4584,"angle":62.74},{"time":2.0417,"angle":66.25}],"scale":[{"time":0,"x":1,"y":1},{"time":2.0417,"x":1,"y":1},{"time":2.625,"x":1.05,"y":1.05},{"time":3.125,"x":1,"y":1},{"time":3.6667,"x":1.05,"y":1.05},{"time":4.1667,"x":1,"y":1}],"shear":[{"time":0},{"time":0.2917},{"time":0.5417},{"time":1.4584},{"time":2.0417}]},"youtui_xia":{"rotate":[{"time":0,"angle":51.85}],"shear":[{"time":0}]},"zuoshou_shang":{"translate":[{"time":0},{"time":1.4583,"x":1.89,"y":4.69},{"time":1.75},{"time":2.0417},{"time":2.625,"x":-0.6,"y":1.31},{"time":3.125},{"time":3.6667,"x":-0.6,"y":1.31},{"time":4.1667}],"rotate":[{"time":0,"angle":-63.8},{"time":0.2917,"angle":-73},{"time":0.5417,"angle":-72.01},{"time":1.4584,"angle":-100.97},{"time":1.6251,"angle":-81.34},{"time":1.7501,"angle":-63.8},{"time":1.9168,"angle":-60.75},{"time":2.0418,"angle":-63.8},{"time":2.6251,"angle":-55.46},{"time":3.1251,"angle":-63.8},{"time":3.6668,"angle":-55.46},{"time":4.1668,"angle":-63.8}],"shear":[{"time":0},{"time":0.2917},{"time":0.5417},{"time":1.4584},{"time":1.6251},{"time":1.7501},{"time":1.9168},{"time":2.0418},{"time":2.6251},{"time":3.1251},{"time":3.6668},{"time":4.1668}]},"zuotui_xia":{"rotate":[{"time":0,"angle":59.02}],"shear":[{"time":0}]},"youshou_shang":{"translate":[{"time":0,"y":0.07}],"rotate":[{"time":0,"angle":2.7}],"shear":[{"time":0}]},"tou":{"translate":[{"time":0},{"time":2.0417},{"time":2.4167,"x":-0.96,"y":0.02},{"time":2.875,"x":0.3,"y":-0.01},{"time":3.125},{"time":3.4583,"x":-0.96,"y":0.02},{"time":3.9166,"x":0.3,"y":-0.01},{"time":4.1666}],"rotate":[{"time":0,"angle":0.43},{"time":0.2917,"angle":20.09},{"time":0.5417,"angle":32.56},{"time":1.4584,"angle":-8.8},{"time":2.0417,"angle":-5.69},{"time":2.4167,"angle":2.97},{"time":2.875,"angle":-1.45},{"time":3.125,"angle":0.43},{"time":3.4583,"angle":2.97},{"time":3.9166,"angle":-1.45},{"time":4.1666,"angle":0.43}],"scale":[{"time":0,"x":1,"y":1},{"time":2.0417,"x":1,"y":1},{"time":2.625,"x":1.01,"y":1.01},{"time":3.125,"x":1,"y":1},{"time":3.6667,"x":1.01,"y":1.01},{"time":4.1667,"x":1,"y":1}],"shear":[{"time":0},{"time":0.2917},{"time":0.5417},{"time":1.4584},{"time":2.0417},{"time":2.4167},{"time":2.875},{"time":3.125},{"time":3.4583},{"time":3.9166},{"time":4.1666}]},"zuoshou_xia":{"rotate":[{"time":0,"angle":-32.47},{"time":0.5417,"angle":-22.57},{"time":1.4584,"angle":-30.49},{"time":1.6251,"angle":-36.82},{"time":1.7501,"angle":-32.47},{"time":1.9168,"angle":-29.41},{"time":2.0418,"angle":-32.47},{"time":2.6251,"angle":-39.42},{"time":3.1251,"angle":-32.47},{"time":3.6668,"angle":-39.42},{"time":4.1668,"angle":-32.47}],"shear":[{"time":0},{"time":0.5417},{"time":1.4584},{"time":1.6251},{"time":1.7501},{"time":1.9168},{"time":2.0418},{"time":2.6251},{"time":3.1251},{"time":3.6668},{"time":4.1668}]},"youshou_xia":{"translate":[{"time":0,"x":-2.18,"y":-0.69}],"rotate":[{"time":0,"angle":-8.67}],"shear":[{"time":0}]},"tea2":{"scale":[{"time":0,"x":0.9,"y":0.9}]}},"slots":{"shadow":{"color":[{"time":0,"color":"FFFFFF00"}]},"icon_sq01":{"color":[{"time":0,"color":"FFFFFF00"}]},"icon_sq02":{"color":[{"time":0,"color":"FFFFFF00"}]},"tou":{"color":[{"time":0,"color":"FFFFFF00"}]},"cake_m":{"color":[{"time":0,"color":"FFFFFF00"}]},"saozi":{"color":[{"time":0,"color":"FFFFFF00"}]}}},"eat":{"bones":{"qun_zi":{"translate":[{"time":0,"x":11.67,"y":1.22},{"time":0.8333,"x":11.8,"y":1.22},{"time":1.75,"x":11.67,"y":1.22}],"rotate":[{"time":0,"angle":-62.83}],"shear":[{"time":0}]},"youtui_shang":{"translate":[{"time":0,"x":10.08,"y":9.75}]},"zuotui_shang":{"translate":[{"time":0,"x":4.08,"y":2.38}]},"shen_ti":{"translate":[{"time":0,"x":9.71,"y":5.33}],"rotate":[{"time":0,"angle":66.25},{"time":0.4167,"angle":63.33},{"time":0.8334,"angle":66.25},{"time":1.2501,"angle":65.35},{"time":1.7501,"angle":66.25}],"shear":[{"time":0},{"time":0.4167},{"time":0.8334},{"time":1.2501},{"time":1.7501}]},"youtui_xia":{"rotate":[{"time":0,"angle":51.85}],"shear":[{"time":0}]},"zuoshou_shang":{"translate":[{"time":0,"x":1.17,"y":-3.14}],"rotate":[{"time":0,"angle":-34.18},{"time":0.4167,"angle":-72.3},{"time":0.8334,"angle":-63.82},{"time":1.2501,"angle":-60.16},{"time":1.7501,"angle":-34.18}],"shear":[{"time":0},{"time":0.4167},{"time":0.8334},{"time":1.2501},{"time":1.7501}]},"zuotui_xia":{"rotate":[{"time":0,"angle":59.02}],"shear":[{"time":0}]},"youshou_shang":{"translate":[{"time":0,"y":0.07}],"rotate":[{"time":0,"angle":-5.24},{"time":0.4167,"angle":-3.45},{"time":0.8334,"angle":-3.27},{"time":1.2501,"angle":-4.78},{"time":1.7501,"angle":-5.24}],"shear":[{"time":0},{"time":0.4167},{"time":0.8334},{"time":1.2501},{"time":1.7501}]},"tou":{"rotate":[{"time":0,"angle":16.14},{"time":0.5417,"angle":28.55},{"time":0.8334,"angle":23.26},{"time":1.2501,"angle":21.66},{"time":1.7501,"angle":16.14}],"shear":[{"time":0},{"time":0.5417},{"time":0.8334},{"time":1.2501},{"time":1.7501}]},"zuoshou_xia":{"rotate":[{"time":0,"angle":-95.89},{"time":0.4167,"angle":-51.65},{"time":0.8334,"angle":-76.29},{"time":1.2501,"angle":-80.14},{"time":1.7501,"angle":-95.89}],"shear":[{"time":0},{"time":0.4167},{"time":0.8334},{"time":1.2501},{"time":1.7501}]},"youshou_xia":{"translate":[{"time":0,"x":-2.18,"y":-0.69}],"rotate":[{"time":0,"angle":-59.86},{"time":0.8333,"angle":-59.23},{"time":1.25,"angle":-60.29},{"time":1.75,"angle":-59.86}],"shear":[{"time":0},{"time":0.8333},{"time":1.25},{"time":1.75}]},"tea2":{"scale":[{"time":0,"x":0.9,"y":0.9}]},"cake_m":{"translate":[{"time":0,"x":6.01,"y":-80.09}],"rotate":[{"time":0,"angle":62.57},{"time":0.4167,"angle":61.88},{"time":0.8334,"angle":61.9},{"time":1.7501,"angle":62.57}],"shear":[{"time":0},{"time":0.4167},{"time":0.8334},{"time":1.7501}]},"saozi":{"translate":[{"time":0,"x":-38.41,"y":-56.69},{"time":0.4167,"x":-39.93,"y":-56.51},{"time":0.8334,"x":-40.14,"y":-53.03},{"time":1.7501,"x":-38.41,"y":-56.69}],"rotate":[{"time":0,"angle":118.43},{"time":0.4167,"angle":117.44},{"time":0.8334,"angle":61.97},{"time":1.2501,"angle":67.73},{"time":1.7501,"angle":118.43}],"scale":[{"time":0,"x":0.7,"y":0.7}],"shear":[{"time":0},{"time":0.4167},{"time":0.8334},{"time":1.2501},{"time":1.7501}]}},"slots":{"shadow":{"color":[{"time":0,"color":"FFFFFF00"}]},"icon_sq01":{"color":[{"time":0,"color":"FFFFFF00"}]},"icon_sq02":{"color":[{"time":0,"color":"FFFFFF00"}]},"tou":{"color":[{"time":0,"color":"FFFFFF00"}]},"tea22":{"color":[{"time":0,"color":"FFFFFF00"}]}},"deform":{"default":{"tou2":{"tou2":[{"time":0,"offset":49,"vertices":[0]},{"time":0.5417,"offset":49,"vertices":[0]},{"time":0.75,"offset":12,"vertices":[0.2,0.78,0.96,0.53,0.75,-0.61,0.13,-0.88,0.34,-1.21,0,0,0.15,-0.52,-0.41,0.71,0.03,0.73,0,0,0,0,0,0,0,0,0,0,0,0,-0.08,-0.24,0.22,3.45,-0.32,0.63,0.1,-0.66]},{"time":1,"offset":49,"vertices":[0]},{"time":1.25,"offset":12,"vertices":[0.2,0.78,0.96,0.53,0.75,-0.61,0.13,-0.88,0.34,-1.21,0,0,0.15,-0.52,-0.41,0.71,0.03,0.73,0,0,0,0,0,0,0,0,0,0,0,0,-0.08,-0.24,0.22,3.45,-0.32,0.63,0.1,-0.66]},{"time":1.75,"offset":49,"vertices":[0]}]}}}}}}],[-1],0,[],[],[]]